client,id,vendor_id,vendor_name,name,types,policy_number,status,processing,reviewed_at,archived_at,expiration_date,issue_date,flagged,flag_level,flag_notes,applies_to_all,insurer_names,created_at,updated_at,sync_date
"Block Real Estate Services, LLC",6a2c73107ea10850bf9fee8e,69fded0c62446148bd848aff,"1-800-Pack Rat, LLC","Block Real Estate Services, LLC_1-800-Pack-Rat, LLC_25-26 Master_6-12-2026_531717594.pdf",,,processed,false,2026-06-15,,2026-10-01,2026-06-12,false,,,false,Arch Insurance Company; Arch Indemnity Insurance Company; Scottsdale Insurance Company; Allied World Assurance Company (U.S.) Inc.,2026-06-12,,2026-08-20
"Block Real Estate Services, LLC",6a625a41293db0c1319f2be1,69fded0c62446148bd848af9,"1&1 Internet / IONOS, Inc.","co Block Real Estate Services_IONOS, INC_2627 GLAutoUmbWCProp_7-23-2026_1213674639.pdf",,,processed,false,2026-07-27,,2027-01-01,2026-07-23,false,,,false,"National Union Fire Insurance Company of Pittsburgh, Pa.; Allianz Global Risks US Insurance Company; Chubb Indemnity Insurance Company; Federal Insurance Company",2026-07-23,,2026-08-20
"Block Real Estate Services, LLC",6a67c08497397b0cc4d78d5d,69fded0c62446148bd848af9,"1&1 Internet / IONOS, Inc.",Lease - tic765 - 1&1 Internet.pdf,,,processed,false,2026-07-27,,,,false,,,false,,2026-07-27,,2026-08-20
"Block Real Estate Services, LLC",6a282910da52b0ee99d2eb99,69fded0c62446148bd848b05,"Big Biscuit / 27 Biscuits, LLC",Big Biscuit Industries LLC_Block Real Estate Services.pdf,,,processed,false,2026-06-11,,2027-05-01,2026-06-08,false,,,false,American Guarantee and Liability Insurance Company; Zurich American Insurance Company,2026-06-09,,2026-08-20
"Block Real Estate Services, LLC",6a394c69accacb8cab636d9b,69fded0c62446148bd848b0e,A.N.D. Design Studio LLC,COI FOR KCG.pdf,,,processed,false,2026-06-30,,2027-04-01,,false,,,false,ACE Property and Casualty Insurance Company,2026-06-22,,2026-08-20
"Block Real Estate Services, LLC",6a57aafa22af1dedc09c94be,69fded0c62446148bd848b0e,A.N.D. Design Studio LLC,Lease - 3rd657 - AND Design Studio.pdf,,,processed,false,2026-07-15,,,,false,,,false,,2026-07-15,,2026-08-20
"Block Real Estate Services, LLC",6a3960fbaccacb8cab636f22,69fded0c62446148bd848b14,Academy Bank,Updated COI.pdf,,,processed,false,2026-06-23,,2026-08-18,2026-06-18,false,,,false,Travelers Property Casualty Company of America; The Charter Oak Fire Insurance Company,2026-06-22,,2026-08-20
"Block Real Estate Services, LLC",6a7dec4a6798c591b2cd67ed,69fded0c62446148bd848b14,Academy Bank,COI.pdf,,,processed,false,,,2027-08-18,2026-07-22,false,,,false,Travelers Property Casualty Company of America; The Charter Oak Fire Insurance Company,2026-08-13,,2026-08-20
"Block Real Estate Services, LLC",6a26f800caa475a04620536a,69fded0c62446148bd848b1d,"Adams Cable Equipment, Inc.",Updated COI 16200.pdf,,,processed,false,2026-06-11,,2025-09-01,2026-03-31,false,,,false,Liberty Mutual Fire Insurance Company; Liberty Insurance Corporation; Evanston Insurance Company,2026-06-08,,2026-08-20
"Block Real Estate Services, LLC",6a05e6f6fe7b4a8a036194e9,69fded0c62446148bd848b02,24 Hour Check Cashing,CERT_Block_Real_Estate_Services_LLC_218628_179011.pdf,,,processed,false,2026-06-01,,2027-04-16,2026-03-23,false,,,false,"Acuity, A Mutual Insurance Company",2026-05-14,,2026-08-20
"Block Real Estate Services, LLC",6a2599e5781c6c479f910adb,69fded0c62446148bd848afc,1248 Holdings LLC,1248 Holdings COI.pdf,,,processed,false,2026-06-08,,2027-04-01,,false,,,false,,2026-06-07,,2026-08-20
"Block Real Estate Services, LLC",6a3e916bc35829c634df586f,69fded0c62446148bd848afc,1248 Holdings LLC,1248 COI - Block - 4.26-4.27-updated.pdf,,,processed,false,2026-06-30,,2027-06-25,2026-06-22,false,,,false,Stonington Insurance Company,2026-06-26,,2026-08-20
"Block Real Estate Services, LLC",6a7351e21d2a69d97160738b,69fded0c62446148bd848b17,"Pertronix (Aeromotive) / Accelerate Auto Works Intermediate, LLC",Block Real Estate Services - COI.pdf,,,processed,false,2026-08-10,,2026-12-31,2026-08-05,false,,,false,Continental Casualty Company; Continental Casualty Company,2026-08-05,,2026-08-20
"Block Real Estate Services, LLC",6a315fda77799616d66ce2b5,69fded0c62446148bd848b1a,Actuarial Resources Corporation (ARC),c_oBlockRealEstateServicesLLC_W46698189.pdf,,,processed,false,2026-06-17,,2026-08-31,2026-06-15,false,,,false,"Greenwich Insurance Company; XL Insurance America, Inc.",2026-06-16,,2026-08-20
"Block Real Estate Services, LLC",6a67aede72e3a2f582038caa,69fded0c62446148bd848b23,"ADI (Ademco Distribution, Inc.) / Honeywell International, Inc.",Lease - prg841 - ADI.pdf,,,processed,false,2026-07-27,,,,false,,,false,,2026-07-27,,2026-08-20
"Block Real Estate Services, LLC",6a645241ba0418f566ac5ede,69fded0c62446148bd848b29,Advanced Pharmaceuticals LLC,Certificate.pdf,,,processed,false,2026-07-27,,2026-09-08,2026-07-24,false,,,false,Nautilus Insurance Company; Markel American Insurance Company,2026-07-25,,2026-08-20
"Block Real Estate Services, LLC",6a8319f11a2ab413a24db924,69fded0c62446148bd848b29,Advanced Pharmaceuticals LLC,Lease - prg841 - Advanced Pharmaceuticals LLC.pdf,,,processed,false,2026-08-17,,,,false,,,false,,2026-08-17,,2026-08-20
"Block Real Estate Services, LLC",6a67d7fb72e3a2f582038ccb,69fded0c62446148bd848b2c,Advanced Turf Solutions Inc,Platte Investments.pdf,,,processed,false,2026-07-28,,2027-07-01,2026-07-02,false,,,false,Allied Insurance Company of America; Nationwide Mutual Insurance Company; Nationwide General Insurance Company; Nationwide Property and Casualty Insurance Company,2026-07-27,,2026-08-20
"Block Real Estate Services, LLC",6a199b589d7340e121a98009,69fded0c62446148bd848b26,"Advanced Auto / Advanced Stores Co., Inc.",cert_CLE_ALLEN and GLORIA BLOCK FAMILY LIMITED_6889424_9.pdf,,,processed,false,2026-06-01,,2027-06-01,2026-05-28,false,,,true,ACE American Insurance Company; ACE Property and Casualty Insurance Company; SEE ACORD 101,2026-05-29,,2026-08-20
"Block Real Estate Services, LLC",6a07267b7ee88c9e36194d1a,69fded0d62446148bd848b35,"Aircraft Electrical / AEE-EMF, Inc.",BlockRealEstateServicesLLC.pdf,,,processed,false,2026-06-02,,2026-12-16,,false,,,false,,2026-05-15,,2026-08-20
"Block Real Estate Services, LLC",6a3beb8e9af3fe11c94296ce,69fded0c62446148bd848b32,Advocate Construction Inc,block wc.pdf,,,processed,false,2026-06-25,,2026-10-01,2025-09-23,false,,,false,SUNZ Insurance Company,2026-06-24,,2026-08-20
"Block Real Estate Services, LLC",6a3c3a3a471d21bbc95f6cc3,69fded0c62446148bd848b32,Advocate Construction Inc,BlockRealEstateServicesLLC.pdf,,,processed,false,2026-06-25,,2027-04-01,2026-06-24,false,,,false,Admiral Insurance Company,2026-06-24,,2026-08-20
"Block Real Estate Services, LLC",6a358e981f6b786b44770062,69fded0d62446148bd848b3b,Agape Montessori School/Pulliam Properties LLC,Certificate - 2026-06-19T134625.722.pdf,,,processed,false,2026-06-22,,2027-06-21,2026-06-19,false,,,false,West Bend Insurance Company,2026-06-19,,2026-08-20
"Block Real Estate Services, LLC",6a569d0e117f21962232fbe7,69fded0d62446148bd848b44,All Access Garage Doors,All Access Block Cert.pdf,,,processed,false,2026-07-15,,2026-12-05,2026-07-14,false,,,false,OWNERS INS CO; AUTO OWNERS INS CO; Travelers Property Casualty Company of America,2026-07-14,,2026-08-20
"Block Real Estate Services, LLC",6a57f12be8caaf78715d08d3,69fded0d62446148bd848b44,All Access Garage Doors,All Access Block Cert.pdf,,,processed,false,2026-07-20,,2026-12-05,2026-07-15,false,,,false,OWNERS INS CO; AUTO OWNERS INS CO; Travelers Property Casualty Company of America,2026-07-15,,2026-08-20
"Block Real Estate Services, LLC",6a4bd0b2c8e29468b5d94158,69fded0d62446148bd848b4d,Allstate Insurance,CERTIFICATE OF INSURANCE (COI) Reinhart agency.Pdf,,,processed,false,2026-07-06,,2027-04-09,2026-07-06,false,,,false,Property and Casualty Insurance Company of Hartford,2026-07-06,,2026-08-20
"Block Real Estate Services, LLC",6a3011df85085468184506f6,69fded0d62446148bd848b3e,AgForce Transport Services / Consolidated Grain and Barge Co.,"HLBT Associates, LLC.pdf",,,processed,false,2026-06-15,,2027-05-01,2026-06-15,false,,,false,Nationwide Agribusiness Insurance Company; Westfield Specialty Insurance Company,2026-06-15,,2026-08-20
"Block Real Estate Services, LLC",6a848ed5b4b01fa929ac33c1,69fded0d62446148bd848b56,"Amazon / Amazon.com Services, LLC (MCI5)",marshdigital.marsh.com_marshconnect_viewMOI.pdf,,,processed,false,,,,,false,,,false,,2026-08-18,,2026-08-20
"Block Real Estate Services, LLC",6a319dfe14a7a365eb479528,69fded0d62446148bd848b62,"AMSCO Supply / Flegler Investment Co., Inc.",cert_ATL_BLOCK REAL ESTATE SERVICES LLC_6189400_2.pdf,,,processed,false,2026-06-17,,2026-10-01,2026-06-16,false,,,false,Zurich American Insurance Company; Zurich Insurance Europe AG,2026-06-16,,2026-08-20
"Block Real Estate Services, LLC",6a6b8935c80f6330bac03b9a,69fded0d62446148bd848b62,"AMSCO Supply / Flegler Investment Co., Inc.",previewliabilityholder.pdf,,,processed,false,2026-07-31,,2027-07-30,2026-07-23,false,,,false,The Travelers Indemnity Company of Connecticut; Travelers Property Casualty Company of America; Travelers Casualty and Surety Company,2026-07-30,,2026-08-20
"Block Real Estate Services, LLC",6a06215b1f712c628e56646c,69fded0d62446148bd848b65,Amsted Rail Company Inc,CollegeCrossingCDLLCandMarleyCollegeCrossingCDLLC_W45275293.pdf,,,processed,false,2026-06-02,,2027-03-31,2026-03-31,true,low,"<p>GL limits are low and umbrella does not follow form, is my assessment correct?</p>
<p><br></p>
<p>You are correct <span data-entityid=""6939ca46ef5dc7a165ca2078"" data-entityname=""@AbbeyRobinson"" data-entitytype=""mention"">@AbbeyRobinson</span>, but DOO and page 2 states they have another GL policy, but it's a SIR. We would need to contact Block to see if that is acceptable.</p>",false,Liberty Mutual Fire Insurance Company; AIG Specialty Insurance Company; LM Insurance Corporation; Liberty Insurance Corporation,2026-05-14,,2026-08-20
"Block Real Estate Services, LLC",6a67b76b97397b0cc4d78d07,69fded0d62446148bd848b59,"Hamilton Plumbing / Roger The Plumber / American Residential Services, LLC (ARS)",8425 Hamilton COI for Block_amended 27JUL2026.pdf,,,processed,false,2026-07-28,,2026-10-01,2026-07-27,false,,,false,Liberty Mutual Fire Insurance Company; Twin City Fire Insurance Company; Liberty Insurance Corporation,2026-07-27,,2026-08-20
"Block Real Estate Services, LLC",6a5691bef6533cf6aa2dd79b,69fded0d62446148bd848b6b,Anixter Inc,Lease - rl2877 - Anixter Inc.pdf,,,processed,false,2026-07-14,,,,false,,,false,,2026-07-14,,2026-08-20
"Block Real Estate Services, LLC",6a75e3a1729ed242a920cf95,69fded0d62446148bd848b6b,Anixter Inc,26-27 Per Location Agg - Block Real Estate Services.pdf,,,processed,false,2026-08-11,,2027-06-04,2026-08-07,false,,,false,Travelers Property Casualty Company of America,2026-08-07,,2026-08-20
"Block Real Estate Services, LLC",6a47ca0f5cdf4704ae0efe2a,69fded0d62446148bd848b77,"Apex Products, LLC",Scan2026-06-30_144448BlockCert.pdf,,,processed,false,2026-07-06,,2027-06-28,2026-06-11,false,,,false,West Bend Insurance Company,2026-07-03,,2026-08-20
"Block Real Estate Services, LLC",6a67a54a72e3a2f582038bee,69fded0d62446148bd848b77,"Apex Products, LLC",Lease - prg806 - APEX Products.pdf,,,processed,false,2026-07-27,,,,false,,,false,,2026-07-27,,2026-08-20
"Block Real Estate Services, LLC",6a5a60efb260d1d902908e4c,69fded0e62446148bd848b83,Applied Industrial Technologies Inc,KCIP Riverside LLC-570120212995.pdf,,,processed,false,2026-07-20,,2027-06-01,2026-05-27,false,,,false,ACE American Insurance Company; ACE Property and Casualty Insurance Company,2026-07-17,,2026-08-20
"Block Real Estate Services, LLC",6a399fb6accacb8cab637009,69fded0e62446148bd848b7d,"APLOS, Inc.",Aplós COI 2026.pdf,,,processed,false,2026-06-23,,2026-07-17,2026-03-12,false,,,false,Nautilus Insurance Company; AmTrust Insurance Company; Evanston Insurance Company; Old Republic Professional Liability Inc,2026-06-22,,2026-08-20
"Block Real Estate Services, LLC",6a5a7d2575cf58525d542611,69fded0e62446148bd848b7d,"APLOS, Inc.","College Crossing CD, LLC_APLOS Inc._26-27 CGL_7-14-2026_1431799237.pdf",,,processed,false,2026-07-20,,2027-07-17,2026-07-14,false,,,false,Kinsale Insurance Company,2026-07-17,,2026-08-20
"Block Real Estate Services, LLC",6a5a82fde01184066f4af9b6,69fded0e62446148bd848b7d,"APLOS, Inc.","College Crossing CD, LLC_APLOS Inc._26-27 GLWCOM_7-17-2026_1500492899.pdf",,,processed,false,2026-07-20,,2027-07-17,2026-07-17,false,,,false,Kinsale Insurance Company; AmTrust Insurance Company,2026-07-17,,2026-08-20
"Block Real Estate Services, LLC",6a2c707c7ea10850bf9fee54,69fded0e62446148bd848b86,ARC Physical Therapy Plus,COI 1318 Belton Block real Estate Umbrella 9.30.25 - 9.30.26.pdf,,,processed,false,2026-06-15,,2026-09-30,2026-05-08,false,,,false,Lexington Insurance Company,2026-06-12,,2026-08-20
"Block Real Estate Services, LLC",6a32eb9c4f89dc4a36d328c0,69fded0e62446148bd848b86,ARC Physical Therapy Plus,COI 1318 Belton Block Real Estate Services LLC - 3.15.26 - 3.15.27.pdf,,,processed,false,2026-06-18,,2027-03-15,2026-06-17,false,,,false,The Insurance Company of the State of Pennsylvania,2026-06-17,,2026-08-20
"Block Real Estate Services, LLC",6a5520ec21f86634e8b19af4,69fded0e62446148bd848b86,ARC Physical Therapy Plus,Lease - ncd054 - ARC Physical Therapy Plus.pdf,,,processed,false,2026-07-13,,,,false,,,false,,2026-07-13,,2026-08-20
"Block Real Estate Services, LLC",6a2727d38f5f15a8835c79d5,69fded0e62446148bd848b92,Arthur J Gallagher Risk Management Services Inc,"46 PC Investors, LLC_Arthur J. Gallagher, LLC_25-26 Landlord Casualty C_6-8-2026_1568910419.pdf",,,processed,false,2026-06-11,,2026-10-01,,false,,,true,Arch Insurance Company; The Continental Insurance Company,2026-06-08,,2026-08-20
"Block Real Estate Services, LLC",6a27280d540f27b382a1ed5f,69fded0e62446148bd848b92,Arthur J Gallagher Risk Management Services Inc,"46 PC Investors, LLC_Arthur J. Gallagher, LLC_25-26 Landlord Property C_6-8-2026_1111070370.pdf",,,processed,false,2026-06-11,,2026-10-01,2026-06-08,false,,,true,"XL Insurance America, Inc.",2026-06-08,,2026-08-20
"Block Real Estate Services, LLC",6a74feee725d674d293ed73e,69fded0e62446148bd848b98,Aspen Properties Group,"Block Real Estate Services, LLC_Aspen Properties Group LLC_WC 26-27_8-6-2026_1474917804.pdf",,,processed,false,2026-08-07,,2027-03-07,2026-08-06,false,,,false,Accident Fund Insurance Company of America,2026-08-06,,2026-08-20
"Block Real Estate Services, LLC",6a84bbf45311e7ea5622e344,69fded0e62446148bd848b98,Aspen Properties Group,c_o Block Real Estat - 25_26 BOP UM (3).pdf,,,processed,false,2026-08-19,,2026-09-12,,false,,,false,Nationwide Affinity Insurance Company of America; Nationwide Mutual Insurance Company,2026-08-18,,2026-08-20
"Block Real Estate Services, LLC",6a399e75a17b73c16bc35db9,69fded0e62446148bd848b9b,Aspire Wealth Management LLC,ASPIRE WEALTH_BLOCK RE_COI.pdf,,,processed,false,2026-06-23,,2027-03-20,2026-06-22,false,,,false,Hartford Underwriters Insurance Company,2026-06-22,,2026-08-20
"Block Real Estate Services, LLC",6a2ab748071d75e4ccfca1a1,69fded0e62446148bd848ba1,Asurion LLC,GL Waiver of Subro Endorsement.pdf,,,processed,false,2026-06-15,,2027-04-30,,false,,,false,,2026-06-11,,2026-08-20
"Block Real Estate Services, LLC",6a7b52dc237c8f7b2b31ea24,69fded0e62446148bd848ba1,Asurion LLC,Updated COI - 11460 Tomahawk.pdf,,,processed,false,2026-08-19,,2027-04-30,2026-07-08,false,,,false,Liberty Insurance Corporation; Liberty Mutual Fire Insurance Company; LM Insurance Corporation,2026-08-11,,2026-08-20
"Block Real Estate Services, LLC",6a50ef24c8b75240b608c395,69fded0e62446148bd848baa,Auction Merchandise of KC,Document_260626_121652.pdf,,,processed,false,2026-07-14,,2026-11-05,,false,,,false,Midvale Indemnity Company,2026-07-10,,2026-08-20
"Block Real Estate Services, LLC",6a6b5f8d55d6e2da52d4def6,69fded0e62446148bd848baa,Auction Merchandise of KC,Lease - kci286 - Auction Merchandise of KC (1).pdf,,,processed,false,2026-07-30,,,,false,,,false,,2026-07-30,,2026-08-20
"Block Real Estate Services, LLC",6a6b5f8f55d6e2da52d4df16,69fded0e62446148bd848baa,Auction Merchandise of KC,Lease - kci286 - Auction Merchandise of KC (2).pdf,,,processed,false,2026-07-30,,,,false,,,false,,2026-07-30,,2026-08-20
"Block Real Estate Services, LLC",6a6ba3f7d254cadea8f0324f,69fded0e62446148bd848baa,Auction Merchandise of KC,WC Waiver - Auction Merchandise.pdf,,,processed,false,2026-07-30,,,,false,,,true,,2026-07-30,,2026-08-20
"Block Real Estate Services, LLC",6a18aa1b9ef1cffe57d01607,69fded0e62446148bd848bb0,AVI-SPL LLC,NOT FOUND - AVI-SPL LLC.pdf,,,processed,false,2026-06-02,,2027-04-17,2026-04-08,false,,,false,Zurich American Insurance Company; American Guarantee and Liability Insurance Company; American Zurich Insurance Company; Federal Insurance Company; Allied World Assurance Company (U.S.) Inc.; Crum & Forster Specialty Insurance Company,2026-05-28,,2026-08-20
"Block Real Estate Services, LLC",6a627b77f4a44f9d273a53f9,69fded0e62446148bd848ba4,Asurion UBIF,OAK PARK KS - 18610780.pdf,,,processed,false,2026-07-27,,2027-04-30,2026-07-23,false,,,false,Liberty Insurance Corporation; Liberty Mutual Fire Insurance Company; LM Insurance Corporation,2026-07-23,,2026-08-20
"Block Real Estate Services, LLC",6a39520bd382314fdae2ff3f,69fded0e62446148bd848bb3,Axiom Strategies LLC,COBLOC~1.PDF,,,processed,false,2026-06-22,,2026-08-07,2026-06-22,false,,,false,Evanston Insurance Company,2026-06-22,,2026-08-20
"Block Real Estate Services, LLC",6a3aab84fc287516f387ea8c,69fded0e62446148bd848bad,Recognition Plus Audio Video Graphics,Certificate of Insurance.pdf,,,processed,false,2026-06-23,,2027-02-01,2026-06-23,false,,,false,Twin City Fire Insurance Company,2026-06-23,,2026-08-20
"Block Real Estate Services, LLC",6a26fc7c723912a814569421,69fded0e62446148bd848bb9,"Pet Supplies Plus / B&B Pet Products, LLC",Block Real Estate Services_Lenexa Property 25-26.pdf,,,processed,false,2026-06-11,,2026-12-01,2026-06-08,false,,,false,Selective Insurance Company of the Southeast,2026-06-08,,2026-08-20
"Block Real Estate Services, LLC",6a6a651f59ffecf14d6ee16e,69fded0e62446148bd848bc2,Bank of America,cert_ATL_Fountain Building Missouri_ LLC_4434370_77.pdf,,,processed,false,2026-07-29,,2027-03-15,2026-07-27,false,,,false,"Greenwich Insurance Company; National Union Fire Insurance Company of Pittsburgh, Pa.",2026-07-29,,2026-08-20
"Block Real Estate Services, LLC",6a6ba761bcce2cc2487c525d,69fded0e62446148bd848bc2,Bank of America,Lease - 3rd497 - Bank of America Ammend.pdf,,,processed,false,2026-07-30,,,,false,,,false,,2026-07-30,,2026-08-20
"Block Real Estate Services, LLC",6a6ba762bcce2cc2487c527e,69fded0e62446148bd848bc2,Bank of America,Lease - 3rd497 - Bank Of America.pdf,,,processed,false,2026-07-30,,,,false,,,false,,2026-07-30,,2026-08-20
"Block Real Estate Services, LLC",6a39895ed1bf38e72a670fab,69fded0e62446148bd848bbc,Bachelor Controls Inc,"Perg Building LLC co Block Real Estate Servi_Bachelor Controls, Inc._2026 - 2027 Master - Bach_6-22-2026_120642820.pdf",,,processed,false,2026-06-23,,2027-03-01,2026-06-22,false,,,false,Liberty Insurance Corporation; Travelers Property Casualty Company of America; Accelerant Specialty Insurance Company; Continental Casualty Company,2026-06-22,,2026-08-20
"Block Real Estate Services, LLC",6a359462430d502f7f7fb4ca,69fded0f62446148bd848bd4,Costa Vida Fresh Mexican Grill / BB Magical Fruit,"Block Real Estate Services, LLC_BB Magical Fruit Two LLC_2627 Master COI_6-19-2026_2147481711.pdf",,,processed,false,2026-06-22,,2027-05-01,2026-06-19,false,,,false,St. Paul Fire and Marine Insurance Company; Travelers Property Casualty Company of America; The Travelers Indemnity Company of Connecticut,2026-06-19,,2026-08-20
"Block Real Estate Services, LLC",6a32e2a7081d3b93fbe8b135,69fded0e62446148bd848bbf,Baking With A Bass / Kayla Bass,CERTIFICATE OF INSURANCE (COI).Pdf,,,processed,false,2026-06-17,,2027-03-06,2026-06-17,false,,,false,Hartford Underwriters Insurance Company; Hartford Fire Insurance Company,2026-06-17,,2026-08-20
"Block Real Estate Services, LLC",6a6113223d7c8f1b1ccd4171,69fded0e62446148bd848bbf,Baking With A Bass / Kayla Bass,Revised CERTIFICATE OF INSURANCE (COI).Pdf,,,processed,false,2026-07-27,,2027-03-06,2026-07-22,false,,,false,Hartford Underwriters Insurance Company,2026-07-22,,2026-08-20
"Block Real Estate Services, LLC",6a68c663ec6ff7df668510aa,69fded0e62446148bd848bbf,Baking With A Bass / Kayla Bass,Lease - 3rd657 - Baking with a Bass.pdf,,,processed,false,2026-07-28,,,,false,,,false,,2026-07-28,,2026-08-20
"Block Real Estate Services, LLC",6a7a756471b7f73d797dcba6,69fded0f62446148bd848bda,Bella's Italian Restaurant Inc,Fire Declaration Pages - 08.10.26.pdf,,,processed,false,2026-08-13,,,,false,,,false,,2026-08-11,,2026-08-20
"Block Real Estate Services, LLC",6a7a75aa5968381300256b9c,69fded0f62446148bd848bda,Bella's Italian Restaurant Inc,Fire Declaration Pages - 08.10.26.pdf,,,processed,false,2026-08-13,,,,false,,,false,,2026-08-11,,2026-08-20
"Block Real Estate Services, LLC",6a34433b3a28b57599a17d33,69fded0f62446148bd848bcb,"Banner Logistics, Inc",1600 Vernon Street XXS Certificate.pdf,,,processed,false,2026-06-24,,2026-11-29,2026-06-17,false,,,false,"Service American Indemnity Company; Nautilus Insurance Company; TRANSGUARD INSURANCE COMPANY OF AMERICA, INC.",2026-06-18,,2026-08-20
"Block Real Estate Services, LLC",6a4be2cf5cdf4704ae0effad,69fded0f62446148bd848bd7,BDM Inc,Block Cert.pdf,,,processed,false,2026-07-08,,2027-05-01,2026-07-06,false,,,false,SECURA Insurance Company; The Travelers Indemnity Company,2026-07-06,,2026-08-20
"Block Real Estate Services, LLC",6a75d4d74751e5023f3a9519,69fded0f62446148bd848bd7,BDM Inc,Lease - bf3944 - BDM Inc.pdf,,,processed,false,2026-08-07,,,,false,,,false,,2026-08-07,,2026-08-20
"Block Real Estate Services, LLC",6a4fb5640efc7440a732444e,69fded0f62446148bd848bdd,"Pepper Jax Grill / Belton North Cass, LLC",WRG-PJ_Certificate of Insurance_North Cass Dev_6.30.26.pdf,,,processed,false,2026-07-14,,2027-06-30,2026-06-27,false,,,false,Union Insurance; The Zenith,2026-07-09,,2026-08-20
"Block Real Estate Services, LLC",6a5a46d375d581809e5678e6,69fded0f62446148bd848bdd,"Pepper Jax Grill / Belton North Cass, LLC",PepperJax 1727 E North Ave Belton MO.pdf,,,processed,false,2026-07-17,,2027-06-30,2026-07-17,false,,,false,Union Insurance Company; Zenith Insurance Company,2026-07-17,,2026-08-20
"Block Real Estate Services, LLC",6a84982837c8e331a7147d75,69fded0f62446148bd848bdd,"Pepper Jax Grill / Belton North Cass, LLC",CERT.pdf,,,processed,false,,,2027-06-30,2026-08-18,false,,,false,Union Insurance Company; Zenith Insurance Company,2026-08-18,,2026-08-20
"Block Real Estate Services, LLC",6a2809a7188eff3d9a5a4c53,69fded0f62446148bd848be0,Beltone Hearing Aid Center,Independence COI 2026.pdf,,,processed,false,2026-06-11,,2027-01-01,2026-06-08,false,,,false,Owners Insurance Company; Markel Insurance Company,2026-06-09,,2026-08-20
"Block Real Estate Services, LLC",6a469ccdd293d5dfa850aac1,69fded0f62446148bd848be0,Beltone Hearing Aid Center,Downey Family Holdings Revised COI.pdf,,,processed,false,2026-07-06,,2027-01-01,2026-06-08,false,,,false,Owners Insurance Company; Markel Insurance Company; Markel Insurance Company,2026-07-02,,2026-08-20
"Block Real Estate Services, LLC",6a4bd82a5bdbb873e90ba360,69fded0f62446148bd848be0,Beltone Hearing Aid Center,Independence COI 2026.pdf,,,processed,false,2026-07-06,,2027-01-01,2026-06-08,false,,,false,Owners Insurance Company; Markel Insurance Company; Markel Insurance Company,2026-07-06,,2026-08-20
"Block Real Estate Services, LLC",6a3a993a59011af6e27dbda3,69fded0f62446148bd848c07,"BMO Harris Commercial Banking / BMO Harris Bank, NA",BMO Bank NA - Block Real Estate Services - 26062236825910 - 570121047321.pdf,,,processed,false,2026-06-23,,2027-04-30,2026-06-22,false,,,false,Zurich American Insurance Company; ACE American Insurance Company,2026-06-23,,2026-08-20
"Block Real Estate Services, LLC",6a736272b9376846a3269fe0,69fded0f62446148bd848c0a,"AKKA Karate USA / BMS Fitnes Solutions, Inc. (AKKA Olathe Martial Arts)",Insurance Certificate 2026-2027.pdf,,,processed,false,2026-08-10,,2027-07-23,2026-07-21,false,,,false,Fortegra Specialty Insurance Company; AXIS Insurance Company,2026-08-05,,2026-08-20
"Block Real Estate Services, LLC",6a54fee4501b8361b0e98203,69fded0f62446148bd848c19,"Kitchen and Bath by Briggs / Briggs, Inc.","co Block Real Estate Services, LLC_Briggs, Inc. of Omaha_2526 GAUW w Personal Pr_7-8-2026_1115031498.pdf",,,processed,false,2026-07-13,,2026-09-01,2026-07-08,false,,,false,Dakota Truck Underwriters; Middlesex Insurance Company,2026-07-13,,2026-08-20
"Block Real Estate Services, LLC",6a551e28ba1f441b3e41026b,69fded0f62446148bd848c19,"Kitchen and Bath by Briggs / Briggs, Inc.",Lease - tic681 - Kitchen and Bath by Briggs.pdf,,,processed,false,2026-07-13,,,,false,,,false,,2026-07-13,,2026-08-20
"Block Real Estate Services, LLC",6a05e7defeb0a066655c2944,69fded1062446148bd848c1f,The Professional Group / Bryan Torez,CorrectedCOI3-11-26.pdf,,,processed,false,2026-06-01,,2026-11-01,2026-03-11,false,,,false,State Farm Fire and Casualty Company,2026-05-14,,2026-08-20
"Block Real Estate Services, LLC",6a5a471fe01184066f4af829,69fded1062446148bd848c1f,The Professional Group / Bryan Torez,Editable COI.pdf,,,processed,false,2026-07-17,,2026-11-01,2026-03-11,false,,,false,State Farm Fire and Casualty Company,2026-07-17,,2026-08-20
"Block Real Estate Services, LLC",6a2afcdb9564d418934746fa,69fded1062446148bd848c25,"Buckeye Cleaning Center KC / Buckeye International, Inc.","Riverside Business Center 3_Buckeye International, Inc._26-27 MAIN GLI CAUT WCO E_6-11-2026_1889719103.pdf",,,processed,false,2026-06-25,,2027-03-01,2026-06-11,false,,,false,Old Republic Insurance Company; Westfield Specialty Insurance Company; Endurance American Specialty Insurance Company,2026-06-11,,2026-08-20
"Block Real Estate Services, LLC",6a516f849a50c31614a8c7d1,69fded0f62446148bd848c01,BluSky Restoration Contractors LLC,"Block Real Estate Services, LLC - Aon.pdf",,,processed,false,2026-07-14,,2027-04-01,2026-03-27,false,,,false,Zurich American Insurance Company,2026-07-10,,2026-08-20
"Block Real Estate Services, LLC",6a75eec0729ed242a920cfe6,69fded0f62446148bd848c01,BluSky Restoration Contractors LLC,"Block Real Estate Services, LLC (Lockton).pdf",,,processed,false,2026-08-11,,2027-04-01,2026-07-10,true,low,<p>Lease requested from BRES</p>,false,Capitol Specialty Insurance Corporation,2026-08-07,,2026-08-20
"Block Real Estate Services, LLC",6a1894afe701796d85e6590d,69fded0f62446148bd848c10,"Sono Bello / Body Contour Centers, LLC","Corporate Medical Plaza III (BKWG Assoc), CMP_Body Contour Centers, LLC_2526 COI_5-15-2026_1709078656.pdf",,,processed,false,2026-06-01,,2026-10-01,,false,,,false,,2026-05-28,,2026-08-20
"Block Real Estate Services, LLC",6a42a4965e2a93cdf2411384,69fded0f62446148bd848c10,"Sono Bello / Body Contour Centers, LLC",Body Contour Centers LLC COI Corporate Medical Plaza III.pdf,,,processed,false,2026-06-30,,2026-10-01,2026-05-15,false,,,false,Hartford Fire Insurance Company; Trumbull Insurance Company; Hartford Accident and Indemnity Company; Everest National Insurance Company,2026-06-29,,2026-08-20
"Block Real Estate Services, LLC",6a18af68587aecae706a4b40,69fded1062446148bd848c31,"Equipment Preference, Inc. (fka Burlis-Lawson Group, Inc.)",NOT FOUND - The Burlis Lawson Group.pdf,,,processed,false,2026-06-01,,,,false,,,false,,2026-05-28,,2026-08-20
"Block Real Estate Services, LLC",6a300e6a85085468184506d8,69fded1062446148bd848c22,Bryght Labs,COI Bryght Labs 11053 general liability.pdf,,,processed,false,2026-06-17,,2027-05-01,2026-05-28,false,,,false,Evanston Insurance Company,2026-06-15,,2026-08-20
"Block Real Estate Services, LLC",6a3af8d2cf85b61f730f436a,69fded1062446148bd848c28,Builder Direct LLC,Work Comp Policy - Builder Direct LLC.pdf,,,processed,false,2026-06-24,,2027-07-01,2026-06-23,false,,,false,NCCI Assigned Risk,2026-06-23,,2026-08-20
"Block Real Estate Services, LLC",6a3b0162aa3f3f10db520d40,69fded1062446148bd848c28,Builder Direct LLC,PROGRESSIVE BUSINESS OWNERS - Builder Direct LLC.pdf,,,processed,false,2026-06-24,,2026-11-13,2026-06-22,false,,,false,United Financial Casualty Company,2026-06-23,,2026-08-20
"Block Real Estate Services, LLC",6a552a638f343040b1a1b4b0,69fded1062446148bd848c28,Builder Direct LLC,Lease - prg805 - Builder Direct.pdf,,,processed,false,2026-07-13,,,,false,,,false,,2026-07-13,,2026-08-20
"Block Real Estate Services, LLC",6a68c5511dee97f2db546d11,69fded1062446148bd848c28,Builder Direct LLC,Exception Per Location - Builders Direct.pdf,,,processed,false,2026-07-28,,,,false,,,true,,2026-07-28,,2026-08-20
"Block Real Estate Services, LLC",6a690c9ad10d78c99b90cffd,69fded1062446148bd848c28,Builder Direct LLC,COI - Builder Direct LLC for PERG - BLOCK 2026-2027.pdf,,,processed,false,2026-08-03,,2027-08-02,2026-08-02,false,,,false,Next Insurance US Company,2026-07-28,,2026-08-20
"Block Real Estate Services, LLC",6a2750fa7f54c7a808caeb66,69fded1062446148bd848c37,Butler Suppy Inc,"Butler Supply, Inc._College Crossing IJ LLC_12-29-2025.pdf",,,processed,false,2026-06-11,,2027-01-01,,false,,,false,Zurich American Insurance Company; Great American Insurance Company; American Zurich Insurance Company,2026-06-08,,2026-08-20
"Block Real Estate Services, LLC",6a07265ab7c7740fe9c4c5d4,69fded1062446148bd848c3d,"Corbion / Caravan Ingredients, Inc.",CaravanIngredientsCOIPERGBlockIncomeFundsIII1.pdf,,,processed,false,2026-06-02,,2027-01-01,2026-01-14,false,,,false,"Travelers Property Casualty Company of America; The Travelers Indemnity Company of Connecticut; National Union Fire Insurance Company of Pittsburgh, Pa.",2026-05-15,,2026-08-20
"Block Real Estate Services, LLC",6a75e60d69a049b0a9e5e170,69fded1062446148bd848c40,"APEX / KC Orthopedic Institute (fka Carondelet Orthopedic Surgeons, PA)",proof of ins.pdf,,,processed,false,2026-08-11,,2027-01-01,2026-08-06,false,,,false,The Travelers Indemnity Company; Travelers Property Casualty Company of America,2026-08-07,,2026-08-20
"Block Real Estate Services, LLC",6a7b6c75c76aff26495682ac,69fded1062446148bd848c40,"APEX / KC Orthopedic Institute (fka Carondelet Orthopedic Surgeons, PA)",Lease - cm2757 - APEX.pdf,,,processed,false,2026-08-11,,,,false,,,false,,2026-08-11,,2026-08-20
"Block Real Estate Services, LLC",6a28ca69da52b0ee99d30284,69fded1062446148bd848c43,Carrier Corporation,cert_NYC_Perg Bldgs_ LLC dba_12629267_2.pdf,,,processed,false,2026-06-11,,2027-04-01,,false,,,false,AIU Insurance Company; Old Republic Insurance Company,2026-06-10,,2026-08-20
"Block Real Estate Services, LLC",6a2b18d9181480923538cb46,69fded1062446148bd848c46,CarStar Riverside (fka Autobody on the Run),Certificate.pdf,,,processed,false,2026-06-15,,2026-11-24,2026-06-09,false,,,false,United Fire Group,2026-06-11,,2026-08-20
"Block Real Estate Services, LLC",6a6c978521dc5f0a73d4aa66,69fded1062446148bd848c49,Cass County Public Library,Block Real Estate.pdf,,,processed,false,2026-08-03,,2027-07-01,2026-07-09,false,,,false,EMCASCO Insurance Company; Employers Mutual Casualty Company,2026-07-31,,2026-08-20
"Block Real Estate Services, LLC",6a3e86c25f58e73b8f4f1e8f,69fded1062446148bd848c3a,BWI Companies Inc,25-26 GL CAU WC UMB Liability - 25 College Crossing Associates.pdf,,,processed,false,2026-06-30,,2026-11-01,2025-11-03,false,,,false,Travelers Property Casualty Company of America; AXIS Surplus Insurance Company; The Standard Fire Insurance Company; The Charter Oak Fire Insurance Company; Everest Indemnity Insurance Company,2026-06-26,,2026-08-20
"Block Real Estate Services, LLC",6a453d05da024f5dca5c5cc3,69fded1062446148bd848c3a,BWI Companies Inc,ACORD Form 20260701-083950-1.pdf,,,processed,false,2026-07-07,,2026-11-01,2026-07-01,false,,,false,Travelers Property Casualty Company of America; AXIS Surplus Insurance Company; The Standard Fire Insurance Company; The Charter Oak Fire Insurance Company; Everest Indemnity Insurance Company,2026-07-01,,2026-08-20
"Block Real Estate Services, LLC",6a457850375e453b63798372,69fded1062446148bd848c52,"Sunflower Health Plan / Centene Management Company, LLC",SSR Capital LLC_Centene Management Company LLC_Liability_6.1.2026.pdf,,,processed,false,2026-07-06,,2027-06-01,2026-05-28,false,,,false,"Old Republic Insurance Company; XL Insurance America, Inc.",2026-07-01,,2026-08-20
"Block Real Estate Services, LLC",6a832e231a2ab413a24db9ea,69fded1062446148bd848c52,"Sunflower Health Plan / Centene Management Company, LLC",SSR Capital LLC - Centene Management Company LLC_6.1.2026-updated.pdf,,,processed,false,,,2027-06-01,2026-08-11,false,,,false,"Old Republic Insurance Company; XL Insurance America, Inc.",2026-08-17,,2026-08-20
"Block Real Estate Services, LLC",6a577bbfd0fc4e2363910f23,69fded1062446148bd848c55,Central Power Systems & Services LLC,"2627 Master COI - Block Real Estate Services, LLC.pdf",,,processed,false,2026-07-15,,2027-07-01,2026-07-15,false,,,false,Twin City Fire Insurance Company; The Phoenix Insurance Company; Travelers Property Casualty Company of America,2026-07-15,,2026-08-20
"Block Real Estate Services, LLC",6a2ae3c2dd45710ae6ad6466,69fded1062446148bd848c5e,Champion Supply Company LLC,"COI 1-1-26 - CAL-VENT GROUP, LTD; PROM MOTOR HOTEL, INC; JAMS INDUSTRIAL, LLC; MELVILLE, LLC.pdf",,,processed,false,2026-06-15,,2027-01-01,,false,,,false,EMC Property & Casualty Company; Employers Mutual Casualty Company; Travelers Casualty and Surety Company,2026-06-11,,2026-08-20
"Block Real Estate Services, LLC",6a455a2fda024f5dca5c5d2f,69fded1062446148bd848c58,"The Retirement Planning Group / Cetera Financial Group, Inc.","co Block Real Estate Services, LLC_Cetera Financial Group, Inc_26-27 GL-AL-EX-WC_6-15-2026_1056662614.pdf",,,processed,false,2026-07-06,,2027-01-31,2026-06-15,false,,,false,"The Continental Insurance Company; American Casualty Company of Reading, Pennsylvania; Valley Forge Insurance Company",2026-07-01,,2026-08-20
"Block Real Estate Services, LLC",6a22f244a234618b199e4b1f,69fded1062446148bd848c67,Check Into Cash,21046-1778-35009 COI 10-15-26.pdf,,,processed,false,2026-06-08,,2026-10-15,2026-01-20,false,,,false,Travelers Property Casualty Company of America; The Continental Insurance Company; Travelers Casualty Insurance Company of America,2026-06-05,,2026-08-20
"Block Real Estate Services, LLC",6a2c33de4096067a7a7bad25,69fded1062446148bd848c5b,"Challenger Sports, Inc.","CAL-VENT GROUP, LTD_ PROM MOTOR HOTEL, INC__Challenger Teamwear LLC Dba Challen_2627 COI_6-9-2026_2147481167 (1).pdf",,,processed,false,2026-06-25,,2027-03-01,2026-06-09,false,,,false,Travelers Property Casualty Insurance Company; EMCASCO Insurance Company; Employers Mutual Casualty Company; * Amtrust Financial Group,2026-06-12,,2026-08-20
"Block Real Estate Services, LLC",6a43f95fc7f86ba6f2674d02,69fded1162446148bd848c76,"Chrysalis Center, LLC",Liability Insurance 2026to2027.pdf,,,processed,false,2026-07-02,,2027-07-04,,false,,,false,"American Casualty Company of Reading, Pennsylvania",2026-06-30,,2026-08-20
"Block Real Estate Services, LLC",6a2c05fde294f24a402e1e39,69fded1162446148bd848c7f,CJ Industries LLC,22284994-PLATTE-CJ COI.pdf,,,processed,false,2026-06-15,,2027-03-02,2026-02-19,false,,,false,"Transportation Insurance Company; Valley Forge Insurance Company; Illinois Union Insurance Company; The Continental Insurance Company; American Casualty Company of Reading, Pennsylvania",2026-06-12,,2026-08-20
"Block Real Estate Services, LLC",6a301f2d09f375dfb856f241,69fded1162446148bd848c82,Clarivate Analytics LLC,HLBTAssociatesLLC_W46436397.pdf,,,processed,false,2026-06-17,,2026-12-01,2026-06-08,false,,,false,American Guarantee and Liability Insurance Company; Zurich American Insurance Company; American Zurich Insurance Company,2026-06-15,,2026-08-20
"Block Real Estate Services, LLC",6a455cf3d293d5dfa850a8fe,69fded1162446148bd848c82,Clarivate Analytics LLC,HLBTAssociatesLLC_W46906080.pdf,,,processed,false,2026-07-06,,2026-12-01,2026-06-29,false,,,false,American Guarantee and Liability Insurance Company; Zurich American Insurance Company; American Zurich Insurance Company,2026-07-01,,2026-08-20
"Block Real Estate Services, LLC",6a0725bd9839a89d50e8c4d5,69fded1162446148bd848c88,Clopay Building Products,PlatteValleyIndustrialCenter8_W45240625.pdf,,,processed,false,2026-06-02,,2027-02-28,2026-03-31,false,,,false,Zurich American Insurance Company; American Guarantee and Liability Insurance Company; Factory Mutual Insurance Company,2026-05-15,,2026-08-20
"Block Real Estate Services, LLC",6a2afc33181480923538caf4,69fded1162446148bd848c8b,CNR Construction KC LLC,BlockCNR.pdf,,,processed,false,2026-06-15,,2027-03-09,,false,,,false,Patrons Insurance Company,2026-06-11,,2026-08-20
"Block Real Estate Services, LLC",6a30409c09f375dfb856f2e6,69fded1162446148bd848c8b,CNR Construction KC LLC,EFA_CNR CONSTRUCTION_Block Real Estate Service_167304808.pdf,,,processed,false,2026-06-17,,2027-07-01,2026-06-15,false,,,false,New Hampshire Insurance Company,2026-06-15,,2026-08-20
"Block Real Estate Services, LLC",6a6395b90a4315bb2509b38b,69fded1162446148bd848c85,ClassOneModelWorks.com LLC,Class One COI for Block Real Estate LLC.pdf,,,processed,false,2026-07-28,,2027-03-14,2026-07-24,false,,,false,Evanston Insurance Company; Mesa Underwriters Specialty Insurance Company; The Travelers Indemnity Company of America; KINSALE INSURANCE COMPANY,2026-07-24,,2026-08-20
"Block Real Estate Services, LLC",6a691df924dd182c77759a79,69fded1162446148bd848c85,ClassOneModelWorks.com LLC,ClassOneModelWorks COI Block.pdf,,,processed,false,2026-07-31,,2027-02-23,2026-07-28,false,,,false,Evanston Insurance Company; Mesa Underwriters Specialty Insurance Company; The Travelers Indemnity Company of America; KINSALE INSURANCE COMPANY,2026-07-28,,2026-08-20
"Block Real Estate Services, LLC",6a6a0e648d423bfd77081627,69fded1162446148bd848c85,ClassOneModelWorks.com LLC,ClassOneModelWorks COI Block.pdf,,,processed,false,2026-07-31,,2027-03-14,2026-07-29,false,,,false,Evanston Insurance Company; Mesa Underwriters Specialty Insurance Company; The Travelers Indemnity Company of America; KINSALE INSURANCE COMPANY,2026-07-29,,2026-08-20
"Block Real Estate Services, LLC",6a06315454ab644e7ef7ef76,69fded1162446148bd848c91,CMA / Colarelli Meyer & Associates,WCCOI.pdf,,,processed,false,2026-06-03,,2026-07-01,2025-06-09,false,,,false,New Hampshire Insurance Company,2026-05-14,,2026-08-20
"Block Real Estate Services, LLC",6a35af3f56a52ac77dac41e8,69fded1162446148bd848c97,"Commercial Industrial Supply, LLC","co Block Real Estate Services_Commercial Industrial Supply, LLC_26 GAUW_6-19-2026_32299229.pdf",,,processed,false,2026-06-22,,2027-01-01,2026-06-19,false,,,false,The Cincinnati Insurance Company,2026-06-19,,2026-08-20
"Block Real Estate Services, LLC",6a512f0aed23c7eb7f9922f5,69fded1162446148bd848c9d,Concrete Strategies LLC,Block Real Estate Services - CSLLC.pdf,,,processed,false,2026-07-14,,2027-06-30,2026-07-10,false,,,false,Zurich American Insurance Company; American Guarantee and Liability Insurance Company,2026-07-10,,2026-08-20
"Block Real Estate Services, LLC",6a2b2ff74137abcbd837f66a,69fded1162446148bd848ca0,"CKF / Consolidated Supply, Inc.","Flint 1, LLC_Consolidated Supply Co., Inc. dba_26-27 Master_6-11-2026_1489907594.pdf",,,processed,false,2026-06-15,,2027-05-01,2026-06-11,false,,,false,Waypoint Mutual; Continental Western Insurance Company,2026-06-11,,2026-08-20
"Block Real Estate Services, LLC",6a36d92356a52ac77dac42f7,69fded1162446148bd848ca3,Converge LLC,Endorsement_Endor_2_AddAI.pdf,,,processed,false,2026-06-22,,,,false,,,false,,2026-06-20,,2026-08-20
"Block Real Estate Services, LLC",6a36d92456a52ac77dac4314,69fded1162446148bd848ca3,Converge LLC,AIEndorsement_Block Real Estate Services LLC 1.pdf,,,processed,false,2026-06-22,,,,false,,,false,,2026-06-20,,2026-08-20
"Block Real Estate Services, LLC",6a36d92456a52ac77dac4331,69fded1162446148bd848ca3,Converge LLC,AICertificate_Block Real Estate Services LLC 1.pdf,,,processed,false,2026-06-22,,2027-06-06,,false,,,false,Philadelphia Indemnity Insurance Company,2026-06-20,,2026-08-20
"Block Real Estate Services, LLC",6a550209d7a2098716cacbe0,69fded1162446148bd848ca9,Core Adventures LLC,Block Real Estate Services.pdf.pdf,,,processed,false,2026-07-14,,2026-09-17,2026-02-20,false,,,false,Hartford Underwriters Insurance Company; Rated by Multiple Companies; Travelers Excess and Surplus Lines Company,2026-07-13,,2026-08-20
"Block Real Estate Services, LLC",6a6394560a4315bb2509b333,69fded1162446148bd848c9a,Companion Protect Agency,Companion Protect LLC - Management Liability Chubb Binder.PDF,,,processed,false,2026-07-27,,,,false,,,false,,2026-07-24,,2026-08-20
"Block Real Estate Services, LLC",6a6394580a4315bb2509b351,69fded1162446148bd848c9a,Companion Protect Agency,26-27 CP WC Policy.PDF,,,processed,false,2026-07-27,,,,false,,,false,,2026-07-24,,2026-08-20
"Block Real Estate Services, LLC",6a6394590a4315bb2509b36e,69fded1162446148bd848c9a,Companion Protect Agency,26-27 CP PKG Policy.PDF,,,processed,false,2026-07-27,,,,false,,,false,,2026-07-24,,2026-08-20
"Block Real Estate Services, LLC",6a396c7f597e3570daab61a7,69fded1162446148bd848ca6,Convergint Technologies LLC,"Block Real Estate Services, LLC.pdf",,,processed,false,2026-06-23,,2027-04-01,2026-06-22,false,,,false,ACE American Insurance Company; Federal Insurance Company; ACE Fire Underwriters Insurance Company,2026-06-22,,2026-08-20
"Block Real Estate Services, LLC",6a2ffcae1ead0ab2cbe17b8f,69fded1162446148bd848cb2,Corporate Flooring Inc,Block Real Estate COI.pdf,,,processed,false,2026-06-17,,2027-02-27,2026-04-17,false,,,false,Auto - Owners,2026-06-15,,2026-08-20
"Block Real Estate Services, LLC",6a42a46f62bbed81ea5611a1,69fded1162446148bd848cbb,"Cosentino, Group, Inc. / Associated Wholesale Grocers, Inc.",Cosentino Group COI Mill Street Station LLC.pdf,,,processed,false,2026-06-30,,2027-05-01,2026-05-01,false,,,false,"Sentry Insurance Company; XL Specialty Insurance Company; Fireman's Fund Insurance Company; National Union Fire Insurance Company of Pittsburgh, Pa.; Sentry Casualty Company; National Union Fire Insurance Company of Louisiana",2026-06-29,,2026-08-20
"Block Real Estate Services, LLC",6a5630c4b07e51bfe39a39b8,69fded1162446148bd848cb8,CorVel Healthcare Corporation,City Plaza Corporate - Block Real Estate - CorVel HC Overland Park MO COI 26-27.pdf,,,processed,false,2026-07-15,,2027-04-30,2026-07-13,false,,,false,Travelers Property Casualty Company of America; The Continental Insurance Company; Zurich American Insurance Company,2026-07-14,,2026-08-20
"Block Real Estate Services, LLC",6a610aca758aff68c41584d7,69fded1162446148bd848cb8,CorVel Healthcare Corporation,CorVel Health_1st Amendment_CPCCI_FE.pdf,,,processed,false,2026-07-27,,,,false,,,false,,2026-07-22,,2026-08-20
"Block Real Estate Services, LLC",6a610acb758aff68c41584f7,69fded1162446148bd848cb8,CorVel Healthcare Corporation,Overland Park (Kansas City) Lease Document_fully EX.pdf,,,processed,false,2026-07-27,,,,false,,,false,,2026-07-22,,2026-08-20
"Block Real Estate Services, LLC",6a68f39e8f74d235aa07d09b,69fded1262446148bd848cc1,"Covisian CTX, LLC (fka RGMI Consultant / Centrinex, LLC)","c_o Block Real Estate Services, LLC, Kansas City, MO, 64112, 07_28_2026.pdf",,,processed,false,2026-07-29,,2027-06-01,2026-07-28,false,,,false,Cincinnati Insurance Company; Convex Insurance UK Limited,2026-07-28,,2026-08-20
"Block Real Estate Services, LLC",6a6a5c43ec8c25d8885da7e8,69fded1262446148bd848cc1,"Covisian CTX, LLC (fka RGMI Consultant / Centrinex, LLC)",Lease - prg840 - Covisian CTX LLC.pdf,,,processed,false,2026-07-29,,,,false,,,false,,2026-07-29,,2026-08-20
"Block Real Estate Services, LLC",6a4eb1f0c4f53220af8d6a52,69fded1262446148bd848ceb,Dairy Farmers of America Inc,DFA Lenexa Warehouse - COI (Updated).pdf,,,processed,false,2026-07-13,,2026-10-01,2026-07-09,false,,,false,"National Union Fire Insurance Co. Of Pittsburgh , PA; AIU Insurance Company",2026-07-08,,2026-08-20
"Block Real Estate Services, LLC",6a554f92ee29cdd784658626,69fded1262446148bd848d00,Daylight Donuts-Olathe LLC,certificate.pdf,,,processed,false,2026-07-14,,2026-07-29,2026-07-13,false,,,false,State Farm Fire and Casualty Company,2026-07-13,,2026-08-20
"Block Real Estate Services, LLC",6a845edc67ba47495a83619c,69fded1262446148bd848d09,Dentek Inc DBA Sokolov Dental Laboratory Inc,dentek block cert.pdf,,,processed,false,2026-08-19,,2027-09-07,2026-08-18,false,,,false,"Sentinel Insurance Company, Ltd.; AmTrust Insurance Company; Security National Insurance Company",2026-08-18,,2026-08-20
"Block Real Estate Services, LLC",6a85ba57c9d99eef6a3a06d1,69fded1262446148bd848d09,Dentek Inc DBA Sokolov Dental Laboratory Inc,Lease - wes705 - Dentek Inc.pdf,,,processed,false,2026-08-19,,,,false,,,false,,2026-08-19,,2026-08-20
"Block Real Estate Services, LLC",6a47af6708adbeeac4a4754b,69fded1362446148bd848d15,Green Leaf Dispensary / DineShkumar P. Patel & Jingeshkumar D. Patel,GRC_Moberly_LLC_dba_Amaze_Cannabis_Green_Releaf_Dispensary_-_PL_-_25-26_-_PEQSPL001710-00 (1).pdf,,,processed,false,2026-07-06,,2026-11-21,,false,,,false,Palomar Excess and Surplus Insurance Company,2026-07-03,,2026-08-20
"Block Real Estate Services, LLC",6a297f008d4f64d9c23ab0a5,69fded1362446148bd848d27,Dollar Tree #4044,cert_NYC_K7 Kansas Investors_ LLC_12631635_1.pdf,,,processed,false,2026-06-10,,2026-09-01,2026-06-09,false,,,false,"National Union Fire Insurance Company of Pittsburgh, Pa.; National Union Fire Insurance Company of Pittsburgh, Pa.; AIU Insurance Company",2026-06-10,,2026-08-20
"Block Real Estate Services, LLC",6a5531ae4a3538cc4162db78,69fded1362446148bd848d27,Dollar Tree #4044,Lease - tic827 - Dollar Tree 4044.pdf,,,processed,false,2026-07-15,,,,false,,,false,,2026-07-13,,2026-08-20
"Block Real Estate Services, LLC",6a849b4567ba47495a836391,69fded1362446148bd848d27,Dollar Tree #4044,"4044_K7 Kansas Investors, LLC_12631635_Dollar Tree Stores, Inc..pdf",,,processed,false,,,2026-09-01,2026-06-09,false,,,false,"National Union Fire Insurance Company of Pittsburgh, Pa.; National Union Fire Insurance Company of Pittsburgh, Pa.; AIU Insurance Company",2026-08-18,,2026-08-20
"Block Real Estate Services, LLC",6a42b04462bbed81ea5611f6,69fded1362446148bd848d60,Emerson Ecologics LLC,"Block Real Estate Services, LLC_Fullscript, Inc._26-27 GL, Products, CUM, _6-29-2026_279567711.pdf",,,processed,false,2026-06-30,,2027-03-01,2026-06-29,false,,,false,Federal Insurance Company; Chubb National Insurance Company,2026-06-29,,2026-08-20
"Block Real Estate Services, LLC",6a3948b6d382314fdae2fe20,69fded1462446148bd848d81,Excel Automation Inc.,COI Block Real Estate.pdf,,,processed,false,2026-06-23,,2026-11-30,2026-06-22,false,,,false,Ohio Security Insurance Company,2026-06-22,,2026-08-20
"Block Real Estate Services, LLC",6a8473e7fa845ff60e22e585,69fded1462446148bd848d6c,EDT Engineers / Engineering Design & Testing Corporation,"Perg Buildings, LLC_Engineering Design And Testing Corp_2526July 2627 Master En_8-18-2026_214197189.pdf",,,processed,false,,,2026-11-01,2026-08-18,false,,,false,Amerisure Mutual Insurance Company; Travelers Casualty and Surety Company of America; Continental Casualty Company,2026-08-18,,2026-08-20
"Block Real Estate Services, LLC",6a84742767ba47495a836235,69fded1462446148bd848d6c,EDT Engineers / Engineering Design & Testing Corporation,"Perg Buildings, LLC_Engineering Design And Testing Corp_2526July 2627 Master En_8-18-2026_214197189.pdf",,,processed,false,,,2026-11-01,2026-08-18,false,,,false,Amerisure Mutual Insurance Company; Travelers Casualty and Surety Company of America; Continental Casualty Company,2026-08-18,,2026-08-20
"Block Real Estate Services, LLC",6a05ea571f712c628e4371ea,69fded1562446148bd848dc3,"Fresenius Medical Care - Pittsburg Midwest Dialysis / Fort Scott Regional Dialysis Center, Inc.",5701171733901.pdf,,,processed,false,2026-06-01,,2026-12-31,2025-12-22,false,,,false,"The Continental Insurance Company; American Casualty Company of Reading, Pennsylvania; Transportation Insurance Company; Continental Casualty Company; Fresenius Medical Care Risk Mgmt . Group ,",2026-05-14,,2026-08-20
"Block Real Estate Services, LLC",6a3acb91cf85b61f730f42f0,69fded1562446148bd848dcc,"Freirich & Katz, L.C. and JD Rosen CPA, PA / Freirich & Company, LLC",25 (2016-03) Certificate of Liability Insurance.pdf,,,processed,false,2026-06-23,,2026-11-15,2026-06-18,false,,,false,Valley Forge Insurance Company; Continental Casualty Company; Valley Forge Insurance Company,2026-06-23,,2026-08-20
"Block Real Estate Services, LLC",6a5521360354bdc4ee306e32,69fded1562446148bd848ded,"Gas Equipment Company / Gas Equipment, Inc.",26-27 GLAutoWC - HUB CertSecure.pdf,,,processed,false,2026-07-15,,2027-01-01,2026-07-13,false,,,false,Swiss Re Corporate Solutions America Insurance Corporation; Liberty Insurance Corporation; Employers Insurance Company of Wausau,2026-07-13,,2026-08-20
"Block Real Estate Services, LLC",6a79ef496d6016985be9c2e3,69fded1562446148bd848df0,Gateway Spine & Joint LLC,"Spine and Joint COI, 2026-27' Block Real Estate.pdf",,,processed,false,2026-08-17,,2027-07-27,2026-08-10,false,,,false,State Farm Fire and Casualty Company; State Farm Mutual Automobile Insurance Company,2026-08-10,,2026-08-20
"Block Real Estate Services, LLC",6a83792bcb3c3e6d2a50e553,69fded1562446148bd848df0,Gateway Spine & Joint LLC,Lease - tic752 - Gateway Spine & Joint LLC.pdf,,,processed,false,2026-08-17,,,,false,,,false,,2026-08-17,,2026-08-20
"Block Real Estate Services, LLC",6a85455afc6aad18aa98ccfc,69fded1562446148bd848df0,Gateway Spine & Joint LLC,"'Spine and Joint COI, 2026-27' Block Real Estate, August 26'.pdf",,,processed,false,,,2027-07-27,2026-08-18,false,,,true,State Farm Fire and Casualty Company; State Farm Mutual Automobile Insurance Company,2026-08-19,,2026-08-20
"Block Real Estate Services, LLC",6a5e223092dc6d1e62c1b6f1,69fded1662446148bd848dff,Geotechnology LLC,"Block Real Estate Services, LLC.pdf",,,processed,false,2026-07-22,,2027-05-01,2026-07-17,false,,,false,Greenwich Insurance Company; Westchester Surplus Lines Insurance Company; Landmark American Insurance Company; Homesite Insurance Company of Florida; Convex Insurance UK Limited; Aspen Specialty Insurance Company,2026-07-20,,2026-08-20
"Block Real Estate Services, LLC",6a7b339ac76aff264956807b,69fded1562446148bd848dea,"Garage Experts of Kansas City / Win-Win Concrete & Storage, LLC",26-27 COI - co Block Real Estate Services.pdf,,,processed,false,2026-08-19,,2027-05-10,2026-08-11,false,,,false,SECURA Insurance Company,2026-08-11,,2026-08-20
"Block Real Estate Services, LLC",6a32c6724f89dc4a36d32885,69fded1662446148bd848e02,"Pizza Hut / GMRG ACQ 1, LLC #0359","Block Real Estate Services, LLC_(13903)_Acord25.pdf",,,processed,false,2026-06-17,,2027-01-28,2026-06-17,false,,,false,Intrepid Insurance Company; Intrepid Specialty Insurance Company,2026-06-17,,2026-08-20
"Block Real Estate Services, LLC",6a05e5a1d9aed916f09c2e7c,69fded1662446148bd848e1a,"Patio Enclosures / Great Day Improvements, LLC",2026PineRidgeLiabilityCOI.pdf,,,processed,false,2026-06-01,,2027-01-01,2026-01-05,false,,,false,Liberty Mutual Insurance Company; Indemnity National Insurance Company,2026-05-14,,2026-08-20
"Block Real Estate Services, LLC",6a74f3a2377d9d1f5c7ead80,69fded1662446148bd848e2f,"VIALS / Gunn & Richards, Inc.",Gunn & Richards Inc - COI_BLOCK.pdf,,,processed,false,2026-08-10,,2027-02-10,2026-08-06,false,,,false,The Cincinnati Insurance Company,2026-08-06,,2026-08-20
"Block Real Estate Services, LLC",6a301125b7970f3c499961be,69fded1762446148bd848e6e,Hot Dog Design LLC,HotDog-COI-workmans-comp.pdf,,,processed,false,2026-06-17,,2027-02-08,2026-02-07,false,,,false,National Specialty Insurance Company,2026-06-15,,2026-08-20
"Block Real Estate Services, LLC",6a30114e09f375dfb856f224,69fded1762446148bd848e6e,Hot Dog Design LLC,State-Farm-Binder of Insurance.pdf,,,processed,false,2026-06-17,,2027-02-24,,false,,,false,State Farm Fire and Casualty Company,2026-06-15,,2026-08-20
"Block Real Estate Services, LLC",6a63df77bf74d0d11c7f3617,69fded1762446148bd848e6e,Hot Dog Design LLC,Justin Wieners - COI for Block.pdf,,,processed,false,2026-07-27,,2027-02-24,2026-07-23,true,low,<p>Lease requested from BRES</p>,false,State Farm Fire and Casualty Company,2026-07-24,,2026-08-20
"Block Real Estate Services, LLC",6a3415c20f8d07d45488f201,69fded1762446148bd848e6b,"Horizon PSI / Horizon Systems, Inc.","Perg Buildings, LLC Corrected.pdf",,,processed,false,2026-06-22,,2027-03-01,2026-06-14,false,,,false,Valley Forge Insurance Company; The Continental Insurance Company; Lloyds of London,2026-06-18,,2026-08-20
"Block Real Estate Services, LLC",6a7b286696d126bd3324fdef,69fded1862446148bd848ec5,Kansas City Bone & Joint Clinic,2026-2027 Certs - co Block Real Estate Services.pdf,,,processed,false,2026-08-19,,2027-01-02,2026-08-11,false,,,false,"Sentinel Insurance Company, Ltd.",2026-08-11,,2026-08-20
"Block Real Estate Services, LLC",6a2985536b36130833e2f74e,69fded1862446148bd848ed1,"Kansas City Urology Care, PA","2025 WILSHIRE WERBO, LLC_Kansas City Urology Care, PA_Lenexa Loc GLAUUMWC 2_6-10-2026_1486083803.pdf",,,processed,false,2026-06-10,,2027-01-01,2026-06-10,false,,,false,"MMIC Insurance, Inc.; Travelers Property Casualty Company of America; The Charter Oak Fire Insurance Company",2026-06-10,,2026-08-20
"Block Real Estate Services, LLC",6a29a77d6b36130833e2f7ff,69fded1862446148bd848ed1,"Kansas City Urology Care, PA","2025 WILSHIRE WERBO, LLC_Kansas City Urology Care, PA_Lenexa Loc GLAUUMWC 2_6-10-2026_1020333311.pdf",,,processed,false,2026-06-10,,2027-01-01,2026-06-10,false,,,false,"MMIC Insurance, Inc.; Travelers Property Casualty Company of America; The Charter Oak Fire Insurance Company",2026-06-10,,2026-08-20
"Block Real Estate Services, LLC",6a4bc13a34844debcaaebb39,69fded1862446148bd848ed7,"Kansas Gas Co / ONE Gas, Inc","25-26 Ren'l - 3737 Investors, LLC and Dean W. Lawrence.pdf",,,processed,false,2026-07-06,,2026-11-01,2025-10-21,false,,,false,Everest National Insurance Company; Old Republic Insurance Company,2026-07-06,,2026-08-20
"Block Real Estate Services, LLC",6a675e101499cb7db607fcaa,69fded1862446148bd848ed7,"Kansas Gas Co / ONE Gas, Inc","Exception Granted, Kansas Gas Co.pdf",,,processed,false,2026-07-27,,,,false,,,true,,2026-07-27,,2026-08-20
"Block Real Estate Services, LLC",6a457acff92324cf4d222cae,69fded1962446148bd848ee9,"KC Classic Auto, LLC",KC Classic.pdf,,,processed,false,2026-07-15,,2026-12-09,,false,,,false,,2026-07-01,,2026-08-20
"Block Real Estate Services, LLC",6a57bc52e8caaf78715d0129,69fded1962446148bd848ee9,"KC Classic Auto, LLC",Lease - tic785 - KC Classic Auto Amend.pdf,,,processed,false,2026-07-15,,,,false,,,false,,2026-07-15,,2026-08-20
"Block Real Estate Services, LLC",6a57bc53e8caaf78715d0149,69fded1962446148bd848ee9,"KC Classic Auto, LLC",Lease - tic785 - KC Classic Auto.pdf,,,processed,false,2026-07-15,,,,false,,,false,,2026-07-15,,2026-08-20
"Block Real Estate Services, LLC",6a4fa942259b06d1980e4493,69fded1962446148bd848ef8,Salon Expose / Kim Medina,Block Real Estate Services LLC_Salon Expose' LLC_2526 Cert_7-9-2026_47460473.pdf,,,processed,false,2026-07-14,,2026-10-28,2026-07-09,true,low,<p>Waiting on lease</p>,false,West Bend Insurance Company,2026-07-09,,2026-08-20
"Block Real Estate Services, LLC",6a071bb90490135a47480eec,69fded1962446148bd848f2e,Link Media Omaha LLC,LinkMediaServicesCOIKCIPRiversideLLC1.pdf,,,processed,false,2026-06-03,,2026-11-15,2025-11-13,false,,,false,Travelers Property Casualty Company of America; Travelers Insurance Co.; Berkshire Hathaway Specialty Insurance Company; AXIS Insurance Company,2026-05-15,,2026-08-20
"Block Real Estate Services, LLC",6a5934a71d9ce7620fc2608e,69fded1a62446148bd848f3a,"Lynk, Inc.",26-27 Block Real Estate Services.pdf,,,processed,false,2026-07-21,,2027-05-17,,false,,,false,ACE Property and Casualty Insurance Company; Bankers Standard Insurance Company,2026-07-16,,2026-08-20
"Block Real Estate Services, LLC",6a68dc308f74d235aa07ce8e,69fded1a62446148bd848f3a,"Lynk, Inc.",76WEGDR6753 subrogation.pdf,,,processed,false,2026-07-29,,2027-05-17,2026-07-28,false,,,false,Hartford Accident and Indemnity Company,2026-07-28,,2026-08-20
"Block Real Estate Services, LLC",6a3d985b4deb0b81aea922c7,69fded1a62446148bd848f6d,Mattress Firm Inc,Mattress Firm 2.pdf,,,processed,false,2026-06-30,,2026-09-01,2026-06-24,false,,,false,Zurich American Insurance Company; ACE Property and Casualty Insurance Company; Westchester Fire Insurance Company,2026-06-25,,2026-08-20
"Block Real Estate Services, LLC",6a3d9869b84117f30eaf443d,69fded1a62446148bd848f6d,Mattress Firm Inc,Mattress Firm 1.pdf,,,processed,false,2026-06-30,,2026-09-01,2026-06-24,false,,,false,Zurich American Insurance Company; ACE Property and Casualty Insurance Company; Westchester Fire Insurance Company,2026-06-25,,2026-08-20
"Block Real Estate Services, LLC",6a443b15e9786aa44fcb9874,69fded1a62446148bd848f6d,Mattress Firm Inc,Matress Firm Group LLC COI Belton Towne Center.pdf,,,processed,false,2026-07-01,,2026-09-01,2026-06-15,false,,,false,Zurich American Insurance Company; ACE Property and Casualty Insurance Company; Westchester Fire Insurance Company,2026-06-30,,2026-08-20
"Block Real Estate Services, LLC",6a456c6048c92c2dc99f7694,69fded1a62446148bd848f6d,Mattress Firm Inc,"COI for Block Real Estate Services, LLC, - 009035.pdf",,,processed,false,2026-07-07,,2026-09-01,2026-06-24,false,,,false,Zurich American Insurance Company; ACE Property and Casualty Insurance Company; Westchester Fire Insurance Company,2026-07-01,,2026-08-20
"Block Real Estate Services, LLC",6a3d733ef08a13c0c8807013,69fded1b62446148bd848fc4,"Mindful Child Wellness + Aeriel Yoga, LLC",Mindful Child and Welness and Aerial Yoga - COI - Block Realestate Services LLC.pdf,,,processed,false,2026-06-25,,2027-05-12,2026-06-24,false,,,false,State Farm Fire and Casualty Company,2026-06-25,,2026-08-20
"Block Real Estate Services, LLC",6a3adff8f87efbd22dc90375,69fded1c62446148bd848fe8,"Prosperity Partners / NDH Advisors, LLC (fka Mariner Group, LLC & Stratus Group, LLC)",CERT_Guardian_Realty_Management_Inc_and_6000_Executive_LLC_1733184.pdf,,,processed,false,2026-06-24,,2027-01-01,2026-04-24,false,,,false,Hartford Underwriters Insurance Company; StarStone National Insurance Company,2026-06-23,,2026-08-20
"Block Real Estate Services, LLC",6a43d905c7f86ba6f2674982,69fded1c62446148bd848ff4,Netsmart Technologies Inc,"PERG BUILDINGS, LLC COI.pdf",,,processed,false,2026-06-30,,2026-11-11,2026-06-22,false,,,false,Chubb Indemnity Insurance Company; Great Northern Insurance Company; Federal Insurance Company,2026-06-30,,2026-08-20
"Block Real Estate Services, LLC",6a55038dd7a2098716cacbfe,69fded1c62446148bd848ff4,Netsmart Technologies Inc,"Netsmart COI-PERG BUILDINGS, LLC_v4.pdf",,,processed,false,2026-07-14,,2026-11-11,2026-07-01,false,,,false,Chubb Indemnity Insurance Company; Great Northern Insurance Company; Federal Insurance Company,2026-07-13,,2026-08-20
"Block Real Estate Services, LLC",6a58e93eb3bfafcf16acef72,69fded1d62446148bd849030,"Walgreens / Option Care Enterprises, Inc.",Option Care Health Inc - Perg Buildings LLC - 26062536877644 - 570121335424.pdf,,,processed,false,2026-07-27,,2027-04-07,2026-06-26,true,low,<p>Lease request to BRES</p>,false,"Trumbull Insurance Company; Sentinel Insurance Company, Ltd.; Hartford Fire Insurance Company; Columbia Casualty Company",2026-07-16,,2026-08-20
"Block Real Estate Services, LLC",6a70f88600191bb5cd2018aa,69fded1d62446148bd849030,"Walgreens / Option Care Enterprises, Inc.",Lease - prg838 - Option Care Enterprises.pdf,,,processed,false,2026-08-03,,,,false,,,false,,2026-08-03,,2026-08-20
"Block Real Estate Services, LLC",6a737abffda47045c8c9d96f,69fded1d62446148bd849048,"P1 Group / P1 Service, LLC",23833525 COI FOR BLOCK REAL ESTATE SERVICES exp2026.pdf,,,processed,false,2026-08-10,,2026-10-01,2026-08-05,false,,,false,National Fire Insurance Company of Hartford; Valley Forge Insurance Company; The Continental Insurance Company,2026-08-05,,2026-08-20
"Block Real Estate Services, LLC",6a05e8421f712c628e42e3a0,69fded1d62446148bd849081,"ICON / PRA Health Sciences / Pharmaceutical Research Associates, Inc.",CollegeCrossingJ154723.pdf,,,processed,false,2026-06-01,,2026-06-01,2025-05-30,false,,,false,Federal Insurance Company; Great Northern Insurance Company; ACE American Insurance Company,2026-05-14,,2026-08-20
"Block Real Estate Services, LLC",6a340c9e3a28b57599a17cba,69fded1d62446148bd849060,Parris Communications,COI - PC Investors (2).pdf,,,processed,false,2026-06-22,,2026-11-10,2026-06-18,false,,,false,Hartford Casualty Insurance Company; Hartford Underwriters Insurance Company,2026-06-18,,2026-08-20
"Block Real Estate Services, LLC",6a4305a29a03b43c20ddc867,69fded1e62446148bd849093,Pivot International Inc,"COLLEGE CROSSING CD, LLC 1137811.pdf",,,processed,false,2026-06-30,,2027-01-01,2026-06-29,false,,,true,Federal Insurance Company; Chubb Indemnity Insurance Company; Great Northern Insurance Company,2026-06-29,,2026-08-20
"Block Real Estate Services, LLC",6a467cb6797dbac10da8c534,69fded1e62446148bd849093,Pivot International Inc,"BLOCK REAL ESTATE SERVICES, LLC 23631339.pdf",,,processed,false,2026-07-07,,2027-01-01,2026-06-30,false,,,false,Federal Insurance Company; Chubb Indemnity Insurance Company; Great Northern Insurance Company,2026-07-02,,2026-08-20
"Block Real Estate Services, LLC",6a5a2d8575d581809e56786a,69fded1e62446148bd84909f,Polaris Pharmacy Services of Missouri,ACORD Form 20260716-143725.pdf,,,processed,false,2026-07-22,,2027-07-01,2026-07-16,false,,,false,Illinois Union Insurance Company; Federal Insurance Company,2026-07-17,,2026-08-20
"Block Real Estate Services, LLC",6a60f5d9758aff68c415842d,69fded1e62446148bd84909f,Polaris Pharmacy Services of Missouri,76WBGBS30DV (2).pdf,,,processed,false,2026-07-27,,2027-04-25,2026-07-22,false,,,false,Hartford Fire and Its P & C Affiliates,2026-07-22,,2026-08-20
"Block Real Estate Services, LLC",6a60f5db758aff68c415844b,69fded1e62446148bd84909f,Polaris Pharmacy Services of Missouri,ACORD Form 20260722-101046.pdf,,,processed,false,2026-07-27,,2027-07-01,2026-07-16,false,,,false,Illinois Union Insurance Company; Federal Insurance Company,2026-07-22,,2026-08-20
"Block Real Estate Services, LLC",6a71efaf5d1c88bd9bf67d12,69fded1e62446148bd84909f,Polaris Pharmacy Services of Missouri,Lease - bf3944 - Polaris.pdf,,,processed,false,2026-08-04,,,,false,,,false,,2026-08-04,,2026-08-20
"Block Real Estate Services, LLC",6a2c0d1214fe6fd29725e9a3,69fded1e62446148bd8490b7,Pro Concrete Design Inc,COI - Platte Valley Investment & Block.pdf,,,processed,false,2026-06-25,,2026-10-01,2026-03-23,false,,,false,The Cincinnati Insurance Company; The Cincinnati Casualty Company; Westchester Surplus Lines Insurance Company,2026-06-12,,2026-08-20
"Block Real Estate Services, LLC",6a7501d00166c7493f75e95f,69fded1e62446148bd8490cc,"Psychology Office Management, Inc.",Acord for Business.pdf,,,processed,false,2026-08-11,,2026-10-01,2026-08-06,false,,,false,State Farm Fire and Casualty Company,2026-08-06,,2026-08-20
"Block Real Estate Services, LLC",6a7c9036c197dd69b08fad50,69fded1e62446148bd8490cc,"Psychology Office Management, Inc.",Lease - tic752 - Psychology Office Management.pdf,,,processed,false,2026-08-12,,,,false,,,false,,2026-08-12,,2026-08-20
"Block Real Estate Services, LLC",6a566542920c7c777ab3acec,69fded2062446148bd84913e,Security Data Supply,Certificate of Insurance.pdf,,,processed,false,2026-07-14,,2027-01-30,2026-07-14,false,,,false,Hartford Underwriters Insurance Company; Nutmeg Insurance Company,2026-07-14,,2026-08-20
"Block Real Estate Services, LLC",6a284c35da52b0ee99d300db,69fded2062446148bd849141,Seen Merchandising LLC,Block 2026 COI.pdf,,,processed,false,2026-06-11,,2026-08-22,2026-05-26,false,,,false,The Charter Oak Fire Insurance Company; Travelers Property Casualty Company of America; Accident Fund National Insurance Company,2026-06-09,,2026-08-20
"Block Real Estate Services, LLC",6a84b3a941c099792473ed28,69fded2062446148bd849141,Seen Merchandising LLC,5.19.26 Traveler's Policy B313486A-630.pdf,,,processed,false,,,,,false,,,false,,2026-08-18,,2026-08-20
"Block Real Estate Services, LLC",6a32d114106a7c71e356808a,69fded2062446148bd849174,Slim 4 Life Weight Loss Centers Inc,"Midwest Ketter Investments, LLC_4 Life Weight Loss Centers, Inc._Master 26-27_6-16-2026_2059136014.pdf",,,processed,false,2026-06-17,,2026-11-13,,false,,,false,Hartford Casualty Insurance Company,2026-06-17,,2026-08-20
"Block Real Estate Services, LLC",6a3981c6f214bcb869b222d5,69fded2162446148bd849189,South Western Communications Inc,Block updated 6-22-26.pdf,,,processed,false,2026-06-23,,2027-03-01,2026-06-22,false,,,false,Zurich American Insurance Company; Scottsdale Indemnity Company,2026-06-22,,2026-08-20
"Block Real Estate Services, LLC",6a23317de17de0c6d0ae2ad1,69fded2162446148bd8491a4,"Midwest Office Technology / STA-MOT-KS, LLC",ACORD Form 20260605-152715.pdf,,,processed,false,2026-06-08,,2026-08-31,,false,,,false,The Travelers Indemnity Company of America; The Travelers Indemnity Company,2026-06-05,,2026-08-20
"Block Real Estate Services, LLC",6a85bb9dc19367ed238c74ba,69fded2162446148bd8491c8,"Subway Real Estate, LLC",ACORD Form 20260817-132942.pdf,,,processed,false,,,2027-05-01,2026-05-08,false,,,false,Allmerica Financial Benefit Insurance Company,2026-08-19,,2026-08-20
"Block Real Estate Services, LLC",6a28099f9f092c55a134bc63,69fded2162446148bd8491b0,Starbucks Corporation #9654,2026 Starbucks Universal MOI.pdf,,,processed,false,2026-06-11,,2026-10-01,,false,,,false,Zurich American Insurance Company; American Guarantee and Liability Insurance Company,2026-06-09,,2026-08-20
"Block Real Estate Services, LLC",6a57b3b03817dd155dae1af5,69fded2162446148bd8491b0,Starbucks Corporation #9654,Lease - 3rd543 - Starbucks.pdf,,,processed,false,2026-07-16,,,,false,,,false,,2026-07-15,,2026-08-20
"Block Real Estate Services, LLC",6a2ffcb709f375dfb856f1db,69fded2162446148bd8491c2,"Style Crest, Inc. (fka Durham Supply, Inc.)","Cal-Vent Group, Ltd_Style Crest Enterprises, Inc._25-26 CERT General w26-2_6-15-2026_1288020938.pdf",,,processed,false,2026-06-15,,2026-10-01,2026-06-15,false,,,false,Great American Insurance Company of New York; Midwest Employers Casualty Company; Amerisure Mutual Insurance Company; Navigators Specialty Insurance Company,2026-06-15,,2026-08-20
"Block Real Estate Services, LLC",6a2c41f5be9dc56b33f0e996,69fded2262446148bd8491d7,"SPI Coatings / Superior Products International II, Inc.",Proof of GL insurance 26-27.pdf,,,processed,false,2026-06-15,,2027-01-01,,false,,,false,Capitol Specialty Insurance Corporation,2026-06-12,,2026-08-20
"Block Real Estate Services, LLC",6a725b69518949c68e492fa9,69fded2262446148bd8491d7,"SPI Coatings / Superior Products International II, Inc.",Lease - bkp362 - SPI Coatings.pdf,,,processed,false,2026-08-04,,,,false,,,false,,2026-08-04,,2026-08-20
"Block Real Estate Services, LLC",6a3c4568d4e980e942308a27,69fded2262446148bd8491e0,TeamSmile Inc,Certificate.pdf,,,processed,false,2026-06-25,,2027-03-15,2026-06-11,false,,,false,Ohio Security Insurance Company; The Ohio Casualty Insurance Company; SFM Mutual Insurance Company; R - T Specialty LLC,2026-06-24,,2026-08-20
"Block Real Estate Services, LLC",6a3bea879af3fe11c94296b0,69fded2262446148bd8491d4,"Sunflower Food Company / Sunflower Hills, Inc.",Certificate Of Liability Insurance (55).pdf,,,processed,false,2026-06-30,,2027-01-01,,false,,,false,Sentry Insurance Company; Middlesex Insurance Company,2026-06-24,,2026-08-20
"Block Real Estate Services, LLC",6a05f6111f712c628e49195b,69fded2262446148bd8491e6,Telamon Technologies Corporation,TelamonTechnologiesCorporationCOILamarDistributionCenter11.pdf,,,processed,false,2026-06-03,,2026-10-01,2025-10-01,false,,,false,Atlantic Specialty Insurance Company; OBI National Insurance Company,2026-05-14,,2026-08-20
"Block Real Estate Services, LLC",6a39b077d1bf38e72a670fc9,69fded2262446148bd8491e9,Temp-Con,BLOCK REAL ESTATE TEMP CON REVISED COI.pdf,,,processed,false,2026-06-23,,2027-04-01,2026-06-22,false,,,false,National Fire Insurance Company of Hartford; The Continental Insurance Company; Travelers Property Casualty Company of America,2026-06-22,,2026-08-20
"Block Real Estate Services, LLC",6a3bd8799af3fe11c9429684,69fded2262446148bd849210,The Peavey Corporation,8YL_The Peavey Corpo_Block Real Estate Service_167769326.pdf,,,processed,false,2026-06-25,,2027-07-01,2026-06-24,false,,,false,New Hampshire Insurance Company,2026-06-24,,2026-08-20
"Block Real Estate Services, LLC",6a512a129a50c31614a8c58f,69fded2262446148bd849210,The Peavey Corporation,Block Real Estate Services LLC_The Peavey Corporation_25-26 GAU_6-26-2026_1213003751. updated.pdf,,,processed,false,2026-07-14,,2026-09-27,2026-06-26,false,,,false,The Cincinnati Insurance Company; Kinsale Insurance Company,2026-07-10,,2026-08-20
"Block Real Estate Services, LLC",6a3eacfca83126525e69621f,69fded2362446148bd849252,UMB Bank N.A.,previewliabilityholder (3).pdf,,,processed,false,2026-06-30,,2027-07-01,2026-06-25,false,,,false,American Zurich Insurance Company; Zurich American Insurance Company; American Guarantee and Liability Insurance Company,2026-06-26,,2026-08-20
"Block Real Estate Services, LLC",6a43c739922a2523ecdebae6,69fded2362446148bd84924f,UBS Financial Services Inc,"Block Real Estate Services, LLC_UBS Financial Services, Inc._ACORD 25 26-27 GLUMB(5M_6-17-2026_430329792.pdf",,,processed,false,2026-06-30,,2027-07-01,2026-06-17,false,,,false,Zurich American Insurance Company; American Guarantee and Liability Insurance Company,2026-06-30,,2026-08-20
"Block Real Estate Services, LLC",6a7f128dafc46d8b07680182,69fded2362446148bd84924f,UBS Financial Services Inc,"Block Real Estate Services, LLC.pdf",,,processed,false,,,2027-07-01,2026-08-14,false,,,false,Zurich American Insurance Company; American Guarantee and Liability Insurance Company,2026-08-14,,2026-08-20
"Block Real Estate Services, LLC",6a5fc0675c9c14b344a63516,69fded2462446148bd84928e,Vintegrity Kansas LLC,Travelers Insurance Certificate.pdf,,,processed,false,2026-07-22,,2026-08-05,,false,,,false,The Travelers Indemnity Company,2026-07-21,,2026-08-20
"Block Real Estate Services, LLC",6a7a18b1585d916fef6cd795,69fded2462446148bd84928e,Vintegrity Kansas LLC,Certificate.pdf,,,processed,false,2026-08-19,,2027-08-04,2026-08-06,false,,,false,"Acuity, A Mutual Insurance Company",2026-08-10,,2026-08-20
"Block Real Estate Services, LLC",6a85d041989ba4ce042c7446,69fded2462446148bd84928e,Vintegrity Kansas LLC,"26-27 Certificate  GL w LL, Auto, Umb, WC - PERG Building, LLC.pdf",,,processed,false,,,2027-08-04,2026-08-06,false,,,false,"Acuity, A Mutual Insurance Company",2026-08-19,,2026-08-20
"Block Real Estate Services, LLC",6a55164e501b8361b0e982ba,69fded2362446148bd849276,Unum Life Insurance Company of America & Colonial Life Insurance,Lease - tic665 - Unum Life Insurance Company of America Amend.pdf,,,processed,false,2026-07-13,,,,false,,,false,,2026-07-13,,2026-08-20
"Block Real Estate Services, LLC",6a551650501b8361b0e982da,69fded2362446148bd849276,Unum Life Insurance Company of America & Colonial Life Insurance,Lease - tic665 - Unum Life Insurance Company of America.pdf,,,processed,false,2026-07-13,,,,false,,,false,,2026-07-13,,2026-08-20
"Block Real Estate Services, LLC",6a5678aded7446d9d1a7ee3a,69fded2362446148bd849276,Unum Life Insurance Company of America & Colonial Life Insurance,PinnacleCorporateCentreVPinnacleVAssociatesLLC_W47264390.pdf,,,processed,false,2026-07-15,,2027-06-30,2026-07-14,false,,,false,"Travelers Property Casualty Company of America; National Union Fire Insurance Company of Pittsburgh, Pa.; Travelers Casualty and Surety Company; The Travelers Indemnity Company of Connecticut; Endurance American Specialty Insurance Company",2026-07-14,,2026-08-20
"Block Real Estate Services, LLC",6a556848501b8361b0e98501,69fded2462446148bd849282,Verizon / Cellular Sales,"Verizon  Cellular Sales_Steven G. Kremer, as Trustee of the.pdf",,,processed,false,2026-07-15,,2026-09-17,2026-07-13,false,,,false,Hartford Underwriters Insurance Company,2026-07-13,,2026-08-20
"Block Real Estate Services, LLC",6a3026be7828333b350b9d7e,69fded2462446148bd8492a9,"Advena Living /Cornerstone Group Holdings, Inc. (sublease of Midlands Independent Review Board, LLC / WCG IRB, Inc.)",COI- LL- MLIRB- KS 25-26.pdf,,,processed,false,2026-06-17,,2026-12-08,2025-12-08,false,,,false,The Hartford,2026-06-15,,2026-08-20
"Block Real Estate Services, LLC",6a469d32797dbac10da8c63f,69fded2462446148bd8492af,"Satellite Engineering / WESCO Distribution, Inc.",26-27 WESCO Landlords - Block Real Estate Services.pdf,,,processed,false,2026-07-09,,2027-06-04,2026-07-01,false,,,false,Travelers Property Casualty Company of America,2026-07-02,,2026-08-20
"Block Real Estate Services, LLC",6a563f5f68ef626ef3e04450,69fded2462446148bd8492af,"Satellite Engineering / WESCO Distribution, Inc.","Lease - bkp363 - Wesco Distribution, Inc.pdf",,,processed,false,2026-07-14,,,,false,,,false,,2026-07-14,,2026-08-20
"Block Real Estate Services, LLC",6a67a57972e3a2f582038c0e,69fded2462446148bd8492c7,"Worldwide Express / WWEX Franchise Holdings, LLC","WWEX 26-27 COI - Block Real Estate Services, LLC.pdf",,,processed,false,2026-07-28,,2027-05-04,2026-07-21,false,,,false,Anovo / UW at Lloyds; Hartford Fire Insurance Company; Trumbull Insurance Company; Hartford Casualty Insurance Company,2026-07-27,,2026-08-20
"Block Real Estate Services, LLC",6a75fd50c90f9fbf1a4881d2,6a17544d68ca7e9989502900,Spurgeon Chiropractic / Dr. Ryan Spurgeon Healing Neck & Joints,Workers_Comp_COI_2027.pdf,,,processed,false,2026-08-11,,2027-08-20,2026-07-22,false,,,false,"Technology Insurance Company, Inc.",2026-08-07,,2026-08-20
"Block Real Estate Services, LLC",6a7b67cec76aff2649568290,6a17544d68ca7e9989502900,Spurgeon Chiropractic / Dr. Ryan Spurgeon Healing Neck & Joints,Lease - tic827 - Dr. Ryan Spurgeon Healing Neck & Joints.PDF,,,processed,false,2026-08-11,,,,false,,,false,,2026-08-11,,2026-08-20
"Block Real Estate Services, LLC",6a7f16dd00717d6a731c235f,6a17544d68ca7e9989502900,Spurgeon Chiropractic / Dr. Ryan Spurgeon Healing Neck & Joints,Waiver of Transfer of Rights.pdf,,,processed,false,2026-08-14,,2027-02-05,,false,,,false,,2026-08-14,,2026-08-20
"Block Real Estate Services, LLC",6a7f16de00717d6a731c237c,6a17544d68ca7e9989502900,Spurgeon Chiropractic / Dr. Ryan Spurgeon Healing Neck & Joints,Spurgeon Chiropractic COI for Block Real Estate LLC.pdf,,,processed,false,2026-08-14,,2027-02-05,2026-07-13,false,,,false,State Farm Fire and Casualty Company,2026-08-14,,2026-08-20
"Block Real Estate Services, LLC",6a7f16df00717d6a731c2398,6a17544d68ca7e9989502900,Spurgeon Chiropractic / Dr. Ryan Spurgeon Healing Neck & Joints,Additional Insured.pdf,,,processed,false,2026-08-14,,2027-02-05,,false,,,false,,2026-08-14,,2026-08-20
"Block Real Estate Services, LLC",6a849906b4b01fa929ac343f,6a175a7bee5ef0b8dc066236,"PropertyRate, LLC",SSRCapitalLLC_W47119779.pdf,,,processed,false,,,2027-01-01,2026-07-02,false,,,false,Hartford Underwriters Insurance Company; Valley Forge Insurance Company; Westchester Surplus Lines Insurance Company; At-Bay Specialty Insurance Company; Aspen Specialty Insurance Company,2026-08-18,,2026-08-20
"Block Real Estate Services, LLC",6a849907b4b01fa929ac345c,6a175a7bee5ef0b8dc066236,"PropertyRate, LLC",SSRCapitalLLC_W47119780.pdf,,,processed,false,,,2027-06-30,2026-07-02,false,,,false,Hartford Underwriters Insurance Company,2026-08-18,,2026-08-20
"Block Real Estate Services, LLC",6a6226dd8684afcc42f225a6,6a1862ef17ab90e8a02e444c,Fire House Subs,Manifest 42 cert Block Real Estate rev 7-23-2026.pdf,,,processed,false,2026-07-27,,2027-04-12,2026-07-23,false,,,false,Hartford Underwriters Insurance Company; Hartford Insurance Company of the Southeast,2026-07-23,,2026-08-20
"Block Real Estate Services, LLC",6a7a1211585d916fef6cd744,6a18630f5a886bcac1399a34,"Westside Grill and Bar / Cheers 221, LLC",Master 2026 Liability - 25.pdf,,,processed,false,2026-08-19,,2027-08-15,2026-08-05,false,,,false,United Fire & Casualty Company; United Fire & Casualty Company,2026-08-10,,2026-08-20
"Block Real Estate Services, LLC",6a199dcab590b85877cccd3e,6a199d6fabae685b1c514ece,CB Smoothie Supps LLC,CB Smoothie Supps LLC COI.pdf,,,processed,false,2026-06-01,,2027-04-21,,false,,,false,Midvale Indemnity Company,2026-05-29,,2026-08-20
"Block Real Estate Services, LLC",6a7b2ed7b5e7f185ea4b77c7,6a1dceb25e529bb0fc8a0f0a,"Integrated Opening Solutions, LLC","8.11.26 COI - Block Real Estate Services, LLC.pdf",,,processed,false,2026-08-19,,2027-01-01,2026-08-11,false,,,false,The Phoenix Insurance Company; Travelers Property Casualty Company of America; Travelers Casualty and Surety Company,2026-08-11,,2026-08-20
"Block Real Estate Services, LLC",6a0619021f712c628e549e8c,6a1dd913a0ed8c51ab1dfbe5,"Hercules Industries, Inc. (fka National Sales Company)",LenexaCOI.pdf,,,processed,false,2026-06-02,,2026-09-01,2026-01-09,false,,,false,"Acuity, A Mutual Insurance Company; Crum and Forster Insurance Company",2026-05-14,,2026-08-20
"Block Real Estate Services, LLC",6a5fd6f43d7c8f1b1ccd3d20,6a1ddffd98a3fac93a1cc908,"DPTRE, LLC (fka Fleming Advisors, LLC)",LititzB.Poly3.26-3.27.pdf,,,processed,false,2026-07-22,,,,false,,,false,,2026-07-21,,2026-08-20
"Block Real Estate Services, LLC",6a71f6315d1c88bd9bf67d51,6a1ddffd98a3fac93a1cc908,"DPTRE, LLC (fka Fleming Advisors, LLC)",ECR - 3rd307 - Parkway 134.pdf,,,processed,false,2026-08-04,,,,false,,,false,,2026-08-04,,2026-08-20
"Block Real Estate Services, LLC",6a569410920c7c777ab3ad99,6a1de0142575f4fed4484ab8,"Gentry Dental / James D Gentry, Dmd",James Gentry.pdf,,,processed,false,2026-07-15,,2026-08-29,2026-07-14,false,,,false,State Farm Fire and Casualty Company,2026-07-14,,2026-08-20
"Block Real Estate Services, LLC",6a71f5f65d1c88bd9bf67d32,6a1de0142575f4fed4484ab8,"Gentry Dental / James D Gentry, Dmd",ECR - 3rd307 - Parkway 134.pdf,,,processed,false,2026-08-04,,,,false,,,false,,2026-08-04,,2026-08-20
"Block Real Estate Services, LLC",6a830db0820919d55a25174e,6a1de0142575f4fed4484ab8,"Gentry Dental / James D Gentry, Dmd",COI - BLOCK REAL ESTATE SERVICE 7.14.2026.pdf,,,processed,false,,,2026-08-29,2026-07-14,false,,,false,State Farm Fire and Casualty Company,2026-08-17,,2026-08-20
"Block Real Estate Services, LLC",6a7551533cef41ee274020b9,6a46a9fb881712769bd59550,"Jade & Ember Munchery / Savor Strategy Group, LLC",Savor Strategy COI-Updated.pdf,,,processed,false,2026-08-11,,2027-03-31,2026-08-06,false,,,false,State Farm Fire and Casualty Company,2026-08-07,,2026-08-20
QTS Data Centers,6a3d49ec55eedc21633b2bb6,69f0f3c4beb6279e947be0da,"Clayco, Inc.",Quality Technology Services 101-07427.pdf,,,processed,false,2026-07-06,,2027-06-30,2026-06-25,false,,,false,"Zurich American Insurance Company; American Guarantee and Liability Insurance Company; XL Insurance America, Inc.; Steadfast Insurance Company",2026-06-25,,2026-08-20
QTS Data Centers,6a4ce0a76c479ddbf83cc3c1,69f0f3c4beb6279e947be0da,"Clayco, Inc.",Quality Technology Services 101-07427.pdf,,,processed,false,2026-07-09,,2027-06-30,2026-06-25,false,,,false,"Zurich American Insurance Company; American Guarantee and Liability Insurance Company; XL Insurance America, Inc.; Steadfast Insurance Company",2026-07-07,,2026-08-20
QTS Data Centers,6a4d114cbe83c795bff515ce,69f0f3c4beb6279e947be0da,"Clayco, Inc.",101-08424 Quality Technology Services LLC.pdf,,,processed,false,2026-07-09,,2027-06-30,2026-07-07,false,,,false,"Zurich American Insurance Company; American Guarantee and Liability Insurance Company; XL Insurance America, Inc.; Steadfast Insurance Company",2026-07-07,,2026-08-20
QTS Data Centers,6a396245dcd485b7faaa32de,69f0f3c4beb6279e947be0d5,Brasfield & Gorrie L.L.C.,"COI - 2627 - QTS Fayetteville I DC3, LLC.pdf",,,processed,false,2026-07-08,,2027-07-01,2026-06-22,false,,,false,The Travelers Indemnity Company; The Travelers Indemnity Company of Connecticut; * See Attachment for Schedule of Companies; Travelers Commercial Casualty Company; Steadfast Insurance Company; Old Republic Insurance Company,2026-06-22,,2026-08-20
QTS Data Centers,6a621a020a4315bb2509b106,69f0f3c4beb6279e947be0d5,Brasfield & Gorrie L.L.C.,"COI - 2627 - Quality Technology Services, LLC #30819.pdf",,,processed,false,2026-07-28,,2027-07-01,2026-07-22,false,,,false,The Travelers Indemnity Company; The Travelers Indemnity Company of Connecticut; * See Attachment for Schedule of Companies; Travelers Commercial Casualty Company; Steadfast Insurance Company; Old Republic Insurance Company,2026-07-23,,2026-08-20
QTS Data Centers,6a3d713e33271757c8c681a4,69f0f3c4beb6279e947be0e9,"Gray Construction, Inc.",Gray Co -- New Albany GL AU UM 40 WC.pdf,,,processed,false,2026-06-29,,2026-10-01,2026-02-23,false,,,false,Zurich American Insurance Company; --- SEE ATTACHMENT --,2026-06-25,,2026-08-20
QTS Data Centers,6a42e4c304ca7701e3da6802,69f0f3c4beb6279e947be0d0,"AP Gulf States, Inc.",Please OPEN_HUB CerSecure Non-Compliance.pdf,,,processed,false,2026-07-09,,,,false,,,false,,2026-06-29,,2026-08-20
QTS Data Centers,6a42e4de5f810130a0de0b53,69f0f3c4beb6279e947be0d0,"AP Gulf States, Inc.",REVISED QTS 6.29.26.pdf,,,processed,false,2026-07-09,,2027-03-01,2026-06-29,false,,,false,"Continental Casualty Company; The Continental Insurance Company; American Casualty Company of Reading, Pennsylvania; XL Insurance America, Inc.; Transportation Insurance Company; Starr Indemnity & Liability Company; Berkley Assurance Company",2026-06-29,,2026-08-20
QTS Data Centers,6a6132d93d7c8f1b1ccd42fa,69f0f3c4beb6279e947be0d0,"AP Gulf States, Inc.",REVISED QTS 7.22.26.pdf,,,processed,false,2026-07-28,,2027-03-01,2026-07-22,false,,,false,"Continental Casualty Company; The Continental Insurance Company; American Casualty Company of Reading, Pennsylvania; Berkley Assurance Company; Transportation Insurance Company; Starr Indemnity & Liability Company",2026-07-22,,2026-08-20
QTS Data Centers,6a736a35dd728886a9db51d5,69f0f3c4beb6279e947be0e4,Gilbane Building Company,"Quality Technology Services, LLC_Gilbane Building Company_26-27  Master WC GL Auto _8-5-2026.pdf",,,processed,false,2026-08-05,,2027-06-30,2026-08-05,false,,,false,The Travelers Indemnity Company; Starr Indemnity & Liability Company; Travelers Property Casualty Company of America; The Charter Oak Fire Insurance Company; Steadfast Insurance Company,2026-08-05,,2026-08-20
QTS Data Centers,6a742350b81618015c009779,69f0f3c4beb6279e947be0e4,Gilbane Building Company,"Quality Technology Services, LLC_Gilbane Building Company_26-27  Master WC GL Auto _8-5-2026.pdf",,,processed,false,2026-08-06,,2027-06-30,2026-08-05,false,,,true,The Travelers Indemnity Company; Starr Indemnity & Liability Company; Travelers Property Casualty Company of America; The Charter Oak Fire Insurance Company; Steadfast Insurance Company,2026-08-06,,2026-08-20
QTS Data Centers,6a7e250d054fa473f0cf53e3,69f0f3c4beb6279e947be0e4,Gilbane Building Company,"Quality Technology Services, LLC_Gilbane Building Company_26-27  Master WC GL Auto _8-13-2026.pdf",,,processed,false,2026-08-14,,2027-06-30,2026-08-13,false,,,false,The Travelers Indemnity Company; Starr Indemnity & Liability Company; Travelers Property Casualty Company of America; The Charter Oak Fire Insurance Company; Steadfast Insurance Company; American Guarantee and Liability Insurance Company,2026-08-13,,2026-08-20
QTS Data Centers,6a86062b989ba4ce042c7744,69f0f3c4beb6279e947be0e4,Gilbane Building Company,Binder1.pdf,,,processed,false,2026-08-19,,2027-06-30,2026-08-14,false,,,false,The Travelers Indemnity Company; Starr Indemnity & Liability Company; Travelers Property Casualty Company of America; The Charter Oak Fire Insurance Company; Steadfast Insurance Company,2026-08-19,,2026-08-20
QTS Data Centers,6a860e686ed318e76bd919cc,69f0f3c4beb6279e947be0e4,Gilbane Building Company,Binder1.pdf,,,processed,false,2026-08-19,,2027-06-30,2026-08-14,false,,,false,The Travelers Indemnity Company; Starr Indemnity & Liability Company; Travelers Property Casualty Company of America; The Charter Oak Fire Insurance Company; Steadfast Insurance Company,2026-08-19,,2026-08-20
QTS Data Centers,6a22cf08b90159c7f52c9bf8,69f0f3c5beb6279e947be0fd,M. A. Mortenson Company,MAMortensonCompany - Client Pack - 4464544.PDF,,,processed,false,2026-06-15,,2027-05-01,2026-05-28,false,,,false,"Arch Insurance Company; XL Insurance America, Inc.; Arch Indemnity Insurance Company",2026-06-05,,2026-08-20
QTS Data Centers,6a5e4b9a47fe3eedd09ae8c9,69f0f3c5beb6279e947be0fd,M. A. Mortenson Company,QualityTechnologyServicesLLC_W47258852.pdf,,,processed,false,2026-07-21,,2027-05-01,2026-07-13,false,,,false,"Arch Insurance Company; XL Insurance America, Inc.; Arch Indemnity Insurance Company; Starr Indemnity & Liability Company; QBE Specialty Insurance Company; Indian Harbor Insurance Company",2026-07-20,,2026-08-20
QTS Data Centers,6a15b7a99f12b4035e23bc10,69f0f3c5beb6279e947be0f8,"Layton Construction Company, LLC",Bank of America NA ISAOA ATIMA _.pdf,,,processed,false,2026-06-25,,2027-01-01,2026-04-14,false,,,false,"Arch Insurance Company; XL Insurance America, Inc.; Starr Indemnity & Liability Company; Great American Spirit Insurance Company; General Security National Insurance Company; Arch Indemnity Insurance Company; Indian Harbor Insurance Company",2026-05-26,,2026-08-20
QTS Data Centers,6a15b7cc616ed871febaf33c,69f0f3c5beb6279e947be0f8,"Layton Construction Company, LLC",47600114 - LCC COI - 2027.01.01 (2).pdf,,,processed,false,2026-06-25,,2027-01-01,2026-04-02,false,,,false,"Arch Insurance Company; XL Insurance America, Inc.; Starr Indemnity & Liability Company; Indian Harbor Insurance Company; Arch Indemnity Insurance Company",2026-05-26,,2026-08-20
QTS Data Centers,6a15b7f2dd0160cb0b25e6c2,69f0f3c5beb6279e947be0f8,"Layton Construction Company, LLC",47600116 - LCC COI - 2027.01.01.pdf,,,processed,false,2026-06-25,,2027-01-01,2026-04-02,false,,,false,"Arch Insurance Company; XL Insurance America, Inc.; Starr Indemnity & Liability Company; Indian Harbor Insurance Company; Arch Indemnity Insurance Company",2026-05-26,,2026-08-20
QTS Data Centers,6a394c48d382314fdae2fe3e,69f0f3c5beb6279e947be0ee,"HITT Contracting, Inc.","Quality Technology Services, LLC - Liab.pdf",,,processed,false,2026-06-25,,2027-05-01,2026-06-22,false,,,false,Liberty Insurance Corporation; Liberty Mutual Fire Insurance Company; LM Insurance Corporation; Berkley Assurance Company; American Guarantee and Liability Insurance Company,2026-06-22,,2026-08-20
QTS Data Centers,6a394ce2efaf8fc91cd0ae1e,69f0f3c5beb6279e947be0ee,"HITT Contracting, Inc.","Quality Technology Services, LLC - Liab - 2.pdf",,,processed,false,2026-06-25,,2027-05-01,2026-06-22,false,,,false,Liberty Mutual Fire Insurance Company; LM Insurance Corporation; Liberty Insurance Corporation,2026-06-22,,2026-08-20
QTS Data Centers,6a394d70accacb8cab636db9,69f0f3c5beb6279e947be0ee,"HITT Contracting, Inc.","Quality Technology Services, LLC - Liab - 3.pdf",,,processed,false,2026-06-25,,2027-05-01,2026-06-22,false,,,false,Liberty Insurance Corporation; Liberty Mutual Fire Insurance Company; LM Insurance Corporation; Berkley Assurance Company; American Guarantee and Liability Insurance Company,2026-06-22,,2026-08-20
QTS Data Centers,6a394db4accacb8cab636e1f,69f0f3c5beb6279e947be0ee,"HITT Contracting, Inc.","Quality Technology Services, LLC - Liab - 4.pdf",,,processed,false,2026-06-25,,2027-05-01,2026-06-22,false,,,false,Liberty Insurance Corporation; Liberty Mutual Fire Insurance Company; LM Insurance Corporation; Berkley Assurance Company; American Guarantee and Liability Insurance Company,2026-06-22,,2026-08-20
QTS Data Centers,6a394e00597e3570daab6088,69f0f3c5beb6279e947be0ee,"HITT Contracting, Inc.","Quality Technology Services, LLC - Liab - 5.pdf",,,processed,false,2026-06-25,,2027-05-01,2026-06-22,false,,,false,Liberty Insurance Corporation; Liberty Mutual Fire Insurance Company; LM Insurance Corporation; Berkley Assurance Company; American Guarantee and Liability Insurance Company,2026-06-22,,2026-08-20
QTS Data Centers,6a394e38accacb8cab636e54,69f0f3c5beb6279e947be0ee,"HITT Contracting, Inc.","Quality Technology Services, LLC - Liab - 6.pdf",,,processed,false,2026-06-25,,2027-05-01,2026-06-22,false,,,false,Liberty Insurance Corporation; Liberty Mutual Fire Insurance Company; LM Insurance Corporation; Berkley Assurance Company; American Guarantee and Liability Insurance Company,2026-06-22,,2026-08-20
QTS Data Centers,6a394e75d382314fdae2fe74,69f0f3c5beb6279e947be0ee,"HITT Contracting, Inc.","Quality Technology Services, LLC - Liab - 7.pdf",,,processed,false,2026-06-25,,2027-05-01,2026-06-22,false,,,false,Liberty Insurance Corporation; Liberty Mutual Fire Insurance Company; LM Insurance Corporation; Berkley Assurance Company; American Guarantee and Liability Insurance Company,2026-06-22,,2026-08-20
QTS Data Centers,6a394eb1d382314fdae2feda,69f0f3c5beb6279e947be0ee,"HITT Contracting, Inc.","Quality Technology Services, LLC - Liab - 8.pdf",,,processed,false,2026-06-25,,2027-05-01,2026-06-22,false,,,false,Liberty Insurance Corporation; Liberty Mutual Fire Insurance Company; LM Insurance Corporation; Berkley Assurance Company; American Guarantee and Liability Insurance Company,2026-06-22,,2026-08-20
QTS Data Centers,6a394ef4597e3570daab60ee,69f0f3c5beb6279e947be0ee,"HITT Contracting, Inc.","Quality Technology Services, LLC - Liab - 9.pdf",,,processed,false,2026-06-25,,2027-05-01,2026-06-22,false,,,false,Liberty Insurance Corporation; Liberty Mutual Fire Insurance Company; LM Insurance Corporation; Berkley Assurance Company; American Guarantee and Liability Insurance Company,2026-06-22,,2026-08-20
QTS Data Centers,6a394f2f597e3570daab6123,69f0f3c5beb6279e947be0ee,"HITT Contracting, Inc.","Quality Technology Services, LLC - Liab - 10.pdf",,,processed,false,2026-06-25,,2027-05-01,2026-06-22,false,,,false,Liberty Insurance Corporation; Liberty Mutual Fire Insurance Company; LM Insurance Corporation; Berkley Assurance Company; American Guarantee and Liability Insurance Company,2026-06-22,,2026-08-20
QTS Data Centers,6a394f61accacb8cab636e88,69f0f3c5beb6279e947be0ee,"HITT Contracting, Inc.","Quality Technology Services, LLC - Liab - 11.pdf",,,processed,false,2026-06-25,,2027-05-01,2026-06-22,false,,,false,Liberty Insurance Corporation; Liberty Mutual Fire Insurance Company; LM Insurance Corporation; Berkley Assurance Company; American Guarantee and Liability Insurance Company,2026-06-22,,2026-08-20
QTS Data Centers,6a394f8fefaf8fc91cd0ae84,69f0f3c5beb6279e947be0ee,"HITT Contracting, Inc.","Quality Technology Services, LLC - Liab - 12.pdf",,,processed,false,2026-06-25,,2027-05-01,2026-06-22,false,,,false,Liberty Insurance Corporation; Liberty Mutual Fire Insurance Company; LM Insurance Corporation; Berkley Assurance Company; American Guarantee and Liability Insurance Company,2026-06-22,,2026-08-20
QTS Data Centers,6a394fc2597e3570daab6158,69f0f3c5beb6279e947be0ee,"HITT Contracting, Inc.","Quality Technology Services, LLC - Liab - 13.pdf",,,processed,false,2026-06-24,,2027-05-01,2026-06-22,false,,,false,Liberty Insurance Corporation; Liberty Mutual Fire Insurance Company; LM Insurance Corporation; Berkley Assurance Company; American Guarantee and Liability Insurance Company,2026-06-22,,2026-08-20
QTS Data Centers,6a395000accacb8cab636eed,69f0f3c5beb6279e947be0ee,"HITT Contracting, Inc.","Quality Technology Services, LLC - Liab - 14.pdf",,,processed,false,2026-06-24,,2027-05-01,2026-06-22,false,,,false,Liberty Insurance Corporation; Liberty Mutual Fire Insurance Company; LM Insurance Corporation; Berkley Assurance Company; American Guarantee and Liability Insurance Company,2026-06-22,,2026-08-20
QTS Data Centers,6a15b99a616ed871febaf3ac,69f0f3c5beb6279e947be107,"Structure Tone, LLC",QTS LHTX1 26-27 STSW COI.pdf,,,processed,false,2026-06-15,,2027-01-01,2026-01-05,false,,,false,"Arch Insurance Company; XL Insurance America, Inc.; Starr Indemnity & Liability Company; Arch Indemnity Insurance Company",2026-05-26,,2026-08-20
QTS Data Centers,6a15ba41c09b3811a2868845,69f0f3c5beb6279e947be107,"Structure Tone, LLC","SOCIÉTÉ GÉNÉRALE, AS ADMINISTRATIVE.pdf",,,processed,false,2026-06-15,,2027-01-01,2026-01-22,false,,,false,"Arch Insurance Company; XL Insurance America, Inc.; Great American Insurance Company of New York; Starr Indemnity & Liability Company; Arch Indemnity Insurance Company",2026-05-26,,2026-08-20
QTS Data Centers,6a15ba4abeee935b1af439c4,69f0f3c5beb6279e947be107,"Structure Tone, LLC","SOCIÉTÉ GÉNÉRALE, AS ADMINISTRATIVE.pdf",,,processed,false,2026-06-15,,2027-01-01,2026-01-22,false,,,false,"Arch Insurance Company; XL Insurance America, Inc.; Great American Insurance Company of New York; Starr Indemnity & Liability Company; Arch Indemnity Insurance Company",2026-05-26,,2026-08-20
QTS Data Centers,6a318c9db5244123cf62b9c7,69f0f3c5beb6279e947be107,"Structure Tone, LLC",cert_NYC_QUALITY TECHNOLOGY SERVICES_ LLC_12413867_9.pdf,,,processed,false,2026-06-29,,2027-01-01,2026-06-16,false,,,false,"Arch Insurance Company; XL Insurance America, Inc.; Great American Insurance Company of New York; Starr Indemnity & Liability Company; Arch Indemnity Insurance Company",2026-06-16,,2026-08-20
QTS Data Centers,6a318ec5421d720267e63c74,69f0f3c5beb6279e947be107,"Structure Tone, LLC",STO Building Group Inc. - 14WCI8925117 (WC - AOS).pdf,,,processed,false,2026-06-29,,,,false,,,false,,2026-06-16,,2026-08-20
QTS Data Centers,6a318ed7b5244123cf62b9ff,69f0f3c5beb6279e947be107,"Structure Tone, LLC",STO Building Group Inc. - 14WCI8925117 (WC - AOS).pdf,,,processed,false,2026-06-29,,,,false,,,false,,2026-06-16,,2026-08-20
QTS Data Centers,6a31b374b5244123cf62ba91,69f0f3c5beb6279e947be107,"Structure Tone, LLC",cert_NYC_QUALITY TECHNOLOGY SERVICES_ LLC_12413867_10.pdf,,,processed,false,2026-06-29,,2027-01-01,2026-06-17,false,,,false,"Arch Insurance Company; XL Insurance America, Inc.; Great American Insurance Company of New York; Starr Indemnity & Liability Company; Arch Indemnity Insurance Company; Indian Harbor Insurance Company",2026-06-16,,2026-08-20
QTS Data Centers,6a281ed8f967f903d2245dab,69f0f3c5beb6279e947be102,Rogers-O-Brien Construction Company Ltd.,"Quality Technology Services, LLC_Rogers-O'Brien Construction Company_2627 Master $35M Total  _6-9-2026_1492795193.pdf",,,processed,false,2026-06-29,,2027-06-01,2026-06-09,false,,,false,"American Contractors Insurance Company Risk Retention Group; Valley Forge Insurance Company; The Continental Insurance Company; XL Insurance America, Inc.; ACIG Insurance Company; Arch Specialty Insurance Company",2026-06-09,,2026-08-20
QTS Data Centers,6a281fcdda52b0ee99d2ea74,69f0f3c5beb6279e947be102,Rogers-O-Brien Construction Company Ltd.,2026 Auto Forms.pdf,,,processed,false,2026-06-15,,2027-06-01,,false,,,false,,2026-06-09,,2026-08-20
QTS Data Centers,6a281fcdda52b0ee99d2eaac,69f0f3c5beb6279e947be102,Rogers-O-Brien Construction Company Ltd.,Casualty Endt Forms 2026.pdf,,,processed,false,2026-06-15,,2027-06-01,,false,,,false,,2026-06-09,,2026-08-20
QTS Data Centers,6a281fd0da52b0ee99d2eb54,69f0f3c5beb6279e947be102,Rogers-O-Brien Construction Company Ltd.,"Quality Technology Services, LLC_Rogers-O'Brien Construction Company_2627 Master $35M Total  _6-9-2026_565622844.pdf",,,processed,false,2026-06-15,,2027-06-01,,false,,,false,American Contractors Insurance Company Risk Retention Group; Valley Forge Insurance Company; The Continental Insurance Company; ACIG Insurance Company; Arch Specialty Insurance Company,2026-06-09,,2026-08-20
QTS Data Centers,6a4ba0a55cdf4704ae0efea1,69f0f3c5beb6279e947be102,Rogers-O-Brien Construction Company Ltd.,QTS DFW2 DC3.pdf,,,processed,false,2026-07-06,,2027-06-01,2026-05-28,false,,,false,"American Contractors Insurance Company Risk Retention Group; The Continental Insurance Company; XL Insurance America, Inc.; ACIG Insurance Company; National Fire Insurance Company of Hartford",2026-07-06,,2026-08-20
QTS Data Centers,6a4ba0cd5cdf4704ae0efed6,69f0f3c5beb6279e947be102,Rogers-O-Brien Construction Company Ltd.,QTS DFW1 DC5.pdf,,,processed,false,2026-07-06,,2027-06-01,2026-05-28,false,,,false,Endurance American Insurance Company; XL Specialty Insurance Company; American Contractors Insurance Company Risk Retention Group; ACIG Insurance Company; Valley Forge Insurance Company; Arch Specialty Insurance Company,2026-07-06,,2026-08-20
QTS Data Centers,6a551635aca92682f523a808,69f0f3c5beb6279e947be102,Rogers-O-Brien Construction Company Ltd.,"Quality Technology Services, LLC_Rogers-O'Brien Construction Company_2627 Master $35M Total  _7-13-2026_410370863.pdf",,,processed,false,2026-07-22,,2027-06-01,2026-07-13,false,,,false,"American Contractors Insurance Company Risk Retention Group; Valley Forge Insurance Company; The Continental Insurance Company; XL Insurance America, Inc.; ACIG Insurance Company; Arch Specialty Insurance Company",2026-07-13,,2026-08-20
QTS Data Centers,6a5517684a3538cc4162daa1,69f0f3c5beb6279e947be102,Rogers-O-Brien Construction Company Ltd.,"Quality Technology Services, LLC_Rogers-O'Brien Construction Company_2627 Master $35M Total  _7-13-2026_1297897474.pdf",,,processed,false,2026-07-16,,2027-06-01,2026-07-13,false,,,false,"American Contractors Insurance Company Risk Retention Group; Valley Forge Insurance Company; The Continental Insurance Company; XL Insurance America, Inc.; ACIG Insurance Company; Arch Specialty Insurance Company",2026-07-13,,2026-08-20
QTS Data Centers,6a622372293db0c1319f2a7d,69f0f3c5beb6279e947be102,Rogers-O-Brien Construction Company Ltd.,GL - NOC.pdf,,,processed,false,2026-07-24,,2027-06-01,,false,,,false,,2026-07-23,,2026-08-20
QTS Data Centers,6a63805897891638931c8f4e,69f0f3c5beb6279e947be102,Rogers-O-Brien Construction Company Ltd.,Rogers AM Best Exception.pdf,,,processed,false,2026-07-24,,,,false,,,true,,2026-07-24,,2026-08-20
QTS Data Centers,6a6a732b2304dcb106a5cfa5,69f0f3c5beb6279e947be102,Rogers-O-Brien Construction Company Ltd.,ROGERS O'BRIEN CONSTRUCTION COMPANY redo.pdf,,,processed,false,2026-08-05,,2027-06-01,,false,,,false,,2026-07-29,,2026-08-20
QTS Data Centers,6a15b820beee935b1af43971,69f0f3c5beb6279e947be10c,"Suffolk Construction Company, Inc.","Sumitomo Mitsui Banking Corporation, as Admin_Suffolk Construction Company, Inc._25-26 Master GL Auto WC U_4-13-2026.pdf",,,processed,false,2026-06-15,,2026-08-31,2026-04-13,false,,,false,"Liberty Mutual Fire Insurance Company; Starr Indemnity & Liability Company; XL Insurance America, Inc.; General Security National Insurance Company; Berkley Regional Insurance Company; Ironshore Specialty Insurance Company; Indian Harbor Insurance Company",2026-05-26,,2026-08-20
QTS Data Centers,6a5fd2c3751b67ad6976f006,69f0f3c5beb6279e947be10c,"Suffolk Construction Company, Inc.","Quality Technology Services, LLC_Suffolk Construction Company, Inc._25-26 Master GL Auto WC U_7-17-2026.pdf",,,processed,false,2026-07-22,,2026-08-31,2026-07-17,false,,,false,"Liberty Mutual Fire Insurance Company; Starr Indemnity & Liability Company; XL Insurance America, Inc.; General Security National Insurance Company; Berkley Regional Insurance Company",2026-07-21,,2026-08-20
QTS Data Centers,6a5fd2c4751b67ad6976f03f,69f0f3c5beb6279e947be10c,"Suffolk Construction Company, Inc.","Quality Technology Services, LLC_Suffolk Construction Company, Inc._25-26 Drone Liability_7-15-2026_2.pdf",,,processed,false,2026-07-22,,2026-08-31,2026-07-15,false,,,false,C&T Insurance Company,2026-07-21,,2026-08-20
QTS Data Centers,6a5fd2e9b4df9ca70600c23b,69f0f3c5beb6279e947be10c,"Suffolk Construction Company, Inc.","Quality Technology Services, LLC_Suffolk Construction Company, Inc._25-26 Master GL Auto WC U_7-17-2026_2.pdf",,,processed,false,2026-07-22,,2026-08-31,2026-07-17,false,,,false,"Liberty Mutual Fire Insurance Company; Starr Indemnity & Liability Company; XL Insurance America, Inc.; General Security National Insurance Company; Berkley Regional Insurance Company",2026-07-21,,2026-08-20
QTS Data Centers,6a5fd2ebb4df9ca70600c2a7,69f0f3c5beb6279e947be10c,"Suffolk Construction Company, Inc.","Quality Technology Services, LLC_Suffolk Construction Company, Inc._25-26 Drone Liability_7-15-2026.pdf",,,processed,false,2026-07-22,,2026-08-31,2026-07-15,false,,,false,C&T Insurance Company,2026-07-21,,2026-08-20
QTS Data Centers,6a5fd30b5c9c14b344a636c9,69f0f3c5beb6279e947be10c,"Suffolk Construction Company, Inc.","Quality Technology Services, LLC_Suffolk Construction Company, Inc._25-26 Master GL Auto WC U_7-17-2026_1.pdf",,,processed,false,2026-07-22,,2026-08-31,2026-07-17,false,,,false,"Liberty Mutual Fire Insurance Company; Starr Indemnity & Liability Company; XL Insurance America, Inc.; General Security National Insurance Company; Berkley Regional Insurance Company; Indian Harbor Insurance Company; Ironshore Specialty Insurance Company",2026-07-21,,2026-08-20
QTS Data Centers,6a5fd30d5c9c14b344a63768,69f0f3c5beb6279e947be10c,"Suffolk Construction Company, Inc.","Quality Technology Services, LLC_Suffolk Construction Company, Inc._25-26 Drone Liability_7-15-2026_1.pdf",,,processed,false,2026-07-22,,2026-08-31,2026-07-15,false,,,false,C&T Insurance Company,2026-07-21,,2026-08-20
QTS Data Centers,6a74dd0e377d9d1f5c7eabac,69f0f3c5beb6279e947be111,Whitting-Turner Contracting Company,020340.DH1 WT GLI (08.01.2026 thru 08.01.2027).pdf,,,processed,false,2026-08-06,,2027-08-01,2026-08-06,false,,,false,The Travelers Indemnity Company of Connecticut; Travelers Casualty and Surety Company; The Charter Oak Fire Insurance Company; Travelers Property Casualty Company of America,2026-08-06,,2026-08-20
QTS Data Centers,6a74dd12377d9d1f5c7eac13,69f0f3c5beb6279e947be111,Whitting-Turner Contracting Company,020340.DH1 WT GLI 2026 (08.01.2026 thru 08.01.2027)_Wells Fargo.pdf,,,processed,false,2026-08-06,,2027-08-01,2026-08-06,false,,,false,The Travelers Indemnity Company of Connecticut; Travelers Casualty and Surety Company; The Charter Oak Fire Insurance Company; Travelers Property Casualty Company of America,2026-08-06,,2026-08-20