client,id,vendor_id,vendor_name,name,types,policy_number,status,processing,reviewed_at,archived_at,expiration_date,issue_date,flagged,flag_level,flag_notes,applies_to_all,insurer_names,created_at,updated_at,sync_date
"Block Real Estate Services, LLC",6a625a41293db0c1319f2be1,69fded0c62446148bd848af9,"1&1 Internet / IONOS, Inc.","co Block Real Estate Services_IONOS, INC_2627 GLAutoUmbWCProp_7-23-2026_1213674639.pdf",,,processed,false,2026-07-27,,2027-01-01,2026-07-23,false,,,false,"National Union Fire Insurance Company of Pittsburgh, Pa.; Allianz Global Risks US Insurance Company; Chubb Indemnity Insurance Company; Federal Insurance Company",2026-07-23,,2026-10-03
"Block Real Estate Services, LLC",6a67c08497397b0cc4d78d5d,69fded0c62446148bd848af9,"1&1 Internet / IONOS, Inc.",Lease - tic765 - 1&1 Internet.pdf,,,processed,false,2026-07-27,,,,false,,,false,,2026-07-27,,2026-10-03
"Block Real Estate Services, LLC",6a2c73107ea10850bf9fee8e,69fded0c62446148bd848aff,"1-800-Pack Rat, LLC","Block Real Estate Services, LLC_1-800-Pack-Rat, LLC_25-26 Master_6-12-2026_531717594.pdf",,,processed,false,2026-06-15,,2026-10-01,2026-06-12,false,,,false,Arch Insurance Company; Arch Indemnity Insurance Company; Scottsdale Insurance Company; Allied World Assurance Company (U.S.) Inc.,2026-06-12,,2026-10-03
"Block Real Estate Services, LLC",6a05e6f6fe7b4a8a036194e9,69fded0c62446148bd848b02,24 Hour Check Cashing,CERT_Block_Real_Estate_Services_LLC_218628_179011.pdf,,,processed,false,2026-06-01,,2027-04-16,2026-03-23,false,,,false,"Acuity, A Mutual Insurance Company",2026-05-14,,2026-10-03
"Block Real Estate Services, LLC",6a2599e5781c6c479f910adb,69fded0c62446148bd848afc,1248 Holdings LLC,1248 Holdings COI.pdf,,,processed,false,2026-06-08,,2027-04-01,,false,,,false,,2026-06-07,,2026-10-03
"Block Real Estate Services, LLC",6a3e916bc35829c634df586f,69fded0c62446148bd848afc,1248 Holdings LLC,1248 COI - Block - 4.26-4.27-updated.pdf,,,processed,false,2026-06-30,,2027-06-25,2026-06-22,false,,,false,Stonington Insurance Company,2026-06-26,,2026-10-03
"Block Real Estate Services, LLC",6a282910da52b0ee99d2eb99,69fded0c62446148bd848b05,"Big Biscuit / 27 Biscuits, LLC",Big Biscuit Industries LLC_Block Real Estate Services.pdf,,,processed,false,2026-06-11,,2027-05-01,2026-06-08,false,,,false,American Guarantee and Liability Insurance Company; Zurich American Insurance Company,2026-06-09,,2026-10-03
"Block Real Estate Services, LLC",6a394c69accacb8cab636d9b,69fded0c62446148bd848b0e,A.N.D. Design Studio LLC,COI FOR KCG.pdf,,,processed,false,2026-06-30,,2027-04-01,,false,,,false,ACE Property and Casualty Insurance Company,2026-06-22,,2026-10-03
"Block Real Estate Services, LLC",6a57aafa22af1dedc09c94be,69fded0c62446148bd848b0e,A.N.D. Design Studio LLC,Lease - 3rd657 - AND Design Studio.pdf,,,processed,false,2026-07-15,,,,false,,,false,,2026-07-15,,2026-10-03
"Block Real Estate Services, LLC",6a7dec4a6798c591b2cd67ed,69fded0c62446148bd848b14,Academy Bank,COI.pdf,,,processed,false,2026-08-21,,2027-08-18,2026-07-22,false,,,false,Travelers Property Casualty Company of America; The Charter Oak Fire Insurance Company,2026-08-13,,2026-10-03
"Block Real Estate Services, LLC",6a7351e21d2a69d97160738b,69fded0c62446148bd848b17,"Pertronix (Aeromotive) / Accelerate Auto Works Intermediate, LLC",Block Real Estate Services - COI.pdf,,,processed,false,2026-08-10,,2026-12-31,2026-08-05,false,,,false,Continental Casualty Company; Continental Casualty Company,2026-08-05,,2026-10-03
"Block Real Estate Services, LLC",6aa04bfc7a58e9868bb0e0cb,69fded0c62446148bd848b1a,Actuarial Resources Corporation (ARC),c_oBlockRealEstateServicesLLC_W47837952.pdf,,,processed,false,2026-09-09,,2027-08-31,2026-09-08,false,,,false,American Guarantee and Liability Insurance Company; American Zurich Insurance Company,2026-09-08,,2026-10-03
"Block Real Estate Services, LLC",6a26f800caa475a04620536a,69fded0c62446148bd848b1d,"Adams Cable Equipment, Inc.",Updated COI 16200.pdf,,,processed,false,2026-06-11,,2025-09-01,2026-03-31,false,,,false,Liberty Mutual Fire Insurance Company; Liberty Insurance Corporation; Evanston Insurance Company,2026-06-08,,2026-10-03
"Block Real Estate Services, LLC",6aad4a7a6d940b16438f71b5,69fded0c62446148bd848b1d,"Adams Cable Equipment, Inc.",Lease - lle449 - Adams Cable Equipment Inc.pdf,,,processed,false,2026-09-18,,,,false,,,false,,2026-09-18,,2026-10-03
"Block Real Estate Services, LLC",6a67aede72e3a2f582038caa,69fded0c62446148bd848b23,"ADI (Ademco Distribution, Inc.) / Honeywell International, Inc.",Lease - prg841 - ADI.pdf,,,processed,false,2026-07-27,,,,false,,,false,,2026-07-27,,2026-10-03
"Block Real Estate Services, LLC",6a199b589d7340e121a98009,69fded0c62446148bd848b26,"Advanced Auto / Advanced Stores Co., Inc.",cert_CLE_ALLEN and GLORIA BLOCK FAMILY LIMITED_6889424_9.pdf,,,processed,false,2026-06-01,,2027-06-01,2026-05-28,false,,,true,ACE American Insurance Company; ACE Property and Casualty Insurance Company; SEE ACORD 101,2026-05-29,,2026-10-03
"Block Real Estate Services, LLC",6aad4b16b48c522ebbb3e285,69fded0c62446148bd848b2f,"Daymon / Advantage Sales & Marketing, LLC",Lease - llc449 - Daymon  Advantage Sales and Marketing (1).pdf,,,processed,false,2026-09-22,,,,false,,,false,,2026-09-18,,2026-10-03
"Block Real Estate Services, LLC",6aad4b18b48c522ebbb3e2a5,69fded0c62446148bd848b2f,"Daymon / Advantage Sales & Marketing, LLC",Lease - llc449 - Daymon  Advantage Sales and Marketing (2).pdf,,,processed,false,2026-09-22,,,,false,,,false,,2026-09-18,,2026-10-03
"Block Real Estate Services, LLC",6a67d7fb72e3a2f582038ccb,69fded0c62446148bd848b2c,Advanced Turf Solutions Inc,Platte Investments.pdf,,,processed,false,2026-07-28,,2027-07-01,2026-07-02,false,,,false,Allied Insurance Company of America; Nationwide Mutual Insurance Company; Nationwide General Insurance Company; Nationwide Property and Casualty Insurance Company,2026-07-27,,2026-10-03
"Block Real Estate Services, LLC",6a8319f11a2ab413a24db924,69fded0c62446148bd848b29,Advanced Pharmaceuticals LLC,Lease - prg841 - Advanced Pharmaceuticals LLC.pdf,,,processed,false,2026-08-17,,,,false,,,false,,2026-08-17,,2026-10-03
"Block Real Estate Services, LLC",6aa44ac5dfb189ee83b93840,69fded0c62446148bd848b29,Advanced Pharmaceuticals LLC,"Cert 26-27 - CO Block Real Estate Services, LLC.pdf",,,processed,false,2026-09-15,,2027-09-08,2026-09-11,false,,,false,Nautilus Insurance Company; Kinsale Insurance Company; Markel American Insurance Company,2026-09-11,,2026-10-03
"Block Real Estate Services, LLC",6a07267b7ee88c9e36194d1a,69fded0d62446148bd848b35,"Aircraft Electrical / AEE-EMF, Inc.",BlockRealEstateServicesLLC.pdf,,,processed,false,2026-06-02,,2026-12-16,,false,,,false,,2026-05-15,,2026-10-03
"Block Real Estate Services, LLC",6a358e981f6b786b44770062,69fded0d62446148bd848b3b,Agape Montessori School/Pulliam Properties LLC,Certificate - 2026-06-19T134625.722.pdf,,,processed,false,2026-06-22,,2027-06-21,2026-06-19,false,,,false,West Bend Insurance Company,2026-06-19,,2026-10-03
"Block Real Estate Services, LLC",6a3011df85085468184506f6,69fded0d62446148bd848b3e,AgForce Transport Services / Consolidated Grain and Barge Co.,"HLBT Associates, LLC.pdf",,,processed,false,2026-06-15,,2027-05-01,2026-06-15,false,,,false,Nationwide Agribusiness Insurance Company; Westfield Specialty Insurance Company,2026-06-15,,2026-10-03
"Block Real Estate Services, LLC",6a569d0e117f21962232fbe7,69fded0d62446148bd848b44,All Access Garage Doors,All Access Block Cert.pdf,,,processed,false,2026-07-15,,2026-12-05,2026-07-14,false,,,false,OWNERS INS CO; AUTO OWNERS INS CO; Travelers Property Casualty Company of America,2026-07-14,,2026-10-03
"Block Real Estate Services, LLC",6a57f12be8caaf78715d08d3,69fded0d62446148bd848b44,All Access Garage Doors,All Access Block Cert.pdf,,,processed,false,2026-07-20,,2026-12-05,2026-07-15,false,,,false,OWNERS INS CO; AUTO OWNERS INS CO; Travelers Property Casualty Company of America,2026-07-15,,2026-10-03
"Block Real Estate Services, LLC",6a4bd0b2c8e29468b5d94158,69fded0d62446148bd848b4d,Allstate Insurance,CERTIFICATE OF INSURANCE (COI) Reinhart agency.Pdf,,,processed,false,2026-07-06,,2027-04-09,2026-07-06,false,,,false,Property and Casualty Insurance Company of Hartford,2026-07-06,,2026-10-03
"Block Real Estate Services, LLC",6a848ed5b4b01fa929ac33c1,69fded0d62446148bd848b56,"Amazon / Amazon.com Services, LLC (MCI5)",marshdigital.marsh.com_marshconnect_viewMOI.pdf,,,processed,false,2026-08-24,,2027-04-01,,true,low,<p>Lease and exceptions for MOI requested from BRES</p>,false,Zurich American Insurance Company; Fireman's Fund Indemnity Corporation; American Zurich Insurance Company; LM Insurance Corporation,2026-08-18,,2026-10-03
"Block Real Estate Services, LLC",6a8db36987c4cd6f5728e8d4,69fded0d62446148bd848b56,"Amazon / Amazon.com Services, LLC (MCI5)",Lease - 3rd464 - Amazon (1).pdf,,,processed,false,2026-08-25,,,,false,,,false,,2026-08-25,,2026-10-03
"Block Real Estate Services, LLC",6a8db36987c4cd6f5728e8f3,69fded0d62446148bd848b56,"Amazon / Amazon.com Services, LLC (MCI5)",Lease - 3rd464 - Amazon (2).pdf,,,processed,false,2026-08-25,,,,false,,,false,,2026-08-25,,2026-10-03
"Block Real Estate Services, LLC",6a319dfe14a7a365eb479528,69fded0d62446148bd848b62,"AMSCO Supply / Flegler Investment Co., Inc.",cert_ATL_BLOCK REAL ESTATE SERVICES LLC_6189400_2.pdf,,,processed,false,2026-06-17,,2026-10-01,2026-06-16,false,,,false,Zurich American Insurance Company; Zurich Insurance Europe AG,2026-06-16,,2026-10-03
"Block Real Estate Services, LLC",6a6b8935c80f6330bac03b9a,69fded0d62446148bd848b62,"AMSCO Supply / Flegler Investment Co., Inc.",previewliabilityholder.pdf,,,processed,false,2026-07-31,,2027-07-30,2026-07-23,false,,,false,The Travelers Indemnity Company of Connecticut; Travelers Property Casualty Company of America; Travelers Casualty and Surety Company,2026-07-30,,2026-10-03
"Block Real Estate Services, LLC",6a8f35687d198e284f2871c0,69fded0d62446148bd848b65,Amsted Rail Company Inc,Lease - tic765 Amsted Rail.pdf,,,processed,false,2026-08-26,,,,false,,,false,,2026-08-26,,2026-10-03
"Block Real Estate Services, LLC",6a9a663089b0ae819600fd9f,69fded0d62446148bd848b65,Amsted Rail Company Inc,CollegeCrossingCDLLCandMarleyCollegeCrossingCDLLC_W47819192.pdf,,,processed,false,2026-09-15,,2027-03-31,2026-09-03,false,,,true,Liberty Mutual Fire Insurance Company; AIG Specialty Insurance Company; LM Insurance Corporation; Liberty Insurance Corporation,2026-09-04,,2026-10-03
"Block Real Estate Services, LLC",6a5691bef6533cf6aa2dd79b,69fded0d62446148bd848b6b,Anixter Inc,Lease - rl2877 - Anixter Inc.pdf,,,processed,false,2026-07-14,,,,false,,,false,,2026-07-14,,2026-10-03
"Block Real Estate Services, LLC",6a75e3a1729ed242a920cf95,69fded0d62446148bd848b6b,Anixter Inc,26-27 Per Location Agg - Block Real Estate Services.pdf,,,processed,false,2026-08-11,,2027-06-04,2026-08-07,false,,,false,Travelers Property Casualty Company of America,2026-08-07,,2026-10-03
"Block Real Estate Services, LLC",6aa02a7a979cd9e609c43732,69fded0e62446148bd848b7d,"APLOS, Inc.","College Crossing CD, LLC_APLOS Inc._2627 GL Premises_9-2-2026_1041539954.pdf",,,processed,false,2026-09-15,,2027-08-31,2026-09-02,false,,,false,The Cincinnati Specialty Underwriters Insurance Company,2026-09-08,,2026-10-03
"Block Real Estate Services, LLC",6a5a60efb260d1d902908e4c,69fded0e62446148bd848b83,Applied Industrial Technologies Inc,KCIP Riverside LLC-570120212995.pdf,,,processed,false,2026-07-20,,2027-06-01,2026-05-27,false,,,false,ACE American Insurance Company; ACE Property and Casualty Insurance Company,2026-07-17,,2026-10-03
"Block Real Estate Services, LLC",6a2ab748071d75e4ccfca1a1,69fded0e62446148bd848ba1,Asurion LLC,GL Waiver of Subro Endorsement.pdf,,,processed,false,2026-06-15,,2027-04-30,,false,,,false,,2026-06-11,,2026-10-03
"Block Real Estate Services, LLC",6a7b52dc237c8f7b2b31ea24,69fded0e62446148bd848ba1,Asurion LLC,Updated COI - 11460 Tomahawk.pdf,,,processed,false,2026-08-19,,2027-04-30,2026-07-08,false,,,false,Liberty Insurance Corporation; Liberty Mutual Fire Insurance Company; LM Insurance Corporation,2026-08-11,,2026-10-03
"Block Real Estate Services, LLC",6a3aab84fc287516f387ea8c,69fded0e62446148bd848bad,Recognition Plus Audio Video Graphics,Certificate of Insurance.pdf,,,processed,false,2026-06-23,,2027-02-01,2026-06-23,false,,,false,Twin City Fire Insurance Company,2026-06-23,,2026-10-03
"Block Real Estate Services, LLC",6a18aa1b9ef1cffe57d01607,69fded0e62446148bd848bb0,AVI-SPL LLC,NOT FOUND - AVI-SPL LLC.pdf,,,processed,false,2026-06-02,,2027-04-17,2026-04-08,false,,,false,Zurich American Insurance Company; American Guarantee and Liability Insurance Company; American Zurich Insurance Company; Federal Insurance Company; Allied World Assurance Company (U.S.) Inc.; Crum & Forster Specialty Insurance Company,2026-05-28,,2026-10-03
"Block Real Estate Services, LLC",6a39895ed1bf38e72a670fab,69fded0e62446148bd848bbc,Bachelor Controls Inc,"Perg Building LLC co Block Real Estate Servi_Bachelor Controls, Inc._2026 - 2027 Master - Bach_6-22-2026_120642820.pdf",,,processed,false,2026-06-23,,2027-03-01,2026-06-22,false,,,false,Liberty Insurance Corporation; Travelers Property Casualty Company of America; Accelerant Specialty Insurance Company; Continental Casualty Company,2026-06-22,,2026-10-03
"Block Real Estate Services, LLC",6a32e2a7081d3b93fbe8b135,69fded0e62446148bd848bbf,Baking With A Bass / Kayla Bass,CERTIFICATE OF INSURANCE (COI).Pdf,,,processed,false,2026-06-17,,2027-03-06,2026-06-17,false,,,false,Hartford Underwriters Insurance Company; Hartford Fire Insurance Company,2026-06-17,,2026-10-03
"Block Real Estate Services, LLC",6a6113223d7c8f1b1ccd4171,69fded0e62446148bd848bbf,Baking With A Bass / Kayla Bass,Revised CERTIFICATE OF INSURANCE (COI).Pdf,,,processed,false,2026-07-27,,2027-03-06,2026-07-22,false,,,false,Hartford Underwriters Insurance Company,2026-07-22,,2026-10-03
"Block Real Estate Services, LLC",6a68c663ec6ff7df668510aa,69fded0e62446148bd848bbf,Baking With A Bass / Kayla Bass,Lease - 3rd657 - Baking with a Bass.pdf,,,processed,false,2026-07-28,,,,false,,,false,,2026-07-28,,2026-10-03
"Block Real Estate Services, LLC",6a359462430d502f7f7fb4ca,69fded0f62446148bd848bd4,Costa Vida Fresh Mexican Grill / BB Magical Fruit,"Block Real Estate Services, LLC_BB Magical Fruit Two LLC_2627 Master COI_6-19-2026_2147481711.pdf",,,processed,false,2026-06-22,,2027-05-01,2026-06-19,false,,,false,St. Paul Fire and Marine Insurance Company; Travelers Property Casualty Company of America; The Travelers Indemnity Company of Connecticut,2026-06-19,,2026-10-03
"Block Real Estate Services, LLC",6a7a756471b7f73d797dcba6,69fded0f62446148bd848bda,Bella's Italian Restaurant Inc,Fire Declaration Pages - 08.10.26.pdf,,,processed,false,2026-08-13,,,,false,,,false,,2026-08-11,,2026-10-03
"Block Real Estate Services, LLC",6a7a75aa5968381300256b9c,69fded0f62446148bd848bda,Bella's Italian Restaurant Inc,Fire Declaration Pages - 08.10.26.pdf,,,processed,false,2026-08-13,,,,false,,,false,,2026-08-11,,2026-10-03
"Block Real Estate Services, LLC",6a4be2cf5cdf4704ae0effad,69fded0f62446148bd848bd7,BDM Inc,Block Cert.pdf,,,processed,false,2026-07-08,,2027-05-01,2026-07-06,false,,,false,SECURA Insurance Company; The Travelers Indemnity Company,2026-07-06,,2026-10-03
"Block Real Estate Services, LLC",6a75d4d74751e5023f3a9519,69fded0f62446148bd848bd7,BDM Inc,Lease - bf3944 - BDM Inc.pdf,,,processed,false,2026-08-07,,,,false,,,false,,2026-08-07,,2026-10-03
"Block Real Estate Services, LLC",6a84982837c8e331a7147d75,69fded0f62446148bd848bdd,"Pepper Jax Grill / Belton North Cass, LLC",CERT.pdf,,,processed,false,2026-08-24,,2027-06-30,2026-08-18,false,,,false,Union Insurance Company; Zenith Insurance Company,2026-08-18,,2026-10-03
"Block Real Estate Services, LLC",6a8e01fae7db0abbe7e59fcf,69fded0f62446148bd848bdd,"Pepper Jax Grill / Belton North Cass, LLC",Lease - ncd054 - Pepper Jax Grill (2).pdf,,,processed,false,2026-08-25,,,,false,,,false,,2026-08-25,,2026-10-03
"Block Real Estate Services, LLC",6a8e01fce7db0abbe7e59fee,69fded0f62446148bd848bdd,"Pepper Jax Grill / Belton North Cass, LLC",Lease - ncd054 - Pepper Jax Grill (1).pdf,,,processed,false,2026-08-25,,,,false,,,false,,2026-08-25,,2026-10-03
"Block Real Estate Services, LLC",6a516f849a50c31614a8c7d1,69fded0f62446148bd848c01,BluSky Restoration Contractors LLC,"Block Real Estate Services, LLC - Aon.pdf",,,processed,false,2026-07-14,,2027-04-01,2026-03-27,false,,,false,Zurich American Insurance Company,2026-07-10,,2026-10-03
"Block Real Estate Services, LLC",6aa44b48f72d9cd97556e2ce,69fded0f62446148bd848c01,BluSky Restoration Contractors LLC,Lease - prg831 - BluSky Restoration Contractors LLC.pdf,,,processed,false,2026-09-11,,,,false,,,false,,2026-09-11,,2026-10-03
"Block Real Estate Services, LLC",6aa460467880ec8756e02802,69fded0f62446148bd848c01,BluSky Restoration Contractors LLC,"26 - 27 - BluSky Restoration Contractors LLC - COI - Block Real Estate Services, LLC - Holder ID 23209503.pdf",,,processed,false,2026-09-11,,2027-04-01,2026-09-11,false,,,false,Capitol Specialty Insurance Corporation,2026-09-11,,2026-10-03
"Block Real Estate Services, LLC",6a3a993a59011af6e27dbda3,69fded0f62446148bd848c07,"BMO Harris Commercial Banking / BMO Harris Bank, NA",BMO Bank NA - Block Real Estate Services - 26062236825910 - 570121047321.pdf,,,processed,false,2026-06-23,,2027-04-30,2026-06-22,false,,,false,Zurich American Insurance Company; ACE American Insurance Company,2026-06-23,,2026-10-03
"Block Real Estate Services, LLC",6a2750fa7f54c7a808caeb66,69fded1062446148bd848c37,Butler Suppy Inc,"Butler Supply, Inc._College Crossing IJ LLC_12-29-2025.pdf",,,processed,false,2026-06-11,,2027-01-01,,false,,,false,Zurich American Insurance Company; Great American Insurance Company; American Zurich Insurance Company,2026-06-08,,2026-10-03
"Block Real Estate Services, LLC",6a75e60d69a049b0a9e5e170,69fded1062446148bd848c40,"APEX / KC Orthopedic Institute (fka Carondelet Orthopedic Surgeons, PA)",proof of ins.pdf,,,processed,false,2026-08-11,,2027-01-01,2026-08-06,false,,,false,The Travelers Indemnity Company; Travelers Property Casualty Company of America,2026-08-07,,2026-10-03
"Block Real Estate Services, LLC",6a7b6c75c76aff26495682ac,69fded1062446148bd848c40,"APEX / KC Orthopedic Institute (fka Carondelet Orthopedic Surgeons, PA)",Lease - cm2757 - APEX.pdf,,,processed,false,2026-08-11,,,,false,,,false,,2026-08-11,,2026-10-03
"Block Real Estate Services, LLC",6aab042c4588bcd84fede613,69fded1062446148bd848c3d,"Corbion / Caravan Ingredients, Inc.",Corbion America Holdings Inc - Block Real Estate Services LLC - 26091537631769 - 570122897569.pdf,,,processed,false,2026-09-22,,2027-01-01,2026-09-16,true,low,<p>Lease requested from BRES</p>,false,"Travelers Property Casualty Company of America; The Travelers Indemnity Company of Connecticut; National Union Fire Insurance Company of Pittsburgh, Pa.",2026-09-16,,2026-10-03
"Block Real Estate Services, LLC",6a2ae3c2dd45710ae6ad6466,69fded1062446148bd848c5e,Champion Supply Company LLC,"COI 1-1-26 - CAL-VENT GROUP, LTD; PROM MOTOR HOTEL, INC; JAMS INDUSTRIAL, LLC; MELVILLE, LLC.pdf",,,processed,false,2026-06-15,,2027-01-01,,false,,,false,EMC Property & Casualty Company; Employers Mutual Casualty Company; Travelers Casualty and Surety Company,2026-06-11,,2026-10-03
"Block Real Estate Services, LLC",6a22f244a234618b199e4b1f,69fded1062446148bd848c67,Check Into Cash,21046-1778-35009 COI 10-15-26.pdf,,,processed,false,2026-06-08,,2026-10-15,2026-01-20,false,,,false,Travelers Property Casualty Company of America; The Continental Insurance Company; Travelers Casualty Insurance Company of America,2026-06-05,,2026-10-03
"Block Real Estate Services, LLC",6a301f2d09f375dfb856f241,69fded1162446148bd848c82,Clarivate Analytics LLC,HLBTAssociatesLLC_W46436397.pdf,,,processed,false,2026-06-17,,2026-12-01,2026-06-08,false,,,false,American Guarantee and Liability Insurance Company; Zurich American Insurance Company; American Zurich Insurance Company,2026-06-15,,2026-10-03
"Block Real Estate Services, LLC",6a455cf3d293d5dfa850a8fe,69fded1162446148bd848c82,Clarivate Analytics LLC,HLBTAssociatesLLC_W46906080.pdf,,,processed,false,2026-07-06,,2026-12-01,2026-06-29,false,,,false,American Guarantee and Liability Insurance Company; Zurich American Insurance Company; American Zurich Insurance Company,2026-07-01,,2026-10-03
"Block Real Estate Services, LLC",6a2c05fde294f24a402e1e39,69fded1162446148bd848c7f,CJ Industries LLC,22284994-PLATTE-CJ COI.pdf,,,processed,false,2026-06-15,,2027-03-02,2026-02-19,false,,,false,"Transportation Insurance Company; Valley Forge Insurance Company; Illinois Union Insurance Company; The Continental Insurance Company; American Casualty Company of Reading, Pennsylvania",2026-06-12,,2026-10-03
"Block Real Estate Services, LLC",6a06315454ab644e7ef7ef76,69fded1162446148bd848c91,CMA / Colarelli Meyer & Associates,WCCOI.pdf,,,processed,false,2026-06-03,,2026-07-01,2025-06-09,false,,,false,New Hampshire Insurance Company,2026-05-14,,2026-10-03
"Block Real Estate Services, LLC",6a35af3f56a52ac77dac41e8,69fded1162446148bd848c97,"Commercial Industrial Supply, LLC","co Block Real Estate Services_Commercial Industrial Supply, LLC_26 GAUW_6-19-2026_32299229.pdf",,,processed,false,2026-06-22,,2027-01-01,2026-06-19,false,,,false,The Cincinnati Insurance Company,2026-06-19,,2026-10-03
"Block Real Estate Services, LLC",6a512f0aed23c7eb7f9922f5,69fded1162446148bd848c9d,Concrete Strategies LLC,Block Real Estate Services - CSLLC.pdf,,,processed,false,2026-07-14,,2027-06-30,2026-07-10,false,,,false,Zurich American Insurance Company; American Guarantee and Liability Insurance Company,2026-07-10,,2026-10-03
"Block Real Estate Services, LLC",6a2b2ff74137abcbd837f66a,69fded1162446148bd848ca0,"CKF / Consolidated Supply, Inc.","Flint 1, LLC_Consolidated Supply Co., Inc. dba_26-27 Master_6-11-2026_1489907594.pdf",,,processed,false,2026-06-15,,2027-05-01,2026-06-11,false,,,false,Waypoint Mutual; Continental Western Insurance Company,2026-06-11,,2026-10-03
"Block Real Estate Services, LLC",6a36d92356a52ac77dac42f7,69fded1162446148bd848ca3,Converge LLC,Endorsement_Endor_2_AddAI.pdf,,,processed,false,2026-06-22,,,,false,,,false,,2026-06-20,,2026-10-03
"Block Real Estate Services, LLC",6a36d92456a52ac77dac4314,69fded1162446148bd848ca3,Converge LLC,AIEndorsement_Block Real Estate Services LLC 1.pdf,,,processed,false,2026-06-22,,,,false,,,false,,2026-06-20,,2026-10-03
"Block Real Estate Services, LLC",6a36d92456a52ac77dac4331,69fded1162446148bd848ca3,Converge LLC,AICertificate_Block Real Estate Services LLC 1.pdf,,,processed,false,2026-06-22,,2027-06-06,,false,,,false,Philadelphia Indemnity Insurance Company,2026-06-20,,2026-10-03
"Block Real Estate Services, LLC",6a8f0d5c8a1e8d967f545476,69fded1162446148bd848ca3,Converge LLC,Lease - 3rd202 - Converge LLC.pdf,,,processed,false,2026-08-26,,,,false,,,false,,2026-08-26,,2026-10-03
"Block Real Estate Services, LLC",6a550209d7a2098716cacbe0,69fded1162446148bd848ca9,Core Adventures LLC,Block Real Estate Services.pdf.pdf,,,processed,false,2026-07-14,,2026-09-17,2026-02-20,false,,,false,Hartford Underwriters Insurance Company; Rated by Multiple Companies; Travelers Excess and Surplus Lines Company,2026-07-13,,2026-10-03
"Block Real Estate Services, LLC",6ab13168c87e3a8b6c42c65d,69fded1162446148bd848ca9,Core Adventures LLC,PinnacleCorporateCentreV.pdf,,,processed,false,2026-09-28,,2027-09-17,2026-09-17,false,,,false,Hartford Underwriters Insurance Company; Rated by Multiple Companies; Travelers Excess and Surplus Lines Company,2026-09-21,,2026-10-03
"Block Real Estate Services, LLC",6ab2cad9c58e9828be70fa42,69fded1162446148bd848ca9,Core Adventures LLC,co Block Real Estate.pdf,,,processed,false,2026-09-28,,2027-09-17,2026-09-17,false,,,false,Hartford Underwriters Insurance Company; Rated by Multiple Companies; Travelers Excess and Surplus Lines Company,2026-09-22,,2026-10-03
"Block Real Estate Services, LLC",6a2ffcae1ead0ab2cbe17b8f,69fded1162446148bd848cb2,Corporate Flooring Inc,Block Real Estate COI.pdf,,,processed,false,2026-06-17,,2027-02-27,2026-04-17,false,,,false,Auto - Owners,2026-06-15,,2026-10-03
"Block Real Estate Services, LLC",6a5630c4b07e51bfe39a39b8,69fded1162446148bd848cb8,CorVel Healthcare Corporation,City Plaza Corporate - Block Real Estate - CorVel HC Overland Park MO COI 26-27.pdf,,,processed,false,2026-07-15,,2027-04-30,2026-07-13,false,,,false,Travelers Property Casualty Company of America; The Continental Insurance Company; Zurich American Insurance Company,2026-07-14,,2026-10-03
"Block Real Estate Services, LLC",6a610aca758aff68c41584d7,69fded1162446148bd848cb8,CorVel Healthcare Corporation,CorVel Health_1st Amendment_CPCCI_FE.pdf,,,processed,false,2026-07-27,,,,false,,,false,,2026-07-22,,2026-10-03
"Block Real Estate Services, LLC",6a610acb758aff68c41584f7,69fded1162446148bd848cb8,CorVel Healthcare Corporation,Overland Park (Kansas City) Lease Document_fully EX.pdf,,,processed,false,2026-07-27,,,,false,,,false,,2026-07-22,,2026-10-03
"Block Real Estate Services, LLC",6a330a0eca0531aad700c5a0,69fded1262446148bd848cc7,Creative Consumer Concepts Inc,"Updated CO BLOCK REAL ESTATE SERVICES, LLC.pdf",,,processed,false,2026-06-18,,2026-12-01,2025-11-25,false,,,true,Great American E & S Insurance Company; Trumbull Insurance Company; Twin City Fire Insurance Company; Hartford Fire Insurance Company,2026-06-17,,2026-10-03
"Block Real Estate Services, LLC",6a4bb07ef57ba45a5bfc1361,69fded1262446148bd848cd3,Crown MedRealty Partners LLC,"26-27 COI - Pinnacle Building III, LLC and.pdf",,,processed,false,2026-07-09,,2027-01-01,2026-07-06,false,,,false,The Continental Insurance Company of New Jersey; The Continental Insurance Company; National Fire Insurance Company of Hartford; Fireman's Fund Insurance Company,2026-07-06,,2026-10-03
"Block Real Estate Services, LLC",6a303a237828333b350b9dc7,69fded1262446148bd848cdc,"DL Smith Electrical Construction, Inc.",DL Smith Electrical Construction I_Block Real Estate Services LLC (1).pdf,,,processed,false,2026-06-17,,2027-06-01,2026-06-15,false,,,false,Amerisure Partners Insurance Company; Amerisure Insurance Company; Amerisure Mutual Insurance Company,2026-06-15,,2026-10-03
"Block Real Estate Services, LLC",6a3aaff6c1a4a2315d540546,69fded1262446148bd848cee,"Dark Horse Coffee / Dark Horse Collective, LLC",Dark Horse Cert.pdf,,,processed,false,2026-06-23,,2026-12-10,,false,,,false,Truck Insurance Exchange; Mid-Century Insurance Company,2026-06-23,,2026-10-03
"Block Real Estate Services, LLC",6a3560af56a52ac77dac41ac,69fded1262446148bd848cf4,Data Systems International/ Nextworld / Cloud Inventory,Workers Compensation Policy eff 11.01.25.pdf,,,processed,false,2026-06-25,,,,false,,,false,,2026-06-19,,2026-10-03
"Block Real Estate Services, LLC",6a3560fb305b7089c6ed590a,69fded1262446148bd848cf4,Data Systems International/ Nextworld / Cloud Inventory,Umbrella Policy eff 11.01.2025.pdf,,,processed,false,2026-06-25,,,,false,,,false,,2026-06-19,,2026-10-03
"Block Real Estate Services, LLC",6a7237395d1c88bd9bf67feb,69fded1262446148bd848cf4,Data Systems International/ Nextworld / Cloud Inventory,ACORD Form 20260804-125650.pdf,,,processed,false,2026-08-04,,2026-11-01,2026-08-04,false,,,false,Great Northern Insurance Company; Federal Insurance Company; Chubb National Insurance Company; ACE American Insurance Company,2026-08-04,,2026-10-03
"Block Real Estate Services, LLC",6a736bc3576a75d451fc531b,69fded1262446148bd848cf4,Data Systems International/ Nextworld / Cloud Inventory,ACORD Form 20260804-155610.pdf,,,processed,false,2026-08-10,,2026-11-01,2026-08-04,false,,,false,Great Northern Insurance Company; Federal Insurance Company; Chubb National Insurance Company; ACE American Insurance Company,2026-08-05,,2026-10-03
"Block Real Estate Services, LLC",6a7a208fe925f5a589992447,69fded1262446148bd848cf4,Data Systems International/ Nextworld / Cloud Inventory,Lease - ccc268 - Data Systems International.pdf,,,processed,false,2026-08-13,,,,false,,,false,,2026-08-10,,2026-10-03
"Block Real Estate Services, LLC",6a8e2aa7e7db0abbe7e5a221,69fded1262446148bd848d00,Daylight Donuts-Olathe LLC,Daylight COI Mur-Len location.pdf,,,processed,false,2026-08-26,,2027-07-29,2026-08-25,false,,,false,State Farm Fire and Casualty Company,2026-08-25,,2026-10-03
"Block Real Estate Services, LLC",6a903bbac73b1523d24815e2,69fded1262446148bd848d00,Daylight Donuts-Olathe LLC,Lease - 3rd654 - Daylight Donuts.pdf,,,processed,false,2026-08-27,,,,false,,,false,,2026-08-27,,2026-10-03
"Block Real Estate Services, LLC",6a57b28d3817dd155dae1ad8,69fded1262446148bd848d03,DCB Homes LLC,Block Real Estate Services LLC_DCB Homes LLC_2526 Master COI_7-15-2026_47460704.pdf,,,processed,false,2026-07-21,,2026-08-15,2026-07-15,false,,,false,Auto-Owners Insurance Company; Liberty Mutual Insurance Company,2026-07-15,,2026-10-03
"Block Real Estate Services, LLC",6a91f9cdabe3538f7c645864,69fded1262446148bd848d03,DCB Homes LLC,Block Real Estate Services LLC_DCB Homes LLC_26-27 Master Cert_8-28-2026_47463115.pdf,,,processed,false,2026-09-01,,2027-08-15,2026-08-28,false,,,false,Auto-Owners Insurance Company; Liberty Mutual Insurance Company,2026-08-28,,2026-10-03
"Block Real Estate Services, LLC",6a67bf17172a8974939835cc,69fded1262446148bd848d0c,Dermatology Consultants,Lease - cm2757 - Dermatology Consultants (1).pdf,,,processed,false,2026-07-27,,,,false,,,false,,2026-07-27,,2026-10-03
"Block Real Estate Services, LLC",6a67bf17172a8974939835ec,69fded1262446148bd848d0c,Dermatology Consultants,Lease - cm2757 - Dermatology Consultants (2).pdf,,,processed,false,2026-07-27,,,,false,,,false,,2026-07-27,,2026-10-03
"Block Real Estate Services, LLC",6a6909a22d2064e3c79eac8a,69fded1262446148bd848d0c,Dermatology Consultants,Dermatology Consultant Midwest COI.pdf,,,processed,false,2026-08-03,,2027-06-29,2026-07-27,false,,,false,ACE Prop & Cas Ins CO; Bankers Standard Insurance Company; Chubb National Insurance Company; ACE American Insurance Company,2026-07-28,,2026-10-03
"Block Real Estate Services, LLC",6a47af6708adbeeac4a4754b,69fded1362446148bd848d15,Green Leaf Dispensary / DineShkumar P. Patel & Jingeshkumar D. Patel,GRC_Moberly_LLC_dba_Amaze_Cannabis_Green_Releaf_Dispensary_-_PL_-_25-26_-_PEQSPL001710-00 (1).pdf,,,processed,false,2026-07-06,,2026-11-21,,false,,,false,Palomar Excess and Surplus Insurance Company,2026-07-03,,2026-10-03
"Block Real Estate Services, LLC",6a845edc67ba47495a83619c,69fded1262446148bd848d09,Dentek Inc DBA Sokolov Dental Laboratory Inc,dentek block cert.pdf,,,processed,false,2026-08-19,,2027-09-07,2026-08-18,false,,,false,"Sentinel Insurance Company, Ltd.; AmTrust Insurance Company; Security National Insurance Company",2026-08-18,,2026-10-03
"Block Real Estate Services, LLC",6a85ba57c9d99eef6a3a06d1,69fded1262446148bd848d09,Dentek Inc DBA Sokolov Dental Laboratory Inc,Lease - wes705 - Dentek Inc.pdf,,,processed,false,2026-08-19,,,,false,,,false,,2026-08-19,,2026-10-03
"Block Real Estate Services, LLC",6a88b4acc165663dff4f5ba5,69fded1262446148bd848d09,Dentek Inc DBA Sokolov Dental Laboratory Inc,26-27 - co Block Real Estate Services LLC.pdf,,,processed,false,2026-08-21,,2027-09-07,2026-08-18,false,,,false,"Sentinel Insurance Company, Ltd.; AmTrust Insurance Company; Security National Insurance Company",2026-08-21,,2026-10-03
"Block Real Estate Services, LLC",6a3d9e09900a41a58c7942cb,69fded1362446148bd848d18,Discover Church,COI revised note Gen Agg is per Policy.pdf,,,processed,false,2026-06-30,,2027-01-01,2026-06-25,false,,,false,GuideOne Insurance; GuideOne Specialty Insurance,2026-06-25,,2026-10-03
"Block Real Estate Services, LLC",6a997e7cc2059592ce166309,69fded1362446148bd848d18,Discover Church,Lease - prm796 - Discover Church.pdf,,,processed,false,2026-09-03,,,,false,,,false,,2026-09-03,,2026-10-03
"Block Real Estate Services, LLC",6aaad3f23a390d3b6506ce6e,69fded1362446148bd848d1e,"Dollar General / Dolgencorp, Inc.",K32BZZS2.pdf,,,processed,false,2026-09-22,,2027-02-10,2026-09-15,false,,,false,ACE American Insurance Company; Indemnity Insurance Company of North America; ACE Property and Casualty Insurance Company; ACE Fire Underwriters Insurance Company,2026-09-16,,2026-10-03
"Block Real Estate Services, LLC",6ab2b055d2700c5af3592aaa,69fded1362446148bd848d1e,"Dollar General / Dolgencorp, Inc.",Lease - tic873 - Dollar General (1).pdf,,,processed,false,2026-09-22,,,,false,,,false,,2026-09-22,,2026-10-03
"Block Real Estate Services, LLC",6ab2b056d2700c5af3592ac9,69fded1362446148bd848d1e,"Dollar General / Dolgencorp, Inc.",Lease - tic873 - Dollar General (2).pdf,,,processed,false,2026-09-22,,,,false,,,false,,2026-09-22,,2026-10-03
"Block Real Estate Services, LLC",6ab2b057d2700c5af3592ae8,69fded1362446148bd848d1e,"Dollar General / Dolgencorp, Inc.",Lease - tic873 - Dollar General (3).PDF,,,processed,false,2026-09-22,,,,false,,,false,,2026-09-22,,2026-10-03
"Block Real Estate Services, LLC",6ab2b058d2700c5af3592b07,69fded1362446148bd848d1e,"Dollar General / Dolgencorp, Inc.",Lease - tic873 - Dollar General (4).pdf,,,processed,false,2026-09-22,,,,false,,,false,,2026-09-22,,2026-10-03
"Block Real Estate Services, LLC",6a05e7a7ca42782ea34b17d6,69fded1362446148bd848d21,Dollar Tree,cert_NYC_K7KansasInvestors_LLC_12011339_56.pdf,,,processed,false,2026-06-01,,2026-09-01,2025-08-25,false,,,true,"National Union Fire Insurance Company of Pittsburgh, Pa.; National Union Fire Insurance Company of Pittsburgh, Pa.; AIU Insurance Company",2026-05-14,,2026-10-03
"Block Real Estate Services, LLC",6a831055e64a7e7f479e176d,69fded1362446148bd848d21,Dollar Tree,cert_NYC_K7 Kansas Investors_ LLC_12011339_7.pdf,,,processed,false,2026-08-21,,2027-09-01,2026-08-15,false,,,false,"National Union Fire Insurance Company of Pittsburgh, Pa.; National Union Fire Insurance Company of Pittsburgh, Pa.; AIU Insurance Company",2026-08-17,,2026-10-03
"Block Real Estate Services, LLC",6a8c4dd702f68ed27f7bf1b8,69fded1362446148bd848d21,Dollar Tree,Lease - tic472 - Dollar Tree.pdf,,,processed,false,2026-08-24,,,,false,,,false,,2026-08-24,,2026-10-03
"Block Real Estate Services, LLC",6a297f008d4f64d9c23ab0a5,69fded1362446148bd848d27,Dollar Tree #4044,cert_NYC_K7 Kansas Investors_ LLC_12631635_1.pdf,,,processed,false,2026-06-10,,2026-09-01,2026-06-09,false,,,false,"National Union Fire Insurance Company of Pittsburgh, Pa.; National Union Fire Insurance Company of Pittsburgh, Pa.; AIU Insurance Company",2026-06-10,,2026-10-03
"Block Real Estate Services, LLC",6a5531ae4a3538cc4162db78,69fded1362446148bd848d27,Dollar Tree #4044,Lease - tic827 - Dollar Tree 4044.pdf,,,processed,false,2026-07-15,,,,false,,,false,,2026-07-13,,2026-10-03
"Block Real Estate Services, LLC",6aba920c688f07052fdb82d9,69fded1362446148bd848d27,Dollar Tree #4044,"4044_K7 Kansas Investors, LLC_12631635_Dollar Tree Stores, Inc..pdf",,,processed,false,,,2027-09-01,2026-08-18,false,,,false,"National Union Fire Insurance Company of Pittsburgh, Pa.; National Union Fire Insurance Company of Pittsburgh, Pa.; AIU Insurance Company",2026-09-28,,2026-10-03
"Block Real Estate Services, LLC",6a3a9e13f87efbd22dc9034a,69fded1362446148bd848d2a,Dollar Tree #8462,cert_NYC_Hillcrest MO_ LLC_12640703_1.pdf,,,processed,false,2026-06-25,,2026-09-01,2026-06-23,false,,,false,"National Union Fire Insurance Company of Pittsburgh, Pa.; National Union Fire Insurance Company of Pittsburgh, Pa.; AIU Insurance Company",2026-06-23,,2026-10-03
"Block Real Estate Services, LLC",6a6228960a4315bb2509b179,69fded1362446148bd848d2a,Dollar Tree #8462,Lease - 3rd989 - Dollar Tree 8462.pdf,,,processed,false,2026-07-27,,,,false,,,false,,2026-07-23,,2026-10-03
"Block Real Estate Services, LLC",6a835cddd00ce33ba8a1b34f,69fded1362446148bd848d2a,Dollar Tree #8462,"cert_NYC_Hillcrest MO, LLC_12640703.pdf",,,processed,false,2026-08-21,,2027-09-01,2026-08-15,false,,,false,"National Union Fire Insurance Company of Pittsburgh, Pa.; National Union Fire Insurance Company of Pittsburgh, Pa.; AIU Insurance Company",2026-08-17,,2026-10-03
"Block Real Estate Services, LLC",6a7b70c9237c8f7b2b31ec31,69fded1362446148bd848d33,DTG Medical Electronics,DTG Commercial Insurance AMFAM.pdf,,,processed,false,2026-08-13,,,,false,,,false,,2026-08-11,,2026-10-03
"Block Real Estate Services, LLC",6a7b70ca237c8f7b2b31ec4e,69fded1362446148bd848d33,DTG Medical Electronics,Travelers Workers Comp DTG.pdf,,,processed,false,2026-08-13,,,,false,,,false,,2026-08-11,,2026-10-03
"Block Real Estate Services, LLC",6a17120f7619b097e7760301,69fded1362446148bd848d42,EcoShield Pest Solutions,KANA GL COI 10142026.pdf,,,processed,false,2026-06-02,,2026-10-14,2026-05-05,false,,,true,West Bend Insurance Company,2026-05-27,,2026-10-03
"Block Real Estate Services, LLC",6a6222f1293db0c1319f2a5c,69fded1362446148bd848d42,EcoShield Pest Solutions,Lease - wes705 - EcoShield Pest Solutions.pdf,,,processed,false,2026-07-23,,,,false,,,false,,2026-07-23,,2026-10-03
"Block Real Estate Services, LLC",6a628b060a4315bb2509b2f5,69fded1362446148bd848d42,EcoShield Pest Solutions,"Westbrook I-II KC Partners, LLC and Guaranty _The Shield Companies, LLC_26-27 Workers' Compensati_7-1-2026_674568597.pdf",,,processed,false,2026-07-27,,2027-04-07,2026-07-01,false,,,false,Wesco Insurance Company,2026-07-23,,2026-10-03
"Block Real Estate Services, LLC",6a84cb155311e7ea5622e3e9,69fded1362446148bd848d4b,Edward D Jones & Co LP,Updated 15380.pdf,,,processed,false,2026-08-24,,2027-05-01,2026-08-19,false,,,false,Hartford Fire Insurance Company; N / A; N / A,2026-08-18,,2026-10-03
"Block Real Estate Services, LLC",6a5e713955d8ca225c22f14f,69fded1362446148bd848d57,"NTR Metals / Elemental Direct USA, LLC","KCIP Riverside LLC Riverside Industrial Cent_Elemetal Direct USA, LLC_25 26 - GLIA, POLL, BAUT,_10-17-2025_202370295.pdf",,,processed,false,2026-07-22,,2026-09-01,2025-10-17,false,,,false,"Commerce and Industry Insurance Company; National Union Fire Insurance Company of Pittsburgh, Pa.; Granite State Insurance Company; AIG Specialty Insurance Company",2026-07-20,,2026-10-03
"Block Real Estate Services, LLC",6abe6b73be389a99f49f060e,69fded1362446148bd848d57,"NTR Metals / Elemental Direct USA, LLC","KCIP Riverside LLC Riverside Industrial Cent_Elemetal Direct USA, LLC_26 27 - GLIA, POLL, BAUT,_9-30-2026_1814117814.pdf",,,processed,false,,,2027-09-01,2026-09-30,false,,,false,"Commerce and Industry Insurance Company; National Union Fire Insurance Company of Pittsburgh, Pa.; Granite State Insurance Company; AIG Specialty Insurance Company",2026-10-01,,2026-10-03
"Block Real Estate Services, LLC",6a550602501b8361b0e98221,69fded1362446148bd848d5a,Elliott Electric Supply Inc,co Block Real Estate Services_Elliott Electric Supply Inc._2526 Master_7-13-2026_1538430327.pdf,,,processed,false,2026-07-15,,2026-12-25,2026-07-13,false,,,false,Hartford Underwriters Insurance Company; Hartford Fire Insurance Company; Hartford Casualty Insurance Company; Trumbull Insurance Company,2026-07-13,,2026-10-03
"Block Real Estate Services, LLC",6a5a4c9575cf58525d542476,69fded1362446148bd848d5a,Elliott Electric Supply Inc,Oxford Kansas Project COI.pdf,,,processed,false,2026-07-17,,2026-12-25,2026-03-20,false,,,false,"Hartford Fire Insurance Company
One Hartford Plaza
Hartford , CT 06155-0001",2026-07-17,,2026-10-03
"Block Real Estate Services, LLC",6a42b04462bbed81ea5611f6,69fded1362446148bd848d60,Emerson Ecologics LLC,"Block Real Estate Services, LLC_Fullscript, Inc._26-27 GL, Products, CUM, _6-29-2026_279567711.pdf",,,processed,false,2026-06-30,,2027-03-01,2026-06-29,false,,,false,Federal Insurance Company; Chubb National Insurance Company,2026-06-29,,2026-10-03
"Block Real Estate Services, LLC",6a9ac44bdff7477dc01e7a01,69fded1462446148bd848d69,"Engaged Athletics Training Center / Engaged Holdings, LLC",COI - Engaged Companies LLC - Block Income Fund III LP.pdf,,,processed,false,2026-09-15,,2026-11-05,2026-09-03,false,,,false,"American Casualty Company of Reading, Pennsylvania; The Continental Insurance Company; Great American Insurance Company",2026-09-04,,2026-10-03
"Block Real Estate Services, LLC",6a91c15000391ff2e6084d9a,69fded1462446148bd848d6c,EDT Engineers / Engineering Design & Testing Corporation,"Perg Buildings, LLC_Engineering Design And Testing Corp_2526July 2627 Master En_8-28-2026_856397319.pdf",,,processed,false,2026-09-01,,2026-11-01,2026-08-28,false,,,false,Amerisure Mutual Insurance Company; Travelers Casualty and Surety Company of America; Continental Casualty Company,2026-08-28,,2026-10-03
"Block Real Estate Services, LLC",6a999249c2059592ce16701d,69fded1462446148bd848d8a,F & M Traders LLC,37SBAAM9TZ9 (1).pdf,,,processed,false,2026-09-15,,2027-09-01,2026-09-03,false,,,false,Hartford Underwriters Insurance Company,2026-09-03,,2026-10-03
"Block Real Estate Services, LLC",6a4e5efbbc03800db2d4e648,69fded1462446148bd848d99,FedEx/Kinko's,"0002-Brixmor Property Group Inc. &_4381321_FedEx Office and Print Services, Inc. (1).pdf",,,processed,false,2026-07-08,,2026-10-01,2025-09-24,false,,,false,Old Republic Insurance Company; ACE American Insurance Company; Indemnity Insurance Company of North America,2026-07-08,,2026-10-03
"Block Real Estate Services, LLC",6a5532e221f86634e8b19b7b,69fded1462446148bd848d99,FedEx/Kinko's,Lease - tic827 - FedEx Kinkos.PDF,,,processed,false,2026-07-14,,,,false,,,false,,2026-07-13,,2026-10-03
"Block Real Estate Services, LLC",6a2c83c428f2c8379af569cc,69fded1562446148bd848dc6,Foxx Equipment Company,BlockRealEstateServicesLLC_W46684597.pdf,,,processed,false,2026-06-15,,2026-12-31,2026-06-12,false,,,false,Great Northern Insurance Company; Federal Insurance Company; Chubb Indemnity Insurance Company,2026-06-12,,2026-10-03
"Block Real Estate Services, LLC",6a32d4ebe3e42bf274f19085,69fded1562446148bd848dc6,Foxx Equipment Company,BlockRealEstateServicesLLC_W46724457.pdf,,,processed,false,2026-06-17,,2026-12-31,2026-06-17,false,,,false,Great Northern Insurance Company; Federal Insurance Company; Chubb Indemnity Insurance Company,2026-06-17,,2026-10-03
"Block Real Estate Services, LLC",6a79e8f87993a3857f496753,69fded1562446148bd848dcf,Frey Commodities USA Inc,COI - Frey at 4001 W 114th Suite 120 - 2026.pdf,,,processed,false,2026-08-13,,2027-01-01,2026-02-12,false,,,false,Zurich American Insurance Company; Liberty Mutual Insurance Company; Zurich Insurance Company Ltd. ( UK Branch ),2026-08-10,,2026-10-03
"Block Real Estate Services, LLC",6a355800d7f00783d9b50699,69fded1562446148bd848dc9,Freightsnap LLC,Freightsnap COI Umbrella and WC 2026_2027.pdf,,,processed,false,2026-06-22,,2027-04-10,2026-04-08,false,,,false,Evanston Insurance Company; The Pie Insurance Company,2026-06-19,,2026-10-03
"Block Real Estate Services, LLC",6a35600deabc8fc9ff473659,69fded1562446148bd848dc9,Freightsnap LLC,Block COI.pdf,,,processed,false,2026-06-30,,2027-04-10,2026-06-19,false,,,false,Truck Insurance Exchange; Farmers Insurance Exchange; Mid-Century Insurance Company,2026-06-19,,2026-10-03
"Block Real Estate Services, LLC",6a42914c04ca7701e3da658d,69fded1562446148bd848ddb,"Servpro / G&C Restoration, LLC",Team jones - WC Block Real Estate Services.pdf,,,processed,false,2026-06-30,,2026-11-01,2026-06-26,false,,,false,"Firemen's Insurance Company of Washington, D.C.; Accident Fund Insurance Company of America",2026-06-29,,2026-10-03
"Block Real Estate Services, LLC",6a4ec221bc03800db2d4ec8d,69fded1562446148bd848ddb,"Servpro / G&C Restoration, LLC",Team Jones - GL with Location marked - Block Real Estate Services.pdf,,,processed,false,2026-07-14,,2027-01-06,2026-07-08,false,,,false,"Restoration Risk Retention Group, Inc.",2026-07-08,,2026-10-03
"Block Real Estate Services, LLC",6a3448394a605d250e469c78,69fded1562446148bd848de7,"Triad Capital Advisors, Inc. / Gantry, Inc.",Gantry COI 26-27.pdf,,,processed,false,2026-06-22,,2026-08-23,2026-03-27,false,,,false,Hartford Underwriters Insurance Company; Hartford - Rated by Multiple Cos,2026-06-18,,2026-10-03
"Block Real Estate Services, LLC",6a7f8fc131c0bc49ad3b76fd,69fded1562446148bd848de7,"Triad Capital Advisors, Inc. / Gantry, Inc.",Gantry COI for Block Real Estate Services.pdf,,,processed,false,2026-08-21,,2027-04-01,2026-08-14,false,,,false,Hartford Casualty Insurance Company; Hartford - Rated by Multiple Cos,2026-08-14,,2026-10-03
"Block Real Estate Services, LLC",6a91c25900391ff2e6084db7,69fded1562446148bd848dea,"Garage Experts of Kansas City / Win-Win Concrete & Storage, LLC",Lease - kci893 - Garage Experts of KC (1).pdf,,,processed,false,2026-08-28,,,,false,,,false,,2026-08-28,,2026-10-03
"Block Real Estate Services, LLC",6a91c25a00391ff2e6084dd6,69fded1562446148bd848dea,"Garage Experts of Kansas City / Win-Win Concrete & Storage, LLC",Lease - kci893 - Garage Experts of KC (2).pdf,,,processed,false,2026-08-28,,,,false,,,false,,2026-08-28,,2026-10-03
"Block Real Estate Services, LLC",6a983019bac4878ada1ac0ba,69fded1562446148bd848dea,"Garage Experts of Kansas City / Win-Win Concrete & Storage, LLC",26-27 COI - co Block Real Estate Services.pdf,,,processed,false,2026-09-02,,2027-05-10,2026-08-28,false,,,false,SECURA Insurance Company,2026-09-02,,2026-10-03
"Block Real Estate Services, LLC",6a98301abac4878ada1ac0da,69fded1562446148bd848dea,"Garage Experts of Kansas City / Win-Win Concrete & Storage, LLC",Win WIn.pdf,,,processed,false,2026-09-02,,2027-04-03,2026-09-01,false,,,false,Farmers Insurance Exchange,2026-09-02,,2026-10-03
"Block Real Estate Services, LLC",6a32c6724f89dc4a36d32885,69fded1662446148bd848e02,"Pizza Hut / GMRG ACQ 1, LLC #0359","Block Real Estate Services, LLC_(13903)_Acord25.pdf",,,processed,false,2026-06-17,,2027-01-28,2026-06-17,false,,,false,Intrepid Insurance Company; Intrepid Specialty Insurance Company,2026-06-17,,2026-10-03
"Block Real Estate Services, LLC",6a05e5a1d9aed916f09c2e7c,69fded1662446148bd848e1a,"Patio Enclosures / Great Day Improvements, LLC",2026PineRidgeLiabilityCOI.pdf,,,processed,false,2026-06-01,,2027-01-01,2026-01-05,false,,,false,Liberty Mutual Insurance Company; Indemnity National Insurance Company,2026-05-14,,2026-10-03
"Block Real Estate Services, LLC",6a060efbfe7b4a8a0378bb6b,69fded1662446148bd848e08,GNC (Store #581-02),MillStreetStationLLC_W438656582.pdf,,,processed,false,2026-06-03,,2027-01-31,2026-01-29,false,,,false,Sentry Insurance Company; Sentry Casualty Company,2026-05-14,,2026-10-03
"Block Real Estate Services, LLC",6a74f3a2377d9d1f5c7ead80,69fded1662446148bd848e2f,"VIALS / Gunn & Richards, Inc.",Gunn & Richards Inc - COI_BLOCK.pdf,,,processed,false,2026-08-10,,2027-02-10,2026-08-06,false,,,false,The Cincinnati Insurance Company,2026-08-06,,2026-10-03
"Block Real Estate Services, LLC",6a18a7bc53ab917b1e71ccc9,69fded1662446148bd848e38,"H&R Block Eastern Tax Svc., Inc. / H&R Block 24167","H&R BLOCK EASTERN TAX SVC., INC. H&R BLOCK 24167 - 1811 E. North Avenue, Belton.pdf",,,processed,false,2026-06-02,,2027-05-01,2026-04-24,false,,,false,Continental Casualty Company; Liberty Mutual Fire Insurance Company; Liberty Insurance Corporation,2026-05-28,,2026-10-03
"Block Real Estate Services, LLC",6a29e4bb895c408da11a7ada,69fded1662446148bd848e26,"Gexpro Services / Rexel USA, Inc. (fka GS Operating, LLC )","26-27 CUMBEXCS - Lawson US, Canada & NIs - Platte Valley Investment, LLC.pdf",,,processed,false,2026-06-11,,2027-03-01,2026-06-10,false,,,false,"Federal Insurance Company; National Union Fire Insurance Company of Pittsburgh, Pa.; QBE Specialty Insurance Company",2026-06-10,,2026-10-03
"Block Real Estate Services, LLC",6a29e5c86b36130833e2f858,69fded1662446148bd848e26,"Gexpro Services / Rexel USA, Inc. (fka GS Operating, LLC )",cert_CHI_Platte Valley Investment_ LLC_10101347_15 (002)-.pdf,,,processed,false,2026-06-11,,2027-03-01,2026-06-09,false,,,false,"National Union Fire Insurance Company of Pittsburgh, Pa.; New Hampshire Insurance Company; Commerce and Industry Insurance Company; Federal Insurance Company",2026-06-10,,2026-10-03
"Block Real Estate Services, LLC",6a287e3c3f91c94eefb0cc18,69fded1662446148bd848e3b,"Discount Tire / Halle Properties, Inc.",6.9.26 COI - KSK 00.pdf,,,processed,false,2026-06-11,,2027-03-01,2026-06-09,false,,,false,Old Republic Insurance Company; Allied World Assurance Company (U.S.) Inc.,2026-06-09,,2026-10-03
"Block Real Estate Services, LLC",6a3d88ecf08a13c0c880710d,69fded1762446148bd848e4a,Healthy Meals Inc,Healthy Meals Block 2026(1).pdf,,,processed,false,2026-06-30,,2026-02-06,2026-06-12,false,,,false,Next Insurance US Company; Progressive Advanced Insurance Company,2026-06-25,,2026-10-03
"Block Real Estate Services, LLC",6a592fefa8d82ac3668e4d6a,69fded1762446148bd848e4a,Healthy Meals Inc,Block 2026 Updated.pdf,,,processed,false,2026-07-17,,2027-02-06,2026-07-16,false,,,false,Next Insurance US Company; Progressive Advanced Insurance Company,2026-07-16,,2026-10-03
"Block Real Estate Services, LLC",6a5e4979fffb44ac3fc4c3d2,69fded1762446148bd848e4a,Healthy Meals Inc,Waiver-07/20/2026.msg,,,new,false,2026-07-20,,,,false,,,true,,2026-07-20,,2026-10-03
"Block Real Estate Services, LLC",6a31a166421d720267e63cac,69fded1762446148bd848e56,Hennessy Enterprises LLC,"Block Real Estate Services, LLC, WOS, 4622 Pennsylvania St., Kansas City, MO, 64112.pdf",,,processed,false,2026-06-17,,2027-05-01,2026-06-05,false,,,false,West Bend Insurance Company; Capitol Specialty Insurance Corp; AmTrust Insurance Company,2026-06-16,,2026-10-03
"Block Real Estate Services, LLC",6a3415c20f8d07d45488f201,69fded1762446148bd848e6b,"Horizon PSI / Horizon Systems, Inc.","Perg Buildings, LLC Corrected.pdf",,,processed,false,2026-06-22,,2027-03-01,2026-06-14,false,,,false,Valley Forge Insurance Company; The Continental Insurance Company; Lloyds of London,2026-06-18,,2026-10-03
"Block Real Estate Services, LLC",6ab2926ec58e9828be70e782,69fded1762446148bd848e7d,Hy-Vee Inc,"Westchester 87 Investors, LLC_Hy-Vee, Inc., incl All Subsidiaries_G - 2627_9-21-2026_1289574942.pdf",,,processed,false,2026-09-22,,2027-09-27,2026-09-21,false,,,false,EMCASCO Insurance Company,2026-09-22,,2026-10-03
"Block Real Estate Services, LLC",6ab2b1fb86cab77b80e5de07,69fded1762446148bd848e7d,Hy-Vee Inc,Lease - tic827 - Hy-Vee.PDF,,,processed,false,2026-09-22,,,,false,,,false,,2026-09-22,,2026-10-03
"Block Real Estate Services, LLC",6a3d78e5f08a13c0c880704e,69fded1762446148bd848e89,Inspire Therapy LLC,Amtrust COI.pdf,,,processed,false,2026-06-30,,2027-02-12,,false,,,false,"Technology Insurance Company, Inc.",2026-06-25,,2026-10-03
"Block Real Estate Services, LLC",6a3d78e7f08a13c0c8807089,69fded1762446148bd848e89,Inspire Therapy LLC,AICertificate_Block Real Estate Services LLC 1.pdf,,,processed,false,2026-06-30,,2027-03-28,,false,,,false,Philadelphia Indemnity Insurance Company,2026-06-25,,2026-10-03
"Block Real Estate Services, LLC",6a95a2dac059eb96ba365904,69fded1762446148bd848e8c,Great Clips / Iris Corporation,Lease - 3rd543 - Great Clips.pdf,,,processed,false,2026-08-31,,,,false,,,false,,2026-08-31,,2026-10-03
"Block Real Estate Services, LLC",6a3d7af9919a57cb6c1f875d,69fded1862446148bd848eaa,Jimmy John's,"Oak Park KS, LLC_(34485)_Acord25.pdf",,,processed,false,2026-06-25,,2027-05-27,2026-06-25,false,,,false,Intrepid Insurance Company; Intrepid Specialty Insurance Company,2026-06-25,,2026-10-03
"Block Real Estate Services, LLC",6a22feb5b0c1404bfda217e1,69fded1862446148bd848ead,"Pinches / JLJ Holdings, LLC",Insurance COI JLJ.pdf,,,processed,false,2026-06-08,,2026-10-01,2026-06-05,false,,,false,Hartford Insurance Company of the Southeast,2026-06-05,,2026-10-03
"Block Real Estate Services, LLC",6a22ff2cb0c1404bfda217ff,69fded1862446148bd848ead,"Pinches / JLJ Holdings, LLC",PT Liability.pdf,,,processed,false,2026-06-08,,2026-11-26,2025-11-26,false,,,false,Starr Indemnity & Liability Company,2026-06-05,,2026-10-03
"Block Real Estate Services, LLC",6a661a35a553156736e08ec7,69fded1862446148bd848ead,"Pinches / JLJ Holdings, LLC",EOI_Pinches.pdf,,,processed,false,2026-07-28,,,2026-07-25,false,,,false,"Grinnell Mutual Reinsurance Company, SI",2026-07-26,,2026-10-03
"Block Real Estate Services, LLC",6a7b6f7bb5e7f185ea4b79b2,69fded1862446148bd848ead,"Pinches / JLJ Holdings, LLC",Excess Liability_JLJ.pdf,,,processed,false,2026-08-13,,,2026-08-01,false,,,false,"Grinnell Mutual Reinsurance Company, SI",2026-08-11,,2026-10-03
"Block Real Estate Services, LLC",6a43f7a9922a2523ecdebc5d,69fded1862446148bd848eb3,Johnson Granite Supply Inc,Cert Rev.pdf,,,processed,false,2026-06-30,,2027-05-01,2026-06-26,false,,,false,The Travelers Indemnity Company; Travelers Property Casualty Insurance Company; Accident Fund Insurance Company of America; St. Paul Mercury Insurance Company,2026-06-30,,2026-10-03
"Block Real Estate Services, LLC",6a87635d4a619083f3b121a4,69fded1862446148bd848ec5,Kansas City Bone & Joint Clinic,2026-2027 Certs - co Block Real Estate Services.pdf,,,processed,false,2026-08-24,,2027-01-02,2026-08-20,false,,,false,"Sentinel Insurance Company, Ltd.",2026-08-20,,2026-10-03
"Block Real Estate Services, LLC",6a4bc13a34844debcaaebb39,69fded1862446148bd848ed7,"Kansas Gas Co / ONE Gas, Inc","25-26 Ren'l - 3737 Investors, LLC and Dean W. Lawrence.pdf",,,processed,false,2026-07-06,,2026-11-01,2025-10-21,false,,,false,Everest National Insurance Company; Old Republic Insurance Company,2026-07-06,,2026-10-03
"Block Real Estate Services, LLC",6a675e101499cb7db607fcaa,69fded1862446148bd848ed7,"Kansas Gas Co / ONE Gas, Inc","Exception Granted, Kansas Gas Co.pdf",,,processed,false,2026-07-27,,,,false,,,true,,2026-07-27,,2026-10-03
"Block Real Estate Services, LLC",6a9accefa74cc83fa8ba64a9,69fded1962446148bd848ee3,Kavar Capital Partners / Douglas G & Kara L,Kavar Capital Partners Insurance Certificate.pdf,,,processed,false,2026-09-15,,2027-09-01,2026-09-03,false,,,false,Evanston Insurance Company; The Continental Insurance Company; National Fire Insurance Company of Hartford; --- SEE ATTACHMENT,2026-09-04,,2026-10-03
"Block Real Estate Services, LLC",6aad5b02b48c522ebbb3e3a1,69fded1962446148bd848ee3,Kavar Capital Partners / Douglas G & Kara L,Lease - tic662 - Kavar Capital Partners.pdf,,,processed,false,2026-09-18,,,,false,,,false,,2026-09-18,,2026-10-03
"Block Real Estate Services, LLC",6a457acff92324cf4d222cae,69fded1962446148bd848ee9,"KC Classic Auto, LLC",KC Classic.pdf,,,processed,false,2026-07-15,,2026-12-09,,false,,,false,,2026-07-01,,2026-10-03
"Block Real Estate Services, LLC",6a57bc52e8caaf78715d0129,69fded1962446148bd848ee9,"KC Classic Auto, LLC",Lease - tic785 - KC Classic Auto Amend.pdf,,,processed,false,2026-07-15,,,,false,,,false,,2026-07-15,,2026-10-03
"Block Real Estate Services, LLC",6a57bc53e8caaf78715d0149,69fded1962446148bd848ee9,"KC Classic Auto, LLC",Lease - tic785 - KC Classic Auto.pdf,,,processed,false,2026-07-15,,,,false,,,false,,2026-07-15,,2026-10-03
"Block Real Estate Services, LLC",6a060e781f712c628e52892d,69fded1862446148bd848edd,Kansas Granite Mart Inc,21.0.0.pdf,,,processed,false,2026-06-03,,2027-01-31,2026-03-09,false,,,false,Federated Mutual Insurance Company,2026-05-14,,2026-10-03
"Block Real Estate Services, LLC",6a060e7dfeb0a066657289f3,69fded1862446148bd848edd,Kansas Granite Mart Inc,COI19.pdf,,,processed,false,2026-06-03,,2027-01-31,2026-01-21,false,,,false,Federated Mutual Insurance Company,2026-05-14,,2026-10-03
"Block Real Estate Services, LLC",6a42a7865e2a93cdf24113a2,69fded1962446148bd848ef5,"Merry Maids 391 & 604 / Khaos, Inc.",Block Real Estate Service LLC_Khaos Inc._26-27 COI_6-29-2026_783054394.pdf,,,processed,false,2026-06-30,,2027-06-01,2026-06-29,false,,,false,The Cincinnati Insurance Company; Employers Preferred Insurance Company,2026-06-29,,2026-10-03
"Block Real Estate Services, LLC",6a2c3d857ea10850bf9fee01,69fded1962446148bd848efb,Knappco LLC,cert_NYC_Block Real Estate Services_ LLC_12635590_1.pdf,,,processed,false,2026-06-15,,2027-01-01,2026-06-12,false,,,false,Liberty Mutual Fire Insurance Company; LM Insurance Corporation; American Guarantee and Liability Insurance Company; N / A,2026-06-12,,2026-10-03
"Block Real Estate Services, LLC",6a8f11219d440c509f07fc3c,69fded1962446148bd848ef8,Salon Expose / Kim Medina,Lease - 3rd202 - Salon Expose.pdf,,,processed,false,2026-08-26,,,,false,,,false,,2026-08-26,,2026-10-03
"Block Real Estate Services, LLC",6a8f4e205fc468e35d4355f8,69fded1962446148bd848ef8,Salon Expose / Kim Medina,Block Real Estate Services LLC_Salon Expose' LLC_2526 Cert_8-26-2026_47462989.pdf,,,processed,false,2026-09-01,,2026-10-28,2026-08-26,false,,,false,West Bend Insurance Company,2026-08-26,,2026-10-03
"Block Real Estate Services, LLC",6a071bb90490135a47480eec,69fded1962446148bd848f2e,Link Media Omaha LLC,LinkMediaServicesCOIKCIPRiversideLLC1.pdf,,,processed,false,2026-06-03,,2026-11-15,2025-11-13,false,,,false,Travelers Property Casualty Company of America; Travelers Insurance Co.; Berkshire Hathaway Specialty Insurance Company; AXIS Insurance Company,2026-05-15,,2026-10-03
"Block Real Estate Services, LLC",6a3011527828333b350b9d03,69fded1a62446148bd848f3d,Mactan Asian Market / Steve Shatto,IMG_0702.png,,,processed,false,2026-06-25,,2027-02-17,,false,,,false,Owners Insurance Company,2026-06-15,,2026-10-03
"Block Real Estate Services, LLC",6aa7fc24234103b135af25d7,69fded1a62446148bd848f37,"Mobile Air And Power / Resolute Industrial, LLC (sublease from Loomis Armored Services)",COI LIAB LEASE PROP 2026 KCM PLATTE VALLEY BLOCK.pdf,,,processed,false,2026-09-15,,2026-11-30,2026-09-10,true,low,<p>Lease requested from BRES</p>,false,Great Northern Insurance Company; Federal Insurance Company,2026-09-14,,2026-10-03
"Block Real Estate Services, LLC",6a4bba455bdbb873e90ba26d,69fded1a62446148bd848f43,Magnum Systems Inc,"26-27 EOP - Block Real Estate Services, LLC.pdf",,,processed,false,2026-07-09,,2027-01-31,2026-07-06,false,,,false,"Hartford Fire Insurance Company
One Hartford Plaza
Hartford , CT 06155-0001",2026-07-06,,2026-10-03
"Block Real Estate Services, LLC",6a509a2267ec7d66154090e2,69fded1a62446148bd848f43,Magnum Systems Inc,"26-27 Master - Block Real Estate Services, LLC.pdf",,,processed,false,2026-07-13,,2027-01-31,2026-07-06,false,,,true,Hartford Fire Insurance Company; Trumbull Insurance Company; Hartford Casualty Insurance Company; Rated By Multiple Companies ( Hartford Fire & Its P & C Affiliates ); Navigators Specialty Insurance Company,2026-07-10,,2026-10-03
"Block Real Estate Services, LLC",6a58fd8e5c7b97125a9c86c2,69fded1a62446148bd848f49,Mainland Valuation Services,"Cert of Ins - Block Real Estate Services, LLC.PDF",,,processed,false,2026-07-21,,2027-01-16,2026-07-16,false,,,false,Hartford Casualty Insurance Company; Hartford Underwriters Insurance Company,2026-07-16,,2026-10-03
"Block Real Estate Services, LLC",6a959e723c9c612189a0b40f,69fded1a62446148bd848f4c,"Shoot 360 / Mambas Basketball Academy, LLC","LLC Building 8 Investors co Block Real Estat_Mambas Basketball Academy, LLC_2627-Landlord_8-31-2026_2032511734.pdf",,,processed,false,2026-09-09,,2027-01-29,2026-08-31,false,,,false,Philadelphia Indemnity Insurance Company,2026-08-31,,2026-10-03
"Block Real Estate Services, LLC",6aa3f656f3244169cc05144c,69fded1a62446148bd848f4c,"Shoot 360 / Mambas Basketball Academy, LLC",Information Pages.pdf,,,processed,false,2026-09-15,,2027-03-28,,false,,,false,MEM Mutual Insurance Company,2026-09-11,,2026-10-03
"Block Real Estate Services, LLC",6ab52a02ae9609a8dd6c01a2,69fded1a62446148bd848f67,Massage Envy,Lease - tic827 - Massage Envy.PDF,,,processed,false,2026-09-24,,,,false,,,false,,2026-09-24,,2026-10-03
"Block Real Estate Services, LLC",6ab5462956925c0b262adad1,69fded1a62446148bd848f67,Massage Envy,COI.pdf,,,processed,false,2026-09-29,,2027-01-19,2026-09-15,false,,,false,Fidelity and Guaranty Insurance Company; AmTrust Insurance Company; Coverys Specialty Insurance Company,2026-09-24,,2026-10-03
"Block Real Estate Services, LLC",6a7a12637c7b9a41c5b4c0ef,69fded1a62446148bd848f64,Martinrea Riverside LLC,Block Real Estate Services LLC_MARTINREA INTERNATIONAL_25-26 WC_8-4-2026_637260265.pdf,,,processed,false,2026-08-19,,2026-11-21,2026-08-04,false,,,false,Liberty Mutual Insurance Europe Limited,2026-08-10,,2026-10-03
"Block Real Estate Services, LLC",6a7a12a0596838130025694a,69fded1a62446148bd848f64,Martinrea Riverside LLC,Block Real Estate Services LLC - Liability - Combined.pdf,,,processed,false,2026-08-19,,2027-06-01,2026-08-04,false,,,false,Allianz Global Risks US Insurance Company; Trumbull Insurance Company,2026-08-10,,2026-10-03
"Block Real Estate Services, LLC",6a85e276451d3079018061a9,69fded1a62446148bd848f64,Martinrea Riverside LLC,Lease - tic242 - Martinrea Riverside LLC.pdf,,,processed,false,2026-08-19,,,,false,,,false,,2026-08-19,,2026-10-03
"Block Real Estate Services, LLC",6a903fb04e1f597a804e3eef,69fded1a62446148bd848f70,"Mavs Volleyball / MAVS, LLC",Lease - tic777 - Mavs Volleyball.pdf,,,processed,false,2026-08-27,,,,false,,,false,,2026-08-27,,2026-10-03
"Block Real Estate Services, LLC",6a90971ec73b1523d2481b67,69fded1a62446148bd848f70,"Mavs Volleyball / MAVS, LLC","c_o Block Real Estate Services, Kansas City, MO, 64112, 08_27_2026.pdf",,,processed,false,2026-09-01,,2027-05-01,2026-08-27,false,,,false,Philadelphia Indemnity Insurance Company; MEM Mutual Insurance Company,2026-08-27,,2026-10-03
"Block Real Estate Services, LLC",6a3000e6b7970f3c4999616c,69fded1b62446148bd848f94,"Mr. Handy Man / Melcar Enterprises (fka Stagg Enterprises, LLC)","CERT_Block_Real_Estate_Services,_LLC_c_o_Block_Real_Estate_Services,_LLC_988483.pdf",,,processed,false,2026-06-15,,2027-03-01,2026-06-09,false,,,false,Property and Casualty Insurance Company of Hartford; Nutmeg Insurance Company; Hartford Casualty Insurance Company,2026-06-15,,2026-10-03
"Block Real Estate Services, LLC",6a22fff0a234618b199e4b66,69fded1b62446148bd848f91,Medical Technology Associates Inc,"CMP Building III, LLC - 381207.pdf",,,processed,false,2026-06-08,,2027-04-20,2026-06-05,false,,,false,The Charter Oak Fire Insurance Company; Travelers Property Casualty Company of America; Travelers Excess and Surplus Lines Company; Travelers Casualty and Surety Company,2026-06-05,,2026-10-03
"Block Real Estate Services, LLC",6a3b9c3c9354dca6165d2507,69fded1b62446148bd848f97,"Melcher Investment Company, LP","co Block Real Estate Services, LLC_MELCHER INVESTMENT COMPANY, LP_26-27 COI_6-23-2026_1989300139.pdf",,,processed,false,2026-06-25,,2027-01-15,2026-06-23,false,,,false,Travelers Property Casualty Company of America; The Phoenix Insurance Company,2026-06-24,,2026-10-03
"Block Real Estate Services, LLC",6a5a51c575cf58525d5424bf,69fded1b62446148bd848fb8,MIdwest Model Railroad LLC,"BPP1007945 MIDWEST MODEL RR, LLC.pdf",,,processed,false,2026-07-17,,2027-01-27,,false,,,false,Midvale Indemnity Company,2026-07-17,,2026-10-03
"Block Real Estate Services, LLC",6a26f0fc1b3591a22e40cf40,69fded1b62446148bd848fcd,Mitchell Capital Management Company,Pinnacle Certificate of Liability 2026.pdf,,,processed,false,2026-06-10,,2027-01-01,,false,,,false,,2026-06-08,,2026-10-03
"Block Real Estate Services, LLC",6a831af6e64a7e7f479e1825,69fded1b62446148bd848faf,"Midwest Administrative Services, LLC (fka Fail-Safe Product Protection, Inc.)","Lease - prg805 - Midwest Administrative Services, LLC.pdf",,,processed,false,2026-08-17,,,,false,,,false,,2026-08-17,,2026-10-03
"Block Real Estate Services, LLC",6a8c6054d47e831614faf8d6,69fded1b62446148bd848faf,"Midwest Administrative Services, LLC (fka Fail-Safe Product Protection, Inc.)",Block1.pdf,,,processed,false,2026-08-24,,2027-08-16,,false,,,false,Midvale Indemnity Company,2026-08-24,,2026-10-03
"Block Real Estate Services, LLC",6a8c6058d47e831614faf934,69fded1b62446148bd848faf,"Midwest Administrative Services, LLC (fka Fail-Safe Product Protection, Inc.)",Block4.pdf,,,processed,false,2026-08-24,,2027-08-16,,false,,,false,,2026-08-24,,2026-10-03
"Block Real Estate Services, LLC",6a8f374c2bd0295ea6baf25a,69fded1b62446148bd848faf,"Midwest Administrative Services, LLC (fka Fail-Safe Product Protection, Inc.)",doc00814620260826134906.pdf,,,processed,false,2026-09-01,,2027-08-16,2026-08-26,false,,,false,Midvale Indemnity Company,2026-08-26,,2026-10-03
"Block Real Estate Services, LLC",6a18ab77e701796d85ebc1c2,69fded1b62446148bd848fca,"Wingstop / Missouri Wings XIV, LLC",NOT FOUND - Missouri Wings XIV LLC.pdf,,,processed,false,2026-06-01,,2027-01-01,2026-03-04,false,,,false,"Wesco Insurance Company; Technology Insurance Company, Inc.; Security National Insurance Company; Zurich American Insurance Company; Aspen Specialty Insurance Company",2026-05-28,,2026-10-03
"Block Real Estate Services, LLC",6a0618cbb65dbfe9916bd215,69fded1c62446148bd848fe2,"National Vision, Inc",NationalVisionHoldingsIncCOIMillStreetStationLLC1.pdf,,,processed,false,2026-06-03,,2027-01-01,2026-01-09,false,,,false,Travelers Property Casualty Company of America; The Charter Oak Fire Insurance Company; Great American Security Insurance Company; The Travelers Indemnity Company of Connecticut; The Travelers Indemnity Company of America,2026-05-14,,2026-10-03
"Block Real Estate Services, LLC",6a58e16a5c7b97125a9c8613,69fded1c62446148bd848fdf,"Munch's Supply O'Connor LLC / O'Connor Company, Inc.",O'Connor - Block Real Estate.pdf,,,processed,false,2026-07-21,,2026-09-30,2026-07-16,false,,,false,Federal Insurance Company; Chubb National Insurance Company,2026-07-16,,2026-10-03
"Block Real Estate Services, LLC",6a43d905c7f86ba6f2674982,69fded1c62446148bd848ff4,Netsmart Technologies Inc,"PERG BUILDINGS, LLC COI.pdf",,,processed,false,2026-06-30,,2026-11-11,2026-06-22,false,,,false,Chubb Indemnity Insurance Company; Great Northern Insurance Company; Federal Insurance Company,2026-06-30,,2026-10-03
"Block Real Estate Services, LLC",6a55038dd7a2098716cacbfe,69fded1c62446148bd848ff4,Netsmart Technologies Inc,"Netsmart COI-PERG BUILDINGS, LLC_v4.pdf",,,processed,false,2026-07-14,,2026-11-11,2026-07-01,false,,,false,Chubb Indemnity Insurance Company; Great Northern Insurance Company; Federal Insurance Company,2026-07-13,,2026-10-03
"Block Real Estate Services, LLC",6a7dc8ed054fa473f0cf525a,69fded1c62446148bd848ff1,Nestle Purina PetCare Co.,Lease - dav189 - Nestle Purina PetCare Co.pdf,,,processed,false,2026-08-13,,,,false,,,false,,2026-08-13,,2026-10-03
"Block Real Estate Services, LLC",6aad83a61eb773ddb295899b,69fded1c62446148bd848ff1,Nestle Purina PetCare Co.,cert_NYC_Davenport Investors_ LLC_11016376_17.pdf,,,processed,false,2026-09-18,,2027-01-01,2026-08-14,false,,,false,ACE American Insurance Company; Indemnity Insurance Company of North America; ACE Fire Underwriters Insurance Company; N / A,2026-09-18,,2026-10-03
"Block Real Estate Services, LLC",6a3957c8efaf8fc91cd0aef7,69fded1c62446148bd84900f,Nifty Promotions LLC,Nifty Block Cert.pdf,,,processed,false,2026-06-22,,2026-10-27,2026-06-22,false,,,false,"Hartford Underwriters Insurance Company; The Hartford; Fidelity and Guaranty Insurance Underwriters, Inc.",2026-06-22,,2026-10-03
"Block Real Estate Services, LLC",6a3e82d457a0d280997f8302,69fded1c62446148bd849027,OMB Bank,OMB - Block Real Estate - Updated COI.pdf,,,processed,false,2026-06-30,,2027-01-01,2026-06-15,false,,,false,Travelers Insurance,2026-06-26,,2026-10-03
"Block Real Estate Services, LLC",6a3576951f6b786b44770021,69fded1d62446148bd849042,"Oz Accommodations, Inc.",Certificate - 2026-06-19T120411.656.pdf,,,processed,false,2026-06-22,,2027-04-22,2026-06-19,false,,,false,The Cincinnati Insurance Company; The Cincinnati Indemnity Company,2026-06-19,,2026-10-03
"Block Real Estate Services, LLC",6a2c52fa8b0f9b5ef895d8a1,69fded1d62446148bd849051,"Hydro Ponics / River Market Hydro / Palm Green, LLC",COI Palm Green.pdf,,,processed,false,2026-06-15,,2026-10-19,2026-06-05,false,,,false,Owners Insurance Company,2026-06-12,,2026-10-03
"Block Real Estate Services, LLC",6a34341c3cbac59a7c5f949e,69fded1d62446148bd849069,PCG Wealth Management LLC,Block Real Estate__COI.pdf,,,processed,false,2026-06-18,,2027-01-01,2026-06-18,false,,,false,Columbia Mutual Insurance Company,2026-06-18,,2026-10-03
"Block Real Estate Services, LLC",6a2af9099564d418934746dc,69fded1d62446148bd84906c,Pennsylvania Tool Sales and Service Inc,Block COI.pdf,,,processed,false,2026-06-15,,2026-11-22,2026-06-08,false,,,false,Monroe Guaranty Insurance Company; National Trust Insurance Company,2026-06-11,,2026-10-03
"Block Real Estate Services, LLC",6a43fb78d1b03a7ae56a13e1,69fded1d62446148bd84905d,Nitto Denko Automotive / Parkers America,Block Real Estate Services LLC_Parker Americas Inc._26-27 GL BAUT UMBR_6-29-2026_2023086823.pdf,,,processed,false,2026-06-30,,2027-04-03,2026-06-29,false,,,false,Liberty Mutual Fire Insurance Company; Liberty Insurance Corporation,2026-06-30,,2026-10-03
"Block Real Estate Services, LLC",6a79d8967c7b9a41c5b4be24,69fded1d62446148bd84906f,Penske Truck Leasing Co LP,PLATTE COI 26-27 UPDATED.pdf,,,processed,false,2026-08-13,,2027-01-01,,false,,,false,Old Republic Insurance Company,2026-08-10,,2026-10-03
"Block Real Estate Services, LLC",6a7e183d21bea02177a26480,69fded1d62446148bd84906f,Penske Truck Leasing Co LP,Lease - kci283 - Penske Truck Leasing CO (1).pdf,,,processed,false,2026-08-13,,,,false,,,false,,2026-08-13,,2026-10-03
"Block Real Estate Services, LLC",6a7e183e21bea02177a2649f,69fded1d62446148bd84906f,Penske Truck Leasing Co LP,Lease - kci283 - Penske Truck Leasing CO (2).pdf,,,processed,false,2026-08-13,,,,false,,,false,,2026-08-13,,2026-10-03
"Block Real Estate Services, LLC",6a9997f1c0c3e3aba5148bc0,69fded1e62446148bd84908d,"Servpro / Piat, Inc.","co Block Real Estate Services, LLC._26-27 Standard- PIAT (1).pdf",,,processed,false,2026-09-15,,2027-01-24,2026-09-03,false,,,false,Capitol Specialty Insurance Corporation; Continental Casualty Company; The Cincinnati Casualty Company; Waypoint Mutual,2026-09-03,,2026-10-03
"Block Real Estate Services, LLC",6a5a2d8575d581809e56786a,69fded1e62446148bd84909f,Polaris Pharmacy Services of Missouri,ACORD Form 20260716-143725.pdf,,,processed,false,2026-07-22,,2027-07-01,2026-07-16,false,,,false,Illinois Union Insurance Company; Federal Insurance Company,2026-07-17,,2026-10-03
"Block Real Estate Services, LLC",6a60f5d9758aff68c415842d,69fded1e62446148bd84909f,Polaris Pharmacy Services of Missouri,76WBGBS30DV (2).pdf,,,processed,false,2026-07-27,,2027-04-25,2026-07-22,false,,,false,Hartford Fire and Its P & C Affiliates,2026-07-22,,2026-10-03
"Block Real Estate Services, LLC",6a60f5db758aff68c415844b,69fded1e62446148bd84909f,Polaris Pharmacy Services of Missouri,ACORD Form 20260722-101046.pdf,,,processed,false,2026-07-27,,2027-07-01,2026-07-16,false,,,false,Illinois Union Insurance Company; Federal Insurance Company,2026-07-22,,2026-10-03
"Block Real Estate Services, LLC",6a71efaf5d1c88bd9bf67d12,69fded1e62446148bd84909f,Polaris Pharmacy Services of Missouri,Lease - bf3944 - Polaris.pdf,,,processed,false,2026-08-04,,,,false,,,false,,2026-08-04,,2026-10-03
"Block Real Estate Services, LLC",6a5fbc94b4df9ca70600c21c,69fded1e62446148bd8490ab,Prairie Engineers PC,Block Real Estate Services LLC_UPDATED_7-21-2026_755204614.pdf,,,processed,false,2026-07-22,,2027-07-15,2026-07-21,false,,,false,XL Specialty Insurance Company; American Guarantee and Liability Insurance Company,2026-07-21,,2026-10-03
"Block Real Estate Services, LLC",6a441f5cc7f86ba6f2674d22,69fded1e62446148bd8490b1,"Prime Source Building Products, Inc.",cert_LOS_Prime Source Associates_ LLC_2692705_15.pdf,,,processed,false,2026-06-30,,2027-06-30,2026-06-30,false,,,false,"National Union Fire Insurance Company of Pittsburgh, Pa.; AIU Insurance Company; Endurance Assurance Corporation; Indemnity Insurance Company of North America; Steadfast Insurance Company; QBE Specialty Insurance Company",2026-06-30,,2026-10-03
"Block Real Estate Services, LLC",6a2c0d1214fe6fd29725e9a3,69fded1e62446148bd8490b7,Pro Concrete Design Inc,COI - Platte Valley Investment & Block.pdf,,,processed,false,2026-06-25,,2026-10-01,2026-03-23,false,,,false,The Cincinnati Insurance Company; The Cincinnati Casualty Company; Westchester Surplus Lines Insurance Company,2026-06-12,,2026-10-03
"Block Real Estate Services, LLC",6abfabc75bb9566faaabe0a5,69fded1e62446148bd8490b7,Pro Concrete Design Inc,COI - Platte Valley Investment (Block) 10.1.2026.pdf,,,processed,false,,,2027-10-01,2026-09-29,false,,,false,The Cincinnati Insurance Company; MEM Secure Insurance Company; Westchester Surplus Lines Insurance Company,2026-10-02,,2026-10-03
"Block Real Estate Services, LLC",6a99c9a830abe0dd7cd9040e,69fded1e62446148bd8490c3,Propak Logistics Inc,Lease - tic541 - Propak 5101.pdf,,,processed,false,2026-09-15,,,,false,,,false,,2026-09-03,,2026-10-03
"Block Real Estate Services, LLC",6a7501d00166c7493f75e95f,69fded1e62446148bd8490cc,"Psychology Office Management, Inc.",Acord for Business.pdf,,,processed,false,2026-08-11,,2026-10-01,2026-08-06,false,,,false,State Farm Fire and Casualty Company,2026-08-06,,2026-10-03
"Block Real Estate Services, LLC",6a7c9036c197dd69b08fad50,69fded1e62446148bd8490cc,"Psychology Office Management, Inc.",Lease - tic752 - Psychology Office Management.pdf,,,processed,false,2026-08-12,,,,false,,,false,,2026-08-12,,2026-10-03
"Block Real Estate Services, LLC",6a3ea341c440b3797746b7c8,69fded1e62446148bd8490cf,Pulse Design Group,"Block Real Estate Services LLC_Pulse Design Group, Inc._26-27 GAUWP_6-26-2026_1733011510.pdf",,,processed,false,2026-06-30,,2027-01-01,2026-06-26,false,,,false,Hartford Underwriters Insurance Company; XL Specialty Insurance Company,2026-06-26,,2026-10-03
"Block Real Estate Services, LLC",6a07252eb333109abbece2a7,69fded1e62446148bd8490d2,"Q4 Industries, LLC",Q4IndustriesLLC-CertificateofLiabilityInsurance-PERGBuildingsLLCBlockRealEstatesServicesLLC1.pdf,,,processed,false,2026-06-02,,2026-11-06,2026-01-22,false,,,false,Auto-Owners Insurance Company; Owners Insurance Company,2026-05-15,,2026-10-03
"Block Real Estate Services, LLC",6a6bae3ebcce2cc2487c53a7,69fded1f62446148bd8490ea,"Regal Staffing, LLC",Block.pdf,,,processed,false,2026-08-03,,2027-07-20,2026-07-16,false,,,false,Philadelphia Indemnity Insurance Company; National Casualty Company; Twin City Fire Insurance Company,2026-07-30,,2026-10-03
"Block Real Estate Services, LLC",6a70f52900191bb5cd20188a,69fded1f62446148bd8490ea,"Regal Staffing, LLC",Lease - glo511 - Regal Staffing LLC.pdf,,,processed,false,2026-08-03,,,,false,,,false,,2026-08-03,,2026-10-03
"Block Real Estate Services, LLC",6a958bcaee4aad1167657a61,69fded1f62446148bd8490e7,Reeves-Wiedeman Co,"CO BLOCK REAL ESTATE SERVICES, LLC COI.pdf",,,processed,false,2026-09-09,,2027-04-01,2026-03-31,false,,,false,"National Fire Insurance Company of Hartford; The Continental Insurance Company; American Casualty Company of Reading, Pennsylvania",2026-08-31,,2026-10-03
"Block Real Estate Services, LLC",6a7a1a4f585d916fef6cd7b2,69fded1f62446148bd8490f3,Rent-A-Center #1724,"Vivion Road Development Co., LLC(49161).pdf",,,processed,false,2026-08-19,,2027-08-05,2026-07-30,false,,,false,"Zurich American Insurance Company; National Union Fire Insurance Company of Pittsburgh, Pa.; AIU Insurance Company",2026-08-10,,2026-10-03
"Block Real Estate Services, LLC",6aa44653220465b8ce8921c6,69fded1f62446148bd84910b,Roto-Rooter Services Company Inc,Lease - 460549 - Roto-Rooter.pdf,,,processed,false,2026-09-11,,,,false,,,false,,2026-09-11,,2026-10-03
"Block Real Estate Services, LLC",6a8dcd34b20aab8071f9e6da,69fded1f62446148bd849114,"Royal Gyros (Royal Donuts, LLC) / Ahed Kalifa",Royal Donuts LLC Renewal Certificate 25-26-Belton MO Properties LLC 8 25 26.pdf,,,processed,false,2026-08-26,,2026-11-02,2026-08-25,false,,,false,United States Liability Insurance Company,2026-08-25,,2026-10-03
"Block Real Estate Services, LLC",6a903abfc4431ee03cf43f16,69fded1f62446148bd849114,"Royal Gyros (Royal Donuts, LLC) / Ahed Kalifa",Lease - 3rd979 - Royal Donuts.pdf,,,processed,false,2026-08-27,,,,false,,,false,,2026-08-27,,2026-10-03
"Block Real Estate Services, LLC",6a99c85530abe0dd7cd903ee,69fded2062446148bd84912f,Salvation Army Family Store / The Salvation Army,Lease - 3rd989 - Salvation Army.pdf,,,processed,false,2026-09-15,,,,false,,,false,,2026-09-03,,2026-10-03
"Block Real Estate Services, LLC",6a8c890ad47e831614fafb57,69fded2062446148bd849141,Seen Merchandising LLC,Lease - tic783 - Seen Merchandising LLC.pdf,,,processed,false,2026-08-24,,,,false,,,false,,2026-08-24,,2026-10-03
"Block Real Estate Services, LLC",6aa9803a0ebc99a0f47162af,69fded2062446148bd849141,Seen Merchandising LLC,26-27 Seen Merchandising COI - Block Real Estate Services LLC.pdf,,,processed,false,2026-09-15,,2027-05-14,2026-09-15,false,,,false,The Charter Oak Fire Insurance Company; The Travelers Indemnity Company; Travelers Property Casualty Company of America; Accident Fund National Insurance Company,2026-09-15,,2026-10-03
"Block Real Estate Services, LLC",6a566542920c7c777ab3acec,69fded2062446148bd84913e,Security Data Supply,Certificate of Insurance.pdf,,,processed,false,2026-07-14,,2027-01-30,2026-07-14,false,,,false,Hartford Underwriters Insurance Company; Nutmeg Insurance Company,2026-07-14,,2026-10-03
"Block Real Estate Services, LLC",6a05f72d3b391be9f4c2b307,69fded2062446148bd849147,Select Physical Therapy / Healthsouth Corp,SelectMedicalCorporationCOIMidwestKetterInvestmentsLLC3.pdf,,,processed,false,2026-06-01,,2026-12-31,2026-03-26,false,,,false,"Liberty Mutual Fire Insurance Company; Allied World Assurance Company , AG; National Fire & Marine Insurance Company; American Guarantee and Liability Insurance Company; LM Insurance Corporation; Ironshore Specialty Insurance Company",2026-05-14,,2026-10-03
"Block Real Estate Services, LLC",6a3d7b3c540c4e7a799a0422,69fded2062446148bd849162,"Show Me State Vital Care / Show Me State Infusion Pharmacy, LLC",Worker's Comp_Show Me_Cert of Insurance Liability_Policy UB-B1092529-26-42_03.07.26 through 03.07.27_Riverside_Block Real Estate Services.pdf,,,processed,false,2026-06-26,,2027-03-07,2026-06-25,false,,,false,TRAVELERS CASUALTY INSURANCE COMPANY OF AMERICA,2026-06-25,,2026-10-03
"Block Real Estate Services, LLC",6a43f19f04ca7701e3da6a21,69fded2062446148bd849162,"Show Me State Vital Care / Show Me State Infusion Pharmacy, LLC",Pharmacist Mutual_Block Real Estate Doc.pdf,,,processed,false,2026-06-30,,2027-05-14,2026-05-28,false,,,false,Pharmacists Insurance Company; Chiron Insurance Company,2026-06-30,,2026-10-03
"Block Real Estate Services, LLC",6a6ba4ae1883c81e7bc778c8,69fded2062446148bd849162,"Show Me State Vital Care / Show Me State Infusion Pharmacy, LLC",Lease - kci893 - Show Me State Vital Care.pdf,,,processed,false,2026-07-30,,,,false,,,false,,2026-07-30,,2026-10-03
"Block Real Estate Services, LLC",6a39654eefaf8fc91cd0af3a,69fded2062446148bd84915c,Sherwin Williams-SW 07526,Sherwin Williams COI.pdf,,,processed,false,2026-06-22,,2027-05-01,2026-04-23,false,,,false,ACE American Insurance Company; ACE Fire Underwriters Insurance Company; Old Republic Insurance Company; ACE Property and Casualty Insurance Company,2026-06-22,,2026-10-03
"Block Real Estate Services, LLC",6a724e057518e8c1cb905e51,69fded2062446148bd84915c,Sherwin Williams-SW 07526,"Mill Street Station, LLC-570119596606.pdf",,,processed,false,2026-08-06,,2027-05-01,2026-04-23,false,,,false,ACE American Insurance Company; ACE Fire Underwriters Insurance Company; Old Republic Insurance Company; ACE Property and Casualty Insurance Company,2026-08-04,,2026-10-03
"Block Real Estate Services, LLC",6a74eb1f0166c7493f75e909,69fded2062446148bd84915c,Sherwin Williams-SW 07526,Lease - mil708 - Sherwin Williams SW 07526.pdf,,,processed,false,2026-08-06,,,,false,,,false,,2026-08-06,,2026-10-03
"Block Real Estate Services, LLC",6a837672d00ce33ba8a1b474,69fded2062446148bd84916e,SJK Global LLC,COI - Block Real Estate (1).pdf,,,processed,false,2026-08-17,,2027-01-23,2026-07-24,false,,,false,"Sentinel Insurance Company, Ltd.; Trumbull Insurance Company",2026-08-17,,2026-10-03
"Block Real Estate Services, LLC",6a8376b0fe7735c1f5f55741,69fded2062446148bd84916e,SJK Global LLC,Lease - tic680 - SJK Clobal LLC.pdf,,,processed,false,2026-08-17,,,,false,,,false,,2026-08-17,,2026-10-03
"Block Real Estate Services, LLC",6a4d3e48bceadc2661204f01,69fded2062446148bd849177,"Epic Vision Center / Smithville Eye Center, LLC",Block Real Estate.pdf,,,processed,false,2026-07-10,,2027-06-15,2026-07-07,false,,,false,Twin City Fire Insurance Company,2026-07-07,,2026-10-03
"Block Real Estate Services, LLC",6a566eb4070863dfb4dba8c4,69fded2062446148bd849177,"Epic Vision Center / Smithville Eye Center, LLC",WC - 8305 Melrose 26-27.pdf,,,processed,false,2026-07-15,,2027-08-01,2026-07-10,false,,,false,American Zurich Insurance Company,2026-07-14,,2026-10-03
"Block Real Estate Services, LLC",6a32d114106a7c71e356808a,69fded2062446148bd849174,Slim 4 Life Weight Loss Centers Inc,"Midwest Ketter Investments, LLC_4 Life Weight Loss Centers, Inc._Master 26-27_6-16-2026_2059136014.pdf",,,processed,false,2026-06-17,,2026-11-13,,false,,,false,Hartford Casualty Insurance Company,2026-06-17,,2026-10-03
"Block Real Estate Services, LLC",6abd4ad2c3172799e9b92edd,69fded2062446148bd849174,Slim 4 Life Weight Loss Centers Inc,Block-Real-Estate-Services-LLC_Master-26-27-(WCOM-26- 093026.pdf,,,processed,false,,,2027-02-02,2026-09-30,false,,,false,"Travelers Casualty and Surety Company of America; Sentinel Insurance Company, Ltd.",2026-09-30,,2026-10-03
"Block Real Estate Services, LLC",6abe74838a6bfac0bfe445a3,69fded2062446148bd849174,Slim 4 Life Weight Loss Centers Inc,"Block Real Estate Services, LLC_4 Life Weight Loss Centers, Inc._Master 26-27_9-30-2026_1432944954.pdf",,,processed,false,,,2027-02-02,2026-09-30,false,,,false,"Sentinel Insurance Company, Ltd.; Travelers Casualty Insurance Company of America",2026-10-01,,2026-10-03
"Block Real Estate Services, LLC",6a870cb7ad5262fbc69871dd,69fded2162446148bd849180,Sobriety First,Lease - 3rd654 - Sobriety First.pdf,,,new,false,2026-08-20,,,,false,,,false,,2026-08-20,,2026-10-03
"Block Real Estate Services, LLC",6a8756374679691826ed9f2f,69fded2162446148bd849180,Sobriety First,COI_AUG2026.pdf,,,processed,false,2026-08-24,,2027-01-13,2026-08-11,false,,,false,"Acuity, A Mutual Insurance Company",2026-08-20,,2026-10-03
"Block Real Estate Services, LLC",6a7ba4e68a6c49b387082b0b,69fded2162446148bd849183,"Soleran, Inc. (sublease from Sunflower Health Plan / Centene Management Company, LLC)",COI 2026-2027 Soleran Block RE 3.pdf,,,processed,false,2026-08-19,,2027-08-06,2026-08-11,false,,,false,"Sentinel Insurance Company, Ltd.; Trumbull Insurance Company",2026-08-11,,2026-10-03
"Block Real Estate Services, LLC",6a3981c6f214bcb869b222d5,69fded2162446148bd849189,South Western Communications Inc,Block updated 6-22-26.pdf,,,processed,false,2026-06-23,,2027-03-01,2026-06-22,false,,,false,Zurich American Insurance Company; Scottsdale Indemnity Company,2026-06-22,,2026-10-03
"Block Real Estate Services, LLC",6a96161520febea467b87f4d,69fded2162446148bd8491a4,"Midwest Office Technology / STA-MOT-KS, LLC",STA - 8349 COI.pdf,,,processed,false,2026-09-09,,2027-08-31,2026-08-21,false,,,false,The Travelers Indemnity Company of America; Travelers Casualty Insurance Company of America; The Travelers Indemnity Company,2026-09-01,,2026-10-03
"Block Real Estate Services, LLC",6aa2c52ff232d23aff6af456,69fded2162446148bd8491a4,"Midwest Office Technology / STA-MOT-KS, LLC",Lease - prg805 - Midwest Office Technology.pdf,,,processed,false,2026-09-10,,,,false,,,false,,2026-09-10,,2026-10-03
"Block Real Estate Services, LLC",6a6d1ab5fbee8cd133297f11,69fded2162446148bd8491aa,Star Beauty,Star Beauty COI 7.31.26.pdf,,,processed,false,2026-08-03,,2027-01-12,2026-07-31,false,,,false,Travelers Casualty Insurance Company of America; TravCo Insurance Company,2026-07-31,,2026-10-03
"Block Real Estate Services, LLC",6a73dd92e37ff45c60ffb842,69fded2162446148bd8491aa,Star Beauty,803358231.pdf,,,processed,false,2026-08-10,,2027-01-12,2026-08-05,false,,,false,Travelers Casualty Insurance Company of America; TravCo Insurance Company,2026-08-06,,2026-10-03
"Block Real Estate Services, LLC",6aaca06f89c0a057639bf804,69fded2162446148bd8491aa,Star Beauty,Star Beauty COI 9.17.26.pdf,,,processed,false,2026-09-28,,2027-01-12,2026-09-17,false,,,false,Travelers Casualty Insurance Company of America; TravCo Insurance Company,2026-09-18,,2026-10-03
"Block Real Estate Services, LLC",6a99e56230abe0dd7cd908eb,69fded2162446148bd8491a1,"Spirit Haven / SSB, LLC",Lease - 3rd074 - Spirit Haven (1).pdf,,,processed,false,2026-09-03,,,,false,,,false,,2026-09-03,,2026-10-03
"Block Real Estate Services, LLC",6a9af12fe6f36c68e5ba4d8e,69fded2162446148bd8491a1,"Spirit Haven / SSB, LLC",SSB COOI.pdf,,,processed,false,2026-09-15,,2027-01-08,2026-09-04,false,,,false,Auto-Owners Insurance Company; Employers Preferred Insurance Company,2026-09-04,,2026-10-03
"Block Real Estate Services, LLC",6a3415063a28b57599a17cd8,69fded2162446148bd8491bc,Stratus Surfaces LLC,"26-27 Master COI - Block Real Estate Services, LLC.pdf",,,processed,false,2026-06-22,,2027-05-01,2026-06-18,false,,,false,Employers Mutual Casualty Company,2026-06-18,,2026-10-03
"Block Real Estate Services, LLC",6a85bb9dc19367ed238c74ba,69fded2162446148bd8491c8,"Subway Real Estate, LLC",ACORD Form 20260817-132942.pdf,,,processed,false,2026-08-24,,2027-05-01,2026-05-08,false,,,false,Allmerica Financial Benefit Insurance Company,2026-08-19,,2026-10-03
"Block Real Estate Services, LLC",6a6247fe0a4315bb2509b1fe,69fded2162446148bd8491cb,Summit Heating & Cooling LLC,195.1 Blcok Real Estate.pdf,,,processed,false,2026-07-27,,2027-04-07,2026-07-23,false,,,false,Federated Mutual Insurance Company,2026-07-23,,2026-10-03
"Block Real Estate Services, LLC",6a3bea879af3fe11c94296b0,69fded2262446148bd8491d4,"Sunflower Food Company / Sunflower Hills, Inc.",Certificate Of Liability Insurance (55).pdf,,,processed,false,2026-06-30,,2027-01-01,,false,,,false,Sentry Insurance Company; Middlesex Insurance Company,2026-06-24,,2026-10-03
"Block Real Estate Services, LLC",6a3c4568d4e980e942308a27,69fded2262446148bd8491e0,TeamSmile Inc,Certificate.pdf,,,processed,false,2026-06-25,,2027-03-15,2026-06-11,false,,,false,Ohio Security Insurance Company; The Ohio Casualty Insurance Company; SFM Mutual Insurance Company; R - T Specialty LLC,2026-06-24,,2026-10-03
"Block Real Estate Services, LLC",6a6a39be7a196c21ad867ce8,69fded2262446148bd8491ec,Tesla Inc,Supercharger SC 18672 K7 Kansas Investors_ LLC (SEA-4246647).pdf,,,processed,false,2026-08-03,,2026-10-31,2026-07-29,false,,,false,Zurich American Insurance Company; American Zurich Insurance Company,2026-07-29,,2026-10-03
"Block Real Estate Services, LLC",6a70f719c4add3e98ef3e1a5,69fded2262446148bd8491ec,Tesla Inc,Lease - tic827 - Tesla Inc (1).pdf,,,processed,false,2026-08-03,,,,false,,,false,,2026-08-03,,2026-10-03
"Block Real Estate Services, LLC",6a70f719c4add3e98ef3e1c6,69fded2262446148bd8491ec,Tesla Inc,Lease - tic827 - Tesla Inc (2).pdf,,,processed,false,2026-08-03,,,,false,,,false,,2026-08-03,,2026-10-03
"Block Real Estate Services, LLC",6a34323e5d3c141fe2a9f0d1,69fded2262446148bd8491fb,Thai Chili Cuisine,Thai Chili Cuisine Dec.pdf,,,processed,false,2026-06-25,,,,false,,,false,,2026-06-18,,2026-10-03
"Block Real Estate Services, LLC",6a3c11ee471d21bbc95f6c8f,69fded2262446148bd84920d,Argosy Casino & Hotel / The Missouri Gaming Company,6-24-26 Block Income Fund COI.pdf,,,processed,false,2026-06-25,,2027-04-01,2026-06-24,false,,,false,Zurich American Insurance Company; American Guarantee and Liability Insurance Company; American Zurich Insurance Company,2026-06-24,,2026-10-03
"Block Real Estate Services, LLC",6a3eaec4c35829c634df588f,69fded2262446148bd84920d,Argosy Casino & Hotel / The Missouri Gaming Company,6-26-2026 Block Income Fund COI.pdf,,,processed,false,2026-06-30,,2027-04-01,2026-06-26,false,,,false,Zurich American Insurance Company; American Guarantee and Liability Insurance Company; American Zurich Insurance Company,2026-06-26,,2026-10-03
"Block Real Estate Services, LLC",6a55207e4a3538cc4162dae0,69fded2262446148bd84920d,Argosy Casino & Hotel / The Missouri Gaming Company,Lease - bf3944 - Argosy Casino & Hotel.pdf,,,processed,false,2026-07-13,,,,false,,,false,,2026-07-13,,2026-10-03
"Block Real Estate Services, LLC",6a7c70bb6e9b75f254994558,69fded2262446148bd849222,Titan Built LLC,CO BLOCK REAL ESTATE SERVICES 23857026.pdf,,,processed,false,2026-08-17,,2027-01-01,2026-08-11,false,,,true,The Travelers Indemnity Company of America; The Phoenix Insurance Company; The Travelers Indemnity Company of Connecticut; Travelers Property Casualty Company of America,2026-08-12,,2026-10-03
"Block Real Estate Services, LLC",6a837357fe6e043d430021da,69fded2262446148bd849222,Titan Built LLC,Lease - prg815 - Titan Built LLC.pdf,,,processed,false,2026-08-17,,,,false,,,false,,2026-08-17,,2026-10-03
"Block Real Estate Services, LLC",6a39a0ef56c92b305022f694,69fded2362446148bd849231,"Johnson County Davita / Total Renal Care, Inc.",cert_SEA_C_o Block Real Estate Services_4236816_1.pdf,,,processed,false,2026-06-25,,2026-10-01,2026-06-23,false,,,false,Federal Way Assurance Inc.; N / A; AIU Insurance Company,2026-06-22,,2026-10-03
"Block Real Estate Services, LLC",6a26fcb07f54c7a808caeb0d,69fded2362446148bd84923d,"Liquor Houzz / Trivedi and Riaz, Inc.",Trivedi & Riaz COI.pdf,,,processed,false,2026-06-10,,2027-04-01,,false,,,false,Tri-State Insurance Company of Minnesota,2026-06-08,,2026-10-03
"Block Real Estate Services, LLC",6a29c0b3895c408da11a7abd,69fded2362446148bd84923d,"Liquor Houzz / Trivedi and Riaz, Inc.",Worker comp and Employer liability Liquor houzz.pdf,,,processed,false,2026-06-10,,,,false,,,false,,2026-06-10,,2026-10-03
"Block Real Estate Services, LLC",6a3995fc72d1657c15f9dcac,69fded2362446148bd849255,Unified Door & Hardware Group LLC,"26-27-Foundation Building Materials, Inc-COI-co Block Real Estate Services, LLC-22634581.pdf",,,processed,false,2026-06-23,,2027-06-01,2026-06-22,false,,,true,"National Union Fire Insurance Company of Pittsburgh, Pa.; ACE Property and Casualty Insurance Company; AIU Insurance Company",2026-06-22,,2026-10-03
"Block Real Estate Services, LLC",6a062146b65dbfe9916d4fbe,69fded2362446148bd84925e,"Triton Stone Group/Triton Stone of Kansas City / Unique Stone Concepts, LLC",570118801739.pdf,,,processed,false,2026-06-02,,2027-04-01,2026-03-26,false,,,false,Zurich American Insurance Company; American Guarantee and Liability Insurance Company,2026-05-14,,2026-10-03
"Block Real Estate Services, LLC",6a85ab0ac9d99eef6a3a06a5,69fded2362446148bd84926a,United Refrigeration Inc,26-27 Liability Cert-Set - United Refrigeration Inc.pdf,,,processed,false,2026-08-24,,2027-01-01,2026-08-17,false,,,false,Arch Insurance Company,2026-08-19,,2026-10-03
"Block Real Estate Services, LLC",6a556848501b8361b0e98501,69fded2462446148bd849282,Verizon / Cellular Sales,"Verizon  Cellular Sales_Steven G. Kremer, as Trustee of the.pdf",,,processed,false,2026-07-15,,2026-09-17,2026-07-13,false,,,false,Hartford Underwriters Insurance Company,2026-07-13,,2026-10-03
"Block Real Estate Services, LLC",6aae05379a5cd239c5ac0d53,69fded2462446148bd849282,Verizon / Cellular Sales,IMG_0613.png,,,processed,false,2026-09-28,,2027-09-17,,false,,,false,,2026-09-19,,2026-10-03
"Block Real Estate Services, LLC",6a67a23c72e3a2f582038b7f,69fded2462446148bd84927f,Var City Maintenance LLC,LEASE - prg802 - Var City Maintenance LLC.pdf,,,processed,false,2026-07-27,,,,false,,,false,,2026-07-27,,2026-10-03
"Block Real Estate Services, LLC",6a8dc82d6297a64f442c088f,69fded2462446148bd84927f,Var City Maintenance LLC,"26-27 Master Certificate - PERG BUILDINGS, LLC.pdf",,,processed,false,2026-08-26,,2027-02-22,2026-08-25,false,,,false,"General Insurance Company of America; The Ohio Casualty Insurance Company; American Casualty Company of Reading, Pennsylvania",2026-08-25,,2026-10-03
"Block Real Estate Services, LLC",6a5117faa37aba637389fef8,69fded2462446148bd849297,Vortex Industries LLC,"Block Real Estate Services, LLC_Nexus Holding LLC; Vortex Industrie_ 26-27 GL(ai-pnc-ws-noc_6-23-2026_1761681646.pdf",,,processed,false,2026-07-14,,2027-07-01,2026-06-23,false,,,false,Old Republic Insurance Company; Great American Insurance Company,2026-07-10,,2026-10-03
"Block Real Estate Services, LLC",6a3026be7828333b350b9d7e,69fded2462446148bd8492a9,"Advena Living /Cornerstone Group Holdings, Inc. (sublease of Midlands Independent Review Board, LLC / WCG IRB, Inc.)",COI- LL- MLIRB- KS 25-26.pdf,,,processed,false,2026-06-17,,2026-12-08,2025-12-08,false,,,false,The Hartford,2026-06-15,,2026-10-03
"Block Real Estate Services, LLC",6a3ecbacf2ac6f34a3c56b58,69fded2462446148bd8492c1,World Acceptance Corporation / World Finance,1162-World coi 3-1-27.pdf,,,processed,false,2026-06-26,,2027-03-01,2026-02-27,false,,,false,Zurich American Insurance Company; Travelers Property Casualty Company of America,2026-06-26,,2026-10-03
"Block Real Estate Services, LLC",6a55205a21f86634e8b19ad4,69fded2462446148bd8492c1,World Acceptance Corporation / World Finance,Lease - 3rd979 - World Acceptance Corp.pdf,,,processed,false,2026-07-13,,,,false,,,false,,2026-07-13,,2026-10-03
"Block Real Estate Services, LLC",6a677897172a897493983397,6a072930f523b35823695c72,Taikan Development Corporation,37SBABF1360.pdf,,,processed,false,2026-07-28,,2026-08-13,2026-07-27,false,,,false,"Sentinel Insurance Company, Ltd.",2026-07-27,,2026-10-03
"Block Real Estate Services, LLC",6a6916ea24dd182c77759a5b,6a072930f523b35823695c72,Taikan Development Corporation,Taikan COI.pdf,,,processed,false,2026-07-29,,2027-08-09,2026-07-27,false,,,false,"Sentinel Insurance Company, Ltd.; Twin City Fire Insurance Company",2026-07-28,,2026-10-03
"Block Real Estate Services, LLC",6a848256be849ef01a1b63ca,6a1750d2df078f8120119232,Dr. Julia Loecker Dentistry,Dr. Loecker Feb 2019 - Base Lease.pdf,,,processed,false,2026-08-18,,,,false,,,false,,2026-08-18,,2026-10-03
"Block Real Estate Services, LLC",6a8db56d6297a64f442c07b7,6a175a7bee5ef0b8dc066236,"PropertyRate, LLC",Deficiencies Explanation - Please Clear.pdf,,,processed,false,2026-08-26,,,,true,low,<p>Lease requested from BRES</p>,false,,2026-08-25,,2026-10-03
"Block Real Estate Services, LLC",6a8f2bf413b7b9a9d3fde86a,6a175a7bee5ef0b8dc066236,"PropertyRate, LLC",BlockRealEstateServicesLLC_W47719118.pdf,,,processed,false,2026-09-01,,2027-01-01,2026-08-26,false,,,true,Hartford Underwriters Insurance Company; Valley Forge Insurance Company,2026-08-26,,2026-10-03
"Block Real Estate Services, LLC",6a9ae04a24fe7bff135a1620,6a175a7bee5ef0b8dc066236,"PropertyRate, LLC","LEASE - -3rd867 - PropertyRate, LLC.pdf",,,processed,false,2026-09-04,,,,false,,,false,,2026-09-04,,2026-10-03
"Block Real Estate Services, LLC",6a73b6371d2a69d971607741,6a184f0e5a886bcac1349c23,"Veseris / ES OPCO OSE, LLC",23835329 Veseris.pdf,,,processed,false,2026-08-10,,2027-02-15,2026-08-05,false,,,false,"National Union Fire Insurance Company of Pittsburgh, Pa.; AIG Specialty Insurance Company; Granite State Insurance Company; Navigators Specialty Insurance Company",2026-08-05,,2026-10-03
"Block Real Estate Services, LLC",6a8f0a229d440c509f07f8be,6a1858dddf417460157fddd6,"Anytime Fitness / Southside Fitness, LLC",Block Real Estate.pdf,,,processed,false,2026-09-01,,2027-07-01,2026-07-21,false,,,false,Fortegra Specialty Insurance Company; SFM Mutual Insurance Company,2026-08-26,,2026-10-03
"Block Real Estate Services, LLC",6a6226dd8684afcc42f225a6,6a1862ef17ab90e8a02e444c,Fire House Subs,Manifest 42 cert Block Real Estate rev 7-23-2026.pdf,,,processed,false,2026-07-27,,2027-04-12,2026-07-23,false,,,false,Hartford Underwriters Insurance Company; Hartford Insurance Company of the Southeast,2026-07-23,,2026-10-03
"Block Real Estate Services, LLC",6a70a189638998dcd2d99fc6,6a18663d462ef1e78ea4b046,HCA-OPRMC,2026 COI KS.pdf,,,processed,false,2026-08-04,,2027-01-01,,false,,,false,,2026-08-03,,2026-10-03
"Block Real Estate Services, LLC",6abbc7588a6bfac0bfe3dfe7,6a18663d462ef1e78ea4b046,HCA-OPRMC,Lease - rmc764 - HCA-OPRMC.pdf,,,processed,false,2026-09-29,,,,false,,,false,,2026-09-29,,2026-10-03
"Block Real Estate Services, LLC",6a861480989ba4ce042c8104,6a18721753ab917b1e649498,"Critical Facilities Technology, LLC",CFT - Block Real Estate Services 26-27 Revised 8.19.26.pdf,,,processed,false,2026-08-24,,2027-06-01,2026-08-10,false,,,false,Central Insurance Company; Pinnacol Assurance; Allied World Surplus Lines Ins; Travelers Casualty and Surety Company of America,2026-08-19,,2026-10-03
"Block Real Estate Services, LLC",6a3d964fd8c76bba91751a53,6a1885319ef1cffe57c7679c,Dutch Brothers Coffee,"North Cass Development LLC_3782000_Dutch Mafia, LLC.pdf",,,processed,false,2026-06-25,,2026-10-01,2026-06-25,false,,,false,Great Northern Insurance Company; Federal Insurance Company; SAIF Corporation; Zurich American Insurance Company; N / A,2026-06-25,,2026-10-03
"Block Real Estate Services, LLC",6a19b8e90a4f71a854894948,6a19b8b18805769e5038a2ed,Savor Strategy,Savor Strategy LLC-COI.pdf,,,processed,false,2026-06-01,,2027-03-31,2026-05-22,false,,,false,State Farm Fire and Casualty Company,2026-05-29,,2026-10-03
"Block Real Estate Services, LLC",6a0619021f712c628e549e8c,6a1dd913a0ed8c51ab1dfbe5,"Hercules Industries, Inc. (fka National Sales Company)",LenexaCOI.pdf,,,processed,false,2026-06-02,,2026-09-01,2026-01-09,false,,,false,"Acuity, A Mutual Insurance Company; Crum and Forster Insurance Company",2026-05-14,,2026-10-03
"Block Real Estate Services, LLC",6a590c5be8caaf78715d0ab7,6a1ddfeea0ed8c51ab1fa0c7,Jeff Thomson Orthodontics,c-o Block Real Estate Services- LLC - Liability.pdf,,,processed,false,2026-07-21,,2026-11-15,2026-07-13,false,,,false,Sentry Insurance Company,2026-07-16,,2026-10-03
"Block Real Estate Services, LLC",6a71f5961b820e87c8d2da0a,6a1ddfeea0ed8c51ab1fa0c7,Jeff Thomson Orthodontics,ECR - 3rd307 - Parkway 134.pdf,,,processed,false,2026-08-04,,,,false,,,false,,2026-08-04,,2026-10-03
"Block Real Estate Services, LLC",6a5fd6f43d7c8f1b1ccd3d20,6a1ddffd98a3fac93a1cc908,"DPTRE, LLC (fka Fleming Advisors, LLC)",LititzB.Poly3.26-3.27.pdf,,,processed,false,2026-07-22,,,,false,,,false,,2026-07-21,,2026-10-03
"Block Real Estate Services, LLC",6a71f6315d1c88bd9bf67d51,6a1ddffd98a3fac93a1cc908,"DPTRE, LLC (fka Fleming Advisors, LLC)",ECR - 3rd307 - Parkway 134.pdf,,,processed,false,2026-08-04,,,,false,,,false,,2026-08-04,,2026-10-03
"Block Real Estate Services, LLC",6aa2c9407f0993af1d062472,6a1df472b9a647219f2f2916,Jeweler's Bench,E936460.pdf,,,processed,false,2026-09-15,,2027-08-01,2026-09-09,false,,,false,Federated Service Insurance Company,2026-09-10,,2026-10-03
"Block Real Estate Services, LLC",6a724449e1cc499e1f242288,6a1e004c23b401dcff82ac21,BRES Management Office,"Loc 281-291, 862-865, 891-895 (Liability).pdf",,,processed,false,2026-08-04,,2027-01-01,2026-01-12,false,,,false,The Phoenix Insurance Company; Travelers Property Casualty Company of America; Federal Insurance Company,2026-08-04,,2026-10-03
"Block Real Estate Services, LLC",6a7244997518e8c1cb905e32,6a1e004c23b401dcff82ac21,BRES Management Office,Lease - kci281 - BRES Management Office.pdf,,,processed,false,2026-08-04,,,,false,,,false,,2026-08-04,,2026-10-03
"Block Real Estate Services, LLC",6a74ed783cef41ee2740206c,6a1e004c23b401dcff82ac21,BRES Management Office,Certificate.pdf,,,processed,false,2026-08-06,,2027-01-01,2026-08-06,false,,,false,The Phoenix Insurance Company; The Charter Oak Fire Insurance Company,2026-08-06,,2026-10-03
"Block Real Estate Services, LLC",6a7206b95d1c88bd9bf67dbe,6a72067ea7b0558ab72338fb,Lure Creative,Lease - 3rd867 - Lure Creative.pdf,,,processed,false,2026-08-04,,,,false,,,false,,2026-08-04,,2026-10-03
"Block Real Estate Services, LLC",6a976304039faaba4d0395bf,6a72067ea7b0558ab72338fb,Lure Creative,COI JONASSON.pdf,,,processed,false,2026-09-09,,2026-11-01,2026-09-01,false,,,false,State Farm Fire and Casualty Company,2026-09-01,,2026-10-03
"Block Real Estate Services, LLC",6a7ccba0c5d460262c90fc48,6a7ccb7c72f903848e0cb0d8,Robin's Gluten Free Bakery,Lease - 3rd654 - Robin's Gluten Free Bakery.pdf,,,processed,false,2026-08-13,,,,false,,,false,,2026-08-12,,2026-10-03
"Block Real Estate Services, LLC",6aa86162690e2374a6752065,6aa861419efb7603ecfc63ae,CapFinancial Group,Lease - tic665 - CapFinancial.pdf,,,processed,false,2026-09-15,,,,false,,,false,,2026-09-14,,2026-10-03
"Block Real Estate Services, LLC",6a9af50edf004f6028b2b276,6a9af48732939092ea863a26,Daley & Fey,Lease - tic220 - Daley and Fey.pdf,,,processed,false,2026-09-10,,,,false,,,false,,2026-09-04,,2026-10-03
"Block Real Estate Services, LLC",6aad90c9a96cfe211e5757f6,6aad904d55224622f2d2f233,Empower Gymnastics LLC,Lease - col720 - Empower Gymnastics.pdf,,,processed,false,2026-09-22,,,,false,,,false,,2026-09-18,,2026-10-03
"Block Real Estate Services, LLC",6ab2a0dcd2700c5af3592946,6aad904d55224622f2d2f233,Empower Gymnastics LLC,Empower Gymnastics - COI.pdf,,,processed,false,2026-09-22,,2027-11-09,2026-09-22,false,,,false,SiriusPoint America Insurance Company,2026-09-22,,2026-10-03
"Block Real Estate Services, LLC",6ab2a1010d6bc044bd7e1eef,6aad904d55224622f2d2f233,Empower Gymnastics LLC,Empower Gymnastics PHSA-BAMH-30137-26.pdf,,,processed,false,2026-09-22,,,,false,,,false,,2026-09-22,,2026-10-03
"Block Real Estate Services, LLC",6ab2a1030d6bc044bd7e1f0e,6aad904d55224622f2d2f233,Empower Gymnastics LLC,Empower Gymnastics Property BFS71074614.pdf,,,processed,false,2026-09-22,,,,false,,,false,,2026-09-22,,2026-10-03
"Block Real Estate Services, LLC",6ab2a1050d6bc044bd7e1f2d,6aad904d55224622f2d2f233,Empower Gymnastics LLC,Empower Gymnastics Workers XWS71074614.pdf,,,processed,false,2026-09-22,,,,false,,,false,,2026-09-22,,2026-10-03
QTS Data Centers,6a3d49ec55eedc21633b2bb6,69f0f3c4beb6279e947be0da,"Clayco, Inc.",Quality Technology Services 101-07427.pdf,,,processed,false,2026-07-06,,2027-06-30,2026-06-25,false,,,false,"Zurich American Insurance Company; American Guarantee and Liability Insurance Company; XL Insurance America, Inc.; Steadfast Insurance Company",2026-06-25,,2026-10-03
QTS Data Centers,6a4ce0a76c479ddbf83cc3c1,69f0f3c4beb6279e947be0da,"Clayco, Inc.",Quality Technology Services 101-07427.pdf,,,processed,false,2026-07-09,,2027-06-30,2026-06-25,false,,,false,"Zurich American Insurance Company; American Guarantee and Liability Insurance Company; XL Insurance America, Inc.; Steadfast Insurance Company",2026-07-07,,2026-10-03
QTS Data Centers,6a4d114cbe83c795bff515ce,69f0f3c4beb6279e947be0da,"Clayco, Inc.",101-08424 Quality Technology Services LLC.pdf,,,processed,false,2026-07-09,,2027-06-30,2026-07-07,false,,,false,"Zurich American Insurance Company; American Guarantee and Liability Insurance Company; XL Insurance America, Inc.; Steadfast Insurance Company",2026-07-07,,2026-10-03
QTS Data Centers,6a42e4c304ca7701e3da6802,69f0f3c4beb6279e947be0d0,"AP Gulf States, Inc.",Please OPEN_HUB CerSecure Non-Compliance.pdf,,,processed,false,2026-07-09,,,,false,,,false,,2026-06-29,,2026-10-03
QTS Data Centers,6a42e4de5f810130a0de0b53,69f0f3c4beb6279e947be0d0,"AP Gulf States, Inc.",REVISED QTS 6.29.26.pdf,,,processed,false,2026-07-09,,2027-03-01,2026-06-29,false,,,false,"Continental Casualty Company; The Continental Insurance Company; American Casualty Company of Reading, Pennsylvania; XL Insurance America, Inc.; Transportation Insurance Company; Starr Indemnity & Liability Company; Berkley Assurance Company",2026-06-29,,2026-10-03
QTS Data Centers,6a6132d93d7c8f1b1ccd42fa,69f0f3c4beb6279e947be0d0,"AP Gulf States, Inc.",REVISED QTS 7.22.26.pdf,,,processed,false,2026-07-28,,2027-03-01,2026-07-22,false,,,false,"Continental Casualty Company; The Continental Insurance Company; American Casualty Company of Reading, Pennsylvania; Berkley Assurance Company; Transportation Insurance Company; Starr Indemnity & Liability Company",2026-07-22,,2026-10-03
QTS Data Centers,6a889529c9ce1bf59e6a8c70,69f0f3c4beb6279e947be0d0,"AP Gulf States, Inc.",QualityTechnologyServicesLLC_W47699410.pdf,,,processed,false,2026-08-25,,2027-03-01,2026-08-20,false,,,false,"Continental Casualty Company; The Continental Insurance Company; American Casualty Company of Reading, Pennsylvania; Berkley Assurance Company; Transportation Insurance Company; Starr Indemnity & Liability Company",2026-08-21,,2026-10-03
QTS Data Centers,6abbf4fe8a6bfac0bfe3f2fd,69f0f3c4beb6279e947be0d0,"AP Gulf States, Inc.",REVISED QTS 8.20.26.pdf,,,processed,false,2026-09-29,,2027-03-01,2026-08-20,false,,,false,"Continental Casualty Company; The Continental Insurance Company; American Casualty Company of Reading, Pennsylvania; Berkley Assurance Company; Transportation Insurance Company; Starr Indemnity & Liability Company",2026-09-29,,2026-10-03
QTS Data Centers,6a736a35dd728886a9db51d5,69f0f3c4beb6279e947be0e4,Gilbane Building Company,"Quality Technology Services, LLC_Gilbane Building Company_26-27  Master WC GL Auto _8-5-2026.pdf",,,processed,false,2026-08-05,,2027-06-30,2026-08-05,false,,,false,The Travelers Indemnity Company; Starr Indemnity & Liability Company; Travelers Property Casualty Company of America; The Charter Oak Fire Insurance Company; Steadfast Insurance Company,2026-08-05,,2026-10-03
QTS Data Centers,6a742350b81618015c009779,69f0f3c4beb6279e947be0e4,Gilbane Building Company,"Quality Technology Services, LLC_Gilbane Building Company_26-27  Master WC GL Auto _8-5-2026.pdf",,,processed,false,2026-08-06,,2027-06-30,2026-08-05,false,,,true,The Travelers Indemnity Company; Starr Indemnity & Liability Company; Travelers Property Casualty Company of America; The Charter Oak Fire Insurance Company; Steadfast Insurance Company,2026-08-06,,2026-10-03
QTS Data Centers,6a7e250d054fa473f0cf53e3,69f0f3c4beb6279e947be0e4,Gilbane Building Company,"Quality Technology Services, LLC_Gilbane Building Company_26-27  Master WC GL Auto _8-13-2026.pdf",,,processed,false,2026-08-14,,2027-06-30,2026-08-13,false,,,false,The Travelers Indemnity Company; Starr Indemnity & Liability Company; Travelers Property Casualty Company of America; The Charter Oak Fire Insurance Company; Steadfast Insurance Company; American Guarantee and Liability Insurance Company,2026-08-13,,2026-10-03
QTS Data Centers,6a86062b989ba4ce042c7744,69f0f3c4beb6279e947be0e4,Gilbane Building Company,Binder1.pdf,,,processed,false,2026-08-19,,2027-06-30,2026-08-14,false,,,false,The Travelers Indemnity Company; Starr Indemnity & Liability Company; Travelers Property Casualty Company of America; The Charter Oak Fire Insurance Company; Steadfast Insurance Company,2026-08-19,,2026-10-03
QTS Data Centers,6a860e686ed318e76bd919cc,69f0f3c4beb6279e947be0e4,Gilbane Building Company,Binder1.pdf,,,processed,false,2026-08-19,,2027-06-30,2026-08-14,false,,,false,The Travelers Indemnity Company; Starr Indemnity & Liability Company; Travelers Property Casualty Company of America; The Charter Oak Fire Insurance Company; Steadfast Insurance Company,2026-08-19,,2026-10-03
QTS Data Centers,6a98881f77d8403f7c1fb431,69f0f3c4beb6279e947be0e4,Gilbane Building Company,"Quality Technology Services, LLC_Gilbane Building Company_26-27 Master WC GL Auto X_9-2-2026.pdf",,,processed,false,2026-09-03,,2027-06-30,2026-09-02,false,,,false,The Travelers Indemnity Company; Starr Indemnity & Liability Company; Travelers Property Casualty Company of America; The Charter Oak Fire Insurance Company; Steadfast Insurance Company,2026-09-02,,2026-10-03
QTS Data Centers,6a396245dcd485b7faaa32de,69f0f3c4beb6279e947be0d5,Brasfield & Gorrie L.L.C.,"COI - 2627 - QTS Fayetteville I DC3, LLC.pdf",,,processed,false,2026-07-08,,2027-07-01,2026-06-22,false,,,false,The Travelers Indemnity Company; The Travelers Indemnity Company of Connecticut; * See Attachment for Schedule of Companies; Travelers Commercial Casualty Company; Steadfast Insurance Company; Old Republic Insurance Company,2026-06-22,,2026-10-03
QTS Data Centers,6a621a020a4315bb2509b106,69f0f3c4beb6279e947be0d5,Brasfield & Gorrie L.L.C.,"COI - 2627 - Quality Technology Services, LLC #30819.pdf",,,processed,false,2026-07-28,,2027-07-01,2026-07-22,false,,,false,The Travelers Indemnity Company; The Travelers Indemnity Company of Connecticut; * See Attachment for Schedule of Companies; Travelers Commercial Casualty Company; Steadfast Insurance Company; Old Republic Insurance Company,2026-07-23,,2026-10-03
QTS Data Centers,6aa2c4bf2fbcc7100320094c,69f0f3c4beb6279e947be0d5,Brasfield & Gorrie L.L.C.,"COI - 2627 - Quality Technology Services, LLC #30819.pdf",,,processed,false,2026-09-11,,2027-07-01,2026-09-10,true,low,<p>review with larry</p>,false,The Travelers Indemnity Company; The Travelers Indemnity Company of Connecticut; * See Attachment for Schedule of Companies; Travelers Commercial Casualty Company; Steadfast Insurance Company; Old Republic Insurance Company; Travelers Property Casualty Company of America,2026-09-10,,2026-10-03
QTS Data Centers,6aa2c4d3f3244169cc050c25,69f0f3c4beb6279e947be0d5,Brasfield & Gorrie L.L.C.,"COI - 2627 - Quality Technology Services, LLC #31344.pdf",,,processed,false,2026-09-11,,2027-07-01,2026-09-10,true,low,<p>review w larry</p>,false,"The Travelers Indemnity Company; The Travelers Indemnity Company of Connecticut; * See Attachment for Schedule of Companies; Travelers Commercial Casualty Company; Steadfast Insurance Company; Old Republic Insurance Company; Travelers Property Casualty Company of America; QBE Specialty Insurance Company; XL Insurance America, Inc.; BETA Healthcare Group Risk Management Authority; Berkley Specialty Insurance Company",2026-09-10,,2026-10-03
QTS Data Centers,6a3d713e33271757c8c681a4,69f0f3c4beb6279e947be0e9,"Gray Construction, Inc.",Gray Co -- New Albany GL AU UM 40 WC.pdf,,,processed,false,2026-06-29,,2026-10-01,2026-02-23,false,,,false,Zurich American Insurance Company; --- SEE ATTACHMENT --,2026-06-25,,2026-10-03
QTS Data Centers,6aa9bd854caf2207e3de9296,69f0f3c4beb6279e947be0e9,"Gray Construction, Inc.",Quality Technology Services LLC Cert.pdf,,,processed,false,2026-10-02,,2026-10-01,2026-09-15,false,,,false,Zurich American Insurance Company; The Continental Insurance Company; AXA Insurance Company,2026-09-15,,2026-10-03
QTS Data Centers,6aa9bd864caf2207e3de92ce,69f0f3c4beb6279e947be0e9,"Gray Construction, Inc.",Quality Technology Services LLC Prof Cert.pdf,,,processed,false,2026-10-02,,2026-10-01,2026-09-15,false,,,false,Indian Harbor Insurance Company,2026-09-15,,2026-10-03
QTS Data Centers,6a22cf08b90159c7f52c9bf8,69f0f3c5beb6279e947be0fd,M. A. Mortenson Company,MAMortensonCompany - Client Pack - 4464544.PDF,,,processed,false,2026-06-15,,2027-05-01,2026-05-28,false,,,false,"Arch Insurance Company; XL Insurance America, Inc.; Arch Indemnity Insurance Company",2026-06-05,,2026-10-03
QTS Data Centers,6a5e4b9a47fe3eedd09ae8c9,69f0f3c5beb6279e947be0fd,M. A. Mortenson Company,QualityTechnologyServicesLLC_W47258852.pdf,,,processed,false,2026-07-21,,2027-05-01,2026-07-13,false,,,false,"Arch Insurance Company; XL Insurance America, Inc.; Arch Indemnity Insurance Company; Starr Indemnity & Liability Company; QBE Specialty Insurance Company; Indian Harbor Insurance Company",2026-07-20,,2026-10-03
QTS Data Centers,6a394c48d382314fdae2fe3e,69f0f3c5beb6279e947be0ee,"HITT Contracting, Inc.","Quality Technology Services, LLC - Liab.pdf",,,processed,false,2026-06-25,,2027-05-01,2026-06-22,false,,,false,Liberty Insurance Corporation; Liberty Mutual Fire Insurance Company; LM Insurance Corporation; Berkley Assurance Company; American Guarantee and Liability Insurance Company,2026-06-22,,2026-10-03
QTS Data Centers,6a394ce2efaf8fc91cd0ae1e,69f0f3c5beb6279e947be0ee,"HITT Contracting, Inc.","Quality Technology Services, LLC - Liab - 2.pdf",,,processed,false,2026-06-25,,2027-05-01,2026-06-22,false,,,false,Liberty Mutual Fire Insurance Company; LM Insurance Corporation; Liberty Insurance Corporation,2026-06-22,,2026-10-03
QTS Data Centers,6a394d70accacb8cab636db9,69f0f3c5beb6279e947be0ee,"HITT Contracting, Inc.","Quality Technology Services, LLC - Liab - 3.pdf",,,processed,false,2026-06-25,,2027-05-01,2026-06-22,false,,,false,Liberty Insurance Corporation; Liberty Mutual Fire Insurance Company; LM Insurance Corporation; Berkley Assurance Company; American Guarantee and Liability Insurance Company,2026-06-22,,2026-10-03
QTS Data Centers,6a394db4accacb8cab636e1f,69f0f3c5beb6279e947be0ee,"HITT Contracting, Inc.","Quality Technology Services, LLC - Liab - 4.pdf",,,processed,false,2026-06-25,,2027-05-01,2026-06-22,false,,,false,Liberty Insurance Corporation; Liberty Mutual Fire Insurance Company; LM Insurance Corporation; Berkley Assurance Company; American Guarantee and Liability Insurance Company,2026-06-22,,2026-10-03
QTS Data Centers,6a394e00597e3570daab6088,69f0f3c5beb6279e947be0ee,"HITT Contracting, Inc.","Quality Technology Services, LLC - Liab - 5.pdf",,,processed,false,2026-06-25,,2027-05-01,2026-06-22,false,,,false,Liberty Insurance Corporation; Liberty Mutual Fire Insurance Company; LM Insurance Corporation; Berkley Assurance Company; American Guarantee and Liability Insurance Company,2026-06-22,,2026-10-03
QTS Data Centers,6a394e38accacb8cab636e54,69f0f3c5beb6279e947be0ee,"HITT Contracting, Inc.","Quality Technology Services, LLC - Liab - 6.pdf",,,processed,false,2026-06-25,,2027-05-01,2026-06-22,false,,,false,Liberty Insurance Corporation; Liberty Mutual Fire Insurance Company; LM Insurance Corporation; Berkley Assurance Company; American Guarantee and Liability Insurance Company,2026-06-22,,2026-10-03
QTS Data Centers,6a394e75d382314fdae2fe74,69f0f3c5beb6279e947be0ee,"HITT Contracting, Inc.","Quality Technology Services, LLC - Liab - 7.pdf",,,processed,false,2026-06-25,,2027-05-01,2026-06-22,false,,,false,Liberty Insurance Corporation; Liberty Mutual Fire Insurance Company; LM Insurance Corporation; Berkley Assurance Company; American Guarantee and Liability Insurance Company,2026-06-22,,2026-10-03
QTS Data Centers,6a394eb1d382314fdae2feda,69f0f3c5beb6279e947be0ee,"HITT Contracting, Inc.","Quality Technology Services, LLC - Liab - 8.pdf",,,processed,false,2026-06-25,,2027-05-01,2026-06-22,false,,,false,Liberty Insurance Corporation; Liberty Mutual Fire Insurance Company; LM Insurance Corporation; Berkley Assurance Company; American Guarantee and Liability Insurance Company,2026-06-22,,2026-10-03
QTS Data Centers,6a394ef4597e3570daab60ee,69f0f3c5beb6279e947be0ee,"HITT Contracting, Inc.","Quality Technology Services, LLC - Liab - 9.pdf",,,processed,false,2026-06-25,,2027-05-01,2026-06-22,false,,,false,Liberty Insurance Corporation; Liberty Mutual Fire Insurance Company; LM Insurance Corporation; Berkley Assurance Company; American Guarantee and Liability Insurance Company,2026-06-22,,2026-10-03
QTS Data Centers,6a394f2f597e3570daab6123,69f0f3c5beb6279e947be0ee,"HITT Contracting, Inc.","Quality Technology Services, LLC - Liab - 10.pdf",,,processed,false,2026-06-25,,2027-05-01,2026-06-22,false,,,false,Liberty Insurance Corporation; Liberty Mutual Fire Insurance Company; LM Insurance Corporation; Berkley Assurance Company; American Guarantee and Liability Insurance Company,2026-06-22,,2026-10-03
QTS Data Centers,6a394f61accacb8cab636e88,69f0f3c5beb6279e947be0ee,"HITT Contracting, Inc.","Quality Technology Services, LLC - Liab - 11.pdf",,,processed,false,2026-06-25,,2027-05-01,2026-06-22,false,,,false,Liberty Insurance Corporation; Liberty Mutual Fire Insurance Company; LM Insurance Corporation; Berkley Assurance Company; American Guarantee and Liability Insurance Company,2026-06-22,,2026-10-03
QTS Data Centers,6a394f8fefaf8fc91cd0ae84,69f0f3c5beb6279e947be0ee,"HITT Contracting, Inc.","Quality Technology Services, LLC - Liab - 12.pdf",,,processed,false,2026-06-25,,2027-05-01,2026-06-22,false,,,false,Liberty Insurance Corporation; Liberty Mutual Fire Insurance Company; LM Insurance Corporation; Berkley Assurance Company; American Guarantee and Liability Insurance Company,2026-06-22,,2026-10-03
QTS Data Centers,6a394fc2597e3570daab6158,69f0f3c5beb6279e947be0ee,"HITT Contracting, Inc.","Quality Technology Services, LLC - Liab - 13.pdf",,,processed,false,2026-06-24,,2027-05-01,2026-06-22,false,,,false,Liberty Insurance Corporation; Liberty Mutual Fire Insurance Company; LM Insurance Corporation; Berkley Assurance Company; American Guarantee and Liability Insurance Company,2026-06-22,,2026-10-03
QTS Data Centers,6a395000accacb8cab636eed,69f0f3c5beb6279e947be0ee,"HITT Contracting, Inc.","Quality Technology Services, LLC - Liab - 14.pdf",,,processed,false,2026-06-24,,2027-05-01,2026-06-22,false,,,false,Liberty Insurance Corporation; Liberty Mutual Fire Insurance Company; LM Insurance Corporation; Berkley Assurance Company; American Guarantee and Liability Insurance Company,2026-06-22,,2026-10-03
QTS Data Centers,6a15b99a616ed871febaf3ac,69f0f3c5beb6279e947be107,"Structure Tone, LLC",QTS LHTX1 26-27 STSW COI.pdf,,,processed,false,2026-06-15,,2027-01-01,2026-01-05,false,,,false,"Arch Insurance Company; XL Insurance America, Inc.; Starr Indemnity & Liability Company; Arch Indemnity Insurance Company",2026-05-26,,2026-10-03
QTS Data Centers,6a15ba41c09b3811a2868845,69f0f3c5beb6279e947be107,"Structure Tone, LLC","SOCIÉTÉ GÉNÉRALE, AS ADMINISTRATIVE.pdf",,,processed,false,2026-06-15,,2027-01-01,2026-01-22,false,,,false,"Arch Insurance Company; XL Insurance America, Inc.; Great American Insurance Company of New York; Starr Indemnity & Liability Company; Arch Indemnity Insurance Company",2026-05-26,,2026-10-03
QTS Data Centers,6a15ba4abeee935b1af439c4,69f0f3c5beb6279e947be107,"Structure Tone, LLC","SOCIÉTÉ GÉNÉRALE, AS ADMINISTRATIVE.pdf",,,processed,false,2026-06-15,,2027-01-01,2026-01-22,false,,,false,"Arch Insurance Company; XL Insurance America, Inc.; Great American Insurance Company of New York; Starr Indemnity & Liability Company; Arch Indemnity Insurance Company",2026-05-26,,2026-10-03
QTS Data Centers,6a318c9db5244123cf62b9c7,69f0f3c5beb6279e947be107,"Structure Tone, LLC",cert_NYC_QUALITY TECHNOLOGY SERVICES_ LLC_12413867_9.pdf,,,processed,false,2026-06-29,,2027-01-01,2026-06-16,false,,,false,"Arch Insurance Company; XL Insurance America, Inc.; Great American Insurance Company of New York; Starr Indemnity & Liability Company; Arch Indemnity Insurance Company",2026-06-16,,2026-10-03
QTS Data Centers,6a318ec5421d720267e63c74,69f0f3c5beb6279e947be107,"Structure Tone, LLC",STO Building Group Inc. - 14WCI8925117 (WC - AOS).pdf,,,processed,false,2026-06-29,,,,false,,,false,,2026-06-16,,2026-10-03
QTS Data Centers,6a318ed7b5244123cf62b9ff,69f0f3c5beb6279e947be107,"Structure Tone, LLC",STO Building Group Inc. - 14WCI8925117 (WC - AOS).pdf,,,processed,false,2026-06-29,,,,false,,,false,,2026-06-16,,2026-10-03
QTS Data Centers,6a31b374b5244123cf62ba91,69f0f3c5beb6279e947be107,"Structure Tone, LLC",cert_NYC_QUALITY TECHNOLOGY SERVICES_ LLC_12413867_10.pdf,,,processed,false,2026-06-29,,2027-01-01,2026-06-17,false,,,false,"Arch Insurance Company; XL Insurance America, Inc.; Great American Insurance Company of New York; Starr Indemnity & Liability Company; Arch Indemnity Insurance Company; Indian Harbor Insurance Company",2026-06-16,,2026-10-03
QTS Data Centers,6a887de0565549cbdc999b8e,69f0f3c5beb6279e947be107,"Structure Tone, LLC",DFW2 DC2 QTS COI.pdf,,,processed,false,2026-09-04,,2027-01-01,2026-08-17,true,medium,<p>Do not review: Awaiting confirmation from QTS. StructureTone requested exception for Exclusions because they carry Pollution Liability. Larry reached out to QTS 26.08.21.</p>,false,"Arch Insurance Company; XL Insurance America, Inc.; Great American Insurance Company of New York; Starr Indemnity & Liability Company; Arch Indemnity Insurance Company",2026-08-21,,2026-10-03
QTS Data Centers,6a887de1565549cbdc999bc1,69f0f3c5beb6279e947be107,"Structure Tone, LLC",Evidence of Coverage 26-27 STSW.pdf,,,processed,false,2026-09-04,,2027-01-01,2026-01-05,true,medium,<p>Do not review: Awaiting confirmation from QTS. StructureTone requested exception for Exclusions because they carry Pollution Liability. Larry reached out to QTS 26.08.21.</p>,true,"Arch Insurance Company; XL Insurance America, Inc.; Starr Indemnity & Liability Company; Arch Indemnity Insurance Company; Indian Harbor Insurance Company",2026-08-21,,2026-10-03
QTS Data Centers,6a887df0565549cbdc999bf4,69f0f3c5beb6279e947be107,"Structure Tone, LLC",DFW2 DC4- QUALITY TECHNOLOGY SERVICES_ LLC_COI.pdf,,,processed,false,2026-09-04,,2027-01-01,2026-08-13,true,medium,<p>Do not review: Awaiting confirmation from QTS. StructureTone requested exception for Exclusions because they carry Pollution Liability. Larry reached out to QTS 26.08.21.</p>,false,"Arch Insurance Company; XL Insurance America, Inc.; Great American Insurance Company of New York; Starr Indemnity & Liability Company; Arch Indemnity Insurance Company",2026-08-21,,2026-10-03
QTS Data Centers,6aa80ab52947094034f3eded,69f0f3c5beb6279e947be107,"Structure Tone, LLC",cert_NYC_QUALITY TECHNOLOGY SERVICES_ LLC_12413867_13.pdf,,,processed,false,2026-09-14,,2027-01-01,,false,,,false,"Arch Insurance Company; XL Insurance America, Inc.; Great American Insurance Company of New York; Starr Indemnity & Liability Company; Arch Indemnity Insurance Company",2026-09-14,,2026-10-03
QTS Data Centers,6aa813682947094034f3f731,69f0f3c5beb6279e947be107,"Structure Tone, LLC",DFW2 DC2 QTS COI 9.14.2026.pdf,,,processed,false,2026-09-14,,2027-01-01,2026-09-11,false,,,false,"Arch Insurance Company; XL Insurance America, Inc.; Great American Insurance Company of New York; Starr Indemnity & Liability Company; Arch Indemnity Insurance Company",2026-09-14,,2026-10-03
QTS Data Centers,6a15b7a99f12b4035e23bc10,69f0f3c5beb6279e947be0f8,"Layton Construction Company, LLC",Bank of America NA ISAOA ATIMA _.pdf,,,processed,false,2026-06-25,,2027-01-01,2026-04-14,false,,,false,"Arch Insurance Company; XL Insurance America, Inc.; Starr Indemnity & Liability Company; Great American Spirit Insurance Company; General Security National Insurance Company; Arch Indemnity Insurance Company; Indian Harbor Insurance Company",2026-05-26,,2026-10-03
QTS Data Centers,6a15b7cc616ed871febaf33c,69f0f3c5beb6279e947be0f8,"Layton Construction Company, LLC",47600114 - LCC COI - 2027.01.01 (2).pdf,,,processed,false,2026-06-25,,2027-01-01,2026-04-02,false,,,false,"Arch Insurance Company; XL Insurance America, Inc.; Starr Indemnity & Liability Company; Indian Harbor Insurance Company; Arch Indemnity Insurance Company",2026-05-26,,2026-10-03
QTS Data Centers,6a15b7f2dd0160cb0b25e6c2,69f0f3c5beb6279e947be0f8,"Layton Construction Company, LLC",47600116 - LCC COI - 2027.01.01.pdf,,,processed,false,2026-06-25,,2027-01-01,2026-04-02,false,,,false,"Arch Insurance Company; XL Insurance America, Inc.; Starr Indemnity & Liability Company; Indian Harbor Insurance Company; Arch Indemnity Insurance Company",2026-05-26,,2026-10-03
QTS Data Centers,6a281ed8f967f903d2245dab,69f0f3c5beb6279e947be102,Rogers-O-Brien Construction Company Ltd.,"Quality Technology Services, LLC_Rogers-O'Brien Construction Company_2627 Master $35M Total  _6-9-2026_1492795193.pdf",,,processed,false,2026-06-29,,2027-06-01,2026-06-09,false,,,false,"American Contractors Insurance Company Risk Retention Group; Valley Forge Insurance Company; The Continental Insurance Company; XL Insurance America, Inc.; ACIG Insurance Company; Arch Specialty Insurance Company",2026-06-09,,2026-10-03
QTS Data Centers,6a281fcdda52b0ee99d2ea74,69f0f3c5beb6279e947be102,Rogers-O-Brien Construction Company Ltd.,2026 Auto Forms.pdf,,,processed,false,2026-06-15,,2027-06-01,,false,,,false,,2026-06-09,,2026-10-03
QTS Data Centers,6a281fcdda52b0ee99d2eaac,69f0f3c5beb6279e947be102,Rogers-O-Brien Construction Company Ltd.,Casualty Endt Forms 2026.pdf,,,processed,false,2026-06-15,,2027-06-01,,false,,,false,,2026-06-09,,2026-10-03
QTS Data Centers,6a281fd0da52b0ee99d2eb54,69f0f3c5beb6279e947be102,Rogers-O-Brien Construction Company Ltd.,"Quality Technology Services, LLC_Rogers-O'Brien Construction Company_2627 Master $35M Total  _6-9-2026_565622844.pdf",,,processed,false,2026-06-15,,2027-06-01,,false,,,false,American Contractors Insurance Company Risk Retention Group; Valley Forge Insurance Company; The Continental Insurance Company; ACIG Insurance Company; Arch Specialty Insurance Company,2026-06-09,,2026-10-03
QTS Data Centers,6a4ba0a55cdf4704ae0efea1,69f0f3c5beb6279e947be102,Rogers-O-Brien Construction Company Ltd.,QTS DFW2 DC3.pdf,,,processed,false,2026-07-06,,2027-06-01,2026-05-28,false,,,false,"American Contractors Insurance Company Risk Retention Group; The Continental Insurance Company; XL Insurance America, Inc.; ACIG Insurance Company; National Fire Insurance Company of Hartford",2026-07-06,,2026-10-03
QTS Data Centers,6a4ba0cd5cdf4704ae0efed6,69f0f3c5beb6279e947be102,Rogers-O-Brien Construction Company Ltd.,QTS DFW1 DC5.pdf,,,processed,false,2026-07-06,,2027-06-01,2026-05-28,false,,,false,Endurance American Insurance Company; XL Specialty Insurance Company; American Contractors Insurance Company Risk Retention Group; ACIG Insurance Company; Valley Forge Insurance Company; Arch Specialty Insurance Company,2026-07-06,,2026-10-03
QTS Data Centers,6a551635aca92682f523a808,69f0f3c5beb6279e947be102,Rogers-O-Brien Construction Company Ltd.,"Quality Technology Services, LLC_Rogers-O'Brien Construction Company_2627 Master $35M Total  _7-13-2026_410370863.pdf",,,processed,false,2026-07-22,,2027-06-01,2026-07-13,false,,,false,"American Contractors Insurance Company Risk Retention Group; Valley Forge Insurance Company; The Continental Insurance Company; XL Insurance America, Inc.; ACIG Insurance Company; Arch Specialty Insurance Company",2026-07-13,,2026-10-03
QTS Data Centers,6a5517684a3538cc4162daa1,69f0f3c5beb6279e947be102,Rogers-O-Brien Construction Company Ltd.,"Quality Technology Services, LLC_Rogers-O'Brien Construction Company_2627 Master $35M Total  _7-13-2026_1297897474.pdf",,,processed,false,2026-07-16,,2027-06-01,2026-07-13,false,,,false,"American Contractors Insurance Company Risk Retention Group; Valley Forge Insurance Company; The Continental Insurance Company; XL Insurance America, Inc.; ACIG Insurance Company; Arch Specialty Insurance Company",2026-07-13,,2026-10-03
QTS Data Centers,6a622372293db0c1319f2a7d,69f0f3c5beb6279e947be102,Rogers-O-Brien Construction Company Ltd.,GL - NOC.pdf,,,processed,false,2026-07-24,,2027-06-01,,false,,,false,,2026-07-23,,2026-10-03
QTS Data Centers,6a63805897891638931c8f4e,69f0f3c5beb6279e947be102,Rogers-O-Brien Construction Company Ltd.,Rogers AM Best Exception.pdf,,,processed,false,2026-07-24,,,,false,,,true,,2026-07-24,,2026-10-03
QTS Data Centers,6a6a732b2304dcb106a5cfa5,69f0f3c5beb6279e947be102,Rogers-O-Brien Construction Company Ltd.,ROGERS O'BRIEN CONSTRUCTION COMPANY redo.pdf,,,processed,false,2026-08-05,,2027-06-01,,false,,,false,,2026-07-29,,2026-10-03
QTS Data Centers,6a15b820beee935b1af43971,69f0f3c5beb6279e947be10c,"Suffolk Construction Company, Inc.","Sumitomo Mitsui Banking Corporation, as Admin_Suffolk Construction Company, Inc._25-26 Master GL Auto WC U_4-13-2026.pdf",,,processed,false,2026-06-15,,2026-08-31,2026-04-13,false,,,false,"Liberty Mutual Fire Insurance Company; Starr Indemnity & Liability Company; XL Insurance America, Inc.; General Security National Insurance Company; Berkley Regional Insurance Company; Ironshore Specialty Insurance Company; Indian Harbor Insurance Company",2026-05-26,,2026-10-03
QTS Data Centers,6a5fd2c3751b67ad6976f006,69f0f3c5beb6279e947be10c,"Suffolk Construction Company, Inc.","Quality Technology Services, LLC_Suffolk Construction Company, Inc._25-26 Master GL Auto WC U_7-17-2026.pdf",,,processed,false,2026-07-22,,2026-08-31,2026-07-17,false,,,false,"Liberty Mutual Fire Insurance Company; Starr Indemnity & Liability Company; XL Insurance America, Inc.; General Security National Insurance Company; Berkley Regional Insurance Company",2026-07-21,,2026-10-03
QTS Data Centers,6a5fd2c4751b67ad6976f03f,69f0f3c5beb6279e947be10c,"Suffolk Construction Company, Inc.","Quality Technology Services, LLC_Suffolk Construction Company, Inc._25-26 Drone Liability_7-15-2026_2.pdf",,,processed,false,2026-07-22,,2026-08-31,2026-07-15,false,,,false,C&T Insurance Company,2026-07-21,,2026-10-03
QTS Data Centers,6a5fd2e9b4df9ca70600c23b,69f0f3c5beb6279e947be10c,"Suffolk Construction Company, Inc.","Quality Technology Services, LLC_Suffolk Construction Company, Inc._25-26 Master GL Auto WC U_7-17-2026_2.pdf",,,processed,false,2026-07-22,,2026-08-31,2026-07-17,false,,,false,"Liberty Mutual Fire Insurance Company; Starr Indemnity & Liability Company; XL Insurance America, Inc.; General Security National Insurance Company; Berkley Regional Insurance Company",2026-07-21,,2026-10-03
QTS Data Centers,6a5fd2ebb4df9ca70600c2a7,69f0f3c5beb6279e947be10c,"Suffolk Construction Company, Inc.","Quality Technology Services, LLC_Suffolk Construction Company, Inc._25-26 Drone Liability_7-15-2026.pdf",,,processed,false,2026-07-22,,2026-08-31,2026-07-15,false,,,false,C&T Insurance Company,2026-07-21,,2026-10-03
QTS Data Centers,6a5fd30b5c9c14b344a636c9,69f0f3c5beb6279e947be10c,"Suffolk Construction Company, Inc.","Quality Technology Services, LLC_Suffolk Construction Company, Inc._25-26 Master GL Auto WC U_7-17-2026_1.pdf",,,processed,false,2026-07-22,,2026-08-31,2026-07-17,false,,,false,"Liberty Mutual Fire Insurance Company; Starr Indemnity & Liability Company; XL Insurance America, Inc.; General Security National Insurance Company; Berkley Regional Insurance Company; Indian Harbor Insurance Company; Ironshore Specialty Insurance Company",2026-07-21,,2026-10-03
QTS Data Centers,6a5fd30d5c9c14b344a63768,69f0f3c5beb6279e947be10c,"Suffolk Construction Company, Inc.","Quality Technology Services, LLC_Suffolk Construction Company, Inc._25-26 Drone Liability_7-15-2026_1.pdf",,,processed,false,2026-07-22,,2026-08-31,2026-07-15,false,,,false,C&T Insurance Company,2026-07-21,,2026-10-03
QTS Data Centers,6aa2d1c92fbcc71003200a32,69f0f3c5beb6279e947be10c,"Suffolk Construction Company, Inc.","QualityTech, LP and its officers, directors, _Suffolk Construction Company, Inc._26-27 Master GL Auto WC U_9-10-2026.pdf",,,processed,false,2026-09-10,,2027-08-31,2026-09-10,false,,,false,"Liberty Mutual Fire Insurance Company; Starr Indemnity & Liability Company; XL Insurance America, Inc.; Berkley Regional Insurance Company; Liberty Insurance Underwriters, Inc.; Ironshore Specialty Insurance Company; Indian Harbor Insurance Company",2026-09-10,,2026-10-03
QTS Data Centers,6a74dd0e377d9d1f5c7eabac,69f0f3c5beb6279e947be111,Whitting-Turner Contracting Company,020340.DH1 WT GLI (08.01.2026 thru 08.01.2027).pdf,,,processed,false,2026-08-06,,2027-08-01,2026-08-06,false,,,false,The Travelers Indemnity Company of Connecticut; Travelers Casualty and Surety Company; The Charter Oak Fire Insurance Company; Travelers Property Casualty Company of America,2026-08-06,,2026-10-03
QTS Data Centers,6a74dd12377d9d1f5c7eac13,69f0f3c5beb6279e947be111,Whitting-Turner Contracting Company,020340.DH1 WT GLI 2026 (08.01.2026 thru 08.01.2027)_Wells Fargo.pdf,,,processed,false,2026-08-06,,2027-08-01,2026-08-06,false,,,false,The Travelers Indemnity Company of Connecticut; Travelers Casualty and Surety Company; The Charter Oak Fire Insurance Company; Travelers Property Casualty Company of America,2026-08-06,,2026-10-03