client,request_id,vendor_id,vendor_name,context_id,context_name,request_name,status,compliance_status,compliance_profile,compliance_tracking,cert_status,cert_expiration,cert_issue_date,cert_reviewed_at,cert_url,cert_flag_level,cert_flag_notes,applies_to_all,updated_at,sync_date
"Block Real Estate Services, LLC",6a072945f523b358236961c3,6a072945f523b358236961c2,KAWNEER COMPANY - ARCONIC CORPORATION,,,Request,active,compliant,,true,,,,,,,,,2026-05-21,2026-05-27
"Block Real Estate Services, LLC",6a072946f523b358236961f5,6a072946f523b358236961f4,LONG MOTOR CORPORATION,,,Request,active,compliant,,true,,,,,,,,,2026-05-22,2026-05-27
"Block Real Estate Services, LLC",6a072948f523b3582369628b,6a072948f523b3582369628a,"CITY YEAR KANSAS CITY / CITY YEAR, INC.",,,Request,active,compliant,,true,,,,,,,,,2026-05-27,2026-05-27
"Block Real Estate Services, LLC",6a072948f523b35823696295,6a072948f523b35823696294,"ADVANCED AUTO / ADVANCED STORES CO., INC.",,,Request,active,compliant,,true,,,,,,,,,2026-05-26,2026-05-27
"Block Real Estate Services, LLC",6a07294af523b3582369632b,6a07294af523b3582369632a,"ROYAL GYROS (ROYAL DONUTS, LLC) / AHED KALIFA",,,Request,active,compliant,,true,,,,,,,,,2026-05-21,2026-05-27
"Block Real Estate Services, LLC",6a07294bf523b35823696335,6a07294bf523b35823696334,DOLLAR TREE,,,Request,active,compliant,,true,,,,,,,,,2026-05-27,2026-05-27
"Block Real Estate Services, LLC",6a07294cf523b3582369637b,6a07294cf523b3582369637a,"AGILITI HEALTH, INC.",,,Request,active,compliant,,true,,,,,,,,,2026-05-19,2026-05-27
"Block Real Estate Services, LLC",6a07294cf523b35823696385,6a07294cf523b35823696384,"ICON / PRA HEALTH SCIENCES / PHARMACEUTICAL RESEARCH ASSOCIATES, INC.",,,Request,active,compliant,,true,,,,,,,,,2026-05-27,2026-05-27
"Block Real Estate Services, LLC",6a07294ff523b3582369645c,6a07294ff523b3582369645b,MOHAWK,,,Request,active,compliant,,true,,,,,,,,,2026-05-27,2026-05-27
"Block Real Estate Services, LLC",6a07294ff523b35823696466,6a07294ff523b35823696465,LANSING BUILDING PRODUCTS,,,Request,active,compliant,,true,,,,,,,,,2026-05-22,2026-05-27
"Block Real Estate Services, LLC",6a072950f523b3582369647f,6a072950f523b3582369647e,FEDEX,,,Request,active,compliant,,true,,,,,,,,,2026-05-27,2026-05-27
"Block Real Estate Services, LLC",6a072951f523b358236964f2,6a072951f523b358236964f1,"BONKERS / FEG BONKERS TOPEKA, LLC",,,Request,active,compliant,,true,,,,,,,,,2026-05-27,2026-05-27
"Block Real Estate Services, LLC",6a072951f523b358236964f7,6a072951f523b358236964f6,BELLA SALON & DAY SPA / AKVANDONGE,,,Request,active,compliant,,true,,,,,,,,,2026-05-27,2026-05-27
"Block Real Estate Services, LLC",6a072952f523b35823696510,6a072952f523b3582369650f,WOODBRIDGE,,,Request,active,compliant,,true,,,,,,,,,2026-05-27,2026-05-27
"Block Real Estate Services, LLC",6a072952f523b3582369651a,6a072952f523b35823696519,"JUNIOR LEAGUE OF WYANDOTTE AND JOHNSON COUNTIES IN KANSAS, INC.",,,Request,active,compliant,,true,,,,,,,,,2026-05-21,2026-05-27
"Block Real Estate Services, LLC",6a072953f523b35823696565,6a072953f523b35823696564,"THERMO FISCHER / REMEL, INC.",,,Request,active,compliant,,true,,,,,,,,,2026-05-22,2026-05-27
"Block Real Estate Services, LLC",6a072955f523b358236965f6,6a072955f523b358236965f5,"DAL TILE / MOHAWK CARPET DISTRIBUTION, INC",,,Request,active,compliant,,true,,,,,,,,,2026-05-21,2026-05-27
"Block Real Estate Services, LLC",6a072956f523b3582369663c,6a072956f523b3582369663b,FRESENIUS MEDICAL CARE,,,Request,active,compliant,,true,,,,,,,,,2026-05-22,2026-05-27
"Block Real Estate Services, LLC",6a072959f523b358236966f5,6a072959f523b358236966f4,STUDIO 5 BEAUTY BOUTIQUE / JAYCI LYNN STRATTON,,,Request,active,compliant,,true,,,,,,,,,2026-05-26,2026-05-27
"Block Real Estate Services, LLC",6a07295af523b35823696731,6a07295af523b35823696730,"ASCEND HOSPICE / CARE ALTERNATIVES OF MISSOURI, LLC",,,Request,active,compliant,,true,,,,,,,,,2026-05-26,2026-05-27
"Block Real Estate Services, LLC",6a07295af523b35823696759,6a07295af523b35823696758,"VEND-TEK QUALITY SERVICES, LLC",,,Request,active,compliant,,true,,,,,,,,,2026-05-21,2026-05-27
"Block Real Estate Services, LLC",6a07295af523b3582369676d,6a07295af523b3582369676c,"IN AND OUT PAINTING, LLC",,,Request,active,compliant,,true,,,,,,,,,2026-05-21,2026-05-27
"Block Real Estate Services, LLC",6a07295bf523b358236967b3,6a07295bf523b358236967b2,MCCLURE ELECTRICAL SERVICES,,,Request,active,compliant,,true,,,,,,,,,2026-05-21,2026-05-27
"Block Real Estate Services, LLC",6a07295cf523b358236967e5,6a07295cf523b358236967e4,PRIME SOURCE BUILDINGS PRODUCTS (PARK RIVER HOLDINGS),,,Request,active,compliant,,true,,,,,,,,,2026-05-21,2026-05-27
"Block Real Estate Services, LLC",6a07295df523b3582369680d,6a07295df523b3582369680c,"SUMMIT SPORTSWEAR, INC",,,Request,active,compliant,,true,,,,,,,,,2026-05-26,2026-05-27
"Block Real Estate Services, LLC",6a07295ef523b3582369684e,6a07295ef523b3582369684d,KONECRANES,,,Request,active,compliant,,true,,,,,,,,,2026-05-21,2026-05-27
"Block Real Estate Services, LLC",6a07295ef523b3582369686c,6a07295ef523b3582369686b,"ADKORE MEGAFORCE / MEGAFORCE, LLC",,,Request,active,compliant,,true,,,,,,,,,2026-05-21,2026-05-27
"Block Real Estate Services, LLC",6a07295ef523b35823696871,6a07295ef523b35823696870,"NORTHSTAR WEALTH / POLARIS, LLC",,,Request,active,compliant,,true,,,,,,,,,2026-05-26,2026-05-27
"Block Real Estate Services, LLC",6a072961f523b358236968fd,6a072961f523b358236968fc,"BSN SPORTS, LLC",,,Request,active,compliant,,true,,,,,,,,,2026-05-22,2026-05-27
"Block Real Estate Services, LLC",6a072962f523b3582369697a,6a072962f523b35823696979,AMIGO MOTOR SPORTS,,,Request,active,compliant,,true,,,,,,,,,2026-05-21,2026-05-27
"Block Real Estate Services, LLC",6a072963f523b358236969ac,6a072963f523b358236969ab,FOAM RECYCLE CENTER,,,Request,active,compliant,,true,,,,,,,,,2026-05-21,2026-05-27
"Block Real Estate Services, LLC",6a072964f523b358236969c0,6a072964f523b358236969bf,OZZIE'S WHOLESALE,,,Request,active,compliant,,true,,,,,,,,,2026-05-19,2026-05-27
"Block Real Estate Services, LLC",6a072965f523b35823696a1a,6a072965f523b35823696a19,ESSENCE OF AUSTRALIA,,,Request,active,compliant,,true,,,,,,,,,2026-05-22,2026-05-27
"Block Real Estate Services, LLC",6a072966f523b35823696a4c,6a072966f523b35823696a4b,"ITG HOLDINGS USA, INC - ITG BRANDS, LLC",,,Request,active,compliant,,true,,,,,,,,,2026-05-27,2026-05-27
"Block Real Estate Services, LLC",6a072966f523b35823696a51,6a072966f523b35823696a50,"SFG ISF KC STADIUM, LLC TERMINUS 100",,,Request,active,compliant,,true,,,,,,,,,2026-05-21,2026-05-27
"Block Real Estate Services, LLC",6a072966f523b35823696a5b,6a072966f523b35823696a5a,"APEX COMICS, LLC",,,Request,active,compliant,,true,,,,,,,,,2026-05-21,2026-05-27
"Block Real Estate Services, LLC",6a072968f523b35823696ad3,6a072968f523b35823696ad2,POPCULTURE GOURMET POPCORN,,,Request,active,compliant,,true,,,,,,,,,2026-05-21,2026-05-27
"Block Real Estate Services, LLC",6a072968f523b35823696ae7,6a072968f523b35823696ae6,ALISON LEIGH DESIGNS,,,Request,active,compliant,,true,,,,,,,,,2026-05-21,2026-05-27
"Block Real Estate Services, LLC",6a072969f523b35823696b14,6a072969f523b35823696b13,EASTERN SURGICAL ASSOCIATES PC,,,Request,active,compliant,,true,,,,,,,,,2026-05-21,2026-05-27
"Block Real Estate Services, LLC",6a072969f523b35823696b3c,6a072969f523b35823696b3b,"CONSULADO DE EL SALVADO EN SPRINGDALE, ARKANSAS",,,Request,active,compliant,,true,,,,,,,,,2026-05-20,2026-05-27
"Block Real Estate Services, LLC",6a07296af523b35823696b69,6a07296af523b35823696b68,"TRITON STONE GROUP/TRITON STONE OF KANSAS CITY / UNIQUE STONE CONCEPTS, LLC",,,Request,active,compliant,,true,,,,,,,,,2026-05-26,2026-05-27
"Block Real Estate Services, LLC",6a07296af523b35823696b82,6a07296af523b35823696b81,DUNBARTON SC LLC,,,Request,active,compliant,,true,,,,,,,,,2026-05-19,2026-05-27
"Block Real Estate Services, LLC",6a07296bf523b35823696bc8,6a07296bf523b35823696bc7,CHINA KING / BI SHUI LIU,,,Request,active,compliant,,true,,,,,,,,,2026-05-26,2026-05-27
"Block Real Estate Services, LLC",6a07296df523b35823696c31,6a07296df523b35823696c30,"EXERCISE THERAPY CONSULTANTS, INC. DBA ETC  PHYSICAL THERAPY",,,Request,active,compliant,,true,,,,,,,,,2026-05-25,2026-05-27
"Block Real Estate Services, LLC",6a072972f523b35823696da8,6a072972f523b35823696da7,SERC PHYSICAL THERAPY / SERC REHABILITATION,,,Request,active,compliant,,true,,,,,,,,,2026-05-21,2026-05-27
"Block Real Estate Services, LLC",6a072973f523b35823696dee,6a072973f523b35823696ded,NATIONAL SALES COMPANY,,,Request,active,compliant,,true,,,,,,,,,2026-05-20,2026-05-27
"Block Real Estate Services, LLC",6a0b175cb969c617163dce68,6a0b175cb969c617163dce67,First Citizens Bancshares Inc,,,Request,active,compliant,,true,,,,,,,,,2026-05-21,2026-05-27
"Block Real Estate Services, LLC",6a0b1e82b969c617163dce97,6a0b1e82b969c617163dce96,"ONE Gas, Inc. incl. respective divisions, affiliates & subsidiaries",,,Request,active,compliant,,true,,,,,,,,,2026-05-22,2026-05-27
"Block Real Estate Services, LLC",6a1064fe4a2eb9d3229f9512,6a1064fe4a2eb9d3229f9511,WRG-PJ LLC,,,Request,active,compliant,,true,,,,,,,,,2026-05-27,2026-05-27
"Block Real Estate Services, LLC",6a1064fe4a2eb9d3229f951c,6a1064fe4a2eb9d3229f951b,Tractor supply company,,,Request,active,compliant,,true,,,,,,,,,2026-05-27,2026-05-27
"Block Real Estate Services, LLC",6a1064ff4a2eb9d3229f953f,6a1064ff4a2eb9d3229f953e,"ZT BIOPHARMACEUTICAL, LLC",,,Request,active,compliant,,true,,,,,,,,,2026-05-26,2026-05-27
"Block Real Estate Services, LLC",6a1064ff4a2eb9d3229f9553,6a1064ff4a2eb9d3229f9552,Summit Springs Development LLC,,,Request,active,compliant,,true,,,,,,,,,2026-05-27,2026-05-27
"Block Real Estate Services, LLC",6a1064ff4a2eb9d3229f9562,6a1064ff4a2eb9d3229f9561,"Casey Associates, Inc",,,Request,active,compliant,,true,,,,,,,,,2026-05-22,2026-05-27
"Block Real Estate Services, LLC",6a1064ff4a2eb9d3229f9567,6a1064ff4a2eb9d3229f9566,"United Parcel Service, lnc.",,,Request,active,compliant,,true,,,,,,,,,2026-05-27,2026-05-27
"Block Real Estate Services, LLC",6a1065004a2eb9d3229f9580,6a1065004a2eb9d3229f957f,Paradise Productions KC LLC,,,Request,active,compliant,,true,,,,,,,,,2026-05-27,2026-05-27
"Block Real Estate Services, LLC",6a1065004a2eb9d3229f9599,6a1065004a2eb9d3229f9598,Challenger Teamwear LLC Dba Challenger Teamwear,,,Request,active,compliant,,true,,,,,,,,,2026-05-22,2026-05-27
"Block Real Estate Services, LLC",6a1065004a2eb9d3229f95a8,6a1065004a2eb9d3229f95a7,AVDOXA AVL Design Experience Group,,,Request,active,compliant,,true,,,,,,,,,2026-05-26,2026-05-27
"Block Real Estate Services, LLC",6a1065004a2eb9d3229f95b7,6a1065004a2eb9d3229f95b6,AG Growth International Inc.,,,Request,active,compliant,,true,,,,,,,,,2026-05-27,2026-05-27
"Block Real Estate Services, LLC",6a1065014a2eb9d3229f95c1,6a1065014a2eb9d3229f95c0,"ALMARBU, AHAMD Mid Century Insurance Company 21687DBA SNAPS ELITE",,,Request,active,compliant,,true,,,,,,,,,2026-05-26,2026-05-27
"Block Real Estate Services, LLC",6a1065014a2eb9d3229f95c6,6a1065014a2eb9d3229f95c5,"SWDS Holdings, Inc.",,,Request,active,compliant,,true,,,,,,,,,2026-05-26,2026-05-27
"Block Real Estate Services, LLC",6a1065014a2eb9d3229f95da,6a1065014a2eb9d3229f95d9,"About Floors N' More, Inc.",,,Request,active,compliant,,true,,,,,,,,,2026-05-27,2026-05-27
"Block Real Estate Services, LLC",6a15c66af33f35790881beff,6a15c66af33f35790881befe,CCF Holdings LLC TMX Finance LLC & Its Subsidiaries,,,Request,active,compliant,,true,,,,,,,,,2026-05-26,2026-05-27
"Block Real Estate Services, LLC",6a15c66af33f35790881bf04,6a15c66af33f35790881bf03,Millstreet Station LLC,,,Request,active,compliant,,true,,,,,,,,,2026-05-27,2026-05-27
"Block Real Estate Services, LLC",69fdf74a62446148bd854b50,69fded1162446148bd848caf,Cornerstones Barbershop LLC,69fdef653b208288e0a7a89f,,Insurance Request,active,non_compliant,Block Requirements,true,,,,,,,,,2026-05-27,2026-05-27
"Block Real Estate Services, LLC",69fdf74a62446148bd854b53,69fded1662446148bd848e02,"Pizza Hut / GMRG ACQ 1, LLC #0359",69fdef653b208288e0a7a89f,,Insurance Request,active,non_compliant,Block Requirements,true,,,,,,,,,2026-05-27,2026-05-27
"Block Real Estate Services, LLC",69fdf74a62446148bd854b58,69fded2162446148bd849180,Sobriety First,69fdef653b208288e0a7a89f,,Insurance Request,active,non_compliant,Block Requirements,true,,,,,,,,,2026-05-27,2026-05-27
"Block Real Estate Services, LLC",69fdf74a62446148bd854b5d,69fded0c62446148bd848b0e,A.N.D. Design Studio LLC,69fdef6abf1df2fe969214c6,,Insurance Request,active,non_compliant,Block Requirements,true,,,,,,,,,2026-05-27,2026-05-27
"Block Real Estate Services, LLC",69fdf74a62446148bd854b64,69fded1862446148bd848e9e,"Janette Brown Insurance Agency, LLC (Farmer's Insurance)",69fdef6abf1df2fe969214c6,,Insurance Request,active,non_compliant,Block Requirements,true,,,,,,,,,2026-05-27,2026-05-27
"Block Real Estate Services, LLC",69fdf74a62446148bd854b15,69fded2362446148bd84924c,"Once Upon A Smile / UB Dental, LLC",69fdef0303a2257cd27d83e8,,Insurance Request,active,non_compliant,Block Requirements,true,,,,,,,,,2026-05-27,2026-05-27
"Block Real Estate Services, LLC",69fdf74a62446148bd854b1f,69fded1262446148bd848ccd,Crescent Springs Healing Center,69fdef1003a2257cd27d8605,,Insurance Request,active,non_compliant,Block Requirements,true,,,,,,,,,2026-05-27,2026-05-27
"Block Real Estate Services, LLC",69fdf74a62446148bd854b34,69fded1b62446148bd848fbe,"Mills Record Company / Mills Records, LLC",69fdef2cbf1df2fe96920b3f,,Insurance Request,active,non_compliant,Block Requirements,true,,,,,,,,,2026-05-27,2026-05-27
"Block Real Estate Services, LLC",69fdf74a62446148bd854b3a,69fded1062446148bd848c1f,The Professional Group / Bryan Torez,69fdef3f3b208288e0a7a0f6,,Insurance Request,active,non_compliant,Block Requirements,true,,,,,,,,,2026-05-27,2026-05-27
"Block Real Estate Services, LLC",69fdf74a62446148bd854b52,69fded1262446148bd848d00,Daylight Donuts-Olathe LLC,69fdef653b208288e0a7a89f,,Insurance Request,active,non_compliant,Block Requirements,true,,,,,,,,,2026-05-27,2026-05-27
"Block Real Estate Services, LLC",69fdf74a62446148bd854b66,69fded1a62446148bd848f3d,Mactan Asian Market / Steve Shatto,69fdef6abf1df2fe969214c6,,Insurance Request,active,non_compliant,Block Requirements,true,,,,,,,,,2026-05-27,2026-05-27
"Block Real Estate Services, LLC",69fdf74a62446148bd854b11,69fded1762446148bd848e8c,Great Clips / Iris Corporation,69fdef0303a2257cd27d83e8,,Insurance Request,active,non_compliant,Block Requirements,true,,,,,,,,,2026-05-27,2026-05-27
"Block Real Estate Services, LLC",69fdf74a62446148bd854b13,69fded2162446148bd8491a1,"Spirit Haven / SSB, LLC",69fdef0303a2257cd27d83e8,,Insurance Request,active,non_compliant,Block Requirements,true,,,,,,,,,2026-05-27,2026-05-27
"Block Real Estate Services, LLC",69fdf74a62446148bd854b19,69fded0c62446148bd848b02,24 Hour Check Cashing,69fdef0c3b208288e0a796fa,,Insurance Request,active,non_compliant,Block Requirements,true,,,,,,,,,2026-05-27,2026-05-27
"Block Real Estate Services, LLC",69fdf74a62446148bd854b1b,69fded2462446148bd84929d,"Mike's Liquor / Waldo Spirits, Inc.",69fdef0c3b208288e0a796fa,,Insurance Request,active,non_compliant,Block Requirements,true,,,,,,,,,2026-05-27,2026-05-27
"Block Real Estate Services, LLC",69fdf74a62446148bd854b4a,69fded2162446148bd8491b0,Starbucks Corporation #9654,69fdef5c3b208288e0a7a5df,,Insurance Request,active,non_compliant,Block Requirements,true,,,,,,,,,2026-05-27,2026-05-27
"Block Real Estate Services, LLC",69fdf74a62446148bd854b4d,69fded0d62446148bd848b3b,Agape Montessori School/Pulliam Properties LLC,69fdef653b208288e0a7a89f,,Insurance Request,active,non_compliant,Block Requirements,true,,,,,,,,,2026-05-27,2026-05-27
"Block Real Estate Services, LLC",69fdf74a62446148bd854b65,69fded1862446148bd848ea1,Studio 5 Beauty Boutique / Jayci Lynn Stratton,69fdef6abf1df2fe969214c6,,Insurance Request,active,non_compliant,Block Requirements,true,,,,,,,,,2026-05-27,2026-05-27
"Block Real Estate Services, LLC",69fdf74a62446148bd854b0a,69fded1c62446148bd849015,O' Reilly Automotive,69fdefa138cbea6b3a68cb21,771655,Insurance Request,active,non_compliant,Block Requirements,true,,,,,,,,,2026-05-27,2026-05-27
"Block Real Estate Services, LLC",69fdf74a62446148bd854b0e,69fded0f62446148bd848be3,"Best Wash Laundromats / Best Wash Holdings, LLC",69fdef0303a2257cd27d83e8,,Insurance Request,active,non_compliant,Block Requirements,true,,,,,,,,,2026-05-27,2026-05-27
"Block Real Estate Services, LLC",69fdf74a62446148bd854b10,69fded1262446148bd848cee,"Dark Horse Coffee / Dark Horse Collective, LLC",69fdef0303a2257cd27d83e8,,Insurance Request,active,non_compliant,Block Requirements,true,,,,,,,,,2026-05-27,2026-05-27
"Block Real Estate Services, LLC",69fdf74a62446148bd854b31,69fded1962446148bd848efe,Knapstein Design,69fdef2cbf1df2fe96920b3f,,Insurance Request,active,non_compliant,Block Requirements,true,,,,,,,,,2026-05-27,2026-05-27
"Block Real Estate Services, LLC",69fdf74a62446148bd854b43,69fded1662446148bd848e11,Google Fiber Inc,69fdef5103a2257cd27d9981,,Insurance Request,active,non_compliant,Block Requirements,true,,,,,,,,,2026-05-27,2026-05-27
"Block Real Estate Services, LLC",69fdf74a62446148bd854b4e,69fded0d62446148bd848b4d,Allstate Insurance,69fdef653b208288e0a7a89f,,Insurance Request,active,non_compliant,Block Requirements,true,,,,,,,,,2026-05-27,2026-05-27
"Block Real Estate Services, LLC",69fdf74a62446148bd854b05,69fded1462446148bd848d6f,Enterprise Leasing Company of Kansas,69fdeef6fa0b60fcd50d3ccf,,Insurance Request- 106643,active,non_compliant,Block Requirements,true,,,,,,,,,2026-05-27,2026-05-27
"Block Real Estate Services, LLC",69fdf74a62446148bd854b1c,69fded2462446148bd8492a0,"Waldo Thai Place, LLC (Vacated but still leasing)",69fdef0c3b208288e0a796fa,,Insurance Request,active,non_compliant,Block Requirements,true,,,,,,,,,2026-05-27,2026-05-27
"Block Real Estate Services, LLC",69fdf74a62446148bd854b22,69fded1962446148bd848ef8,Salon Expose / Kim Medina,69fdef1003a2257cd27d8605,,Insurance Request,active,non_compliant,Block Requirements,true,,,,,,,,,2026-05-27,2026-05-27
"Block Real Estate Services, LLC",69fdf74a62446148bd854b26,69fded1862446148bd848ee0,Kate Smith Soiree LLC,69fdef1402bb2c42a879cc2a,,Insurance Request,active,non_compliant,Block Requirements,true,,,,,,,,,2026-05-27,2026-05-27
"Block Real Estate Services, LLC",69fdf74a62446148bd854b54,69fded1762446148bd848e8f,"Tea Garden / Iris Restaurant, LLC",69fdef653b208288e0a7a89f,,Insurance Request,active,non_compliant,Block Requirements,true,,,,,,,,,2026-05-27,2026-05-27
"Block Real Estate Services, LLC",69fdf74a62446148bd854b20,69fded1462446148bd848d78,Erin McCandless Massage,69fdef1003a2257cd27d8605,,Insurance Request,active,non_compliant,Block Requirements,true,,,,,,,,,2026-05-27,2026-05-27
"Block Real Estate Services, LLC",69fdf74a62446148bd854b21,69fded1762446148bd848e6e,Hot Dog Design LLC,69fdef1003a2257cd27d8605,,Insurance Request,active,non_compliant,Block Requirements,true,,,,,,,,,2026-05-27,2026-05-27
"Block Real Estate Services, LLC",69fdf74a62446148bd854b39,69fded2062446148bd849135,Savanah Hunt,69fdef3a02bb2c42a879db44,,Insurance Request,active,non_compliant,Block Requirements,true,,,,,,,,,2026-05-27,2026-05-27
"Block Real Estate Services, LLC",69fdf74a62446148bd854b5a,69fded2262446148bd84920a,The Hairem of Olathe LLC,69fdef653b208288e0a7a89f,,Insurance Request,active,non_compliant,Block Requirements,true,,,,,,,,,2026-05-27,2026-05-27
"Block Real Estate Services, LLC",69fdf74a62446148bd854b5b,69fded2362446148bd849273,Unopenedpackman Sportscards and Collectibles LLC,69fdef653b208288e0a7a89f,,Insurance Request,active,non_compliant,Block Requirements,true,,,,,,,,,2026-05-27,2026-05-27
"Block Real Estate Services, LLC",69fdf74a62446148bd854b0c,69fded0f62446148bd848bda,Bella's Italian Restaurant Inc,69fdf5c2e84e20262bb42482,"3bo890 - 3BS-OKS, LLC 16110 W. 135th",Insurance Request - 3bo890,active,non_compliant,Block Requirements,true,,,,,,,,,2026-05-27,2026-05-27
"Block Real Estate Services, LLC",69fdf74a62446148bd854b16,69fded2562446148bd8492d0,"The Zen Den Massage / Calm Seas, LLC",69fdef0303a2257cd27d83e8,,Insurance Request,active,non_compliant,Block Requirements,true,,,,,,,,,2026-05-27,2026-05-27
"Block Real Estate Services, LLC",69fdf74a62446148bd854b18,69fded1c62446148bd849027,OMB Bank,69fdef0802bb2c42a879cab4,,Insurance Request,active,non_compliant,Block Requirements,true,,,,,,,,,2026-05-27,2026-05-27
"Block Real Estate Services, LLC",69fdf74a62446148bd854b1e,69fded1162446148bd848ca3,Converge LLC,69fdef1003a2257cd27d8605,,Insurance Request,active,non_compliant,Block Requirements,true,,,,,,,,,2026-05-27,2026-05-27
"Block Real Estate Services, LLC",69fdf74a62446148bd854b3f,69fded2362446148bd849279,"Vakok Asian Market, LLC",69fdef3f3b208288e0a7a0f6,,Insurance Request,active,non_compliant,Block Requirements,true,,,,,,,,,2026-05-27,2026-05-27
"Block Real Estate Services, LLC",69fdf74a62446148bd854b46,69fded1462446148bd848d72,Enterprise Leasing Company of Kansas,69fdef5502bb2c42a879dfe7,,Insurance Request,active,non_compliant,Block Requirements,true,,,,,,,,,2026-05-27,2026-05-27
"Block Real Estate Services, LLC",69fdf74a62446148bd854b47,69fded1f62446148bd849108,"Rosen's, Inc.",69fdef5502bb2c42a879dfe7,,Insurance Request,active,non_compliant,Block Requirements,true,,,,,,,,,2026-05-27,2026-05-27
"Block Real Estate Services, LLC",69fdf74a62446148bd854b48,69fded0f62446148bd848be0,Beltone Hearing Aid Center,69fdef5c3b208288e0a7a5df,,Insurance Request,active,non_compliant,Block Requirements,true,,,,,,,,,2026-05-27,2026-05-27
"Block Real Estate Services, LLC",69fdf74a62446148bd854b56,69fded1f62446148bd849123,Safari Mart,69fdef653b208288e0a7a89f,,Insurance Request,active,non_compliant,Block Requirements,true,,,,,,,,,2026-05-27,2026-05-27
"Block Real Estate Services, LLC",69fdf74a62446148bd854b1a,69fded1d62446148bd84903f,"OUTFRONT Media, LLC / Gannett Outdoor Co., Inc.",69fdef0c3b208288e0a796fa,,Insurance Request,active,non_compliant,Block Requirements,true,,,,,,,,,2026-05-27,2026-05-27
"Block Real Estate Services, LLC",69fdf74a62446148bd854b2c,69fded1a62446148bd848f55,"Bistro / Marcie, Inc.",69fdef283b208288e0a79ba9,,Insurance Request,active,non_compliant,Block Requirements,true,,,,,,,,,2026-05-27,2026-05-27
"Block Real Estate Services, LLC",69fdf74a62446148bd854b44,69fded1662446148bd848e1d,Great Rivers Associates,69fdef5103a2257cd27d9981,,Insurance Request,active,non_compliant,Block Requirements,true,,,,,,,,,2026-05-27,2026-05-27
"Block Real Estate Services, LLC",69fdf74a62446148bd854b5f,69fded0e62446148bd848bbf,Baking With A Bass / Kayla Bass,69fdef6abf1df2fe969214c6,,Insurance Request,active,non_compliant,Block Requirements,true,,,,,,,,,2026-05-27,2026-05-27
"Block Real Estate Services, LLC",69fdf74a62446148bd854b61,69fded1162446148bd848c79,CigaWatt LLC,69fdef6abf1df2fe969214c6,,Insurance Request,active,non_compliant,Block Requirements,true,,,,,,,,,2026-05-27,2026-05-27
"Block Real Estate Services, LLC",69fdf74a62446148bd854b07,69fded1f62446148bd84910b,Roto-Rooter Services Company Inc,69fdef98bf1df2fe96921c81,460549,Insurance Request,active,non_compliant,Block Requirements,true,,,,,,,,,2026-05-27,2026-05-27
"Block Real Estate Services, LLC",69fdf74a62446148bd854b08,69fded2462446148bd8492a3,Warners Stellian Co Inc,69fdef98bf1df2fe96921c81,460549,Insurance Request,active,non_compliant,Block Requirements,true,,,,,,,,,2026-05-27,2026-05-27
"Block Real Estate Services, LLC",69fdf74a62446148bd854b17,69fded1b62446148bd848fc4,"Mindful Child Wellness + Aeriel Yoga, LLC",69fdef0802bb2c42a879cab4,,Insurance Request,active,non_compliant,Block Requirements,true,,,,,,,,,2026-05-27,2026-05-27
"Block Real Estate Services, LLC",69fdf74a62446148bd854b35,69fded2462446148bd849291,"Vision Savage Media, LLC",69fdef2cbf1df2fe96920b3f,,Insurance Request,active,non_compliant,Block Requirements,true,,,,,,,,,2026-05-27,2026-05-27
"Block Real Estate Services, LLC",69fdf74a62446148bd854b38,69fded1b62446148bd848fa0,Chabad of Leawood / Merkos Linyonci Chinuch of Kansas,69fdef3603a2257cd27d8a19,,Insurance Request,active,non_compliant,Block Requirements,true,,,,,,,,,2026-05-27,2026-05-27
"Block Real Estate Services, LLC",69fdf74a62446148bd854b3d,69fded1362446148bd848d48,Edward Jones,69fdef3f3b208288e0a7a0f6,,Insurance Request,active,non_compliant,Block Requirements,true,,,,,,,,,2026-05-27,2026-05-27
"Block Real Estate Services, LLC",69fdf74a62446148bd854b55,69fded1b62446148bd848fd6,Moncayo Legal LLC,69fdef653b208288e0a7a89f,,Insurance Request,active,non_compliant,Block Requirements,true,,,,,,,,,2026-05-27,2026-05-27
"Block Real Estate Services, LLC",69fdf74a62446148bd854b5c,69fded2462446148bd84927c,"Vape Time / AVRWL, LLC (fka Aqueous Vapor)",69fdef653b208288e0a7a89f,,Insurance Request,active,non_compliant,Block Requirements,true,,,,,,,,,2026-05-27,2026-05-27
"Block Real Estate Services, LLC",69fdf74a62446148bd854b63,69fded1662446148bd848e17,Sni Valley Academy / Dr. Warren L. Moss - Grain Valley School District,69fdef6abf1df2fe969214c6,,Insurance Request,active,non_compliant,Block Requirements,true,,,,,,,,,2026-05-27,2026-05-27
"Block Real Estate Services, LLC",69fdf74a62446148bd854b1d,69fded2562446148bd8492d3,Yia Yias Tattoo Parlor LLC,69fdef0c3b208288e0a796fa,,Insurance Request,active,non_compliant,Block Requirements,true,,,,,,,,,2026-05-27,2026-05-27
"Block Real Estate Services, LLC",69fdf74a62446148bd854b3e,69fded1962446148bd848eef,"The Dotte Spot / KC Smashers, LLC",69fdef3f3b208288e0a7a0f6,,Insurance Request,active,non_compliant,Block Requirements,true,,,,,,,,,2026-05-27,2026-05-27
"Block Real Estate Services, LLC",69fdf74a62446148bd854b62,69fded1662446148bd848e14,Grain Valley Chop Shop,69fdef6abf1df2fe969214c6,,Insurance Request,active,non_compliant,Block Requirements,true,,,,,,,,,2026-05-27,2026-05-27
"Block Real Estate Services, LLC",69fdf74a62446148bd854b14,69fded2162446148bd8491b6,Creative Nails / Steven Lam & Bang Nguyen,69fdef0303a2257cd27d83e8,,Insurance Request,active,non_compliant,Block Requirements,true,,,,,,,,,2026-05-27,2026-05-27
"Block Real Estate Services, LLC",69fdf74a62446148bd854b28,69fded1862446148bd848ed1,"Kansas City Urology Care, PA",69fdef1a3b208288e0a799c2,,Insurance Request,active,non_compliant,Block Requirements,true,,,,,,,,,2026-05-27,2026-05-27
"Block Real Estate Services, LLC",69fdf74a62446148bd854b29,69fded1962446148bd848f31,"Workforce Partnership / Local Workforce Investment Area, III (Vacating 5/31/26)",69fdef1a3b208288e0a799c2,,Insurance Request,active,non_compliant,Block Requirements,true,,,,,,,,,2026-05-27,2026-05-27
"Block Real Estate Services, LLC",69fdf74a62446148bd854b32,69fded1962446148bd848f2b,Gilded Chaos / Lindsay Kupper,69fdef2cbf1df2fe96920b3f,,Insurance Request,active,non_compliant,Block Requirements,true,,,,,,,,,2026-05-27,2026-05-27
"Block Real Estate Services, LLC",69fdf74a62446148bd854b49,69fded1762446148bd848e8c,Great Clips / Iris Corporation,69fdef5c3b208288e0a7a5df,,Insurance Request,active,non_compliant,Block Requirements,true,,,,,,,,,2026-05-27,2026-05-27
"Block Real Estate Services, LLC",69fdf74a62446148bd854b67,69fded1b62446148bd848f9a,"510 Counseling Group / Melissa Winston, LLC",69fdef6abf1df2fe969214c6,,Insurance Request,active,non_compliant,Block Requirements,true,,,,,,,,,2026-05-27,2026-05-27
"Block Real Estate Services, LLC",69fdf74a62446148bd854b0b,69fded0e62446148bd848b80,"Applebee's Bar & Grill / Apple Central, LLC",69fdeeff3b208288e0a794bd,,Insurance Request - 3bh890,active,non_compliant,Block Requirements,true,,,,,,,,,2026-05-27,2026-05-27
"Block Real Estate Services, LLC",69fdf74a62446148bd854b12,69fded1e62446148bd849096,"Pizza Hut of America, Inc.",69fdef0303a2257cd27d83e8,,Insurance Request,active,non_compliant,Block Requirements,true,,,,,,,,,2026-05-27,2026-05-27
"Block Real Estate Services, LLC",69fdf74a62446148bd854b25,69fded1462446148bd848dab,First Church of Christ Scientist,69fdef1402bb2c42a879cc2a,,Insurance Request,active,non_compliant,Block Requirements,true,,,,,,,,,2026-05-27,2026-05-27
"Block Real Estate Services, LLC",69fdf74a62446148bd854b3c,69fded1362446148bd848d12,Diana M. Dang,69fdef3f3b208288e0a7a0f6,,Insurance Request,active,non_compliant,Block Requirements,true,,,,,,,,,2026-05-27,2026-05-27
"Block Real Estate Services, LLC",69fdf74a62446148bd854b51,69fded1262446148bd848cd9,KK Express Employment / Curtis Holding Company,69fdef653b208288e0a7a89f,,Insurance Request,active,non_compliant,Block Requirements,true,,,,,,,,,2026-05-27,2026-05-27
"Block Real Estate Services, LLC",69fdf74a62446148bd854b09,69fded1f62446148bd849111,Royal City Bell LLC,69fdef9de45e7dcf5c434532,587118,Insurance Request,active,non_compliant,Block Requirements,true,,,,,,,,,2026-05-27,2026-05-27
"Block Real Estate Services, LLC",69fdf74a62446148bd854b27,69fded1d62446148bd849045,Downtown Liquor / P & S Investment LLC,69fdef1402bb2c42a879cc2a,,Insurance Request,active,non_compliant,Block Requirements,true,,,,,,,,,2026-05-27,2026-05-27
"Block Real Estate Services, LLC",69fdf74a62446148bd854b2a,69fded2462446148bd849294,Vitas Healthcare Corporation Midwest,69fdef1a3b208288e0a799c2,,Insurance Request,active,non_compliant,Block Requirements,true,,,,,,,,,2026-05-27,2026-05-27
"Block Real Estate Services, LLC",69fdf74a62446148bd854b2b,69fded2262446148bd8491f5,"Assist RX (sublease from TEVA Pharmaceutical USA, Inc.)",69fdef2438cbea6b3a68ae39,,Insurance Request,active,non_compliant,Block Requirements,true,,,,,,,,,2026-05-27,2026-05-27
"Block Real Estate Services, LLC",69fdf74a62446148bd854b45,69fded0e62446148bd848bc2,Bank of America,69fdef5502bb2c42a879dfe7,,Insurance Request,active,non_compliant,Block Requirements,true,,,,,,,,,2026-05-27,2026-05-27
"Block Real Estate Services, LLC",69fdf74a62446148bd854b60,69fded0f62446148bd848bf2,Bird Dog Shaved Ice (Vacant but still leasing),69fdef6abf1df2fe969214c6,,Insurance Request,active,non_compliant,Block Requirements,true,,,,,,,,,2026-05-27,2026-05-27
"Block Real Estate Services, LLC",69fdf74a62446148bd854b68,69fded1b62446148bd848fb2,Midwest Dance Center / Priscilla Lea Young,69fdef6abf1df2fe969214c6,,Insurance Request,active,non_compliant,Block Requirements,true,,,,,,,,,2026-05-27,2026-05-27
"Block Real Estate Services, LLC",69fdf74a62446148bd854b0d,69fded0f62446148bd848bce,"Saturday Morning Bazaar / Bazaar Collectibles, LLC",69fdef0303a2257cd27d83e8,,Insurance Request,active,non_compliant,Block Requirements,true,,,,,,,,,2026-05-27,2026-05-27
"Block Real Estate Services, LLC",69fdf74a62446148bd854b36,69fded1562446148bd848de4,Vitev / Gabe Hunninghake,69fdef31e45e7dcf5c4328bd,,Insurance Request,active,non_compliant,Block Requirements,true,,,,,,,,,2026-05-27,2026-05-27
"Block Real Estate Services, LLC",69fdf74a62446148bd854b37,69fded0f62446148bd848c04,"BluSky Salon Suites, Inc.",69fdef3603a2257cd27d8a19,,Insurance Request,active,non_compliant,Block Requirements,true,,,,,,,,,2026-05-27,2026-05-27
"Block Real Estate Services, LLC",69fdf74a62446148bd854b4f,69fded0f62446148bd848c0a,"AKKA Karate USA / BMS Fitnes Solutions, Inc. (AKKA Olathe Martial Arts)",69fdef653b208288e0a7a89f,,Insurance Request,active,non_compliant,Block Requirements,true,,,,,,,,,2026-05-27,2026-05-27
"Block Real Estate Services, LLC",69fdf74a62446148bd854b06,69fded1462446148bd848d8d,Faith Technologies Inc,69fdeefa02bb2c42a879c977,,Insurance Request - 167332,active,non_compliant,Block Requirements,true,,,,,,,,,2026-05-27,2026-05-27
"Block Real Estate Services, LLC",69fdf74a62446148bd854b0f,69fded1162446148bd848c73,Triple Black Tattoo / Chris Keegan,69fdef0303a2257cd27d83e8,,Insurance Request,active,non_compliant,Block Requirements,true,,,,,,,,,2026-05-27,2026-05-27
"Block Real Estate Services, LLC",69fdf74a62446148bd854b23,69fded2162446148bd8491cb,Summit Heating & Cooling LLC,69fdef1003a2257cd27d8605,,Insurance Request,active,non_compliant,Block Requirements,true,,,,,,,,,2026-05-27,2026-05-27
"Block Real Estate Services, LLC",69fdf74a62446148bd854b24,69fded0e62446148bd848b95,Ashley Nelson Studios,69fdef1402bb2c42a879cc2a,,Insurance Request,active,non_compliant,Block Requirements,true,,,,,,,,,2026-05-27,2026-05-27
"Block Real Estate Services, LLC",69fdf74a62446148bd854b30,69fded1862446148bd848ead,"Pinches / JLJ Holdings, LLC",69fdef2cbf1df2fe96920b3f,,Insurance Request,active,non_compliant,Block Requirements,true,,,,,,,,,2026-05-27,2026-05-27
"Block Real Estate Services, LLC",69fdf74a62446148bd854b3b,69fded1162446148bd848c6d,"Chin Asian Restaurant, LLC",69fdef3f3b208288e0a7a0f6,,Insurance Request,active,non_compliant,Block Requirements,true,,,,,,,,,2026-05-27,2026-05-27
"Block Real Estate Services, LLC",69fdf74a62446148bd854b41,69fded0d62446148bd848b56,"Amazon / Amazon.com Services, LLC (MCI5)",69fdef4802bb2c42a879de8a,,Insurance Request,active,non_compliant,Block Requirements,true,,,,,,,,,2026-05-27,2026-05-27
"Block Real Estate Services, LLC",69fdf74a62446148bd854b42,69fded1862446148bd848ea7,"Jetalum Windows & Doors / JetAlum, LLC",69fdef4d3b208288e0a7a2ed,,Insurance Request,active,non_compliant,Block Requirements,true,,,,,,,,,2026-05-27,2026-05-27
"Block Real Estate Services, LLC",69fdf74a62446148bd854b5e,69fded0d62446148bd848b6e,Puppy Love Grooming / Anntippia Young,69fdef6abf1df2fe969214c6,,Insurance Request,active,non_compliant,Block Requirements,true,,,,,,,,,2026-05-27,2026-05-27
"Block Real Estate Services, LLC",69fdf75c62446148bd855f63,69fded1962446148bd848f28,Medical Midwest / Lincare,69fdef7403a2257cd27da147,,Insurance Request,active,non_compliant,Block Requirements,true,,,,,,,,,2026-05-27,2026-05-27
"Block Real Estate Services, LLC",69fdf75c62446148bd855f66,69fded1c62446148bd848feb,Neenan Company,69fdef7403a2257cd27da147,,Insurance Request,active,non_compliant,Block Requirements,true,,,,,,,,,2026-05-27,2026-05-27
"Block Real Estate Services, LLC",69fdf75c62446148bd855f69,69fded2062446148bd849153,Anthony's Plumbing,69fdef7403a2257cd27da147,,Insurance Request,active,non_compliant,Block Requirements,true,,,,,,,,,2026-05-27,2026-05-27
"Block Real Estate Services, LLC",69fdf75c62446148bd855f6e,69fded1362446148bd848d30,Personal Care Dental Group / Dr. Floyd Wiggins III,69fdef7d0e86e2f8723d7c04,,Insurance Request,active,non_compliant,Block Requirements,true,,,,,,,,,2026-05-27,2026-05-27
"Block Real Estate Services, LLC",69fdf75c62446148bd855f6f,69fded0c62446148bd848b32,Advocate Construction Inc,69fdef8238cbea6b3a68c358,,Insurance Request,active,non_compliant,Block Requirements,true,,,,,,,,,2026-05-27,2026-05-27
"Block Real Estate Services, LLC",69fdf75c62446148bd855f77,69fded0f62446148bd848be9,Betur LLC,69fdef8fbf1df2fe9692198a,,Insurance Request,active,non_compliant,Block Requirements,true,,,,,,,,,2026-05-27,2026-05-27
"Block Real Estate Services, LLC",69fdf75c62446148bd855f81,69fded1862446148bd848ec2,Kansas City Barber Group LLC,69fdef8fbf1df2fe9692198a,,Insurance Request,active,non_compliant,Block Requirements,true,,,,,,,,,2026-05-27,2026-05-27
"Block Real Estate Services, LLC",69fdf75c62446148bd855f8b,69fded1f62446148bd849114,Royal Gyros,69fdf5c2e84e20262bb42483,3rd979,Insurance Request,active,non_compliant,Block Requirements,true,,,,,,,,,2026-05-27,2026-05-27
"Block Real Estate Services, LLC",69fdf75c62446148bd855f5f,69fded0e62446148bd848bad,Recognition Plus Audio Video Graphics,69fdef7403a2257cd27da147,,Insurance Request,active,non_compliant,Block Requirements,true,,,,,,,,,2026-05-27,2026-05-27
"Block Real Estate Services, LLC",69fdf75c62446148bd855f65,69fded1b62446148bd848fb8,MIdwest Model Railroad LLC,69fdef7403a2257cd27da147,,Insurance Request,active,non_compliant,Block Requirements,true,,,,,,,,,2026-05-27,2026-05-27
"Block Real Estate Services, LLC",69fdf75c62446148bd855f79,69fded1162446148bd848c70,Chipotle Mexican Grill,69fdef8fbf1df2fe9692198a,,Insurance Request,active,non_compliant,Block Requirements,true,,,,,,,,,2026-05-27,2026-05-27
"Block Real Estate Services, LLC",69fdf75c62446148bd855f7e,69fded1762446148bd848e4d,Heather Laird,69fdef8fbf1df2fe9692198a,,Insurance Request,active,non_compliant,Block Requirements,true,,,,,,,,,2026-05-27,2026-05-27
"Block Real Estate Services, LLC",69fdf75c62446148bd855f89,69fded1a62446148bd848f6d,Mattress Firm Inc,69fdf5c2e84e20262bb42483,3rd979,Insurance Request,active,non_compliant,Block Requirements,true,,,,,,,,,2026-05-27,2026-05-27
"Block Real Estate Services, LLC",69fdf75c62446148bd855f8c,69fded2462446148bd8492c1,World Acceptance Corporation,69fdf5c2e84e20262bb42483,3rd979,Insurance Request,active,non_compliant,Block Requirements,true,,,,,,,,,2026-05-27,2026-05-27
"Block Real Estate Services, LLC",69fdf75c62446148bd855f99,69fded0f62446148bd848bd7,BDM Inc,69fdefb2fa0b60fcd50d6be7,bf3944,Insurance Request,active,non_compliant,Block Requirements,true,,,,,,,,,2026-05-27,2026-05-27
"Block Real Estate Services, LLC",69fdf75c62446148bd855fa1,69fded1062446148bd848c4f,CBD American Shaman LLC,69fdefb802bb2c42a879f4b6,bf3945,Insurance Request,active,non_compliant,Block Requirements,true,,,,,,,,,2026-05-27,2026-05-27
"Block Real Estate Services, LLC",69fdf75c62446148bd855fb5,69fded1c62446148bd84902a,OneDigital Borrower LLC,69fdeff702bb2c42a87a062f,ccc268,Insurance Request,active,non_compliant,Block Requirements,true,,,,,,,,,2026-05-27,2026-05-27
"Block Real Estate Services, LLC",69fdf75c62446148bd855f58,69fded1362446148bd848d4e,Einstein Bros Bagels #3961,69fdef6fe45e7dcf5c433fc2,,Insurance Request,active,non_compliant,Block Requirements,true,,,,,,,,,2026-05-27,2026-05-27
"Block Real Estate Services, LLC",69fdf75c62446148bd855f5b,69fded2062446148bd849144,Select Comfort Retail Corporation,69fdef6fe45e7dcf5c433fc2,,Insurance Request,active,non_compliant,Block Requirements,true,,,,,,,,,2026-05-27,2026-05-27
"Block Real Estate Services, LLC",69fdf75c62446148bd855f5d,69fded0e62446148bd848b9b,Aspire Wealth Management LLC,69fdef7403a2257cd27da147,,Insurance Request,active,non_compliant,Block Requirements,true,,,,,,,,,2026-05-27,2026-05-27
"Block Real Estate Services, LLC",69fdf75c62446148bd855f62,69fded1662446148bd848e29,Internal Revenue Service / Government Services Administration (GSA),69fdef7403a2257cd27da147,,Insurance Request,active,non_compliant,Block Requirements,true,,,,,,,,,2026-05-27,2026-05-27
"Block Real Estate Services, LLC",69fdf75c62446148bd855f6d,69fded1162446148bd848c76,"Chrysalis Center, LLC",69fdef7d0e86e2f8723d7c04,,Insurance Request,active,non_compliant,Block Requirements,true,,,,,,,,,2026-05-27,2026-05-27
"Block Real Estate Services, LLC",69fdf75c62446148bd855f7d,69fded1562446148bd848dfc,George and Kelsey Krischer,69fdef8fbf1df2fe9692198a,,Insurance Request,active,non_compliant,Block Requirements,true,,,,,,,,,2026-05-27,2026-05-27
"Block Real Estate Services, LLC",69fdf75c62446148bd855f82,69fded2062446148bd849159,Shelby Lawson and Colton Cox,69fdef8fbf1df2fe9692198a,,Insurance Request,active,non_compliant,Block Requirements,true,,,,,,,,,2026-05-27,2026-05-27
"Block Real Estate Services, LLC",69fdf75c62446148bd855f8e,69fded1962446148bd848f1f,Leslie's Poolmart Inc,69fdef94fa0b60fcd50d6424,3rd989,Insurance Request,active,non_compliant,Block Requirements,true,,,,,,,,,2026-05-27,2026-05-27
"Block Real Estate Services, LLC",69fdf75c62446148bd855f94,69fded0c62446148bd848b26,Advance Stores Co. Inc,69fdefa6e45e7dcf5c4348ed,agb318,Insurance Request,active,non_compliant,Block Requirements,true,,,,,,,,,2026-05-27,2026-05-27
"Block Real Estate Services, LLC",69fdf75c62446148bd855faf,69fded2462446148bd8492af,"Wesco Distribution, Inc",69fdefeafa0b60fcd50d7a68,bkp363,Insurance Request,active,non_compliant,Block Requirements,true,,,,,,,,,2026-05-27,2026-05-27
"Block Real Estate Services, LLC",69fdf75c62446148bd855fb2,69fded1162446148bd848cb8,CorVel Healthcare Corporation,69fdeff702bb2c42a87a062f,ccc268,Insurance Request,active,non_compliant,Block Requirements,true,,,,,,,,,2026-05-27,2026-05-27
"Block Real Estate Services, LLC",69fdf75c62446148bd855f7b,69fded1362446148bd848d1b,Divino Brands LLC,69fdef8fbf1df2fe9692198a,,Insurance Request,active,non_compliant,Block Requirements,true,,,,,,,,,2026-05-27,2026-05-27
"Block Real Estate Services, LLC",69fdf75c62446148bd855f86,69fded2462446148bd849288,Victor Caballero,69fdef8fbf1df2fe9692198a,,Insurance Request,active,non_compliant,Block Requirements,true,,,,,,,,,2026-05-27,2026-05-27
"Block Real Estate Services, LLC",69fdf75c62446148bd855f8d,69fded1362446148bd848d2a,Dollar Tree #8462,69fdef94fa0b60fcd50d6424,3rd989,Insurance Request,active,non_compliant,Block Requirements,true,,,,,,,,,2026-05-27,2026-05-27
"Block Real Estate Services, LLC",69fdf75c62446148bd855f9f,69fded2062446148bd849132,"Sanders Management, Inc",69fdefb2fa0b60fcd50d6be7,bf3944,Insurance Request,active,non_compliant,Block Requirements,true,,,,,,,,,2026-05-27,2026-05-27
"Block Real Estate Services, LLC",69fdf75c62446148bd855fb6,69fded1e62446148bd849099,Plus Two LLC,69fdeff702bb2c42a87a062f,ccc268,Insurance Request,active,non_compliant,Block Requirements,true,,,,,,,,,2026-05-27,2026-05-27
"Block Real Estate Services, LLC",69fdf75c62446148bd855f60,69fded1062446148bd848c61,Charles D Jones Company,69fdef7403a2257cd27da147,,Insurance Request,active,non_compliant,Block Requirements,true,,,,,,,,,2026-05-27,2026-05-27
"Block Real Estate Services, LLC",69fdf75c62446148bd855fa5,69fded1362446148bd848d39,E & T Plastics MFG. CO. INC.,69fdefc138cbea6b3a68d4da,bf3947,Insurance Request,active,non_compliant,Block Requirements,true,,,,,,,,,2026-05-27,2026-05-27
"Block Real Estate Services, LLC",69fdf75c62446148bd855f95,69fded1062446148bd848c2e,Bunzl Processor Distribution LLC,69fdefaafa0b60fcd50d6883,bab241,Insurance Request,active,non_compliant,Block Requirements,true,,,,,,,,,2026-05-27,2026-05-27
"Block Real Estate Services, LLC",69fdf75c62446148bd855fa9,69fded1462446148bd848d75,Equipmentshare.com Inc,69fdefe60bb484cab513acd9,bkp362,Insurance Request,active,non_compliant,Block Requirements,true,,,,,,,,,2026-05-27,2026-05-27
"Block Real Estate Services, LLC",69fdf75c62446148bd855fab,69fded2262446148bd8491d7,Superior Products Int. II,69fdefe60bb484cab513acd9,bkp362,Insurance Request,active,non_compliant,Block Requirements,true,,,,,,,,,2026-05-27,2026-05-27
"Block Real Estate Services, LLC",69fdf75c62446148bd855f57,69fded0e62446148bd848ba4,Asurion UBIF,69fdef6fe45e7dcf5c433fc2,,Insurance Request,active,non_compliant,Block Requirements,true,,,,,,,,,2026-05-27,2026-05-27
"Block Real Estate Services, LLC",69fdf75c62446148bd855f6a,69fded2062446148bd849174,Slim 4 Life Weight Loss Centers Inc,69fdef7403a2257cd27da147,,Insurance Request,active,non_compliant,Block Requirements,true,,,,,,,,,2026-05-27,2026-05-27
"Block Real Estate Services, LLC",69fdf75c62446148bd855f7a,69fded1262446148bd848cfd,David Remick,69fdef8fbf1df2fe9692198a,,Insurance Request,active,non_compliant,Block Requirements,true,,,,,,,,,2026-05-27,2026-05-27
"Block Real Estate Services, LLC",69fdf75c62446148bd855f84,69fded2262446148bd849219,"Theodore Habiger and Rm 39 Midtown, LLC",69fdef8fbf1df2fe9692198a,,Insurance Request,active,non_compliant,Block Requirements,true,,,,,,,,,2026-05-27,2026-05-27
"Block Real Estate Services, LLC",69fdf75c62446148bd855f85,69fded2462446148bd849285,Veterans Ascent Corporation,69fdef8fbf1df2fe9692198a,,Insurance Request,active,non_compliant,Block Requirements,true,,,,,,,,,2026-05-27,2026-05-27
"Block Real Estate Services, LLC",69fdf75c62446148bd855f96,69fded1062446148bd848c4f,CBD American Shaman LLC,69fdefae0bb484cab51399d2,bf3943,Insurance Request,active,non_compliant,Block Requirements,true,,,,,,,,,2026-05-27,2026-05-27
"Block Real Estate Services, LLC",69fdf75c62446148bd855f9b,69fded1462446148bd848d90,"Farm & Home Builders, Inc",69fdefb2fa0b60fcd50d6be7,bf3944,Insurance Request,active,non_compliant,Block Requirements,true,,,,,,,,,2026-05-27,2026-05-27
"Block Real Estate Services, LLC",69fdf75c62446148bd855fae,69fded1a62446148bd848f6d,Mattress Firm Inc,69fdefeafa0b60fcd50d7a68,bkp363,Insurance Request,active,non_compliant,Block Requirements,true,,,,,,,,,2026-05-27,2026-05-27
"Block Real Estate Services, LLC",69fdf75c62446148bd855fb0,69fded2562446148bd8492d9,ZSF USA LLC,69fdefeafa0b60fcd50d7a68,bkp363,Insurance Request,active,non_compliant,Block Requirements,true,,,,,,,,,2026-05-27,2026-05-27
"Block Real Estate Services, LLC",69fdf75c62446148bd855f61,69fded1462446148bd848d96,FastSigns,69fdef7403a2257cd27da147,,Insurance Request,active,non_compliant,Block Requirements,true,,,,,,,,,2026-05-27,2026-05-27
"Block Real Estate Services, LLC",69fdf75c62446148bd855f6b,69fded2362446148bd849243,"University Health WIC / Truman Medical Center, Inc.",69fdef7403a2257cd27da147,,Insurance Request,active,non_compliant,Block Requirements,true,,,,,,,,,2026-05-27,2026-05-27
"Block Real Estate Services, LLC",69fdf75c62446148bd855f71,69fded1062446148bd848c52,"Sunflower Health Plan / Centene Management Company, LLC",69fdef860bb484cab5138c69,,Insurance Request,active,non_compliant,Block Requirements,true,,,,,,,,,2026-05-27,2026-05-27
"Block Real Estate Services, LLC",69fdf75c62446148bd855f7f,69fded1862446148bd848e95,Isaiah Ink LLC,69fdef8fbf1df2fe9692198a,,Insurance Request,active,non_compliant,Block Requirements,true,,,,,,,,,2026-05-27,2026-05-27
"Block Real Estate Services, LLC",69fdf75c62446148bd855f9a,69fded1062446148bd848c25,"Buckeye International, Inc",69fdefb2fa0b60fcd50d6be7,bf3944,Insurance Request,active,non_compliant,Block Requirements,true,,,,,,,,,2026-05-27,2026-05-27
"Block Real Estate Services, LLC",69fdf75c62446148bd855f76,69fded0f62446148bd848be6,Better Way Dogs LLC,69fdef8fbf1df2fe9692198a,,Insurance Request,active,non_compliant,Block Requirements,true,,,,,,,,,2026-05-27,2026-05-27
"Block Real Estate Services, LLC",69fdf75c62446148bd855f8a,69fded1d62446148bd849054,Papa's Partners LLC,69fdf5c2e84e20262bb42483,3rd979,Insurance Request,active,non_compliant,Block Requirements,true,,,,,,,,,2026-05-27,2026-05-27
"Block Real Estate Services, LLC",69fdf75c62446148bd855fa4,69fded1062446148bd848c55,Central Power Systems & Services LLC,69fdefbc0e86e2f8723d93ac,bf3946,Insurance Request,active,non_compliant,Block Requirements,true,,,,,,,,,2026-05-27,2026-05-27
"Block Real Estate Services, LLC",69fdf75c62446148bd855fa6,69fded1462446148bd848d69,Engaged Holdings LLC,69fdefc138cbea6b3a68d4da,bf3947,Insurance Request,active,non_compliant,Block Requirements,true,,,,,,,,,2026-05-27,2026-05-27
"Block Real Estate Services, LLC",69fdf75c62446148bd855fa8,69fded1e62446148bd8490b1,"Prime Source Building Products, Inc.",69fdefc60bb484cab513a701,bf4306,Insurance Request,active,non_compliant,Block Requirements,true,,,,,,,,,2026-05-27,2026-05-27
"Block Real Estate Services, LLC",69fdf75c62446148bd855fad,69fded1762446148bd848e47,HD Supply,69fdefeafa0b60fcd50d7a68,bkp363,Insurance Request,active,non_compliant,Block Requirements,true,,,,,,,,,2026-05-27,2026-05-27
"Block Real Estate Services, LLC",69fdf75c62446148bd855fb3,69fded1262446148bd848cf4,Data Systems International Inc,69fdeff702bb2c42a87a062f,ccc268,Insurance Request,active,non_compliant,Block Requirements,true,,,,,,,,,2026-05-27,2026-05-27
"Block Real Estate Services, LLC",69fdf75c62446148bd855f55,69fded1f62446148bd8490ed,Releve Performing Arts / Ashley Collier,69fdef6abf1df2fe969214c6,,Insurance Request,active,non_compliant,Block Requirements,true,,,,,,,,,2026-05-27,2026-05-27
"Block Real Estate Services, LLC",69fdf75c62446148bd855f70,69fded2362446148bd849231,"Johnson County Davita / Total Renal Care, Inc.",69fdef8238cbea6b3a68c358,,Insurance Request,active,non_compliant,Block Requirements,true,,,,,,,,,2026-05-27,2026-05-27
"Block Real Estate Services, LLC",69fdf75c62446148bd855f73,69fded1762446148bd848e89,Inspire Therapy LLC,69fdef8bfa0b60fcd50d6056,,Insurance Request,active,non_compliant,Block Requirements,true,,,,,,,,,2026-05-27,2026-05-27
"Block Real Estate Services, LLC",69fdf75c62446148bd855f75,69fded0c62446148bd848b11,Abdalla Osman,69fdef8fbf1df2fe9692198a,,Insurance Request,active,non_compliant,Block Requirements,true,,,,,,,,,2026-05-27,2026-05-27
"Block Real Estate Services, LLC",69fdf75c62446148bd855f83,69fded2162446148bd8491b3,Starbucks Corporation,69fdef8fbf1df2fe9692198a,,Insurance Request,active,non_compliant,Block Requirements,true,,,,,,,,,2026-05-27,2026-05-27
"Block Real Estate Services, LLC",69fdf75c62446148bd855f93,69fded2462446148bd84928b,Vintage Stock,69fdef94fa0b60fcd50d6424,3rd989,Insurance Request,active,non_compliant,Block Requirements,true,,,,,,,,,2026-05-27,2026-05-27
"Block Real Estate Services, LLC",69fdf75c62446148bd855f98,69fded1e62446148bd8490b7,Pro Concrete Design Inc,69fdefae0bb484cab51399d2,bf3943,Insurance Request,active,non_compliant,Block Requirements,true,,,,,,,,,2026-05-27,2026-05-27
"Block Real Estate Services, LLC",69fdf75c62446148bd855f9d,69fded1662446148bd848e0e,"Golden Distributing Company, Inc.",69fdefb2fa0b60fcd50d6be7,bf3944,Insurance Request,active,non_compliant,Block Requirements,true,,,,,,,,,2026-05-27,2026-05-27
"Block Real Estate Services, LLC",69fdf75c62446148bd855fb1,69fded0c62446148bd848b1a,Actuarial Resources Corporation of Kansas LLC,69fdeff702bb2c42a87a062f,ccc268,Insurance Request,active,non_compliant,Block Requirements,true,,,,,,,,,2026-05-27,2026-05-27
"Block Real Estate Services, LLC",69fdf75c62446148bd855f5a,69fded1a62446148bd848f6d,Mattress Firm Inc,69fdef6fe45e7dcf5c433fc2,,Insurance Request,active,non_compliant,Block Requirements,true,,,,,,,,,2026-05-27,2026-05-27
"Block Real Estate Services, LLC",69fdf75c62446148bd855f6c,69fded2062446148bd849171,Skechers Outlet,69fdef780bb484cab5138997,,Insurance Request,active,non_compliant,Block Requirements,true,,,,,,,,,2026-05-27,2026-05-27
"Block Real Estate Services, LLC",69fdf75c62446148bd855f78,69fded1062446148bd848c64,Chazmine English,69fdef8fbf1df2fe9692198a,,Insurance Request,active,non_compliant,Block Requirements,true,,,,,,,,,2026-05-27,2026-05-27
"Block Real Estate Services, LLC",69fdf75c62446148bd855fac,69fded2462446148bd8492c4,"Worldpac, Inc.",69fdefe60bb484cab513acd9,bkp362,Insurance Request,active,non_compliant,Block Requirements,true,,,,,,,,,2026-05-27,2026-05-27
"Block Real Estate Services, LLC",69fdf75c62446148bd855f5c,69fded0d62446148bd848b50,Allure Hair Studio,69fdef7403a2257cd27da147,,Insurance Request,active,non_compliant,Block Requirements,true,,,,,,,,,2026-05-27,2026-05-27
"Block Real Estate Services, LLC",69fdf75c62446148bd855f90,69fded1c62446148bd849003,New Nail & Spa,69fdef94fa0b60fcd50d6424,3rd989,Insurance Request,active,non_compliant,Block Requirements,true,,,,,,,,,2026-05-27,2026-05-27
"Block Real Estate Services, LLC",69fdf75c62446148bd855fa2,69fded1762446148bd848e7a,Hydro Extrusion USA LLC,69fdefb802bb2c42a879f4b6,bf3945,Insurance Request,active,non_compliant,Block Requirements,true,,,,,,,,,2026-05-27,2026-05-27
"Block Real Estate Services, LLC",69fdf75c62446148bd855fb4,69fded1c62446148bd849009,Nextaff Group LLC,69fdeff702bb2c42a87a062f,ccc268,Insurance Request,active,non_compliant,Block Requirements,true,,,,,,,,,2026-05-27,2026-05-27
"Block Real Estate Services, LLC",69fdf75c62446148bd855f56,69fded2162446148bd84917d,Soar Nutrition,69fdef6abf1df2fe969214c6,,Insurance Request,active,non_compliant,Block Requirements,true,,,,,,,,,2026-05-27,2026-05-27
"Block Real Estate Services, LLC",69fdf75c62446148bd855f5e,69fded0e62446148bd848b9e,Astro Ventures,69fdef7403a2257cd27da147,,Insurance Request,active,non_compliant,Block Requirements,true,,,,,,,,,2026-05-27,2026-05-27
"Block Real Estate Services, LLC",69fdf75c62446148bd855f80,69fded1862446148bd848eb6,Jonathan Walker and JayQuan Lee'on Roby,69fdef8fbf1df2fe9692198a,,Insurance Request,active,non_compliant,Block Requirements,true,,,,,,,,,2026-05-27,2026-05-27
"Block Real Estate Services, LLC",69fdf75c62446148bd855f9c,69fded1562446148bd848ded,"Gas Equipment, Inc",69fdefb2fa0b60fcd50d6be7,bf3944,Insurance Request,active,non_compliant,Block Requirements,true,,,,,,,,,2026-05-27,2026-05-27
"Block Real Estate Services, LLC",69fdf75c62446148bd855fa0,69fded2262446148bd84920d,The Missouri Gaming Company,69fdefb2fa0b60fcd50d6be7,bf3944,Insurance Request,active,non_compliant,Block Requirements,true,,,,,,,,,2026-05-27,2026-05-27
"Block Real Estate Services, LLC",69fdf75c62446148bd855fb7,69fded1e62446148bd8490b4,Principal Life Insurance Company,69fdeff702bb2c42a87a062f,ccc268,Insurance Request,active,non_compliant,Block Requirements,true,,,,,,,,,2026-05-27,2026-05-27
"Block Real Estate Services, LLC",69fdf75c62446148bd855f59,69fded1862446148bd848eaa,Jimmy John's,69fdef6fe45e7dcf5c433fc2,,Insurance Request,active,non_compliant,Block Requirements,true,,,,,,,,,2026-05-27,2026-05-27
"Block Real Estate Services, LLC",69fdf75c62446148bd855f68,69fded2062446148bd849147,Select Physical Therapy / Healthsouth Corp,69fdef7403a2257cd27da147,,Insurance Request,active,non_compliant,Block Requirements,true,,,,,,,,,2026-05-27,2026-05-27
"Block Real Estate Services, LLC",69fdf75c62446148bd855f72,69fded2162446148bd849183,"Soleran, Inc. (sublease from Sunflower Health Plan / Centene Management Company, LLC)",69fdef860bb484cab5138c69,,Insurance Request,active,non_compliant,Block Requirements,true,,,,,,,,,2026-05-27,2026-05-27
"Block Real Estate Services, LLC",69fdf75c62446148bd855f74,69fded1a62446148bd848f46,Magvia Percussion LLC,69fdef8bfa0b60fcd50d6056,,Insurance Request,active,non_compliant,Block Requirements,true,,,,,,,,,2026-05-27,2026-05-27
"Block Real Estate Services, LLC",69fdf75c62446148bd855f7c,69fded1462446148bd848d7e,Evalinesthetics,69fdef8fbf1df2fe9692198a,,Insurance Request,active,non_compliant,Block Requirements,true,,,,,,,,,2026-05-27,2026-05-27
"Block Real Estate Services, LLC",69fdf75c62446148bd855f87,69fded0d62446148bd848b71,Anthony Vasquez,69fdf5c2e84e20262bb42483,3rd979,Insurance Request,active,non_compliant,Block Requirements,true,,,,,,,,,2026-05-27,2026-05-27
"Block Real Estate Services, LLC",69fdf75c62446148bd855f88,69fded1362446148bd848d24,Dollar Tree #03352,69fdf5c2e84e20262bb42483,3rd979,Insurance Request,active,non_compliant,Block Requirements,true,,,,,,,,,2026-05-27,2026-05-27
"Block Real Estate Services, LLC",69fdf75c62446148bd855f8f,69fded1c62446148bd848ffa,New China Super Buffet,69fdef94fa0b60fcd50d6424,3rd989,Insurance Request,active,non_compliant,Block Requirements,true,,,,,,,,,2026-05-27,2026-05-27
"Block Real Estate Services, LLC",69fdf75c62446148bd855f92,69fded2362446148bd84922b,Top Notch Store LLC,69fdef94fa0b60fcd50d6424,3rd989,Insurance Request,active,non_compliant,Block Requirements,true,,,,,,,,,2026-05-27,2026-05-27
"Block Real Estate Services, LLC",69fdf75c62446148bd855fa3,69fded1862446148bd848ecb,"Kansas City Gymnastics, Inc.",69fdefb802bb2c42a879f4b6,bf3945,Insurance Request,active,non_compliant,Block Requirements,true,,,,,,,,,2026-05-27,2026-05-27
"Block Real Estate Services, LLC",69fdf75c62446148bd855f91,69fded1c62446148bd849018,Office Depot,69fdef94fa0b60fcd50d6424,3rd989,Insurance Request,active,non_compliant,Block Requirements,true,,,,,,,,,2026-05-27,2026-05-27
"Block Real Estate Services, LLC",69fdf75c62446148bd855f97,69fded1962446148bd848ee6,"Kawneer Company, Inc.",69fdefae0bb484cab51399d2,bf3943,Insurance Request,active,non_compliant,Block Requirements,true,,,,,,,,,2026-05-27,2026-05-27
"Block Real Estate Services, LLC",69fdf75c62446148bd855f9e,69fded1e62446148bd84909f,Polaris Pharmacy Services of Missouri,69fdefb2fa0b60fcd50d6be7,bf3944,Insurance Request,active,non_compliant,Block Requirements,true,,,,,,,,,2026-05-27,2026-05-27
"Block Real Estate Services, LLC",69fdf75c62446148bd855f64,69fded1a62446148bd848f34,Long's Shotokan Karate Academy and Martial Arts LLC,69fdef7403a2257cd27da147,,Insurance Request,active,non_compliant,Block Requirements,true,,,,,,,,,2026-05-27,2026-05-27
"Block Real Estate Services, LLC",69fdf75c62446148bd855f67,69fded1d62446148bd849051,"Hydro Ponics / River Market Hydro / Palm Green, LLC",69fdef7403a2257cd27da147,,Insurance Request,active,non_compliant,Block Requirements,true,,,,,,,,,2026-05-27,2026-05-27
"Block Real Estate Services, LLC",69fdf75c62446148bd855fa7,69fded1962446148bd848f10,Larrys Nursery,69fdefc138cbea6b3a68d4da,bf3947,Insurance Request,active,non_compliant,Block Requirements,true,,,,,,,,,2026-05-27,2026-05-27
"Block Real Estate Services, LLC",69fdf75c62446148bd855faa,69fded1b62446148bd848fd3,Mohawk Carpet Distributio,69fdefe60bb484cab513acd9,bkp362,Insurance Request,active,non_compliant,Block Requirements,true,,,,,,,,,2026-05-27,2026-05-27
"Block Real Estate Services, LLC",69fdf75c62446148bd855fb8,69fded1f62446148bd8490db,R G Brinkmann Company,69fdeff702bb2c42a87a062f,ccc268,Insurance Request,active,non_compliant,Block Requirements,true,,,,,,,,,2026-05-27,2026-05-27
"Block Real Estate Services, LLC",69fdf76e62446148bd8573c5,69fded2262446148bd849210,The Peavey Corporation,69fdf0150bb484cab513b4eb,col720,Insurance Request,active,non_compliant,Block Requirements,true,,,,,,,,,2026-05-27,2026-05-27
"Block Real Estate Services, LLC",69fdf76e62446148bd8573d5,69fded1662446148bd848e2c,Guardian Water & Air Systems LLC,69fdf03902bb2c42a87a13b8,hig143,Insurance Request,active,non_compliant,Block Requirements,true,,,,,,,,,2026-05-27,2026-05-27
"Block Real Estate Services, LLC",69fdf76e62446148bd8573f6,69fded1662446148bd848e23,Grocery Delivery Logistics Inc,69fdf05e0e86e2f8723db3e7,kci284,Insurance Request,active,non_compliant,Block Requirements,true,,,,,,,,,2026-05-27,2026-05-27
"Block Real Estate Services, LLC",69fdf76e62446148bd857403,69fded0e62446148bd848b83,Applied Industrial Technologies Inc,69fdf06abf1df2fe96926664,kci289,Insurance Request,active,non_compliant,Block Requirements,true,,,,,,,,,2026-05-27,2026-05-27
"Block Real Estate Services, LLC",69fdf76e62446148bd857407,69fded1d62446148bd84904e,Pack3000 LLC,69fdf06de45e7dcf5c4377cd,kci290,Insurance Request,active,non_compliant,Block Requirements,true,,,,,,,,,2026-05-27,2026-05-27
"Block Real Estate Services, LLC",69fdf76e62446148bd8573a7,69fded1462446148bd848da8,"First Biomedical, Inc",69fdf0023b208288e0a7c731,cck640,Insurance Request,active,non_compliant,Block Requirements,true,,,,,,,,,2026-05-27,2026-05-27
"Block Real Estate Services, LLC",69fdf76e62446148bd8573e6,69fded0d62446148bd848b47,All Copy Products Inc,69fdf05002bb2c42a87a1859,kc2704,Insurance Request,active,non_compliant,Block Requirements,true,,,,,,,,,2026-05-27,2026-05-27
"Block Real Estate Services, LLC",69fdf76e62446148bd8573f3,69fded1962446148bd848f2e,Link Media Omaha LLC,69fdf0590bb484cab513c4cc,kci283,Insurance Request,active,non_compliant,Block Requirements,true,,,,,,,,,2026-05-27,2026-05-27
"Block Real Estate Services, LLC",69fdf76e62446148bd8573a5,69fded2462446148bd8492c7,WWEX Franchise Holdings LLC,69fdeff702bb2c42a87a062f,ccc268,Insurance Request,active,non_compliant,Block Requirements,true,,,,,,,,,2026-05-27,2026-05-27
"Block Real Estate Services, LLC",69fdf76e62446148bd8573a8,69fded1762446148bd848e83,"Image Quest, Inc",69fdf0023b208288e0a7c731,cck640,Insurance Request,active,non_compliant,Block Requirements,true,,,,,,,,,2026-05-27,2026-05-27
"Block Real Estate Services, LLC",69fdf76e62446148bd8573ae,69fded1962446148bd848f04,Ku Gynecology and Obstetrical Foundation - unit 200,69fdf00902bb2c42a87a0a88,cm2757,Insurance Request,active,non_compliant,Block Requirements,true,,,,,,,,,2026-05-27,2026-05-27
"Block Real Estate Services, LLC",69fdf76e62446148bd8573b8,69fded1162446148bd848c94,"College Park Endoscopy Center, LLC",69fdf00d0e86e2f8723da443,cm3758,Insurance Request,active,non_compliant,Block Requirements,true,,,,,,,,,2026-05-27,2026-05-27
"Block Real Estate Services, LLC",69fdf76e62446148bd8573be,69fded0e62446148bd848b8f,Arrowhead Forensics,69fdf0150bb484cab513b4eb,col720,Insurance Request,active,non_compliant,Block Requirements,true,,,,,,,,,2026-05-27,2026-05-27
"Block Real Estate Services, LLC",69fdf76e62446148bd8573c6,69fded2462446148bd8492ac,WellSky Corporation,69fdf01803a2257cd27dd982,cp3269,Insurance Request,active,non_compliant,Block Requirements,true,,,,,,,,,2026-05-27,2026-05-27
"Block Real Estate Services, LLC",69fdf76e62446148bd8573d6,69fded1762446148bd848e59,Hensley Electric Inc,69fdf03902bb2c42a87a13b8,hig143,Insurance Request,active,non_compliant,Block Requirements,true,,,,,,,,,2026-05-27,2026-05-27
"Block Real Estate Services, LLC",69fdf76e62446148bd8573dd,69fded0d62446148bd848b59,American Residential Services LLC,69fdf03c3b208288e0a7d188,int072,Insurance Request,active,non_compliant,Block Requirements,true,,,,,,,,,2026-05-27,2026-05-27
"Block Real Estate Services, LLC",69fdf76e62446148bd8573fe,69fded1362446148bd848d3c,E2 Optics LLC,69fdf067fa0b60fcd50d99bf,kci288,Insurance Request,active,non_compliant,Block Requirements,true,,,,,,,,,2026-05-27,2026-05-27
"Block Real Estate Services, LLC",69fdf76e62446148bd8573bc,69fded2362446148bd84926d,University of Kansas Hospital Authority,69fdf00d0e86e2f8723da443,cm3758,Insurance Request,active,non_compliant,Block Requirements,true,,,,,,,,,2026-05-27,2026-05-27
"Block Real Estate Services, LLC",69fdf76e62446148bd8573d7,69fded1a62446148bd848f82,McQuaid Brothers Remodeling,69fdf03902bb2c42a87a13b8,hig143,Insurance Request,active,non_compliant,Block Requirements,true,,,,,,,,,2026-05-27,2026-05-27
"Block Real Estate Services, LLC",69fdf76e62446148bd8573dc,69fded2362446148bd849264,"United Access of KC, LLC",69fdf03902bb2c42a87a13b8,hig143,Insurance Request,active,non_compliant,Block Requirements,true,,,,,,,,,2026-05-27,2026-05-27
"Block Real Estate Services, LLC",69fdf76e62446148bd8573fa,69fded1462446148bd848db1,First Key Homes,69fdf061bf1df2fe969263d0,kci286,Insurance Request,active,non_compliant,Block Requirements,true,,,,,,,,,2026-05-27,2026-05-27
"Block Real Estate Services, LLC",69fdf76e62446148bd8573ce,69fded2462446148bd8492cd,Xpress Stop 2 LLC,69fdf02903a2257cd27dddc3,gd2426,Insurance Request,active,non_compliant,Block Requirements,true,,,,,,,,,2026-05-27,2026-05-27
"Block Real Estate Services, LLC",69fdf76e62446148bd8573d4,69fded1262446148bd848cd6,Cruise Marketing Inc,69fdf03902bb2c42a87a13b8,hig143,Insurance Request,active,non_compliant,Block Requirements,true,,,,,,,,,2026-05-27,2026-05-27
"Block Real Estate Services, LLC",69fdf76e62446148bd8573e1,69fded2362446148bd84926d,University of Kansas Hospital Authority,69fdf0473b208288e0a7d535,kc2702,Insurance Request,active,non_compliant,Block Requirements,true,,,,,,,,,2026-05-27,2026-05-27
"Block Real Estate Services, LLC",69fdf76e62446148bd8573e4,69fded1162446148bd848ca0,Consolidated Supply Co,69fdf04d03a2257cd27de3b8,kc2703,Insurance Request,active,non_compliant,Block Requirements,true,,,,,,,,,2026-05-27,2026-05-27
"Block Real Estate Services, LLC",69fdf76e62446148bd8573ea,69fded1462446148bd848d9f,FILGR LLC,69fdf0533b208288e0a7d827,kci281,Insurance Request,active,non_compliant,Block Requirements,true,,,,,,,,,2026-05-27,2026-05-27
"Block Real Estate Services, LLC",69fdf76e62446148bd8573fd,69fded1162446148bd848c88,Clopay Building Products,69fdf067fa0b60fcd50d99bf,kci288,Insurance Request,active,non_compliant,Block Requirements,true,,,,,,,,,2026-05-27,2026-05-27
"Block Real Estate Services, LLC",69fdf76e62446148bd8573ab,69fded2162446148bd849198,Sports Rehab Submetered Electric,69fdf00503a2257cd27dd397,cm1756,Insurance Request,active,non_compliant,Block Requirements,true,,,,,,,,,2026-05-27,2026-05-27
"Block Real Estate Services, LLC",69fdf76e62446148bd8573af,69fded1962446148bd848f07,Laboratory Corporation of America Holdings,69fdf00902bb2c42a87a0a88,cm2757,Insurance Request,active,non_compliant,Block Requirements,true,,,,,,,,,2026-05-27,2026-05-27
"Block Real Estate Services, LLC",69fdf76e62446148bd8573c0,69fded1062446148bd848c3a,BWI Companies Inc,69fdf0150bb484cab513b4eb,col720,Insurance Request,active,non_compliant,Block Requirements,true,,,,,,,,,2026-05-27,2026-05-27
"Block Real Estate Services, LLC",69fdf76e62446148bd8573c8,69fded1562446148bd848db4,First Watch,69fdf01f3b208288e0a7cdb6,fwr117,Insurance Request,active,non_compliant,Block Requirements,true,,,,,,,,,2026-05-27,2026-05-27
"Block Real Estate Services, LLC",69fdf76e62446148bd8573d8,69fded1b62446148bd848f91,Medical Technology Associates Inc,69fdf03902bb2c42a87a13b8,hig143,Insurance Request,active,non_compliant,Block Requirements,true,,,,,,,,,2026-05-27,2026-05-27
"Block Real Estate Services, LLC",69fdf76e62446148bd8573fb,69fded1962446148bd848efb,Knappco LLC,69fdf061bf1df2fe969263d0,kci286,Insurance Request,active,non_compliant,Block Requirements,true,,,,,,,,,2026-05-27,2026-05-27
"Block Real Estate Services, LLC",69fdf76e62446148bd8573b2,69fded1e62446148bd849087,Phlebology Management LLC,69fdf00902bb2c42a87a0a88,cm2757,Insurance Request,active,non_compliant,Block Requirements,true,,,,,,,,,2026-05-27,2026-05-27
"Block Real Estate Services, LLC",69fdf76e62446148bd8573bf,69fded0e62446148bd848bb0,AVI-SPL LLC,69fdf0150bb484cab513b4eb,col720,Insurance Request,active,non_compliant,Block Requirements,true,,,,,,,,,2026-05-27,2026-05-27
"Block Real Estate Services, LLC",69fdf76e62446148bd8573c3,69fded1e62446148bd849093,Pivot International Inc,69fdf0150bb484cab513b4eb,col720,Insurance Request,active,non_compliant,Block Requirements,true,,,,,,,,,2026-05-27,2026-05-27
"Block Real Estate Services, LLC",69fdf76e62446148bd8573f0,69fded2462446148bd8492b2,West Shore Home LLC,69fdf05638cbea6b3a68f4ea,kci282,Insurance Request,active,non_compliant,Block Requirements,true,,,,,,,,,2026-05-27,2026-05-27
"Block Real Estate Services, LLC",69fdf76e62446148bd857400,69fded1e62446148bd8490a2,Polymershapes LLC,69fdf067fa0b60fcd50d99bf,kci288,Insurance Request,active,non_compliant,Block Requirements,true,,,,,,,,,2026-05-27,2026-05-27
"Block Real Estate Services, LLC",69fdf76e62446148bd857405,69fded1562446148bd848dc0,Force America Inc,69fdf06abf1df2fe96926664,kci289,Insurance Request,active,non_compliant,Block Requirements,true,,,,,,,,,2026-05-27,2026-05-27
"Block Real Estate Services, LLC",69fdf76e62446148bd8573a6,69fded0f62446148bd848bef,Biomune Company,69fdf0023b208288e0a7c731,cck640,Insurance Request,active,non_compliant,Block Requirements,true,,,,,,,,,2026-05-27,2026-05-27
"Block Real Estate Services, LLC",69fdf76e62446148bd8573a9,69fded1862446148bd848ec5,Kansas City Bone & Joint Clinic,69fdf00503a2257cd27dd397,cm1756,Insurance Request,active,non_compliant,Block Requirements,true,,,,,,,,,2026-05-27,2026-05-27
"Block Real Estate Services, LLC",69fdf76e62446148bd8573c7,69fded1c62446148bd848ff1,Nestle Purina PetCare Co.,69fdf01c02bb2c42a87a0f07,dav189,Insurance Request,active,non_compliant,Block Requirements,true,,,,,,,,,2026-05-27,2026-05-27
"Block Real Estate Services, LLC",69fdf76e62446148bd8573cc,69fded1d62446148bd849063,Parvin Laundry LLC,69fdf02903a2257cd27dddc3,gd2426,Insurance Request,active,non_compliant,Block Requirements,true,,,,,,,,,2026-05-27,2026-05-27
"Block Real Estate Services, LLC",69fdf76e62446148bd8573e8,69fded2062446148bd849168,Siemens Corporation,69fdf05002bb2c42a87a1859,kc2704,Insurance Request,active,non_compliant,Block Requirements,true,,,,,,,,,2026-05-27,2026-05-27
"Block Real Estate Services, LLC",69fdf76e62446148bd8573ac,69fded1062446148bd848c40,Carondelet Orthopaedic Surgeons PC,69fdf00902bb2c42a87a0a88,cm2757,Insurance Request,active,non_compliant,Block Requirements,true,,,,,,,,,2026-05-27,2026-05-27
"Block Real Estate Services, LLC",69fdf76e62446148bd8573db,69fded2262446148bd8491ef,Test & Measurement Inc,69fdf03902bb2c42a87a13b8,hig143,Insurance Request,active,non_compliant,Block Requirements,true,,,,,,,,,2026-05-27,2026-05-27
"Block Real Estate Services, LLC",69fdf76e62446148bd857402,69fded0c62446148bd848b2c,Advanced Turf Solutions Inc,69fdf06abf1df2fe96926664,kci289,Insurance Request,active,non_compliant,Block Requirements,true,,,,,,,,,2026-05-27,2026-05-27
"Block Real Estate Services, LLC",69fdf76e62446148bd8573b1,69fded1b62446148bd848fa3,"Metro Spine & Rehab, P.A.",69fdf00902bb2c42a87a0a88,cm2757,Insurance Request,active,non_compliant,Block Requirements,true,,,,,,,,,2026-05-27,2026-05-27
"Block Real Estate Services, LLC",69fdf76e62446148bd8573b6,69fded0d62446148bd848b4a,Allergy & Asthma Care,69fdf00d0e86e2f8723da443,cm3758,Insurance Request,active,non_compliant,Block Requirements,true,,,,,,,,,2026-05-27,2026-05-27
"Block Real Estate Services, LLC",69fdf76e62446148bd8573bd,69fded2262446148bd8491f2,"Teva Neuroscience, Inc",69fdf01138cbea6b3a68e74b,cna251,Insurance Request,active,non_compliant,Block Requirements,true,,,,,,,,,2026-05-27,2026-05-27
"Block Real Estate Services, LLC",69fdf76e62446148bd8573c2,69fded1662446148bd848e35,H M Cragg Co,69fdf0150bb484cab513b4eb,col720,Insurance Request,active,non_compliant,Block Requirements,true,,,,,,,,,2026-05-27,2026-05-27
"Block Real Estate Services, LLC",69fdf76e62446148bd8573c4,69fded1f62446148bd8490ff,"Revolutionary Business Concepts, Inc",69fdf0150bb484cab513b4eb,col720,Insurance Request,active,non_compliant,Block Requirements,true,,,,,,,,,2026-05-27,2026-05-27
"Block Real Estate Services, LLC",69fdf76e62446148bd8573d9,69fded1d62446148bd849042,"Oz Accommodations, Inc.",69fdf03902bb2c42a87a13b8,hig143,Insurance Request,active,non_compliant,Block Requirements,true,,,,,,,,,2026-05-27,2026-05-27
"Block Real Estate Services, LLC",69fdf76e62446148bd8573f2,69fded1962446148bd848f25,Lightning Logistics,69fdf0590bb484cab513c4cc,kci283,Insurance Request,active,non_compliant,Block Requirements,true,,,,,,,,,2026-05-27,2026-05-27
"Block Real Estate Services, LLC",69fdf76e62446148bd8573f7,69fded1d62446148bd84905d,Parker Americas Inc,69fdf05e0e86e2f8723db3e7,kci284,Insurance Request,active,non_compliant,Block Requirements,true,,,,,,,,,2026-05-27,2026-05-27
"Block Real Estate Services, LLC",69fdf76e62446148bd8573f8,69fded0e62446148bd848baa,Auction Merchandise of KC,69fdf061bf1df2fe969263d0,kci286,Insurance Request,active,non_compliant,Block Requirements,true,,,,,,,,,2026-05-27,2026-05-27
"Block Real Estate Services, LLC",69fdf76e62446148bd857404,69fded1162446148bd848c7f,CJ Industries LLC,69fdf06abf1df2fe96926664,kci289,Insurance Request,active,non_compliant,Block Requirements,true,,,,,,,,,2026-05-27,2026-05-27
"Block Real Estate Services, LLC",69fdf76e62446148bd857406,69fded1662446148bd848e26,GS Operating LLC dba Gexpro Services,69fdf06de45e7dcf5c4377cd,kci290,Insurance Request,active,non_compliant,Block Requirements,true,,,,,,,,,2026-05-27,2026-05-27
"Block Real Estate Services, LLC",69fdf76e62446148bd8573ad,69fded1262446148bd848d0c,Dermatology Consultants,69fdf00902bb2c42a87a0a88,cm2757,Insurance Request,active,non_compliant,Block Requirements,true,,,,,,,,,2026-05-27,2026-05-27
"Block Real Estate Services, LLC",69fdf76e62446148bd8573b0,69fded1a62446148bd848f76,MB Properties LLC,69fdf00902bb2c42a87a0a88,cm2757,Insurance Request,active,non_compliant,Block Requirements,true,,,,,,,,,2026-05-27,2026-05-27
"Block Real Estate Services, LLC",69fdf76e62446148bd8573b5,69fded2362446148bd84926d,University of Kansas Hospital Authority,69fdf00902bb2c42a87a0a88,cm2757,Insurance Request,active,non_compliant,Block Requirements,true,,,,,,,,,2026-05-27,2026-05-27
"Block Real Estate Services, LLC",69fdf76e62446148bd8573b7,69fded0f62446148bd848c10,"Body Contour Centers, LLC",69fdf00d0e86e2f8723da443,cm3758,Insurance Request,active,non_compliant,Block Requirements,true,,,,,,,,,2026-05-27,2026-05-27
"Block Real Estate Services, LLC",69fdf76e62446148bd8573d0,69fded2162446148bd84919e,SRS Distribution Inc,69fdf02c0bb484cab513b6a0,glo511,Insurance Request,active,non_compliant,Block Requirements,true,,,,,,,,,2026-05-27,2026-05-27
"Block Real Estate Services, LLC",69fdf76e62446148bd8573d3,69fded1562446148bd848dc6,Foxx Equipment Company,69fdf03603a2257cd27ddee7,glo519,Insurance Request,active,non_compliant,Block Requirements,true,,,,,,,,,2026-05-27,2026-05-27
"Block Real Estate Services, LLC",69fdf76e62446148bd8573ef,69fded1862446148bd848eb3,Johnson Granite Supply Inc,69fdf05638cbea6b3a68f4ea,kci282,Insurance Request,active,non_compliant,Block Requirements,true,,,,,,,,,2026-05-27,2026-05-27
"Block Real Estate Services, LLC",69fdf76e62446148bd8573c1,69fded1462446148bd848d8d,Faith Technologies Inc,69fdf0150bb484cab513b4eb,col720,Insurance Request,active,non_compliant,Block Requirements,true,,,,,,,,,2026-05-27,2026-05-27
"Block Real Estate Services, LLC",69fdf76e62446148bd8573eb,69fded1762446148bd848e4a,Healthy Meals Inc,69fdf0533b208288e0a7d827,kci281,Insurance Request,active,non_compliant,Block Requirements,true,,,,,,,,,2026-05-27,2026-05-27
"Block Real Estate Services, LLC",69fdf76e62446148bd8573f1,69fded1762446148bd848e77,Hyalogic LLC,69fdf0590bb484cab513c4cc,kci283,Insurance Request,active,non_compliant,Block Requirements,true,,,,,,,,,2026-05-27,2026-05-27
"Block Real Estate Services, LLC",69fdf76e62446148bd857401,69fded2062446148bd84913b,Seal Harbor Capital LLC,69fdf067fa0b60fcd50d99bf,kci288,Insurance Request,active,non_compliant,Block Requirements,true,,,,,,,,,2026-05-27,2026-05-27
"Block Real Estate Services, LLC",69fdf76e62446148bd8573aa,69fded1862446148bd848ece,Kansas City Urology Care,69fdf00503a2257cd27dd397,cm1756,Insurance Request,active,non_compliant,Block Requirements,true,,,,,,,,,2026-05-27,2026-05-27
"Block Real Estate Services, LLC",69fdf76e62446148bd8573ca,69fded1262446148bd848ce2,Dactyl LLC,69fdf02303a2257cd27ddb99,gd1403,Insurance Request,active,non_compliant,Block Requirements,true,,,,,,,,,2026-05-27,2026-05-27
"Block Real Estate Services, LLC",69fdf76e62446148bd8573cb,69fded1d62446148bd849033,O'Reilly Automotive,69fdf02903a2257cd27dddc3,gd2426,Insurance Request,active,non_compliant,Block Requirements,true,,,,,,,,,2026-05-27,2026-05-27
"Block Real Estate Services, LLC",69fdf76e62446148bd8573d1,69fded0d62446148bd848b74,Anytime Labor-KC Metro,69fdf03603a2257cd27ddee7,glo519,Insurance Request,active,non_compliant,Block Requirements,true,,,,,,,,,2026-05-27,2026-05-27
"Block Real Estate Services, LLC",69fdf76e62446148bd8573d2,69fded1262446148bd848cc7,Creative Consumer Concepts Inc,69fdf03603a2257cd27ddee7,glo519,Insurance Request,active,non_compliant,Block Requirements,true,,,,,,,,,2026-05-27,2026-05-27
"Block Real Estate Services, LLC",69fdf76e62446148bd8573e7,69fded0e62446148bd848b8c,ARJ Infusion Services,69fdf05002bb2c42a87a1859,kc2704,Insurance Request,active,non_compliant,Block Requirements,true,,,,,,,,,2026-05-27,2026-05-27
"Block Real Estate Services, LLC",69fdf76e62446148bd8573f4,69fded1d62446148bd84906f,Penske Truck Leasing Co LP,69fdf0590bb484cab513c4cc,kci283,Insurance Request,active,non_compliant,Block Requirements,true,,,,,,,,,2026-05-27,2026-05-27
"Block Real Estate Services, LLC",69fdf76e62446148bd8573f5,69fded1f62446148bd849102,Riverside Pharmacy Associates LLC,69fdf0590bb484cab513c4cc,kci283,Insurance Request,active,non_compliant,Block Requirements,true,,,,,,,,,2026-05-27,2026-05-27
"Block Real Estate Services, LLC",69fdf76e62446148bd8573ff,69fded1c62446148bd849006,New York Air Brake Co,69fdf067fa0b60fcd50d99bf,kci288,Insurance Request,active,non_compliant,Block Requirements,true,,,,,,,,,2026-05-27,2026-05-27
"Block Real Estate Services, LLC",69fdf76e62446148bd8573b3,69fded2162446148bd849195,Sports Rehab & Physical Therapy Inc,69fdf00902bb2c42a87a0a88,cm2757,Insurance Request,active,non_compliant,Block Requirements,true,,,,,,,,,2026-05-27,2026-05-27
"Block Real Estate Services, LLC",69fdf76e62446148bd8573bb,69fded2362446148bd84926d,University of Kansas Hospital Authority,69fdf00d0e86e2f8723da443,cm3758,Insurance Request,active,non_compliant,Block Requirements,true,,,,,,,,,2026-05-27,2026-05-27
"Block Real Estate Services, LLC",69fdf76e62446148bd8573c9,69fded1d62446148bd84907b,Petfolk Real Estate Holdings LLC,69fdf01f3b208288e0a7cdb6,fwr117,Insurance Request,active,non_compliant,Block Requirements,true,,,,,,,,,2026-05-27,2026-05-27
"Block Real Estate Services, LLC",69fdf76e62446148bd8573cf,69fded1f62446148bd8490ea,"Regal Staffing, LLC",69fdf02c0bb484cab513b6a0,glo511,Insurance Request,active,non_compliant,Block Requirements,true,,,,,,,,,2026-05-27,2026-05-27
"Block Real Estate Services, LLC",69fdf76e62446148bd8573de,69fded1a62446148bd848f52,Manna Pro Products LLC,69fdf03f03a2257cd27de04f,kc2700,Insurance Request,active,non_compliant,Block Requirements,true,,,,,,,,,2026-05-27,2026-05-27
"Block Real Estate Services, LLC",69fdf76e62446148bd8573ec,69fded1762446148bd848e62,Hoambrecker Enterprises LLC,69fdf0533b208288e0a7d827,kci281,Insurance Request,active,non_compliant,Block Requirements,true,,,,,,,,,2026-05-27,2026-05-27
"Block Real Estate Services, LLC",69fdf76e62446148bd8573df,69fded2262446148bd8491e9,Temp-Con,69fdf04202bb2c42a87a15aa,kc2701,Insurance Request,active,non_compliant,Block Requirements,true,,,,,,,,,2026-05-27,2026-05-27
"Block Real Estate Services, LLC",69fdf76e62446148bd8573e0,69fded1662446148bd848e44,HCA Realty,69fdf0473b208288e0a7d535,kc2702,Insurance Request,active,non_compliant,Block Requirements,true,,,,,,,,,2026-05-27,2026-05-27
"Block Real Estate Services, LLC",69fdf76e62446148bd8573e5,69fded1762446148bd848e56,Hennessy Enterprises LLC,69fdf04d03a2257cd27de3b8,kc2703,Insurance Request,active,non_compliant,Block Requirements,true,,,,,,,,,2026-05-27,2026-05-27
"Block Real Estate Services, LLC",69fdf76e62446148bd8573ee,69fded2362446148bd84922e,Torgeson Electric Company,69fdf0533b208288e0a7d827,kci281,Insurance Request,active,non_compliant,Block Requirements,true,,,,,,,,,2026-05-27,2026-05-27
"Block Real Estate Services, LLC",69fdf76e62446148bd8573f9,69fded1062446148bd848c1c,Brown & Root Industrial Services LLC,69fdf061bf1df2fe969263d0,kci286,Insurance Request,active,non_compliant,Block Requirements,true,,,,,,,,,2026-05-27,2026-05-27
"Block Real Estate Services, LLC",69fdf76e62446148bd8573b4,69fded2362446148bd84926d,University of Kansas Hospital Authority,69fdf00902bb2c42a87a0a88,cm2757,Insurance Request,active,non_compliant,Block Requirements,true,,,,,,,,,2026-05-27,2026-05-27
"Block Real Estate Services, LLC",69fdf76e62446148bd8573b9,69fded2362446148bd849234,"Total Renal Care, Inc.",69fdf00d0e86e2f8723da443,cm3758,Insurance Request,active,non_compliant,Block Requirements,true,,,,,,,,,2026-05-27,2026-05-27
"Block Real Estate Services, LLC",69fdf76e62446148bd8573ba,69fded2362446148bd84926d,University of Kansas Hospital Authority,69fdf00d0e86e2f8723da443,cm3758,Insurance Request,active,non_compliant,Block Requirements,true,,,,,,,,,2026-05-27,2026-05-27
"Block Real Estate Services, LLC",69fdf76e62446148bd8573cd,69fded2162446148bd8491c8,"Subway Real Estate, LLC",69fdf02903a2257cd27dddc3,gd2426,Insurance Request,active,non_compliant,Block Requirements,true,,,,,,,,,2026-05-27,2026-05-27
"Block Real Estate Services, LLC",69fdf76e62446148bd8573da,69fded1e62446148bd8490ba,Professional Toxicology Services Inc,69fdf03902bb2c42a87a13b8,hig143,Insurance Request,active,non_compliant,Block Requirements,true,,,,,,,,,2026-05-27,2026-05-27
"Block Real Estate Services, LLC",69fdf76e62446148bd8573e2,69fded0d62446148bd848b53,Altium Healthcare Inc,69fdf04d03a2257cd27de3b8,kc2703,Insurance Request,active,non_compliant,Block Requirements,true,,,,,,,,,2026-05-27,2026-05-27
"Block Real Estate Services, LLC",69fdf76e62446148bd8573e3,69fded0d62446148bd848b5c,American West Worldwide,69fdf04d03a2257cd27de3b8,kc2703,Insurance Request,active,non_compliant,Block Requirements,true,,,,,,,,,2026-05-27,2026-05-27
"Block Real Estate Services, LLC",69fdf76e62446148bd8573e9,69fded0d62446148bd848b44,All Access Garage Doors,69fdf0533b208288e0a7d827,kci281,Insurance Request,active,non_compliant,Block Requirements,true,,,,,,,,,2026-05-27,2026-05-27
"Block Real Estate Services, LLC",69fdf76e62446148bd8573ed,69fded2062446148bd84914d,"SERC Physical Therapy / SERC Rehabilitation Partners, LLC",69fdf0533b208288e0a7d827,kci281,Insurance Request,active,non_compliant,Block Requirements,true,,,,,,,,,2026-05-27,2026-05-27
"Block Real Estate Services, LLC",69fdf76e62446148bd8573fc,69fded1a62446148bd848f37,Loomis Armored Service,69fdf064e45e7dcf5c4375c2,kci287,Insurance Request,active,non_compliant,Block Requirements,true,,,,,,,,,2026-05-27,2026-05-27
"Block Real Estate Services, LLC",69fdf78062446148bd8587e5,69fded0e62446148bd848ba7,Athletico Management LLC,69fdf0a60bb484cab513d2da,mil708,Insurance Request,active,non_compliant,Block Requirements,true,,,,,,,,,2026-05-27,2026-05-27
"Block Real Estate Services, LLC",69fdf78062446148bd858810,69fded1062446148bd848c31,Burlis Lawson Group Inc,69fdf0d9e45e7dcf5c438e0a,prg804,Insurance Request,active,non_compliant,Block Requirements,true,,,,,,,,,2026-05-27,2026-05-27
"Block Real Estate Services, LLC",69fdf78062446148bd8587b6,69fded2462446148bd8492bb,Woodbridge Corporation,69fdf07502bb2c42a87a2174,kci862,Insurance Request,active,non_compliant,Block Requirements,true,,,,,,,,,2026-05-27,2026-05-27
"Block Real Estate Services, LLC",69fdf78062446148bd8587d7,69fded1762446148bd848e86,Infinity Fasteners Inc,69fdf09d38cbea6b3a6917a7,lcs458,Insurance Request,active,non_compliant,Block Requirements,true,,,,,,,,,2026-05-27,2026-05-27
"Block Real Estate Services, LLC",69fdf78062446148bd8587e2,69fded1162446148bd848c7c,"Cingular Wireless, LLC",69fdf0aa38cbea6b3a691e24,mel786,Insurance Request,active,non_compliant,Block Requirements,true,,,,,,,,,2026-05-27,2026-05-27
"Block Real Estate Services, LLC",69fdf78062446148bd8587eb,69fded1c62446148bd848ffd,"New Cingular Wireless PCS, LLC",69fdf0a60bb484cab513d2da,mil708,Insurance Request,active,non_compliant,Block Requirements,true,,,,,,,,,2026-05-27,2026-05-27
"Block Real Estate Services, LLC",69fdf78062446148bd8587ef,69fded0f62446148bd848bdd,"Belton North Cass, LLC",69fdf0ad0bb484cab513d40c,ncd054,Insurance Request,active,non_compliant,Block Requirements,true,,,,,,,,,2026-05-27,2026-05-27
"Block Real Estate Services, LLC",69fdf78062446148bd8587f0,69fded1062446148bd848c49,Cass County Public Library,69fdf0ad0bb484cab513d40c,ncd054,Insurance Request,active,non_compliant,Block Requirements,true,,,,,,,,,2026-05-27,2026-05-27
"Block Real Estate Services, LLC",69fdf78062446148bd858809,69fded2462446148bd8492ca,WWMAJ Systems LLC,69fdf0d2e45e7dcf5c438d24,prg802,Insurance Request,active,non_compliant,Block Requirements,true,,,,,,,,,2026-05-27,2026-05-27
"Block Real Estate Services, LLC",69fdf78062446148bd85880c,69fded1c62446148bd848fdc,Monte Cook Games LLC,69fdf0d602bb2c42a87a37d2,prg803,Insurance Request,active,non_compliant,Block Requirements,true,,,,,,,,,2026-05-27,2026-05-27
"Block Real Estate Services, LLC",69fdf78062446148bd8587b7,69fded1f62446148bd8490f6,"Rentokil North America, Inc",69fdf07f0e86e2f8723dbc32,kci863,Insurance Request,active,non_compliant,Block Requirements,true,,,,,,,,,2026-05-27,2026-05-27
"Block Real Estate Services, LLC",69fdf78062446148bd85880b,69fded1962446148bd848f01,"Kruger Technologies, Inc",69fdf0d602bb2c42a87a37d2,prg803,Insurance Request,active,non_compliant,Block Requirements,true,,,,,,,,,2026-05-27,2026-05-27
"Block Real Estate Services, LLC",69fdf78062446148bd8587b8,69fded1062446148bd848c46,Carstar Riverside,69fdf08238cbea6b3a6909f0,kci864,Insurance Request,active,non_compliant,Block Requirements,true,,,,,,,,,2026-05-27,2026-05-27
"Block Real Estate Services, LLC",69fdf78062446148bd8587ba,69fded0d62446148bd848b68,AN Cubed Marketing LLC,69fdf0850bb484cab513cb76,kci865,Insurance Request,active,non_compliant,Block Requirements,true,,,,,,,,,2026-05-27,2026-05-27
"Block Real Estate Services, LLC",69fdf78062446148bd8587bd,69fded1b62446148bd848fc7,Miner Ltd,69fdf0850bb484cab513cb76,kci865,Insurance Request,active,non_compliant,Block Requirements,true,,,,,,,,,2026-05-27,2026-05-27
"Block Real Estate Services, LLC",69fdf78062446148bd8587de,69fded1362446148bd848d5a,Elliott Electric Supply Inc,69fdf0a3e45e7dcf5c438149,lne435,Insurance Request,active,non_compliant,Block Requirements,true,,,,,,,,,2026-05-27,2026-05-27
"Block Real Estate Services, LLC",69fdf78062446148bd8587e9,69fded1b62446148bd848fca,Missouri Wings XIV LLC,69fdf0a60bb484cab513d2da,mil708,Insurance Request,active,non_compliant,Block Requirements,true,,,,,,,,,2026-05-27,2026-05-27
"Block Real Estate Services, LLC",69fdf78062446148bd858800,69fded2262446148bd849216,The Waldinger Corporation,69fdf0c43b208288e0a7f2ab,pas774,Insurance Request,active,non_compliant,Block Requirements,true,,,,,,,,,2026-05-27,2026-05-27
"Block Real Estate Services, LLC",69fdf78062446148bd8587bb,69fded1462446148bd848d8a,F & M Traders LLC,69fdf0850bb484cab513cb76,kci865,Insurance Request,active,non_compliant,Block Requirements,true,,,,,,,,,2026-05-27,2026-05-27
"Block Real Estate Services, LLC",69fdf78062446148bd8587bc,69fded1562446148bd848de1,G5 Enterprises Inc,69fdf0850bb484cab513cb76,kci865,Insurance Request,active,non_compliant,Block Requirements,true,,,,,,,,,2026-05-27,2026-05-27
"Block Real Estate Services, LLC",69fdf78062446148bd8587d1,69fded1362446148bd848d57,Elemetal Direct USA LLC,69fdf090fa0b60fcd50da1ff,kci894,Insurance Request,active,non_compliant,Block Requirements,true,,,,,,,,,2026-05-27,2026-05-27
"Block Real Estate Services, LLC",69fdf78062446148bd8587d4,69fded1f62446148bd849126,Saints Independence LLC,69fdf0983b208288e0a7e794,lbj716,Insurance Request,active,non_compliant,Block Requirements,true,,,,,,,,,2026-05-27,2026-05-27
"Block Real Estate Services, LLC",69fdf78062446148bd8587d5,69fded0f62446148bd848c0d,Bode Cellmark Forensics Inc,69fdf09d38cbea6b3a6917a7,lcs458,Insurance Request,active,non_compliant,Block Requirements,true,,,,,,,,,2026-05-27,2026-05-27
"Block Real Estate Services, LLC",69fdf78062446148bd8587ec,69fded2062446148bd84915c,Sherwin Williams-SW 07526,69fdf0a60bb484cab513d2da,mil708,Insurance Request,active,non_compliant,Block Requirements,true,,,,,,,,,2026-05-27,2026-05-27
"Block Real Estate Services, LLC",69fdf78062446148bd8587f6,69fded1f62446148bd8490f0,REMAX Real Estate,69fdf0ad0bb484cab513d40c,ncd054,Insurance Request,active,non_compliant,Block Requirements,true,,,,,,,,,2026-05-27,2026-05-27
"Block Real Estate Services, LLC",69fdf78062446148bd8587f8,69fded1d62446148bd849039,Orscheln Farm & Home LLC,69fdf0b038cbea6b3a691f37,nor453,Insurance Request,active,non_compliant,Block Requirements,true,,,,,,,,,2026-05-27,2026-05-27
"Block Real Estate Services, LLC",69fdf78062446148bd8587ff,69fded2262446148bd8491d1,Sunbelt Rentals Inc,69fdf0c43b208288e0a7f2ab,pas774,Insurance Request,active,non_compliant,Block Requirements,true,,,,,,,,,2026-05-27,2026-05-27
"Block Real Estate Services, LLC",69fdf78062446148bd858808,69fded2462446148bd84927f,Var City Maintenance LLC,69fdf0d2e45e7dcf5c438d24,prg802,Insurance Request,active,non_compliant,Block Requirements,true,,,,,,,,,2026-05-27,2026-05-27
"Block Real Estate Services, LLC",69fdf78062446148bd85880d,69fded1d62446148bd849075,Perg Buildings LLC,69fdf0d602bb2c42a87a37d2,prg803,Insurance Request,active,non_compliant,Block Requirements,true,,,,,,,,,2026-05-27,2026-05-27
"Block Real Estate Services, LLC",69fdf78062446148bd8587b5,69fded1f62446148bd8490e7,Reeves-Wiedeman Co,69fdf07502bb2c42a87a2174,kci862,Insurance Request,active,non_compliant,Block Requirements,true,,,,,,,,,2026-05-27,2026-05-27
"Block Real Estate Services, LLC",69fdf78062446148bd8587cb,69fded1962446148bd848f0d,Landmarc Environmental Systems LLC,69fdf08d0bb484cab513cc63,kci893,Insurance Request,active,non_compliant,Block Requirements,true,,,,,,,,,2026-05-27,2026-05-27
"Block Real Estate Services, LLC",69fdf78062446148bd8587d9,69fded1a62446148bd848f79,MC Flooring LLC,69fdf09d38cbea6b3a6917a7,lcs458,Insurance Request,active,non_compliant,Block Requirements,true,,,,,,,,,2026-05-27,2026-05-27
"Block Real Estate Services, LLC",69fdf78062446148bd8587df,69fded1962446148bd848ef2,KGP Telecommunications LLC,69fdf0a3e45e7dcf5c438149,lne435,Insurance Request,active,non_compliant,Block Requirements,true,,,,,,,,,2026-05-27,2026-05-27
"Block Real Estate Services, LLC",69fdf78062446148bd8587fa,69fded0c62446148bd848aff,"1-800-Pack Rat, LLC",69fdf0b9bf1df2fe9692782f,pas771,Insurance Request,active,non_compliant,Block Requirements,true,,,,,,,,,2026-05-27,2026-05-27
"Block Real Estate Services, LLC",69fdf78062446148bd8587fd,69fded0f62446148bd848bcb,"Banner Logistics, Inc",69fdf0c1bf1df2fe969278eb,pas773,Insurance Request,active,non_compliant,Block Requirements,true,,,,,,,,,2026-05-27,2026-05-27
"Block Real Estate Services, LLC",69fdf78062446148bd8587cd,69fded2062446148bd849162,Show Me State Infusion Pharmacy LLC,69fdf08d0bb484cab513cc63,kci893,Insurance Request,active,non_compliant,Block Requirements,true,,,,,,,,,2026-05-27,2026-05-27
"Block Real Estate Services, LLC",69fdf78062446148bd8587f7,69fded2062446148bd84912f,Salvation Army Family Store,69fdf0ad0bb484cab513d40c,ncd054,Insurance Request,active,non_compliant,Block Requirements,true,,,,,,,,,2026-05-27,2026-05-27
"Block Real Estate Services, LLC",69fdf78062446148bd8587b4,69fded1e62446148bd8490bd,Promex Limited,69fdf07502bb2c42a87a2174,kci862,Insurance Request,active,non_compliant,Block Requirements,true,,,,,,,,,2026-05-27,2026-05-27
"Block Real Estate Services, LLC",69fdf78062446148bd8587bf,69fded1f62446148bd84910e,Rottler Pest Control Company,69fdf0870e86e2f8723dbdc2,kci891,Insurance Request,active,non_compliant,Block Requirements,true,,,,,,,,,2026-05-27,2026-05-27
"Block Real Estate Services, LLC",69fdf78062446148bd8587ce,69fded2162446148bd84918f,Spirited Bluffs LLC,69fdf08d0bb484cab513cc63,kci893,Insurance Request,active,non_compliant,Block Requirements,true,,,,,,,,,2026-05-27,2026-05-27
"Block Real Estate Services, LLC",69fdf78062446148bd8587e3,69fded1f62446148bd8490de,RARE Hospitality of Kansas,69fdf0aa38cbea6b3a691e24,mel786,Insurance Request,active,non_compliant,Block Requirements,true,,,,,,,,,2026-05-27,2026-05-27
"Block Real Estate Services, LLC",69fdf78062446148bd8587e4,69fded0c62446148bd848b05,27 Biscuits LLC,69fdf0a60bb484cab513d2da,mil708,Insurance Request,active,non_compliant,Block Requirements,true,,,,,,,,,2026-05-27,2026-05-27
"Block Real Estate Services, LLC",69fdf78062446148bd8587e7,69fded1662446148bd848e08,GNC (Store #581-02),69fdf0a60bb484cab513d2da,mil708,Insurance Request,active,non_compliant,Block Requirements,true,,,,,,,,,2026-05-27,2026-05-27
"Block Real Estate Services, LLC",69fdf78062446148bd858802,69fded1662446148bd848dff,Geotechnology LLC,69fdf0cbe45e7dcf5c438bc3,pma106,Insurance Request,active,non_compliant,Block Requirements,true,,,,,,,,,2026-05-27,2026-05-27
"Block Real Estate Services, LLC",69fdf78062446148bd858803,69fded1462446148bd848da2,"Fine Line Graphics, Inc.",69fdf0cf3b208288e0a7f650,prg801,Insurance Request,active,non_compliant,Block Requirements,true,,,,,,,,,2026-05-27,2026-05-27
"Block Real Estate Services, LLC",69fdf78062446148bd8587cf,69fded2262446148bd8491e0,TeamSmile Inc,69fdf08d0bb484cab513cc63,kci893,Insurance Request,active,non_compliant,Block Requirements,true,,,,,,,,,2026-05-27,2026-05-27
"Block Real Estate Services, LLC",69fdf78062446148bd8587e6,69fded1162446148bd848cbb,Cosentino Group Inc,69fdf0a60bb484cab513d2da,mil708,Insurance Request,active,non_compliant,Block Requirements,true,,,,,,,,,2026-05-27,2026-05-27
"Block Real Estate Services, LLC",69fdf78062446148bd8587fc,69fded0e62446148bd848bc8,Banner Logistics,69fdf0bc3b208288e0a7f1c2,pas772,Insurance Request,active,non_compliant,Block Requirements,true,,,,,,,,,2026-05-27,2026-05-27
"Block Real Estate Services, LLC",69fdf78062446148bd8587fe,69fded1f62446148bd84911d,RV Historical LLC,69fdf0c43b208288e0a7f2ab,pas774,Insurance Request,active,non_compliant,Block Requirements,true,,,,,,,,,2026-05-27,2026-05-27
"Block Real Estate Services, LLC",69fdf78062446148bd858804,69fded1a62446148bd848f3a,"Lynk, Inc.",69fdf0cf3b208288e0a7f650,prg801,Insurance Request,active,non_compliant,Block Requirements,true,,,,,,,,,2026-05-27,2026-05-27
"Block Real Estate Services, LLC",69fdf78062446148bd85880a,69fded1562446148bd848dd2,"Friends of the Jo Co Library, Inc.",69fdf0d602bb2c42a87a37d2,prg803,Insurance Request,active,non_compliant,Block Requirements,true,,,,,,,,,2026-05-27,2026-05-27
"Block Real Estate Services, LLC",69fdf78062446148bd8587b3,69fded1e62446148bd84908a,Phoenix Fastpitch LLC,69fdf07502bb2c42a87a2174,kci862,Insurance Request,active,non_compliant,Block Requirements,true,,,,,,,,,2026-05-27,2026-05-27
"Block Real Estate Services, LLC",69fdf78062446148bd8587be,69fded1d62446148bd84905a,Park Hill Alano Club,69fdf0870e86e2f8723dbdc2,kci891,Insurance Request,active,non_compliant,Block Requirements,true,,,,,,,,,2026-05-27,2026-05-27
"Block Real Estate Services, LLC",69fdf78062446148bd8587c3,69fded1162446148bd848c97,"Commercial Industrial Supply, LLC",69fdf08a38cbea6b3a6914e6,kci892,Insurance Request,active,non_compliant,Block Requirements,true,,,,,,,,,2026-05-27,2026-05-27
"Block Real Estate Services, LLC",69fdf78062446148bd8587c4,69fded1662446148bd848e20,Green Resource Management Inc,69fdf08a38cbea6b3a6914e6,kci892,Insurance Request,active,non_compliant,Block Requirements,true,,,,,,,,,2026-05-27,2026-05-27
"Block Real Estate Services, LLC",69fdf78062446148bd8587d8,69fded1a62446148bd848f4c,Mambas Basketball Academy LLC,69fdf09d38cbea6b3a6917a7,lcs458,Insurance Request,active,non_compliant,Block Requirements,true,,,,,,,,,2026-05-27,2026-05-27
"Block Real Estate Services, LLC",69fdf78062446148bd8587e0,69fded1e62446148bd8490a8,Power Sales & Advertising Inc,69fdf0a3e45e7dcf5c438149,lne435,Insurance Request,active,non_compliant,Block Requirements,true,,,,,,,,,2026-05-27,2026-05-27
"Block Real Estate Services, LLC",69fdf78062446148bd8587ea,69fded1c62446148bd848fe2,"National Vision, Inc",69fdf0a60bb484cab513d2da,mil708,Insurance Request,active,non_compliant,Block Requirements,true,,,,,,,,,2026-05-27,2026-05-27
"Block Real Estate Services, LLC",69fdf78062446148bd8587ee,69fded0f62446148bd848bd1,BB Holdings MO LLC,69fdf0ad0bb484cab513d40c,ncd054,Insurance Request,active,non_compliant,Block Requirements,true,,,,,,,,,2026-05-27,2026-05-27
"Block Real Estate Services, LLC",69fdf78062446148bd8587f4,69fded1c62446148bd849021,Olivia Wang,69fdf0ad0bb484cab513d40c,ncd054,Insurance Request,active,non_compliant,Block Requirements,true,,,,,,,,,2026-05-27,2026-05-27
"Block Real Estate Services, LLC",69fdf78062446148bd8587af,69fded1e62446148bd8490b7,Pro Concrete Design Inc,69fdf06de45e7dcf5c4377cd,kci290,Insurance Request,active,non_compliant,Block Requirements,true,,,,,,,,,2026-05-27,2026-05-27
"Block Real Estate Services, LLC",69fdf78062446148bd8587b2,69fded1962446148bd848f0a,Landers Visions LLC,69fdf07502bb2c42a87a2174,kci862,Insurance Request,active,non_compliant,Block Requirements,true,,,,,,,,,2026-05-27,2026-05-27
"Block Real Estate Services, LLC",69fdf78062446148bd8587d3,69fded1b62446148bd848fac,"Midland Steel Erection, LLC",69fdf09302bb2c42a87a27e2,kci895,Insurance Request,active,non_compliant,Block Requirements,true,,,,,,,,,2026-05-27,2026-05-27
"Block Real Estate Services, LLC",69fdf78062446148bd8587f3,69fded1662446148bd848e3e,"Harbor Freight Tools USA, Inc",69fdf0ad0bb484cab513d40c,ncd054,Insurance Request,active,non_compliant,Block Requirements,true,,,,,,,,,2026-05-27,2026-05-27
"Block Real Estate Services, LLC",69fdf78062446148bd8587c1,69fded0d62446148bd848b35,AEE-EMF Inc,69fdf08a38cbea6b3a6914e6,kci892,Insurance Request,active,non_compliant,Block Requirements,true,,,,,,,,,2026-05-27,2026-05-27
"Block Real Estate Services, LLC",69fdf78062446148bd8587c7,69fded1262446148bd848cd0,Crossroads Courier Inc,69fdf08d0bb484cab513cc63,kci893,Insurance Request,active,non_compliant,Block Requirements,true,,,,,,,,,2026-05-27,2026-05-27
"Block Real Estate Services, LLC",69fdf78062446148bd8587c8,69fded1362446148bd848d36,DVA Renal Healthcare,69fdf08d0bb484cab513cc63,kci893,Insurance Request,active,non_compliant,Block Requirements,true,,,,,,,,,2026-05-27,2026-05-27
"Block Real Estate Services, LLC",69fdf78062446148bd8587ca,69fded1562446148bd848dea,Garage Experts of Kansas City,69fdf08d0bb484cab513cc63,kci893,Insurance Request,active,non_compliant,Block Requirements,true,,,,,,,,,2026-05-27,2026-05-27
"Block Real Estate Services, LLC",69fdf78062446148bd8587dc,69fded0c62446148bd848b2f,Advantage Sales & Marketing,69fdf0a00bb484cab513cf51,lle449,Insurance Request,active,non_compliant,Block Requirements,true,,,,,,,,,2026-05-27,2026-05-27
"Block Real Estate Services, LLC",69fdf78062446148bd8587f9,69fded1462446148bd848d6f,Enterprise Leasing Company of Kansas,69fdf0b50bb484cab513d68a,nor454,Insurance Request,active,non_compliant,Block Requirements,true,,,,,,,,,2026-05-27,2026-05-27
"Block Real Estate Services, LLC",69fdf78062446148bd858811,69fded1262446148bd848d06,"Dental Health Essentials, LLC",69fdf0d9e45e7dcf5c438e0a,prg804,Insurance Request,active,non_compliant,Block Requirements,true,,,,,,,,,2026-05-27,2026-05-27
"Block Real Estate Services, LLC",69fdf78062446148bd8587b0,69fded1162446148bd848cbe,Costco-Innovel Properties LLC,69fdf07103a2257cd27deaeb,kci291,Insurance Request,active,non_compliant,Block Requirements,true,,,,,,,,,2026-05-27,2026-05-27
"Block Real Estate Services, LLC",69fdf78062446148bd8587c0,69fded2362446148bd849237,Transtar Industries LLC,69fdf0870e86e2f8723dbdc2,kci891,Insurance Request,active,non_compliant,Block Requirements,true,,,,,,,,,2026-05-27,2026-05-27
"Block Real Estate Services, LLC",69fdf78062446148bd8587cc,69fded1b62446148bd848fd9,Moncom LLC,69fdf08d0bb484cab513cc63,kci893,Insurance Request,active,non_compliant,Block Requirements,true,,,,,,,,,2026-05-27,2026-05-27
"Block Real Estate Services, LLC",69fdf78062446148bd8587e8,69fded1762446148bd848e8c,Great Clips / Iris Corporation,69fdf0a60bb484cab513d2da,mil708,Insurance Request,active,non_compliant,Block Requirements,true,,,,,,,,,2026-05-27,2026-05-27
"Block Real Estate Services, LLC",69fdf78062446148bd8587f5,69fded1d62446148bd84904b,Pacific Dental Services Inc,69fdf0ad0bb484cab513d40c,ncd054,Insurance Request,active,non_compliant,Block Requirements,true,,,,,,,,,2026-05-27,2026-05-27
"Block Real Estate Services, LLC",69fdf78062446148bd8587fb,69fded2062446148bd849156,Shaw Supply Company,69fdf0b9bf1df2fe9692782f,pas771,Insurance Request,active,non_compliant,Block Requirements,true,,,,,,,,,2026-05-27,2026-05-27
"Block Real Estate Services, LLC",69fdf78062446148bd858801,69fded2362446148bd849267,United PF JLM LLC,69fdf0c802bb2c42a87a35a2,pla047,Insurance Request,active,non_compliant,Block Requirements,true,,,,,,,,,2026-05-27,2026-05-27
"Block Real Estate Services, LLC",69fdf78062446148bd85880f,69fded2562446148bd8492d6,Zeller & Gmelin,69fdf0d602bb2c42a87a37d2,prg803,Insurance Request,active,non_compliant,Block Requirements,true,,,,,,,,,2026-05-27,2026-05-27
"Block Real Estate Services, LLC",69fdf78062446148bd8587b9,69fded2062446148bd84913e,Security Data Supply,69fdf08238cbea6b3a6909f0,kci864,Insurance Request,active,non_compliant,Block Requirements,true,,,,,,,,,2026-05-27,2026-05-27
"Block Real Estate Services, LLC",69fdf78062446148bd8587c5,69fded1962446148bd848f16,LeafFilter North LLC,69fdf08a38cbea6b3a6914e6,kci892,Insurance Request,active,non_compliant,Block Requirements,true,,,,,,,,,2026-05-27,2026-05-27
"Block Real Estate Services, LLC",69fdf78062446148bd8587c9,69fded1462446148bd848da5,Fireplace & Bar-B-Q Center Inc,69fdf08d0bb484cab513cc63,kci893,Insurance Request,active,non_compliant,Block Requirements,true,,,,,,,,,2026-05-27,2026-05-27
"Block Real Estate Services, LLC",69fdf78062446148bd8587da,69fded2162446148bd8491bc,Stratus Surfaces LLC,69fdf09d38cbea6b3a6917a7,lcs458,Insurance Request,active,non_compliant,Block Requirements,true,,,,,,,,,2026-05-27,2026-05-27
"Block Real Estate Services, LLC",69fdf78062446148bd8587dd,69fded0c62446148bd848b17,Accelerate Auto Works Intermediate LLC,69fdf0a3e45e7dcf5c438149,lne435,Insurance Request,active,non_compliant,Block Requirements,true,,,,,,,,,2026-05-27,2026-05-27
"Block Real Estate Services, LLC",69fdf78062446148bd8587e1,69fded2362446148bd849246,Turn5 Inc,69fdf0a3e45e7dcf5c438149,lne435,Insurance Request,active,non_compliant,Block Requirements,true,,,,,,,,,2026-05-27,2026-05-27
"Block Real Estate Services, LLC",69fdf78062446148bd8587f2,69fded1662446148bd848e38,H&R Block 24167,69fdf0ad0bb484cab513d40c,ncd054,Insurance Request,active,non_compliant,Block Requirements,true,,,,,,,,,2026-05-27,2026-05-27
"Block Real Estate Services, LLC",69fdf78062446148bd858805,69fded1562446148bd848dba,"Five Clothes, LLC",69fdf0d2e45e7dcf5c438d24,prg802,Insurance Request,active,non_compliant,Block Requirements,true,,,,,,,,,2026-05-27,2026-05-27
"Block Real Estate Services, LLC",69fdf78062446148bd8587b1,69fded1c62446148bd849006,New York Air Brake Co,69fdf07103a2257cd27deaeb,kci291,Insurance Request,active,non_compliant,Block Requirements,true,,,,,,,,,2026-05-27,2026-05-27
"Block Real Estate Services, LLC",69fdf78062446148bd8587c2,69fded0e62446148bd848b89,Archway Technology LLC,69fdf08a38cbea6b3a6914e6,kci892,Insurance Request,active,non_compliant,Block Requirements,true,,,,,,,,,2026-05-27,2026-05-27
"Block Real Estate Services, LLC",69fdf78062446148bd8587d0,69fded2362446148bd849240,True Blue Plumbing LLC,69fdf08d0bb484cab513cc63,kci893,Insurance Request,active,non_compliant,Block Requirements,true,,,,,,,,,2026-05-27,2026-05-27
"Block Real Estate Services, LLC",69fdf78062446148bd8587d6,69fded1262446148bd848cca,Crescent Electric Supply Co Inc,69fdf09d38cbea6b3a6917a7,lcs458,Insurance Request,active,non_compliant,Block Requirements,true,,,,,,,,,2026-05-27,2026-05-27
"Block Real Estate Services, LLC",69fdf78062446148bd8587ed,69fded0e62446148bd848b86,ARC Physical Therapy Plus,69fdf0ad0bb484cab513d40c,ncd054,Insurance Request,active,non_compliant,Block Requirements,true,,,,,,,,,2026-05-27,2026-05-27
"Block Real Estate Services, LLC",69fdf78062446148bd85880e,69fded1e62446148bd8490a5,Power Motion Inc,69fdf0d602bb2c42a87a37d2,prg803,Insurance Request,active,non_compliant,Block Requirements,true,,,,,,,,,2026-05-27,2026-05-27
"Block Real Estate Services, LLC",69fdf78062446148bd858812,69fded1562446148bd848dde,G3 Industrial Solutions LLC,69fdf0d9e45e7dcf5c438e0a,prg804,Insurance Request,active,non_compliant,Block Requirements,true,,,,,,,,,2026-05-27,2026-05-27
"Block Real Estate Services, LLC",69fdf78062446148bd8587c6,69fded1f62446148bd849117,Royal Seamless Gutter Inc,69fdf08a38cbea6b3a6914e6,kci892,Insurance Request,active,non_compliant,Block Requirements,true,,,,,,,,,2026-05-27,2026-05-27
"Block Real Estate Services, LLC",69fdf78062446148bd8587d2,69fded1d62446148bd84906c,Pennsylvania Tool Sales and Service Inc,69fdf090fa0b60fcd50da1ff,kci894,Insurance Request,active,non_compliant,Block Requirements,true,,,,,,,,,2026-05-27,2026-05-27
"Block Real Estate Services, LLC",69fdf78062446148bd8587db,69fded0c62446148bd848b1d,Adams Cable Equipmnt Inc,69fdf0a00bb484cab513cf51,lle449,Insurance Request,active,non_compliant,Block Requirements,true,,,,,,,,,2026-05-27,2026-05-27
"Block Real Estate Services, LLC",69fdf78062446148bd8587f1,69fded1662446148bd848e0b,GOBRANDS Inc,69fdf0ad0bb484cab513d40c,ncd054,Insurance Request,active,non_compliant,Block Requirements,true,,,,,,,,,2026-05-27,2026-05-27
"Block Real Estate Services, LLC",69fdf78062446148bd858806,69fded1962446148bd848f07,Laboratory Corporation of America Holdings,69fdf0d2e45e7dcf5c438d24,prg802,Insurance Request,active,non_compliant,Block Requirements,true,,,,,,,,,2026-05-27,2026-05-27
"Block Real Estate Services, LLC",69fdf78062446148bd858807,69fded1e62446148bd8490d2,"Q4 Industries, LLC",69fdf0d2e45e7dcf5c438d24,prg802,Insurance Request,active,non_compliant,Block Requirements,true,,,,,,,,,2026-05-27,2026-05-27
"Block Real Estate Services, LLC",69fdf79262446148bd859c0e,69fded1c62446148bd849000,New Lawn LLC,69fdf0e0e45e7dcf5c43916b,prg806,Insurance Request,active,non_compliant,Block Requirements,true,,,,,,,,,2026-05-27,2026-05-27
"Block Real Estate Services, LLC",69fdf79262446148bd859c23,69fded0f62446148bd848bf8,Block Multi-Family Group,69fdf0f202bb2c42a87a3f39,prg815,Insurance Request,active,non_compliant,Block Requirements,true,,,,,,,,,2026-05-27,2026-05-27
"Block Real Estate Services, LLC",69fdf79262446148bd859c01,69fded1062446148bd848c28,Builder Direct LLC,69fdf0dc02bb2c42a87a39b3,prg805,Insurance Request,active,non_compliant,Block Requirements,true,,,,,,,,,2026-05-27,2026-05-27
"Block Real Estate Services, LLC",69fdf79262446148bd859c09,69fded2362446148bd849261,Unistrut Corporation,69fdf0dc02bb2c42a87a39b3,prg805,Insurance Request,active,non_compliant,Block Requirements,true,,,,,,,,,2026-05-27,2026-05-27
"Block Real Estate Services, LLC",69fdf79262446148bd859c13,69fded1962446148bd848eec,KC Cocktail Company LLC,69fdf0e502bb2c42a87a3d50,prg807,Insurance Request,active,non_compliant,Block Requirements,true,,,,,,,,,2026-05-27,2026-05-27
"Block Real Estate Services, LLC",69fdf79262446148bd859c33,69fded1d62446148bd849030,Option Care Enterprises Inc,69fdf10038cbea6b3a6932b8,prg838,Insurance Request,active,non_compliant,Block Requirements,true,,,,,,,,,2026-05-27,2026-05-27
"Block Real Estate Services, LLC",69fdf79262446148bd859c3e,69fded1262446148bd848cf1,Data Systems Inc,69fdf109bf1df2fe969289b3,prg843,Insurance Request,active,non_compliant,Block Requirements,true,,,,,,,,,2026-05-27,2026-05-27
"Block Real Estate Services, LLC",69fdf79262446148bd859c46,69fded2162446148bd84918c,Southwest Solutions Group Inc,69fdf10de45e7dcf5c439a2b,prg845,Insurance Request,active,non_compliant,Block Requirements,true,,,,,,,,,2026-05-27,2026-05-27
"Block Real Estate Services, LLC",69fdf79262446148bd859c16,69fded0e62446148bd848bbc,Bachelor Controls Inc,69fdf0e8e45e7dcf5c43943f,prg808,Insurance Request,active,non_compliant,Block Requirements,true,,,,,,,,,2026-05-27,2026-05-27
"Block Real Estate Services, LLC",69fdf79262446148bd859c17,69fded1b62446148bd848fa6,MicroProtein Technologies Inc,69fdf0e8e45e7dcf5c43943f,prg808,Insurance Request,active,non_compliant,Block Requirements,true,,,,,,,,,2026-05-27,2026-05-27
"Block Real Estate Services, LLC",69fdf79262446148bd859c27,69fded2462446148bd8492a9,WCG IRB Inc,69fdf0f202bb2c42a87a3f39,prg815,Insurance Request,active,non_compliant,Block Requirements,true,,,,,,,,,2026-05-27,2026-05-27
"Block Real Estate Services, LLC",69fdf79262446148bd859c36,69fded1762446148bd848e50,HEB KS LLC,69fdf103e45e7dcf5c439919,prg839,Insurance Request,active,non_compliant,Block Requirements,true,,,,,,,,,2026-05-27,2026-05-27
"Block Real Estate Services, LLC",69fdf79262446148bd859bff,69fded2062446148bd849177,Smithville Eye Center LLC,69fdf0d9e45e7dcf5c438e0a,prg804,Insurance Request,active,non_compliant,Block Requirements,true,,,,,,,,,2026-05-27,2026-05-27
"Block Real Estate Services, LLC",69fdf79262446148bd859c00,69fded0d62446148bd848b7a,Apexsite Cleaning,69fdf0dc02bb2c42a87a39b3,prg805,Insurance Request,active,non_compliant,Block Requirements,true,,,,,,,,,2026-05-27,2026-05-27
"Block Real Estate Services, LLC",69fdf79262446148bd859c04,69fded1b62446148bd848fa9,Midland Exteriors LLC,69fdf0dc02bb2c42a87a39b3,prg805,Insurance Request,active,non_compliant,Block Requirements,true,,,,,,,,,2026-05-27,2026-05-27
"Block Real Estate Services, LLC",69fdf79262446148bd859c0d,69fded1b62446148bd848faf,Midwest Administrative Services LLC,69fdf0e0e45e7dcf5c43916b,prg806,Insurance Request,active,non_compliant,Block Requirements,true,,,,,,,,,2026-05-27,2026-05-27
"Block Real Estate Services, LLC",69fdf79262446148bd859c11,69fded1462446148bd848d81,Excel Automation LLC,69fdf0e502bb2c42a87a3d50,prg807,Insurance Request,active,non_compliant,Block Requirements,true,,,,,,,,,2026-05-27,2026-05-27
"Block Real Estate Services, LLC",69fdf79262446148bd859c25,69fded2062446148bd84916b,Siemens Energy Inc,69fdf0f202bb2c42a87a3f39,prg815,Insurance Request,active,non_compliant,Block Requirements,true,,,,,,,,,2026-05-27,2026-05-27
"Block Real Estate Services, LLC",69fdf79262446148bd859c35,69fded1162446148bd848ca6,Convergint Technologies LLC,69fdf103e45e7dcf5c439919,prg839,Insurance Request,active,non_compliant,Block Requirements,true,,,,,,,,,2026-05-27,2026-05-27
"Block Real Estate Services, LLC",69fdf79262446148bd859c45,69fded1f62446148bd849105,Rockwell Automation,69fdf10de45e7dcf5c439a2b,prg845,Insurance Request,active,non_compliant,Block Requirements,true,,,,,,,,,2026-05-27,2026-05-27
"Block Real Estate Services, LLC",69fdf79262446148bd859c50,69fded1362446148bd848d18,Discover Church,69fdf12502bb2c42a87a57e0,prm796,Insurance Request,active,non_compliant,Block Requirements,true,,,,,,,,,2026-05-27,2026-05-27
"Block Real Estate Services, LLC",69fdf79262446148bd859c15,69fded2162446148bd84917a,"SNSA, Inc a Missouri Coro",69fdf0e502bb2c42a87a3d50,prg807,Insurance Request,active,non_compliant,Block Requirements,true,,,,,,,,,2026-05-27,2026-05-27
"Block Real Estate Services, LLC",69fdf79262446148bd859c19,69fded2162446148bd84919b,SRS Commercial AVL LLC,69fdf0e8e45e7dcf5c43943f,prg808,Insurance Request,active,non_compliant,Block Requirements,true,,,,,,,,,2026-05-27,2026-05-27
"Block Real Estate Services, LLC",69fdf79262446148bd859c1d,69fded1762446148bd848e6b,"Horizon Systems, Inc.",69fdf0ef38cbea6b3a692ebb,prg812,Insurance Request,active,non_compliant,Block Requirements,true,,,,,,,,,2026-05-27,2026-05-27
"Block Real Estate Services, LLC",69fdf79262446148bd859c43,69fded1c62446148bd848fee,Neonatal Product Group Inc,69fdf10de45e7dcf5c439a2b,prg845,Insurance Request,active,non_compliant,Block Requirements,true,,,,,,,,,2026-05-27,2026-05-27
"Block Real Estate Services, LLC",69fdf79262446148bd859c4c,69fded1b62446148bd848f9d,Men Sui Tial and Naa Aung,69fdf11fbf1df2fe9692924c,prm791,Insurance Request,active,non_compliant,Block Requirements,true,,,,,,,,,2026-05-27,2026-05-27
"Block Real Estate Services, LLC",69fdf79262446148bd859c55,69fded1f62446148bd8490d5,Quiktrip #248,69fdf1283b208288e0a82668,rid017,Insurance Request,active,non_compliant,Block Requirements,true,,,,,,,,,2026-05-27,2026-05-27
"Block Real Estate Services, LLC",69fdf79262446148bd859c06,69fded1f62446148bd8490d8,R & R Communications Inc,69fdf0dc02bb2c42a87a39b3,prg805,Insurance Request,active,non_compliant,Block Requirements,true,,,,,,,,,2026-05-27,2026-05-27
"Block Real Estate Services, LLC",69fdf79262446148bd859c0a,69fded0d62446148bd848b77,"Apex Products, LLC",69fdf0e0e45e7dcf5c43916b,prg806,Insurance Request,active,non_compliant,Block Requirements,true,,,,,,,,,2026-05-27,2026-05-27
"Block Real Estate Services, LLC",69fdf79262446148bd859c2a,69fded2262446148bd849207,The Compatibility Center LLC,69fdf0f63b208288e0a8013d,prg835,Insurance Request,active,non_compliant,Block Requirements,true,,,,,,,,,2026-05-27,2026-05-27
"Block Real Estate Services, LLC",69fdf79262446148bd859c38,69fded0c62446148bd848b23,ADEMCO Inc,69fdf10643ffeed6de3b1f8e,prg841,Insurance Request,active,non_compliant,Block Requirements,true,,,,,,,,,2026-05-27,2026-05-27
"Block Real Estate Services, LLC",69fdf79262446148bd859c47,69fded2262446148bd8491fe,The American National Red Cross,69fdf10de45e7dcf5c439a2b,prg845,Insurance Request,active,non_compliant,Block Requirements,true,,,,,,,,,2026-05-27,2026-05-27
"Block Real Estate Services, LLC",69fdf79262446148bd859c48,69fded1262446148bd848cc1,Covisian CTX LLC,69fdf11143ffeed6de3b221e,prg848,Insurance Request,active,non_compliant,Block Requirements,true,,,,,,,,,2026-05-27,2026-05-27
"Block Real Estate Services, LLC",69fdf79262446148bd859c52,69fded1762446148bd848e80,IBA Molecular North Am In,69fdf12502bb2c42a87a57e0,prm796,Insurance Request,active,non_compliant,Block Requirements,true,,,,,,,,,2026-05-27,2026-05-27
"Block Real Estate Services, LLC",69fdf79262446148bd859c0f,69fded2362446148bd849270,Unlimited Contracting LLC,69fdf0e0e45e7dcf5c43916b,prg806,Insurance Request,active,non_compliant,Block Requirements,true,,,,,,,,,2026-05-27,2026-05-27
"Block Real Estate Services, LLC",69fdf79262446148bd859c20,69fded1e62446148bd8490ab,Prairie Engineers PC,69fdf0ef38cbea6b3a692ebb,prg812,Insurance Request,active,non_compliant,Block Requirements,true,,,,,,,,,2026-05-27,2026-05-27
"Block Real Estate Services, LLC",69fdf79262446148bd859c2c,69fded1562446148bd848dc9,Freightsnap LLC,69fdf0fc7f8ab8a84b286ed0,prg837,Insurance Request,active,non_compliant,Block Requirements,true,,,,,,,,,2026-05-27,2026-05-27
"Block Real Estate Services, LLC",69fdf79262446148bd859c49,69fded1062446148bd848c5b,"Challenger Sports, Inc.",69fdf11702bb2c42a87a4f1e,prg849,Insurance Request,active,non_compliant,Block Requirements,true,,,,,,,,,2026-05-27,2026-05-27
"Block Real Estate Services, LLC",69fdf79262446148bd859c51,69fded1362446148bd848d54,"Electronics For Imaging, Inc",69fdf12502bb2c42a87a57e0,prm796,Insurance Request,active,non_compliant,Block Requirements,true,,,,,,,,,2026-05-27,2026-05-27
"Block Real Estate Services, LLC",69fdf79262446148bd859c08,69fded2362446148bd84923a,Trinity Property Management LLC,69fdf0dc02bb2c42a87a39b3,prg805,Insurance Request,active,non_compliant,Block Requirements,true,,,,,,,,,2026-05-27,2026-05-27
"Block Real Estate Services, LLC",69fdf79262446148bd859c10,69fded1462446148bd848d6c,Engineering Design & Testing Corporation,69fdf0e502bb2c42a87a3d50,prg807,Insurance Request,active,non_compliant,Block Requirements,true,,,,,,,,,2026-05-27,2026-05-27
"Block Real Estate Services, LLC",69fdf79262446148bd859c1b,69fded1862446148bd848e98,JACO General Contractor Inc,69fdf0eb0bb484cab513e3dd,prg811,Insurance Request,active,non_compliant,Block Requirements,true,,,,,,,,,2026-05-27,2026-05-27
"Block Real Estate Services, LLC",69fdf79262446148bd859c1c,69fded1f62446148bd8490f9,Repairs Unlimited LLC,69fdf0eb0bb484cab513e3dd,prg811,Insurance Request,active,non_compliant,Block Requirements,true,,,,,,,,,2026-05-27,2026-05-27
"Block Real Estate Services, LLC",69fdf79262446148bd859c39,69fded0c62446148bd848b29,Advanced Pharmaceuticals LLC,69fdf10643ffeed6de3b1f8e,prg841,Insurance Request,active,non_compliant,Block Requirements,true,,,,,,,,,2026-05-27,2026-05-27
"Block Real Estate Services, LLC",69fdf79262446148bd859c3d,69fded2462446148bd84928e,Vintegrity Kansas LL,69fdf10643ffeed6de3b1f8e,prg841,Insurance Request,active,non_compliant,Block Requirements,true,,,,,,,,,2026-05-27,2026-05-27
"Block Real Estate Services, LLC",69fdf79262446148bd859c02,69fded1262446148bd848cf7,DataLocker Inc,69fdf0dc02bb2c42a87a39b3,prg805,Insurance Request,active,non_compliant,Block Requirements,true,,,,,,,,,2026-05-27,2026-05-27
"Block Real Estate Services, LLC",69fdf79262446148bd859c2d,69fded1962446148bd848f13,Leaf Home Safety Solutions LLC,69fdf0fc7f8ab8a84b286ed0,prg837,Insurance Request,active,non_compliant,Block Requirements,true,,,,,,,,,2026-05-27,2026-05-27
"Block Real Estate Services, LLC",69fdf79262446148bd859c32,69fded1662446148bd848e41,Hartfiel,69fdf10038cbea6b3a6932b8,prg838,Insurance Request,active,non_compliant,Block Requirements,true,,,,,,,,,2026-05-27,2026-05-27
"Block Real Estate Services, LLC",69fdf79262446148bd859c05,69fded1e62446148bd849090,"Pinnacle Construction Group, LLC",69fdf0dc02bb2c42a87a39b3,prg805,Insurance Request,active,non_compliant,Block Requirements,true,,,,,,,,,2026-05-27,2026-05-27
"Block Real Estate Services, LLC",69fdf79262446148bd859c30,69fded1162446148bd848c8b,CNR Construction KC LLC,69fdf10038cbea6b3a6932b8,prg838,Insurance Request,active,non_compliant,Block Requirements,true,,,,,,,,,2026-05-27,2026-05-27
"Block Real Estate Services, LLC",69fdf79262446148bd859c3b,69fded1b62446148bd848f8b,"Med Resources, Inc.",69fdf10643ffeed6de3b1f8e,prg841,Insurance Request,active,non_compliant,Block Requirements,true,,,,,,,,,2026-05-27,2026-05-27
"Block Real Estate Services, LLC",69fdf79262446148bd859c4b,69fded0e62446148bd848ba7,Athletico Management LLC,69fdf11fbf1df2fe9692924c,prm791,Insurance Request,active,non_compliant,Block Requirements,true,,,,,,,,,2026-05-27,2026-05-27
"Block Real Estate Services, LLC",69fdf79262446148bd859c4e,69fded2462446148bd8492b8,WINPIN 85 Investments LLC,69fdf122d3bfa5e4945e17c3,prm793,Insurance Request,active,non_compliant,Block Requirements,true,,,,,,,,,2026-05-27,2026-05-27
"Block Real Estate Services, LLC",69fdf79262446148bd859c53,69fded2262446148bd8491da,SW Bell Telephone Company,69fdf12502bb2c42a87a57e0,prm796,Insurance Request,active,non_compliant,Block Requirements,true,,,,,,,,,2026-05-27,2026-05-27
"Block Real Estate Services, LLC",69fdf79262446148bd859c54,69fded2262446148bd84921f,Tingheng Inc,69fdf12502bb2c42a87a57e0,prm796,Insurance Request,active,non_compliant,Block Requirements,true,,,,,,,,,2026-05-27,2026-05-27
"Block Real Estate Services, LLC",69fdf79262446148bd859c5a,69fded1b62446148bd848fb5,Midwest Division,69fdf13dbf1df2fe96929ddf,rmc764,Insurance Request,active,non_compliant,Block Requirements,true,,,,,,,,,2026-05-27,2026-05-27
"Block Real Estate Services, LLC",69fdf79262446148bd859c5b,69fded1b62446148bd848fb5,Midwest Division,69fdf13dbf1df2fe96929ddf,rmc764,Insurance Request,active,non_compliant,Block Requirements,true,,,,,,,,,2026-05-27,2026-05-27
"Block Real Estate Services, LLC",69fdf79262446148bd859c5c,69fded2162446148bd849186,Sonia Marie Davis & James Edward Davis as Joint Tenant Hoops LLC,69fdf1523b208288e0a82fde,s79050,Insurance Request,active,non_compliant,Block Requirements,true,,,,,,,,,2026-05-27,2026-05-27
"Block Real Estate Services, LLC",69fdf79262446148bd859c0b,69fded1162446148bd848c8e,Coffel Construction LLC,69fdf0e0e45e7dcf5c43916b,prg806,Insurance Request,active,non_compliant,Block Requirements,true,,,,,,,,,2026-05-27,2026-05-27
"Block Real Estate Services, LLC",69fdf79262446148bd859c1f,69fded1b62446148bd848fc1,Milton Roy LLC,69fdf0ef38cbea6b3a692ebb,prg812,Insurance Request,active,non_compliant,Block Requirements,true,,,,,,,,,2026-05-27,2026-05-27
"Block Real Estate Services, LLC",69fdf79262446148bd859c31,69fded1662446148bd848e1a,Great Day Improvements LLC,69fdf10038cbea6b3a6932b8,prg838,Insurance Request,active,non_compliant,Block Requirements,true,,,,,,,,,2026-05-27,2026-05-27
"Block Real Estate Services, LLC",69fdf79262446148bd859c3c,69fded2162446148bd8491ce,"UDP (Unisource Document Products)/ Datamax / Sumner Group, Inc.",69fdf10643ffeed6de3b1f8e,prg841,Insurance Request,active,non_compliant,Block Requirements,true,,,,,,,,,2026-05-27,2026-05-27
"Block Real Estate Services, LLC",69fdf79262446148bd859c40,69fded1d62446148bd849057,Paper Converting Machine Corporation,69fdf109bf1df2fe969289b3,prg843,Insurance Request,active,non_compliant,Block Requirements,true,,,,,,,,,2026-05-27,2026-05-27
"Block Real Estate Services, LLC",69fdf79262446148bd859c57,69fded1062446148bd848c2b,Bunzl Distribution Inc,69fdf12c38cbea6b3a6944ae,rl2877,Insurance Request,active,non_compliant,Block Requirements,true,,,,,,,,,2026-05-27,2026-05-27
"Block Real Estate Services, LLC",69fdf79262446148bd859c58,69fded1e62446148bd8490c6,Propak Logistics LLC,69fdf12c38cbea6b3a6944ae,rl2877,Insurance Request,active,non_compliant,Block Requirements,true,,,,,,,,,2026-05-27,2026-05-27
"Block Real Estate Services, LLC",69fdf79262446148bd859c5f,69fded0f62446148bd848bd4,BB Magical Fruit dba Costa Vida Fresh Mexican Grill,69fdf15bd3bfa5e4945e2255,sum015,Insurance Request,active,non_compliant,Block Requirements,true,,,,,,,,,2026-05-27,2026-05-27
"Block Real Estate Services, LLC",69fdf79262446148bd859c60,69fded1262446148bd848cfa,David M & Lisa Wallace,69fdf15bd3bfa5e4945e2255,sum015,Insurance Request,active,non_compliant,Block Requirements,true,,,,,,,,,2026-05-27,2026-05-27
"Block Real Estate Services, LLC",69fdf79262446148bd859c03,69fded1b62446148bd848f8e,Medical Missions Foundation,69fdf0dc02bb2c42a87a39b3,prg805,Insurance Request,active,non_compliant,Block Requirements,true,,,,,,,,,2026-05-27,2026-05-27
"Block Real Estate Services, LLC",69fdf79262446148bd859c0c,69fded1362446148bd848d33,DTG Medical Electronics,69fdf0e0e45e7dcf5c43916b,prg806,Insurance Request,active,non_compliant,Block Requirements,true,,,,,,,,,2026-05-27,2026-05-27
"Block Real Estate Services, LLC",69fdf79262446148bd859c12,69fded1862446148bd848ea4,JES Business Solutions,69fdf0e502bb2c42a87a3d50,prg807,Insurance Request,active,non_compliant,Block Requirements,true,,,,,,,,,2026-05-27,2026-05-27
"Block Real Estate Services, LLC",69fdf79262446148bd859c26,69fded2262446148bd849222,Titan Built LLC,69fdf0f202bb2c42a87a3f39,prg815,Insurance Request,active,non_compliant,Block Requirements,true,,,,,,,,,2026-05-27,2026-05-27
"Block Real Estate Services, LLC",69fdf79262446148bd859c28,69fded1c62446148bd848ff4,Netsmart Technologies Inc,69fdf0f63b208288e0a8013d,prg835,Insurance Request,active,non_compliant,Block Requirements,true,,,,,,,,,2026-05-27,2026-05-27
"Block Real Estate Services, LLC",69fdf79262446148bd859c3f,69fded1a62446148bd848f40,Magic Kitchen Inc,69fdf109bf1df2fe969289b3,prg843,Insurance Request,active,non_compliant,Block Requirements,true,,,,,,,,,2026-05-27,2026-05-27
"Block Real Estate Services, LLC",69fdf79262446148bd859c5d,69fded1462446148bd848d72,Enterprise Leasing Company of Kansas,69fdf15538cbea6b3a695784,sfe739,Insurance Request,active,non_compliant,Block Requirements,true,,,,,,,,,2026-05-27,2026-05-27
"Block Real Estate Services, LLC",69fdf79262446148bd859c1e,69fded1862446148bd848ec8,Kansas City Golf Association,69fdf0ef38cbea6b3a692ebb,prg812,Insurance Request,active,non_compliant,Block Requirements,true,,,,,,,,,2026-05-27,2026-05-27
"Block Real Estate Services, LLC",69fdf79262446148bd859c56,69fded0d62446148bd848b6b,Anixter Inc,69fdf12c38cbea6b3a6944ae,rl2877,Insurance Request,active,non_compliant,Block Requirements,true,,,,,,,,,2026-05-27,2026-05-27
"Block Real Estate Services, LLC",69fdf79262446148bd859c5e,69fded2162446148bd8491b3,Starbucks Corporation,69fdf1587f8ab8a84b289613,str117,Insurance Request,active,non_compliant,Block Requirements,true,,,,,,,,,2026-05-27,2026-05-27
"Block Real Estate Services, LLC",69fdf79262446148bd859c14,69fded1f62446148bd8490e4,"RDC, Inc.",69fdf0e502bb2c42a87a3d50,prg807,Insurance Request,active,non_compliant,Block Requirements,true,,,,,,,,,2026-05-27,2026-05-27
"Block Real Estate Services, LLC",69fdf79262446148bd859c22,69fded0e62446148bd848bc5,Bankers Life and Casualty Company,69fdf0f202bb2c42a87a3f39,prg815,Insurance Request,active,non_compliant,Block Requirements,true,,,,,,,,,2026-05-27,2026-05-27
"Block Real Estate Services, LLC",69fdf79262446148bd859c24,69fded1c62446148bd84901e,Old National Bank,69fdf0f202bb2c42a87a3f39,prg815,Insurance Request,active,non_compliant,Block Requirements,true,,,,,,,,,2026-05-27,2026-05-27
"Block Real Estate Services, LLC",69fdf79262446148bd859c29,69fded2262446148bd8491d4,Sunflower Hills Inc,69fdf0f63b208288e0a8013d,prg835,Insurance Request,active,non_compliant,Block Requirements,true,,,,,,,,,2026-05-27,2026-05-27
"Block Real Estate Services, LLC",69fdf79262446148bd859c2b,69fded0f62446148bd848c01,BluSky Restoration Contractors LLC,69fdf0fc7f8ab8a84b286ed0,prg837,Insurance Request,active,non_compliant,Block Requirements,true,,,,,,,,,2026-05-27,2026-05-27
"Block Real Estate Services, LLC",69fdf79262446148bd859c2e,69fded1a62446148bd848f43,Magnum Systems Inc,69fdf0fc7f8ab8a84b286ed0,prg837,Insurance Request,active,non_compliant,Block Requirements,true,,,,,,,,,2026-05-27,2026-05-27
"Block Real Estate Services, LLC",69fdf79262446148bd859c37,69fded2162446148bd849189,South Western Communications Inc,69fdf103e45e7dcf5c439919,prg839,Insurance Request,active,non_compliant,Block Requirements,true,,,,,,,,,2026-05-27,2026-05-27
"Block Real Estate Services, LLC",69fdf79262446148bd859c3a,69fded1262446148bd848ceb,Dairy Farmers of America Inc,69fdf10643ffeed6de3b1f8e,prg841,Insurance Request,active,non_compliant,Block Requirements,true,,,,,,,,,2026-05-27,2026-05-27
"Block Real Estate Services, LLC",69fdf79262446148bd859c41,69fded2262446148bd84921c,ThyssenKrupp Real Estate North America LLC,69fdf109bf1df2fe969289b3,prg843,Insurance Request,active,non_compliant,Block Requirements,true,,,,,,,,,2026-05-27,2026-05-27
"Block Real Estate Services, LLC",69fdf79262446148bd859c07,69fded2162446148bd8491a4,STA-MOT-KS LLC,69fdf0dc02bb2c42a87a39b3,prg805,Insurance Request,active,non_compliant,Block Requirements,true,,,,,,,,,2026-05-27,2026-05-27
"Block Real Estate Services, LLC",69fdf79262446148bd859c18,69fded1d62446148bd849078,"PERG Buildings, LLC",69fdf0e8e45e7dcf5c43943f,prg808,Insurance Request,active,non_compliant,Block Requirements,true,,,,,,,,,2026-05-27,2026-05-27
"Block Real Estate Services, LLC",69fdf79262446148bd859c1a,69fded1762446148bd848e53,Henderson Engineers Inc,69fdf0eb0bb484cab513e3dd,prg811,Insurance Request,active,non_compliant,Block Requirements,true,,,,,,,,,2026-05-27,2026-05-27
"Block Real Estate Services, LLC",69fdf79262446148bd859c21,69fded2162446148bd8491ce,"UDP (Unisource Document Products)/ Datamax / Sumner Group, Inc.",69fdf0ef38cbea6b3a692ebb,prg812,Insurance Request,active,non_compliant,Block Requirements,true,,,,,,,,,2026-05-27,2026-05-27
"Block Real Estate Services, LLC",69fdf79262446148bd859c42,69fded1762446148bd848e71,Hughes Machinery Company,69fdf10de45e7dcf5c439a2b,prg845,Insurance Request,active,non_compliant,Block Requirements,true,,,,,,,,,2026-05-27,2026-05-27
"Block Real Estate Services, LLC",69fdf79262446148bd859c4a,69fded0f62446148bd848bf5,Block Maintenance Solutions LLC,69fdf11c3b208288e0a82482,prg860,Insurance Request,active,non_compliant,Block Requirements,true,,,,,,,,,2026-05-27,2026-05-27
"Block Real Estate Services, LLC",69fdf79262446148bd859c61,69fded1362446148bd848d15,Dineshkumar P Patel and Jigneshkumar D Patel,69fdf15bd3bfa5e4945e2255,sum015,Insurance Request,active,non_compliant,Block Requirements,true,,,,,,,,,2026-05-27,2026-05-27
"Block Real Estate Services, LLC",69fdf79262446148bd859c2f,69fded1062446148bd848c43,Carrier Corporation,69fdf10038cbea6b3a6932b8,prg838,Insurance Request,active,non_compliant,Block Requirements,true,,,,,,,,,2026-05-27,2026-05-27
"Block Real Estate Services, LLC",69fdf79262446148bd859c34,69fded1d62446148bd849036,Orkin LLC,69fdf10038cbea6b3a6932b8,prg838,Insurance Request,active,non_compliant,Block Requirements,true,,,,,,,,,2026-05-27,2026-05-27
"Block Real Estate Services, LLC",69fdf79262446148bd859c44,69fded1d62446148bd849078,"PERG Buildings, LLC",69fdf10de45e7dcf5c439a2b,prg845,Insurance Request,active,non_compliant,Block Requirements,true,,,,,,,,,2026-05-27,2026-05-27
"Block Real Estate Services, LLC",69fdf79262446148bd859c4d,69fded1062446148bd848c4c,Catholic Charities of Northeast Kansas Inc,69fdf122d3bfa5e4945e17c3,prm793,Insurance Request,active,non_compliant,Block Requirements,true,,,,,,,,,2026-05-27,2026-05-27
"Block Real Estate Services, LLC",69fdf79262446148bd859c4f,69fded1162446148bd848c85,ClassOneModelWorks.com LLC,69fdf12502bb2c42a87a57e0,prm796,Insurance Request,active,non_compliant,Block Requirements,true,,,,,,,,,2026-05-27,2026-05-27
"Block Real Estate Services, LLC",69fdf79262446148bd859c59,69fded1b62446148bd848fb5,Midwest Division,69fdf13dbf1df2fe96929ddf,rmc764,Insurance Request,active,non_compliant,Block Requirements,true,,,,,,,,,2026-05-27,2026-05-27
"Block Real Estate Services, LLC",69fdf7a362446148bd85b01a,69fded1062446148bd848c34,Busey Bank,69fdf15ebf1df2fe9692af51,tic001,Insurance Request,active,non_compliant,Block Requirements,true,,,,,,,,,2026-05-27,2026-05-27
"Block Real Estate Services, LLC",69fdf7a362446148bd85b03a,69fded1462446148bd848d8d,Faith Technologies Inc,69fdf176bf1df2fe9692bf76,tic330,Insurance Request,active,non_compliant,Block Requirements,true,,,,,,,,,2026-05-27,2026-05-27
"Block Real Estate Services, LLC",69fdf7a362446148bd85b05e,69fded1462446148bd848dae,First Citizens Bank & Trust Company,69fdf19c8e25e7a0d918870f,tic665,Insurance Request,active,non_compliant,Block Requirements,true,,,,,,,,,2026-05-27,2026-05-27
"Block Real Estate Services, LLC",69fdf7a362446148bd85b06c,69fded1a62446148bd848f73,MAWD Pathology Group P.A.,69fdf1a78e25e7a0d91889e0,tic682,Insurance Request,active,non_compliant,Block Requirements,true,,,,,,,,,2026-05-27,2026-05-27
"Block Real Estate Services, LLC",69fdf7a362446148bd85b018,69fded0e62446148bd848bb6,Axis Reinsurance Company,69fdf15ebf1df2fe9692af51,tic001,Insurance Request,active,non_compliant,Block Requirements,true,,,,,,,,,2026-05-27,2026-05-27
"Block Real Estate Services, LLC",69fdf7a362446148bd85b024,69fded2162446148bd8491b9,Stifel Nicolaus & Company Inc,69fdf15ebf1df2fe9692af51,tic001,Insurance Request,active,non_compliant,Block Requirements,true,,,,,,,,,2026-05-27,2026-05-27
"Block Real Estate Services, LLC",69fdf7a362446148bd85b025,69fded2362446148bd84924f,UBS Financial Services Inc,69fdf15ebf1df2fe9692af51,tic001,Insurance Request,active,non_compliant,Block Requirements,true,,,,,,,,,2026-05-27,2026-05-27
"Block Real Estate Services, LLC",69fdf7a362446148bd85b02e,69fded0d62446148bd848b3e,AgForce Transport Services,69fdf16fbf1df2fe9692b2ff,tic253,Insurance Request,active,non_compliant,Block Requirements,true,,,,,,,,,2026-05-27,2026-05-27
"Block Real Estate Services, LLC",69fdf7a362446148bd85b03f,69fded2362446148bd849228,Tool Source Warehouse Inc,69fdf17dbf1df2fe9692c120,tic467,Insurance Request,active,non_compliant,Block Requirements,true,,,,,,,,,2026-05-27,2026-05-27
"Block Real Estate Services, LLC",69fdf7a362446148bd85b049,69fded1862446148bd848eda,Kansas Granite Mart,69fdf18bd3bfa5e4945e2e28,tic630,Insurance Request,active,non_compliant,Block Requirements,true,,,,,,,,,2026-05-27,2026-05-27
"Block Real Estate Services, LLC",69fdf7a362446148bd85b05c,69fded2362446148bd849252,UMB Bank N.A.,69fdf19902bb2c42a87a78b8,tic663,Insurance Request,active,non_compliant,Block Requirements,true,,,,,,,,,2026-05-27,2026-05-27
"Block Real Estate Services, LLC",69fdf7a362446148bd85b00f,69fded1a62446148bd848f4f,Manitfest LLC,69fdf15bd3bfa5e4945e2255,sum015,Insurance Request,active,non_compliant,Block Requirements,true,,,,,,,,,2026-05-27,2026-05-27
"Block Real Estate Services, LLC",69fdf7a362446148bd85b014,69fded2362446148bd84923d,Trivedi & Riaz LLC,69fdf15bd3bfa5e4945e2255,sum015,Insurance Request,active,non_compliant,Block Requirements,true,,,,,,,,,2026-05-27,2026-05-27
"Block Real Estate Services, LLC",69fdf7a362446148bd85b01b,69fded1562446148bd848db7,Fisher & Phillips LLC,69fdf15ebf1df2fe9692af51,tic001,Insurance Request,active,non_compliant,Block Requirements,true,,,,,,,,,2026-05-27,2026-05-27
"Block Real Estate Services, LLC",69fdf7a362446148bd85b020,69fded1d62446148bd849060,Parris Communications,69fdf15ebf1df2fe9692af51,tic001,Insurance Request,active,non_compliant,Block Requirements,true,,,,,,,,,2026-05-27,2026-05-27
"Block Real Estate Services, LLC",69fdf7a362446148bd85b028,69fded1462446148bd848d9c,"Fey, LLC",69fdf16443ffeed6de3b3cbb,tic220,Insurance Request,active,non_compliant,Block Requirements,true,,,,,,,,,2026-05-27,2026-05-27
"Block Real Estate Services, LLC",69fdf7a362446148bd85b029,69fded1562446148bd848dcc,"Freirich & Katz, L.C. and JD Rosen CPA, PA",69fdf16443ffeed6de3b3cbb,tic220,Insurance Request,active,non_compliant,Block Requirements,true,,,,,,,,,2026-05-27,2026-05-27
"Block Real Estate Services, LLC",69fdf7a362446148bd85b030,69fded1162446148bd848c82,Clarivate Analytics LLC,69fdf16fbf1df2fe9692b2ff,tic253,Insurance Request,active,non_compliant,Block Requirements,true,,,,,,,,,2026-05-27,2026-05-27
"Block Real Estate Services, LLC",69fdf7a362446148bd85b031,69fded1262446148bd848cc4,Creative Collaboration LLC,69fdf16fbf1df2fe9692b2ff,tic253,Insurance Request,active,non_compliant,Block Requirements,true,,,,,,,,,2026-05-27,2026-05-27
"Block Real Estate Services, LLC",69fdf7a362446148bd85b037,69fded2262446148bd849213,The Sunderland Foundation,69fdf16fbf1df2fe9692b2ff,tic253,Insurance Request,active,non_compliant,Block Requirements,true,,,,,,,,,2026-05-27,2026-05-27
"Block Real Estate Services, LLC",69fdf7a362446148bd85b056,69fded2362446148bd849258,Union Bank & Trust Co.,69fdf1943b208288e0a8495e,tic662,Insurance Request,active,non_compliant,Block Requirements,true,,,,,,,,,2026-05-27,2026-05-27
"Block Real Estate Services, LLC",69fdf7a362446148bd85b03c,69fded2362446148bd849246,Turn5 Inc,69fdf179d3bfa5e4945e2ba8,tic441,Insurance Request,active,non_compliant,Block Requirements,true,,,,,,,,,2026-05-27,2026-05-27
"Block Real Estate Services, LLC",69fdf7a362446148bd85b053,69fded1362446148bd848d4b,Edward D Jones & Co LP,69fdf1943b208288e0a8495e,tic662,Insurance Request,active,non_compliant,Block Requirements,true,,,,,,,,,2026-05-27,2026-05-27
"Block Real Estate Services, LLC",69fdf7a362446148bd85b021,69fded1d62446148bd849066,Paycom Payroll LLC,69fdf15ebf1df2fe9692af51,tic001,Insurance Request,active,non_compliant,Block Requirements,true,,,,,,,,,2026-05-27,2026-05-27
"Block Real Estate Services, LLC",69fdf7a362446148bd85b058,69fded1562446148bd848df3,Generate-Ubiquity Management LLC,69fdf19902bb2c42a87a78b8,tic663,Insurance Request,active,non_compliant,Block Requirements,true,,,,,,,,,2026-05-27,2026-05-27
"Block Real Estate Services, LLC",69fdf7a362446148bd85b062,69fded2362446148bd849276,Unum Life Insurance Company of America,69fdf19c8e25e7a0d918870f,tic665,Insurance Request,active,non_compliant,Block Requirements,true,,,,,,,,,2026-05-27,2026-05-27
"Block Real Estate Services, LLC",69fdf7a362446148bd85b066,69fded2062446148bd84916e,SJK Global LLC,69fdf1a03b208288e0a84a8c,tic680,Insurance Request,active,non_compliant,Block Requirements,true,,,,,,,,,2026-05-27,2026-05-27
"Block Real Estate Services, LLC",69fdf7a362446148bd85b06e,69fded1c62446148bd849012,Norris Ventures LLC,69fdf1a78e25e7a0d91889e0,tic682,Insurance Request,active,non_compliant,Block Requirements,true,,,,,,,,,2026-05-27,2026-05-27
"Block Real Estate Services, LLC",69fdf7a362446148bd85b070,69fded0c62446148bd848b2f,Advantage Sales & Marketing,69fdf1b002bb2c42a87a7dd3,tic705,Insurance Request,active,non_compliant,Block Requirements,true,,,,,,,,,2026-05-27,2026-05-27
"Block Real Estate Services, LLC",69fdf7a362446148bd85b010,69fded1b62446148bd848fbb,Midwest Vacuums,69fdf15bd3bfa5e4945e2255,sum015,Insurance Request,active,non_compliant,Block Requirements,true,,,,,,,,,2026-05-27,2026-05-27
"Block Real Estate Services, LLC",69fdf7a362446148bd85b02f,69fded0e62446148bd848b98,Aspen Properties Group,69fdf16fbf1df2fe9692b2ff,tic253,Insurance Request,active,non_compliant,Block Requirements,true,,,,,,,,,2026-05-27,2026-05-27
"Block Real Estate Services, LLC",69fdf7a362446148bd85b048,69fded1662446148bd848e2f,Gunn & Richards Inc,69fdf18bd3bfa5e4945e2e28,tic630,Insurance Request,active,non_compliant,Block Requirements,true,,,,,,,,,2026-05-27,2026-05-27
"Block Real Estate Services, LLC",69fdf7a362446148bd85b04e,69fded1d62446148bd84903c,Orscheln Farm and Home LLC,69fdf18e38cbea6b3a6967e6,tic645,Insurance Request,active,non_compliant,Block Requirements,true,,,,,,,,,2026-05-27,2026-05-27
"Block Real Estate Services, LLC",69fdf7a362446148bd85b052,69fded1262446148bd848cd3,Crown MedRealty Partners LLC,69fdf1943b208288e0a8495e,tic662,Insurance Request,active,non_compliant,Block Requirements,true,,,,,,,,,2026-05-27,2026-05-27
"Block Real Estate Services, LLC",69fdf7a362446148bd85b05b,69fded2262446148bd849201,The CapFinancial Group LLC,69fdf19902bb2c42a87a78b8,tic663,Insurance Request,active,non_compliant,Block Requirements,true,,,,,,,,,2026-05-27,2026-05-27
"Block Real Estate Services, LLC",69fdf7a362446148bd85b02c,69fded1862446148bd848e9b,Jacobson Warehouse Company Inc,69fdf16702bb2c42a87a69a9,tic239,Insurance Request,active,non_compliant,Block Requirements,true,,,,,,,,,2026-05-27,2026-05-27
"Block Real Estate Services, LLC",69fdf7a362446148bd85b02d,69fded1a62446148bd848f64,Martinrea Riverside LLC,69fdf16bd3bfa5e4945e27f9,tic242,Insurance Request,active,non_compliant,Block Requirements,true,,,,,,,,,2026-05-27,2026-05-27
"Block Real Estate Services, LLC",69fdf7a362446148bd85b044,69fded1e62446148bd8490c3,Propak Logistics Inc,69fdf18402bb2c42a87a7242,tic541,Insurance Request,active,non_compliant,Block Requirements,true,,,,,,,,,2026-05-27,2026-05-27
"Block Real Estate Services, LLC",69fdf7a362446148bd85b060,69fded1f62446148bd8490e1,"RBC Capital Markets, LLC",69fdf19c8e25e7a0d918870f,tic665,Insurance Request,active,non_compliant,Block Requirements,true,,,,,,,,,2026-05-27,2026-05-27
"Block Real Estate Services, LLC",69fdf7a362446148bd85b01e,69fded1a62446148bd848f7f,MCImetro Access Transmission Services LLC,69fdf15ebf1df2fe9692af51,tic001,Insurance Request,active,non_compliant,Block Requirements,true,,,,,,,,,2026-05-27,2026-05-27
"Block Real Estate Services, LLC",69fdf7a362446148bd85b027,69fded1e62446148bd8490c9,Provider Plus Inc,69fdf161e45e7dcf5c43b3dd,tic022,Insurance Request,active,non_compliant,Block Requirements,true,,,,,,,,,2026-05-27,2026-05-27
"Block Real Estate Services, LLC",69fdf7a362446148bd85b04d,69fded2462446148bd8492a6,Wayfair LLC,69fdf18bd3bfa5e4945e2e28,tic630,Insurance Request,active,non_compliant,Block Requirements,true,,,,,,,,,2026-05-27,2026-05-27
"Block Real Estate Services, LLC",69fdf7a362446148bd85b051,69fded1162446148bd848c9a,Companion Protect Agency,69fdf1943b208288e0a8495e,tic662,Insurance Request,active,non_compliant,Block Requirements,true,,,,,,,,,2026-05-27,2026-05-27
"Block Real Estate Services, LLC",69fdf7a362446148bd85b054,69fded1962446148bd848ee3,Kavar Capital Partners Group LLC,69fdf1943b208288e0a8495e,tic662,Insurance Request,active,non_compliant,Block Requirements,true,,,,,,,,,2026-05-27,2026-05-27
"Block Real Estate Services, LLC",69fdf7a362446148bd85b032,69fded1362446148bd848d63,Employers Mutual Casualty Company,69fdf16fbf1df2fe9692b2ff,tic253,Insurance Request,active,non_compliant,Block Requirements,true,,,,,,,,,2026-05-27,2026-05-27
"Block Real Estate Services, LLC",69fdf7a362446148bd85b033,69fded1562446148bd848dd5,FS Investment Services Inc,69fdf16fbf1df2fe9692b2ff,tic253,Insurance Request,active,non_compliant,Block Requirements,true,,,,,,,,,2026-05-27,2026-05-27
"Block Real Estate Services, LLC",69fdf7a362446148bd85b040,69fded0f62446148bd848bfe,Blue Star Investments LLC,69fdf181e45e7dcf5c43c857,tic472,Insurance Request,active,non_compliant,Block Requirements,true,,,,,,,,,2026-05-27,2026-05-27
"Block Real Estate Services, LLC",69fdf7a362446148bd85b042,69fded1c62446148bd849024,Ollie's Bargain Outlet Inc,69fdf181e45e7dcf5c43c857,tic472,Insurance Request,active,non_compliant,Block Requirements,true,,,,,,,,,2026-05-27,2026-05-27
"Block Real Estate Services, LLC",69fdf7a362446148bd85b043,69fded2362446148bd84925b,Union Bank and Trust Company,69fdf181e45e7dcf5c43c857,tic472,Insurance Request,active,non_compliant,Block Requirements,true,,,,,,,,,2026-05-27,2026-05-27
"Block Real Estate Services, LLC",69fdf7a362446148bd85b045,69fded1c62446148bd848fdf,Munch's Supply O'Connor LLC,69fdf1878e25e7a0d91882aa,tic548,Insurance Request,active,non_compliant,Block Requirements,true,,,,,,,,,2026-05-27,2026-05-27
"Block Real Estate Services, LLC",69fdf7a362446148bd85b05f,69fded1562446148bd848dcf,Frey Commodities USA Inc,69fdf19c8e25e7a0d918870f,tic665,Insurance Request,active,non_compliant,Block Requirements,true,,,,,,,,,2026-05-27,2026-05-27
"Block Real Estate Services, LLC",69fdf7a362446148bd85b013,69fded2162446148bd8491b3,Starbucks Corporation,69fdf15bd3bfa5e4945e2255,sum015,Insurance Request,active,non_compliant,Block Requirements,true,,,,,,,,,2026-05-27,2026-05-27
"Block Real Estate Services, LLC",69fdf7a362446148bd85b019,69fded0f62446148bd848bfb,Block Partners LLC,69fdf15ebf1df2fe9692af51,tic001,Insurance Request,active,non_compliant,Block Requirements,true,,,,,,,,,2026-05-27,2026-05-27
"Block Real Estate Services, LLC",69fdf7a362446148bd85b026,69fded1562446148bd848ddb,G & C Restoration LLC,69fdf161e45e7dcf5c43b3dd,tic022,Insurance Request,active,non_compliant,Block Requirements,true,,,,,,,,,2026-05-27,2026-05-27
"Block Real Estate Services, LLC",69fdf7a362446148bd85b034,69fded1862446148bd848eb9,JP Morgan Chase Bank,69fdf16fbf1df2fe9692b2ff,tic253,Insurance Request,active,non_compliant,Block Requirements,true,,,,,,,,,2026-05-27,2026-05-27
"Block Real Estate Services, LLC",69fdf7a362446148bd85b039,69fded2462446148bd8492bb,Woodbridge Corporation,69fdf1733b208288e0a83fdc,tic285,Insurance Request,active,non_compliant,Block Requirements,true,,,,,,,,,2026-05-27,2026-05-27
"Block Real Estate Services, LLC",69fdf7a362446148bd85b04b,69fded1962446148bd848f22,Life Assist Inc,69fdf18bd3bfa5e4945e2e28,tic630,Insurance Request,active,non_compliant,Block Requirements,true,,,,,,,,,2026-05-27,2026-05-27
"Block Real Estate Services, LLC",69fdf7a362446148bd85b069,69fded1862446148bd848eb0,Johnson Controls Fire Protection LP,69fdf1a402bb2c42a87a79ca,tic681,Insurance Request,active,non_compliant,Block Requirements,true,,,,,,,,,2026-05-27,2026-05-27
"Block Real Estate Services, LLC",69fdf7a362446148bd85b06b,69fded1462446148bd848d87,Express Hardwood Floors LLC,69fdf1a78e25e7a0d91889e0,tic682,Insurance Request,active,non_compliant,Block Requirements,true,,,,,,,,,2026-05-27,2026-05-27
"Block Real Estate Services, LLC",69fdf7a362446148bd85b06d,69fded1b62446148bd848f94,Melcar Enterprises Inc,69fdf1a78e25e7a0d91889e0,tic682,Insurance Request,active,non_compliant,Block Requirements,true,,,,,,,,,2026-05-27,2026-05-27
"Block Real Estate Services, LLC",69fdf7a362446148bd85b017,69fded0e62446148bd848b92,Arthur J Gallagher Risk Management Services Inc,69fdf15ebf1df2fe9692af51,tic001,Insurance Request,active,non_compliant,Block Requirements,true,,,,,,,,,2026-05-27,2026-05-27
"Block Real Estate Services, LLC",69fdf7a362446148bd85b03b,69fded1e62446148bd8490c0,Promotional Headwear International Inc,69fdf179d3bfa5e4945e2ba8,tic441,Insurance Request,active,non_compliant,Block Requirements,true,,,,,,,,,2026-05-27,2026-05-27
"Block Real Estate Services, LLC",69fdf7a362446148bd85b041,69fded1362446148bd848d21,Dollar Stree Stores Inc #4448,69fdf181e45e7dcf5c43c857,tic472,Insurance Request,active,non_compliant,Block Requirements,true,,,,,,,,,2026-05-27,2026-05-27
"Block Real Estate Services, LLC",69fdf7a362446148bd85b04c,69fded1d62446148bd849081,Pharmaceutical Research Associates Inc,69fdf18bd3bfa5e4945e2e28,tic630,Insurance Request,active,non_compliant,Block Requirements,true,,,,,,,,,2026-05-27,2026-05-27
"Block Real Estate Services, LLC",69fdf7a362446148bd85b059,69fded1e62446148bd84909c,Polaris LLC,69fdf19902bb2c42a87a78b8,tic663,Insurance Request,active,non_compliant,Block Requirements,true,,,,,,,,,2026-05-27,2026-05-27
"Block Real Estate Services, LLC",69fdf7a362446148bd85b063,69fded1062446148bd848c22,Bryght Labs,69fdf1a03b208288e0a84a8c,tic680,Insurance Request,active,non_compliant,Block Requirements,true,,,,,,,,,2026-05-27,2026-05-27
"Block Real Estate Services, LLC",69fdf7a362446148bd85b012,69fded2062446148bd849129,Sally Beauty 1717,69fdf15bd3bfa5e4945e2255,sum015,Insurance Request,active,non_compliant,Block Requirements,true,,,,,,,,,2026-05-27,2026-05-27
"Block Real Estate Services, LLC",69fdf7a362446148bd85b015,69fded2462446148bd8492b5,Westlake Hardware 54,69fdf15bd3bfa5e4945e2255,sum015,Insurance Request,active,non_compliant,Block Requirements,true,,,,,,,,,2026-05-27,2026-05-27
"Block Real Estate Services, LLC",69fdf7a362446148bd85b04a,69fded1962446148bd848f1c,Lenexa Manufacturing Company LLC,69fdf18bd3bfa5e4945e2e28,tic630,Insurance Request,active,non_compliant,Block Requirements,true,,,,,,,,,2026-05-27,2026-05-27
"Block Real Estate Services, LLC",69fdf7a362446148bd85b055,69fded1b62446148bd848fcd,Mitchell Capital Management Company,69fdf1943b208288e0a8495e,tic662,Insurance Request,active,non_compliant,Block Requirements,true,,,,,,,,,2026-05-27,2026-05-27
"Block Real Estate Services, LLC",69fdf7a362446148bd85b05a,69fded2262446148bd8491dd,"Tallgrass MLP Operations, LLC",69fdf19902bb2c42a87a78b8,tic663,Insurance Request,active,non_compliant,Block Requirements,true,,,,,,,,,2026-05-27,2026-05-27
"Block Real Estate Services, LLC",69fdf7a362446148bd85b068,69fded1662446148bd848e3b,Halle Properties LLC,69fdf1a402bb2c42a87a79ca,tic681,Insurance Request,active,non_compliant,Block Requirements,true,,,,,,,,,2026-05-27,2026-05-27
"Block Real Estate Services, LLC",69fdf7a362446148bd85b071,69fded1262446148bd848d09,Dentek Inc,69fdf1b002bb2c42a87a7dd3,tic705,Insurance Request,active,non_compliant,Block Requirements,true,,,,,,,,,2026-05-27,2026-05-27
"Block Real Estate Services, LLC",69fdf7a362446148bd85b016,69fded0c62446148bd848afc,1248 Holdings LLC,69fdf15ebf1df2fe9692af51,tic001,Insurance Request,active,non_compliant,Block Requirements,true,,,,,,,,,2026-05-27,2026-05-27
"Block Real Estate Services, LLC",69fdf7a362446148bd85b03d,69fded1762446148bd848e74,Husqvarna Construction Products North America Inc,69fdf17dbf1df2fe9692c120,tic467,Insurance Request,active,non_compliant,Block Requirements,true,,,,,,,,,2026-05-27,2026-05-27
"Block Real Estate Services, LLC",69fdf7a362446148bd85b057,69fded0d62446148bd848b5f,Ameriprise Holdings Inc,69fdf19902bb2c42a87a78b8,tic663,Insurance Request,active,non_compliant,Block Requirements,true,,,,,,,,,2026-05-27,2026-05-27
"Block Real Estate Services, LLC",69fdf7a362446148bd85b023,69fded1f62446148bd84911a,RSM US LLP,69fdf15ebf1df2fe9692af51,tic001,Insurance Request,active,non_compliant,Block Requirements,true,,,,,,,,,2026-05-27,2026-05-27
"Block Real Estate Services, LLC",69fdf7a362446148bd85b02b,69fded1c62446148bd848fe8,NDH Advisors LLC,69fdf16443ffeed6de3b3cbb,tic220,Insurance Request,active,non_compliant,Block Requirements,true,,,,,,,,,2026-05-27,2026-05-27
"Block Real Estate Services, LLC",69fdf7a362446148bd85b036,69fded1d62446148bd849069,PCG Wealth Management LLC,69fdf16fbf1df2fe9692b2ff,tic253,Insurance Request,active,non_compliant,Block Requirements,true,,,,,,,,,2026-05-27,2026-05-27
"Block Real Estate Services, LLC",69fdf7a362446148bd85b047,69fded1462446148bd848d93,Fastenal Company,69fdf18bd3bfa5e4945e2e28,tic630,Insurance Request,active,non_compliant,Block Requirements,true,,,,,,,,,2026-05-27,2026-05-27
"Block Real Estate Services, LLC",69fdf7a362446148bd85b061,69fded2362446148bd849249,Twentyseven Global LLC,69fdf19c8e25e7a0d918870f,tic665,Insurance Request,active,non_compliant,Block Requirements,true,,,,,,,,,2026-05-27,2026-05-27
"Block Real Estate Services, LLC",69fdf7a362446148bd85b064,69fded1a62446148bd848f7c,McClure Engineering Company,69fdf1a03b208288e0a84a8c,tic680,Insurance Request,active,non_compliant,Block Requirements,true,,,,,,,,,2026-05-27,2026-05-27
"Block Real Estate Services, LLC",69fdf7a362446148bd85b067,69fded0f62446148bd848c19,Briggs Inc,69fdf1a402bb2c42a87a79ca,tic681,Insurance Request,active,non_compliant,Block Requirements,true,,,,,,,,,2026-05-27,2026-05-27
"Block Real Estate Services, LLC",69fdf7a362446148bd85b06a,69fded1262446148bd848d03,DCB Homes LLC,69fdf1a78e25e7a0d91889e0,tic682,Insurance Request,active,non_compliant,Block Requirements,true,,,,,,,,,2026-05-27,2026-05-27
"Block Real Estate Services, LLC",69fdf7a362446148bd85b01c,69fded1562446148bd848de7,Gantry Inc,69fdf15ebf1df2fe9692af51,tic001,Insurance Request,active,non_compliant,Block Requirements,true,,,,,,,,,2026-05-27,2026-05-27
"Block Real Estate Services, LLC",69fdf7a362446148bd85b01d,69fded1762446148bd848e68,Hoefer Welker LLC,69fdf15ebf1df2fe9692af51,tic001,Insurance Request,active,non_compliant,Block Requirements,true,,,,,,,,,2026-05-27,2026-05-27
"Block Real Estate Services, LLC",69fdf7a362446148bd85b01f,69fded1c62446148bd84902d,OPKC LLC,69fdf15ebf1df2fe9692af51,tic001,Insurance Request,active,non_compliant,Block Requirements,true,,,,,,,,,2026-05-27,2026-05-27
"Block Real Estate Services, LLC",69fdf7a362446148bd85b022,69fded1e62446148bd8490cf,Pulse Design Group,69fdf15ebf1df2fe9692af51,tic001,Insurance Request,active,non_compliant,Block Requirements,true,,,,,,,,,2026-05-27,2026-05-27
"Block Real Estate Services, LLC",69fdf7a362446148bd85b02a,69fded1c62446148bd848fe5,Nationwide Life and Benefits Insurance Company,69fdf16443ffeed6de3b3cbb,tic220,Insurance Request,active,non_compliant,Block Requirements,true,,,,,,,,,2026-05-27,2026-05-27
"Block Real Estate Services, LLC",69fdf7a362446148bd85b038,69fded1a62446148bd848f58,Marcon Marketing Concepts Inc,69fdf1733b208288e0a83fdc,tic285,Insurance Request,active,non_compliant,Block Requirements,true,,,,,,,,,2026-05-27,2026-05-27
"Block Real Estate Services, LLC",69fdf7a362446148bd85b04f,69fded0e62446148bd848ba1,Asurion LLC,69fdf1943b208288e0a8495e,tic662,Insurance Request,active,non_compliant,Block Requirements,true,,,,,,,,,2026-05-27,2026-05-27
"Block Real Estate Services, LLC",69fdf7a362446148bd85b050,69fded1062446148bd848c58,Cetera Financial Group Inc,69fdf1943b208288e0a8495e,tic662,Insurance Request,active,non_compliant,Block Requirements,true,,,,,,,,,2026-05-27,2026-05-27
"Block Real Estate Services, LLC",69fdf7a362446148bd85b05d,69fded1162446148bd848ca9,Core Adventures LLC,69fdf19c8e25e7a0d918870f,tic665,Insurance Request,active,non_compliant,Block Requirements,true,,,,,,,,,2026-05-27,2026-05-27
"Block Real Estate Services, LLC",69fdf7a362446148bd85b011,69fded1b62446148bd848fd0,"MJV-A, LLC",69fdf15bd3bfa5e4945e2255,sum015,Insurance Request,active,non_compliant,Block Requirements,true,,,,,,,,,2026-05-27,2026-05-27
"Block Real Estate Services, LLC",69fdf7a362446148bd85b035,69fded1a62446148bd848f5e,"Mariner Holdings, LLC",69fdf16fbf1df2fe9692b2ff,tic253,Insurance Request,active,non_compliant,Block Requirements,true,,,,,,,,,2026-05-27,2026-05-27
"Block Real Estate Services, LLC",69fdf7a362446148bd85b03e,69fded2262446148bd849225,T-Mobile USA,69fdf17dbf1df2fe9692c120,tic467,Insurance Request,active,non_compliant,Block Requirements,true,,,,,,,,,2026-05-27,2026-05-27
"Block Real Estate Services, LLC",69fdf7a362446148bd85b046,69fded1062446148bd848c37,Butler Suppy Inc,69fdf18bd3bfa5e4945e2e28,tic630,Insurance Request,active,non_compliant,Block Requirements,true,,,,,,,,,2026-05-27,2026-05-27
"Block Real Estate Services, LLC",69fdf7a362446148bd85b065,69fded1d62446148bd849072,People First Network of Kansas LLC,69fdf1a03b208288e0a84a8c,tic680,Insurance Request,active,non_compliant,Block Requirements,true,,,,,,,,,2026-05-27,2026-05-27
"Block Real Estate Services, LLC",69fdf7a362446148bd85b06f,69fded1d62446148bd849048,P1 Service LLC,69fdf1aa3b208288e0a84cde,tic683,Insurance Request,active,non_compliant,Block Requirements,true,,,,,,,,,2026-05-27,2026-05-27
"Block Real Estate Services, LLC",69fdf7b562446148bd85c431,69fded1c62446148bd84900f,Nifty Promotions LLC,69fdf1b38e25e7a0d9188c24,tic706,Insurance Request,active,non_compliant,Block Requirements,true,,,,,,,,,2026-05-27,2026-05-27
"Block Real Estate Services, LLC",69fdf7b562446148bd85c434,69fded1162446148bd848cb5,Cort Business Services,69fdf1b6d3bfa5e4945e38f8,tic714,Insurance Request,active,non_compliant,Block Requirements,true,,,,,,,,,2026-05-27,2026-05-27
"Block Real Estate Services, LLC",69fdf7b562446148bd85c455,69fded2062446148bd849141,Seen Merchandising LLC,69fdf1ee3b208288e0a8697e,"tic783 - Lamar Distribution Center #1 {Cal Vent Group, LTD}",Insurance Request,active,non_compliant,Block Requirements,true,,,,,,,,,2026-05-27,2026-05-27
"Block Real Estate Services, LLC",69fdf7b562446148bd85c463,69fded0c62446148bd848b14,Academy Bank,69fdf1fc3b208288e0a86ed1,"tic827 - Westchester Square Shopping Centre {Westchester 87 Investors, LLC}",Insurance Request,active,non_compliant,Block Requirements,true,,,,,,,,,2026-05-27,2026-05-27
"Block Real Estate Services, LLC",69fdf7b562446148bd85c46b,69fded1762446148bd848e7d,Hy-Vee Inc,69fdf1fc3b208288e0a86ed1,"tic827 - Westchester Square Shopping Centre {Westchester 87 Investors, LLC}",Insurance Request,active,non_compliant,Block Requirements,true,,,,,,,,,2026-05-27,2026-05-27
"Block Real Estate Services, LLC",69fdf7b562446148bd85c476,69fded2262446148bd8491ec,Tesla Inc,69fdf1fc3b208288e0a86ed1,"tic827 - Westchester Square Shopping Centre {Westchester 87 Investors, LLC}",Insurance Request,active,non_compliant,Block Requirements,true,,,,,,,,,2026-05-27,2026-05-27
"Block Real Estate Services, LLC",69fdf7b562446148bd85c478,69fded2462446148bd8492be,Workout Anytime,69fdf1fc3b208288e0a86ed1,"tic827 - Westchester Square Shopping Centre {Westchester 87 Investors, LLC}",Insurance Request,active,non_compliant,Block Requirements,true,,,,,,,,,2026-05-27,2026-05-27
"Block Real Estate Services, LLC",69fdf7b562446148bd85c47f,69fded1062446148bd848c3d,"Corbion / Caravan Ingredients, Inc.",69fdf20e8e25e7a0d918b96c,"tic851 - Pine Ridge Building 31 {PERG Corbion, LLC}",Insurance Request,active,non_compliant,Block Requirements,true,,,,,,,,,2026-05-27,2026-05-27
"Block Real Estate Services, LLC",69fdf7b562446148bd85c444,69fded1f62446148bd849120,Ryan Poage & Company,69fdf1fad3bfa5e4945e603a,"tic752 - Plaza Corporate Centre {Prom Motor Hotel, Inc.}",Insurance Request,active,non_compliant,Block Requirements,true,,,,,,,,,2026-05-27,2026-05-27
"Block Real Estate Services, LLC",69fdf7b562446148bd85c457,69fded2362446148bd84926a,United Refrigeration Inc,69fdf1ee3b208288e0a8697e,"tic783 - Lamar Distribution Center #1 {Cal Vent Group, LTD}",Insurance Request,active,non_compliant,Block Requirements,true,,,,,,,,,2026-05-27,2026-05-27
"Block Real Estate Services, LLC",69fdf7b562446148bd85c467,69fded1362446148bd848d45,Edible Arrangements,69fdf1fc3b208288e0a86ed1,"tic827 - Westchester Square Shopping Centre {Westchester 87 Investors, LLC}",Insurance Request,active,non_compliant,Block Requirements,true,,,,,,,,,2026-05-27,2026-05-27
"Block Real Estate Services, LLC",69fdf7b562446148bd85c46f,69fded2062446148bd84912c,Salon Ji,69fdf1fc3b208288e0a86ed1,"tic827 - Westchester Square Shopping Centre {Westchester 87 Investors, LLC}",Insurance Request,active,non_compliant,Block Requirements,true,,,,,,,,,2026-05-27,2026-05-27
"Block Real Estate Services, LLC",69fdf7b562446148bd85c480,69fded0e62446148bd848b80,"Applebee's Bar & Grill / Apple Central, LLC",69fdf211bf1df2fe9692fce4,"tic873 - Northgate Plaza {Northgate Associates, LLC}",Insurance Request,active,non_compliant,Block Requirements,true,,,,,,,,,2026-05-27,2026-05-27
"Block Real Estate Services, LLC",69fdf7b562446148bd85c43f,69fded1762446148bd848e5c,"Heritage First, Inc.",69fdf1fad3bfa5e4945e603a,"tic752 - Plaza Corporate Centre {Prom Motor Hotel, Inc.}",Insurance Request,active,non_compliant,Block Requirements,true,,,,,,,,,2026-05-27,2026-05-27
"Block Real Estate Services, LLC",69fdf7b562446148bd85c459,69fded1562446148bd848dd8,"Future Foam, Inc",69fdf1f18e25e7a0d918af0d,"tic784 - Macon-Bedford Distribution Center #1 {Cal Vent Group, LTD}",Insurance Request,active,non_compliant,Block Requirements,true,,,,,,,,,2026-05-27,2026-05-27
"Block Real Estate Services, LLC",69fdf7b562446148bd85c466,69fded1362446148bd848d27,Dollar Tree #4044,69fdf1fc3b208288e0a86ed1,"tic827 - Westchester Square Shopping Centre {Westchester 87 Investors, LLC}",Insurance Request,active,non_compliant,Block Requirements,true,,,,,,,,,2026-05-27,2026-05-27
"Block Real Estate Services, LLC",69fdf7b562446148bd85c46e,69fded1a62446148bd848f67,Massage Envy,69fdf1fc3b208288e0a86ed1,"tic827 - Westchester Square Shopping Centre {Westchester 87 Investors, LLC}",Insurance Request,active,non_compliant,Block Requirements,true,,,,,,,,,2026-05-27,2026-05-27
"Block Real Estate Services, LLC",69fdf7b562446148bd85c473,69fded2162446148bd8491aa,Star Beauty,69fdf1fc3b208288e0a86ed1,"tic827 - Westchester Square Shopping Centre {Westchester 87 Investors, LLC}",Insurance Request,active,non_compliant,Block Requirements,true,,,,,,,,,2026-05-27,2026-05-27
"Block Real Estate Services, LLC",69fdf7b562446148bd85c451,69fded1462446148bd848d66,"EnerSys Delaware, Inc",69fdf1eb02bb2c42a87a8cf8,"tic782 - Executive Park Distribution Center #3 {Cal Vent Group, LTD}",Insurance Request,active,non_compliant,Block Requirements,true,,,,,,,,,2026-05-27,2026-05-27
"Block Real Estate Services, LLC",69fdf7b562446148bd85c486,69fded2062446148bd84915f,"Shoe Sensation, Inc.",69fdf211bf1df2fe9692fce4,"tic873 - Northgate Plaza {Northgate Associates, LLC}",Insurance Request,active,non_compliant,Block Requirements,true,,,,,,,,,2026-05-27,2026-05-27
"Block Real Estate Services, LLC",69fdf7b562446148bd85c48c,69fded1b62446148bd848f88,"Mechanical Sales Midwest, Inc",69fdf21802bb2c42a87aa766,"tic921 - Millennium Business Park {Millennium Lenexa, LLC}",Insurance Request,active,non_compliant,Block Requirements,true,,,,,,,,,2026-05-27,2026-05-27
"Block Real Estate Services, LLC",69fdf7b562446148bd85c439,69fded1062446148bd848c6a,Cherish The Furs LLC,69fdf1fad3bfa5e4945e603a,"tic752 - Plaza Corporate Centre {Prom Motor Hotel, Inc.}",Insurance Request,active,non_compliant,Block Requirements,true,,,,,,,,,2026-05-27,2026-05-27
"Block Real Estate Services, LLC",69fdf7b562446148bd85c43c,69fded1362446148bd848d2d,"Perry Plaza Dental / Dr. Darren Perry, DDS",69fdf1fad3bfa5e4945e603a,"tic752 - Plaza Corporate Centre {Prom Motor Hotel, Inc.}",Insurance Request,active,non_compliant,Block Requirements,true,,,,,,,,,2026-05-27,2026-05-27
"Block Real Estate Services, LLC",69fdf7b562446148bd85c448,69fded0e62446148bd848b7d,"APLOS, Inc.",69fdf1e402bb2c42a87a8a64,"tic765 - College Crossing C/D {College Crossing CD, LLC}",Insurance Request,active,non_compliant,Block Requirements,true,,,,,,,,,2026-05-27,2026-05-27
"Block Real Estate Services, LLC",69fdf7b562446148bd85c44c,69fded2262446148bd8491e3,Tech Electronics of Kansas,69fdf1e402bb2c42a87a8a64,"tic765 - College Crossing C/D {College Crossing CD, LLC}",Insurance Request,active,non_compliant,Block Requirements,true,,,,,,,,,2026-05-27,2026-05-27
"Block Real Estate Services, LLC",69fdf7b562446148bd85c452,69fded1562446148bd848dbd,"FleetPride, Inc",69fdf1eb02bb2c42a87a8cf8,"tic782 - Executive Park Distribution Center #3 {Cal Vent Group, LTD}",Insurance Request,active,non_compliant,Block Requirements,true,,,,,,,,,2026-05-27,2026-05-27
"Block Real Estate Services, LLC",69fdf7b562446148bd85c45a,69fded1862446148bd848edd,Kansas Granite Mart Inc,69fdf1f18e25e7a0d918af0d,"tic784 - Macon-Bedford Distribution Center #1 {Cal Vent Group, LTD}",Insurance Request,active,non_compliant,Block Requirements,true,,,,,,,,,2026-05-27,2026-05-27
"Block Real Estate Services, LLC",69fdf7b562446148bd85c45f,69fded2162446148bd8491c2,"Style Crest, Inc. (fka Durham Supply, Inc.)",69fdf1f57f8ab8a84b28cc1a,"tic785 - Terrace & Lackman Distribution Center #1 {Cal Vent Group, LTD}",Insurance Request,active,non_compliant,Block Requirements,true,,,,,,,,,2026-05-27,2026-05-27
"Block Real Estate Services, LLC",69fdf7b562446148bd85c47e,69fded2162446148bd8491ce,"UDP (Unisource Document Products)/ Datamax / Sumner Group, Inc.",69fdf20a02bb2c42a87a98b0,"tic847 - Pine Ridge Building 27 {PERG BUILDINGS, LLC}",Insurance Request,active,non_compliant,Block Requirements,true,,,,,,,,,2026-05-27,2026-05-27
"Block Real Estate Services, LLC",69fdf7b562446148bd85c449,69fded1162446148bd848cac,CORE Cashless LLC,69fdf1e402bb2c42a87a8a64,"tic765 - College Crossing C/D {College Crossing CD, LLC}",Insurance Request,active,non_compliant,Block Requirements,true,,,,,,,,,2026-05-27,2026-05-27
"Block Real Estate Services, LLC",69fdf7b562446148bd85c454,69fded1262446148bd848d0f,"Diamond Towel and Supply Company, LLC",69fdf1ee3b208288e0a8697e,"tic783 - Lamar Distribution Center #1 {Cal Vent Group, LTD}",Insurance Request,active,non_compliant,Block Requirements,true,,,,,,,,,2026-05-27,2026-05-27
"Block Real Estate Services, LLC",69fdf7b562446148bd85c46d,69fded1a62446148bd848f49,Mainland Valuation Services,69fdf1fc3b208288e0a86ed1,"tic827 - Westchester Square Shopping Centre {Westchester 87 Investors, LLC}",Insurance Request,active,non_compliant,Block Requirements,true,,,,,,,,,2026-05-27,2026-05-27
"Block Real Estate Services, LLC",69fdf7b562446148bd85c470,69fded2062446148bd84914a,"Senior Day KC / The Respite House, LLC",69fdf1fc3b208288e0a86ed1,"tic827 - Westchester Square Shopping Centre {Westchester 87 Investors, LLC}",Insurance Request,active,non_compliant,Block Requirements,true,,,,,,,,,2026-05-27,2026-05-27
"Block Real Estate Services, LLC",69fdf7b562446148bd85c471,69fded2062446148bd849165,Side Pockets Inc,69fdf1fc3b208288e0a86ed1,"tic827 - Westchester Square Shopping Centre {Westchester 87 Investors, LLC}",Insurance Request,active,non_compliant,Block Requirements,true,,,,,,,,,2026-05-27,2026-05-27
"Block Real Estate Services, LLC",69fdf7b562446148bd85c48e,69fded2162446148bd8491a7,"Staples, Inc.",69fdf21b8e25e7a0d918bf24,tic949 - Staples Building {Orchard Cambridge Investors LLC} (fka Corporate Express [BIF III - CEB Executive Park]),Insurance Request,active,non_compliant,Block Requirements,true,,,,,,,,,2026-05-27,2026-05-27
"Block Real Estate Services, LLC",69fdf7b562446148bd85c430,69fded1962446148bd848ef5,Khaos Inc,69fdf1b38e25e7a0d9188c24,tic706,Insurance Request,active,non_compliant,Block Requirements,true,,,,,,,,,2026-05-27,2026-05-27
"Block Real Estate Services, LLC",69fdf7b562446148bd85c436,69fded0c62446148bd848b0b,717 Office Group LLC,69fdf1fad3bfa5e4945e603a,"tic752 - Plaza Corporate Centre {Prom Motor Hotel, Inc.}",Insurance Request,active,non_compliant,Block Requirements,true,,,,,,,,,2026-05-27,2026-05-27
"Block Real Estate Services, LLC",69fdf7b562446148bd85c43e,69fded1562446148bd848df0,Gateway Spine & Joint LLC,69fdf1fad3bfa5e4945e603a,"tic752 - Plaza Corporate Centre {Prom Motor Hotel, Inc.}",Insurance Request,active,non_compliant,Block Requirements,true,,,,,,,,,2026-05-27,2026-05-27
"Block Real Estate Services, LLC",69fdf7b562446148bd85c44b,69fded1f62446148bd8490fc,Reserve Applied Management of Kansas City LLC,69fdf1e402bb2c42a87a8a64,"tic765 - College Crossing C/D {College Crossing CD, LLC}",Insurance Request,active,non_compliant,Block Requirements,true,,,,,,,,,2026-05-27,2026-05-27
"Block Real Estate Services, LLC",69fdf7b562446148bd85c458,69fded2462446148bd84929a,"VRC Companies, LLC (fka T2 Holdings, LLC/Redishred Kansas, Inc. dba Proshred Security)",69fdf1ee3b208288e0a8697e,"tic783 - Lamar Distribution Center #1 {Cal Vent Group, LTD}",Insurance Request,active,non_compliant,Block Requirements,true,,,,,,,,,2026-05-27,2026-05-27
"Block Real Estate Services, LLC",69fdf7b562446148bd85c45c,69fded1862446148bd848ed4,WinAir,69fdf1f57f8ab8a84b28cc1a,"tic785 - Terrace & Lackman Distribution Center #1 {Cal Vent Group, LTD}",Insurance Request,active,non_compliant,Block Requirements,true,,,,,,,,,2026-05-27,2026-05-27
"Block Real Estate Services, LLC",69fdf7b562446148bd85c465,69fded1062446148bd848c67,Check Into Cash,69fdf1fc3b208288e0a86ed1,"tic827 - Westchester Square Shopping Centre {Westchester 87 Investors, LLC}",Insurance Request,active,non_compliant,Block Requirements,true,,,,,,,,,2026-05-27,2026-05-27
"Block Real Estate Services, LLC",69fdf7b562446148bd85c472,69fded2162446148bd849192,Sport Clips,69fdf1fc3b208288e0a86ed1,"tic827 - Westchester Square Shopping Centre {Westchester 87 Investors, LLC}",Insurance Request,active,non_compliant,Block Requirements,true,,,,,,,,,2026-05-27,2026-05-27
"Block Real Estate Services, LLC",69fdf7b562446148bd85c42d,69fded1162446148bd848cb2,Corporate Flooring Inc,69fdf1b38e25e7a0d9188c24,tic706,Insurance Request,active,non_compliant,Block Requirements,true,,,,,,,,,2026-05-27,2026-05-27
"Block Real Estate Services, LLC",69fdf7b562446148bd85c42e,69fded1262446148bd848cdc,D L Smith Electrical Construction,69fdf1b38e25e7a0d9188c24,tic706,Insurance Request,active,non_compliant,Block Requirements,true,,,,,,,,,2026-05-27,2026-05-27
"Block Real Estate Services, LLC",69fdf7b562446148bd85c42f,69fded1362446148bd848d51,Electrical Investments Inc,69fdf1b38e25e7a0d9188c24,tic706,Insurance Request,active,non_compliant,Block Requirements,true,,,,,,,,,2026-05-27,2026-05-27
"Block Real Estate Services, LLC",69fdf7b562446148bd85c432,69fded1d62446148bd849036,Orkin LLC,69fdf1b38e25e7a0d9188c24,tic706,Insurance Request,active,non_compliant,Block Requirements,true,,,,,,,,,2026-05-27,2026-05-27
"Block Real Estate Services, LLC",69fdf7b562446148bd85c456,69fded2262446148bd8491e6,Telamon Technologies Corporation,69fdf1ee3b208288e0a8697e,"tic783 - Lamar Distribution Center #1 {Cal Vent Group, LTD}",Insurance Request,active,non_compliant,Block Requirements,true,,,,,,,,,2026-05-27,2026-05-27
"Block Real Estate Services, LLC",69fdf7b562446148bd85c469,69fded1462446148bd848d99,FedEx/Kinko's,69fdf1fc3b208288e0a86ed1,"tic827 - Westchester Square Shopping Centre {Westchester 87 Investors, LLC}",Insurance Request,active,non_compliant,Block Requirements,true,,,,,,,,,2026-05-27,2026-05-27
"Block Real Estate Services, LLC",69fdf7b562446148bd85c488,69fded2462446148bd849282,Verizon / Cellular Sales,69fdf211bf1df2fe9692fce4,"tic873 - Northgate Plaza {Northgate Associates, LLC}",Insurance Request,active,non_compliant,Block Requirements,true,,,,,,,,,2026-05-27,2026-05-27
"Block Real Estate Services, LLC",69fdf7b562446148bd85c42b,69fded1362446148bd848d42,EcoShield Pest Solutions,69fdf1b002bb2c42a87a7dd3,tic705,Insurance Request,active,non_compliant,Block Requirements,true,,,,,,,,,2026-05-27,2026-05-27
"Block Real Estate Services, LLC",69fdf7b562446148bd85c433,69fded1d62446148bd849084,Pharmacy Corp of America,69fdf1b38e25e7a0d9188c24,tic706,Insurance Request,active,non_compliant,Block Requirements,true,,,,,,,,,2026-05-27,2026-05-27
"Block Real Estate Services, LLC",69fdf7b562446148bd85c44a,69fded1962446148bd848f19,Legacy Restaurant Group LLC,69fdf1e402bb2c42a87a8a64,"tic765 - College Crossing C/D {College Crossing CD, LLC}",Insurance Request,active,non_compliant,Block Requirements,true,,,,,,,,,2026-05-27,2026-05-27
"Block Real Estate Services, LLC",69fdf7b562446148bd85c47b,69fded1262446148bd848ce5,"Thermal Mechanics, Inc. (TMI)",69fdf2023b208288e0a871b2,"tic846 - Pine Ridge Building 26 {PERG BUILDINGS, LLC}",Insurance Request,active,non_compliant,Block Requirements,true,,,,,,,,,2026-05-27,2026-05-27
"Block Real Estate Services, LLC",69fdf7b562446148bd85c47c,69fded2362446148bd849255,Unified Door & Hardware Group LLC,69fdf2023b208288e0a871b2,"tic846 - Pine Ridge Building 26 {PERG BUILDINGS, LLC}",Insurance Request,active,non_compliant,Block Requirements,true,,,,,,,,,2026-05-27,2026-05-27
"Block Real Estate Services, LLC",69fdf7b562446148bd85c489,69fded0d62446148bd848b41,AGI SureTrack LLC,69fdf21419e1eeeaeb9ad90b,"tic880 - 8040 Bond {8040 Bond Investors, LLC}",Insurance Request,active,non_compliant,Block Requirements,true,,,,,,,,,2026-05-27,2026-05-27
"Block Real Estate Services, LLC",69fdf7b562446148bd85c435,69fded1862446148bd848ed7,Kansas Gas Co,69fdf1bad3bfa5e4945e3941,"tic723 - 3737 Investors, LLC",Insurance Request,active,non_compliant,Block Requirements,true,,,,,,,,,2026-05-27,2026-05-27
"Block Real Estate Services, LLC",69fdf7b562446148bd85c438,69fded0f62446148bd848c07,"BMO Harris Commercial Banking / BMO Harris Bank, NA",69fdf1fad3bfa5e4945e603a,"tic752 - Plaza Corporate Centre {Prom Motor Hotel, Inc.}",Insurance Request,active,non_compliant,Block Requirements,true,,,,,,,,,2026-05-27,2026-05-27
"Block Real Estate Services, LLC",69fdf7b562446148bd85c43b,69fded1262446148bd848cdf,"D.A. Davidson, Inc. / DA Davidson & Co.",69fdf1fad3bfa5e4945e603a,"tic752 - Plaza Corporate Centre {Prom Motor Hotel, Inc.}",Insurance Request,active,non_compliant,Block Requirements,true,,,,,,,,,2026-05-27,2026-05-27
"Block Real Estate Services, LLC",69fdf7b562446148bd85c440,69fded1862446148bd848ebc,Juro International Systems Inc,69fdf1fad3bfa5e4945e603a,"tic752 - Plaza Corporate Centre {Prom Motor Hotel, Inc.}",Insurance Request,active,non_compliant,Block Requirements,true,,,,,,,,,2026-05-27,2026-05-27
"Block Real Estate Services, LLC",69fdf7b562446148bd85c446,69fded0c62446148bd848af9,"1&1 Internet / IONOS, Inc.",69fdf1e402bb2c42a87a8a64,"tic765 - College Crossing C/D {College Crossing CD, LLC}",Insurance Request,active,non_compliant,Block Requirements,true,,,,,,,,,2026-05-27,2026-05-27
"Block Real Estate Services, LLC",69fdf7b562446148bd85c461,69fded2062446148bd849138,Scheels All Sports Inc,69fdf1f88e25e7a0d918b166,"tic787 - Kansas Commerce Center #16 {KCC 16, LLC}",Insurance Request,active,non_compliant,Block Requirements,true,,,,,,,,,2026-05-27,2026-05-27
"Block Real Estate Services, LLC",69fdf7b562446148bd85c46a,69fded1662446148bd848e32,H & R Block Enterprises LLC,69fdf1fc3b208288e0a86ed1,"tic827 - Westchester Square Shopping Centre {Westchester 87 Investors, LLC}",Insurance Request,active,non_compliant,Block Requirements,true,,,,,,,,,2026-05-27,2026-05-27
"Block Real Estate Services, LLC",69fdf7b562446148bd85c481,69fded1362446148bd848d1e,"Dollar General / Dolgencorp, Inc.",69fdf211bf1df2fe9692fce4,"tic873 - Northgate Plaza {Northgate Associates, LLC}",Insurance Request,active,non_compliant,Block Requirements,true,,,,,,,,,2026-05-27,2026-05-27
"Block Real Estate Services, LLC",69fdf7b562446148bd85c487,69fded2262446148bd849204,CATO / The Cato Corporation,69fdf211bf1df2fe9692fce4,"tic873 - Northgate Plaza {Northgate Associates, LLC}",Insurance Request,active,non_compliant,Block Requirements,true,,,,,,,,,2026-05-27,2026-05-27
"Block Real Estate Services, LLC",69fdf7b562446148bd85c43a,69fded1162446148bd848c91,CMA / Colarelli Meyer & Associates,69fdf1fad3bfa5e4945e603a,"tic752 - Plaza Corporate Centre {Prom Motor Hotel, Inc.}",Insurance Request,active,non_compliant,Block Requirements,true,,,,,,,,,2026-05-27,2026-05-27
"Block Real Estate Services, LLC",69fdf7b562446148bd85c447,69fded0d62446148bd848b65,Amsted Rail Company Inc,69fdf1e402bb2c42a87a8a64,"tic765 - College Crossing C/D {College Crossing CD, LLC}",Insurance Request,active,non_compliant,Block Requirements,true,,,,,,,,,2026-05-27,2026-05-27
"Block Real Estate Services, LLC",69fdf7b562446148bd85c44d,69fded2462446148bd849297,Vortex Industries LLC,69fdf1e402bb2c42a87a8a64,"tic765 - College Crossing C/D {College Crossing CD, LLC}",Insurance Request,active,non_compliant,Block Requirements,true,,,,,,,,,2026-05-27,2026-05-27
"Block Real Estate Services, LLC",69fdf7b562446148bd85c45d,69fded1962446148bd848ee9,"KC Classic Auto, LLC",69fdf1f57f8ab8a84b28cc1a,"tic785 - Terrace & Lackman Distribution Center #1 {Cal Vent Group, LTD}",Insurance Request,active,non_compliant,Block Requirements,true,,,,,,,,,2026-05-27,2026-05-27
"Block Real Estate Services, LLC",69fdf7b562446148bd85c482,69fded1562446148bd848dc3,"Fresenius Medical Care - Pittsburg Midwest Dialysis / Fort Scott Regional Dialysis Center, Inc.",69fdf211bf1df2fe9692fce4,"tic873 - Northgate Plaza {Northgate Associates, LLC}",Insurance Request,active,non_compliant,Block Requirements,true,,,,,,,,,2026-05-27,2026-05-27
"Block Real Estate Services, LLC",69fdf7b562446148bd85c483,69fded1762446148bd848e5f,"Hibbett Sports / Hibbett Retail, Inc.",69fdf211bf1df2fe9692fce4,"tic873 - Northgate Plaza {Northgate Associates, LLC}",Insurance Request,active,non_compliant,Block Requirements,true,,,,,,,,,2026-05-27,2026-05-27
"Block Real Estate Services, LLC",69fdf7b562446148bd85c48a,69fded1362446148bd848d3f,Eaton Electric / Eaton Corporation,69fdf21802bb2c42a87aa766,"tic921 - Millennium Business Park {Millennium Lenexa, LLC}",Insurance Request,active,non_compliant,Block Requirements,true,,,,,,,,,2026-05-27,2026-05-27
"Block Real Estate Services, LLC",69fdf7b562446148bd85c48b,69fded1462446148bd848d84,"Emerson / Experitec, Inc.",69fdf21802bb2c42a87aa766,"tic921 - Millennium Business Park {Millennium Lenexa, LLC}",Insurance Request,active,non_compliant,Block Requirements,true,,,,,,,,,2026-05-27,2026-05-27
"Block Real Estate Services, LLC",69fdf7b562446148bd85c437,69fded0e62446148bd848bb3,Axiom Strategies LLC,69fdf1fad3bfa5e4945e603a,"tic752 - Plaza Corporate Centre {Prom Motor Hotel, Inc.}",Insurance Request,active,non_compliant,Block Requirements,true,,,,,,,,,2026-05-27,2026-05-27
"Block Real Estate Services, LLC",69fdf7b562446148bd85c453,69fded1062446148bd848c5e,Champion Supply Company LLC,69fdf1ee3b208288e0a8697e,"tic783 - Lamar Distribution Center #1 {Cal Vent Group, LTD}",Insurance Request,active,non_compliant,Block Requirements,true,,,,,,,,,2026-05-27,2026-05-27
"Block Real Estate Services, LLC",69fdf7b562446148bd85c474,69fded2162446148bd8491ad,Starbucks #2436,69fdf1fc3b208288e0a86ed1,"tic827 - Westchester Square Shopping Centre {Westchester 87 Investors, LLC}",Insurance Request,active,non_compliant,Block Requirements,true,,,,,,,,,2026-05-27,2026-05-27
"Block Real Estate Services, LLC",69fdf7b562446148bd85c475,69fded2162446148bd8491c5,Subway #41462,69fdf1fc3b208288e0a86ed1,"tic827 - Westchester Square Shopping Centre {Westchester 87 Investors, LLC}",Insurance Request,active,non_compliant,Block Requirements,true,,,,,,,,,2026-05-27,2026-05-27
"Block Real Estate Services, LLC",69fdf7b562446148bd85c479,69fded1a62446148bd848f5b,"Marel, USA",69fdf1ffd3bfa5e4945e61a5,"tic828 - Pine Ridge Building 28 {PERG BUILDINGS, LLC}",Insurance Request,active,non_compliant,Block Requirements,true,,,,,,,,,2026-05-27,2026-05-27
"Block Real Estate Services, LLC",69fdf7b562446148bd85c47a,69fded1a62446148bd848f61,"Blue Endo / Market-tiers, Inc.",69fdf1ffd3bfa5e4945e61a5,"tic828 - Pine Ridge Building 28 {PERG BUILDINGS, LLC}",Insurance Request,active,non_compliant,Block Requirements,true,,,,,,,,,2026-05-27,2026-05-27
"Block Real Estate Services, LLC",69fdf7b562446148bd85c445,69fded2162446148bd8491bf,Studio Local LLC,69fdf1fad3bfa5e4945e603a,"tic752 - Plaza Corporate Centre {Prom Motor Hotel, Inc.}",Insurance Request,active,non_compliant,Block Requirements,true,,,,,,,,,2026-05-27,2026-05-27
"Block Real Estate Services, LLC",69fdf7b562446148bd85c44e,69fded1362446148bd848d60,Emerson Ecologics LLC,69fdf1e83b208288e0a85c52,"tic777 - Lenexa Logistics Centre East Building 3 {Lenexa Logistics East 3, LLC}",Insurance Request,active,non_compliant,Block Requirements,true,,,,,,,,,2026-05-27,2026-05-27
"Block Real Estate Services, LLC",69fdf7b562446148bd85c460,69fded1162446148bd848c9d,Concrete Strategies LLC,69fdf1f88e25e7a0d918b166,"tic787 - Kansas Commerce Center #16 {KCC 16, LLC}",Insurance Request,active,non_compliant,Block Requirements,true,,,,,,,,,2026-05-27,2026-05-27
"Block Real Estate Services, LLC",69fdf7b562446148bd85c462,69fded2362446148bd84925e,"Triton Stone Group/Triton Stone of Kansas City / Unique Stone Concepts, LLC",69fdf1f88e25e7a0d918b166,"tic787 - Kansas Commerce Center #16 {KCC 16, LLC}",Insurance Request,active,non_compliant,Block Requirements,true,,,,,,,,,2026-05-27,2026-05-27
"Block Real Estate Services, LLC",69fdf7b562446148bd85c468,69fded1362446148bd848d5d,Elysian Salon and Spa LLC,69fdf1fc3b208288e0a86ed1,"tic827 - Westchester Square Shopping Centre {Westchester 87 Investors, LLC}",Insurance Request,active,non_compliant,Block Requirements,true,,,,,,,,,2026-05-27,2026-05-27
"Block Real Estate Services, LLC",69fdf7b562446148bd85c48d,69fded1c62446148bd84900c,"Nexus Medical, LLC",69fdf21802bb2c42a87aa766,"tic921 - Millennium Business Park {Millennium Lenexa, LLC}",Insurance Request,active,non_compliant,Block Requirements,true,,,,,,,,,2026-05-27,2026-05-27
"Block Real Estate Services, LLC",69fdf7b562446148bd85c42c,69fded0c62446148bd848b20,Adare Pharmaceuticals,69fdf1b38e25e7a0d9188c24,tic706,Insurance Request,active,non_compliant,Block Requirements,true,,,,,,,,,2026-05-27,2026-05-27
"Block Real Estate Services, LLC",69fdf7b562446148bd85c442,69fded1e62446148bd8490ae,Prestige Land Title LLC,69fdf1fad3bfa5e4945e603a,"tic752 - Plaza Corporate Centre {Prom Motor Hotel, Inc.}",Insurance Request,active,non_compliant,Block Requirements,true,,,,,,,,,2026-05-27,2026-05-27
"Block Real Estate Services, LLC",69fdf7b562446148bd85c45e,69fded1c62446148bd848ff7,New Century Dodge Chrysler Wholesale Parts,69fdf1f57f8ab8a84b28cc1a,"tic785 - Terrace & Lackman Distribution Center #1 {Cal Vent Group, LTD}",Insurance Request,active,non_compliant,Block Requirements,true,,,,,,,,,2026-05-27,2026-05-27
"Block Real Estate Services, LLC",69fdf7b562446148bd85c443,69fded1e62446148bd8490cc,"Psychology Office Management, Inc.",69fdf1fad3bfa5e4945e603a,"tic752 - Plaza Corporate Centre {Prom Motor Hotel, Inc.}",Insurance Request,active,non_compliant,Block Requirements,true,,,,,,,,,2026-05-27,2026-05-27
"Block Real Estate Services, LLC",69fdf7b562446148bd85c44f,69fded1462446148bd848d7b,Essense of Australia Inc,69fdf1e83b208288e0a85c52,"tic777 - Lenexa Logistics Centre East Building 3 {Lenexa Logistics East 3, LLC}",Insurance Request,active,non_compliant,Block Requirements,true,,,,,,,,,2026-05-27,2026-05-27
"Block Real Estate Services, LLC",69fdf7b562446148bd85c450,69fded1a62446148bd848f70,"Mavs Volleyball / MAVS, LLC",69fdf1e83b208288e0a85c52,"tic777 - Lenexa Logistics Centre East Building 3 {Lenexa Logistics East 3, LLC}",Insurance Request,active,non_compliant,Block Requirements,true,,,,,,,,,2026-05-27,2026-05-27
"Block Real Estate Services, LLC",69fdf7b562446148bd85c464,69fded0e62446148bd848bb9,"Pet Supplies Plus / B&B Pet Products, LLC",69fdf1fc3b208288e0a86ed1,"tic827 - Westchester Square Shopping Centre {Westchester 87 Investors, LLC}",Insurance Request,active,non_compliant,Block Requirements,true,,,,,,,,,2026-05-27,2026-05-27
"Block Real Estate Services, LLC",69fdf7b562446148bd85c47d,69fded1e62446148bd84908d,"Servpro / Piat, Inc.",69fdf20a02bb2c42a87a98b0,"tic847 - Pine Ridge Building 27 {PERG BUILDINGS, LLC}",Insurance Request,active,non_compliant,Block Requirements,true,,,,,,,,,2026-05-27,2026-05-27
"Block Real Estate Services, LLC",69fdf7b562446148bd85c484,69fded1c62446148bd849024,Ollie's Bargain Outlet Inc,69fdf211bf1df2fe9692fce4,"tic873 - Northgate Plaza {Northgate Associates, LLC}",Insurance Request,active,non_compliant,Block Requirements,true,,,,,,,,,2026-05-27,2026-05-27
"Block Real Estate Services, LLC",69fdf7b562446148bd85c43d,69fded1362446148bd848d4b,Edward D Jones & Co LP,69fdf1fad3bfa5e4945e603a,"tic752 - Plaza Corporate Centre {Prom Motor Hotel, Inc.}",Insurance Request,active,non_compliant,Block Requirements,true,,,,,,,,,2026-05-27,2026-05-27
"Block Real Estate Services, LLC",69fdf7b562446148bd85c441,69fded1b62446148bd848f97,"Melcher Investment Company, LP",69fdf1fad3bfa5e4945e603a,"tic752 - Plaza Corporate Centre {Prom Motor Hotel, Inc.}",Insurance Request,active,non_compliant,Block Requirements,true,,,,,,,,,2026-05-27,2026-05-27
"Block Real Estate Services, LLC",69fdf7b562446148bd85c45b,69fded0d62446148bd848b62,"AMSCO Supply / Flegler Investment Co., Inc.",69fdf1f57f8ab8a84b28cc1a,"tic785 - Terrace & Lackman Distribution Center #1 {Cal Vent Group, LTD}",Insurance Request,active,non_compliant,Block Requirements,true,,,,,,,,,2026-05-27,2026-05-27
"Block Real Estate Services, LLC",69fdf7b562446148bd85c46c,69fded1862446148bd848ebf,Kababs,69fdf1fc3b208288e0a86ed1,"tic827 - Westchester Square Shopping Centre {Westchester 87 Investors, LLC}",Insurance Request,active,non_compliant,Block Requirements,true,,,,,,,,,2026-05-27,2026-05-27
"Block Real Estate Services, LLC",69fdf7b562446148bd85c477,69fded2262446148bd8491fb,Thai Chili Cuisine,69fdf1fc3b208288e0a86ed1,"tic827 - Westchester Square Shopping Centre {Westchester 87 Investors, LLC}",Insurance Request,active,non_compliant,Block Requirements,true,,,,,,,,,2026-05-27,2026-05-27
"Block Real Estate Services, LLC",69fdf7b562446148bd85c485,69fded1d62446148bd84907e,"PetSense, LLC",69fdf211bf1df2fe9692fce4,"tic873 - Northgate Plaza {Northgate Associates, LLC}",Insurance Request,active,non_compliant,Block Requirements,true,,,,,,,,,2026-05-27,2026-05-27
"Block Real Estate Services, LLC",69fdf7c762446148bd85d87c,69fded0f62446148bd848bec,Sarpino's / BHPS Restaurant Group LLC,69fdf21f19e1eeeaeb9ada59,"viv080 - Vivion Road Shopping Center {Vivion Road Development Company, LLC}",Insurance Request,active,non_compliant,Block Requirements,true,,,,,,,,,2026-05-27,2026-05-27
"Block Real Estate Services, LLC",69fdf7c762446148bd85d87d,69fded0f62446148bd848c13,"Celebrate Dental & Braces / Brave, LLC",69fdf21f19e1eeeaeb9ada59,"viv080 - Vivion Road Shopping Center {Vivion Road Development Company, LLC}",Insurance Request,active,non_compliant,Block Requirements,true,,,,,,,,,2026-05-27,2026-05-27
"Block Real Estate Services, LLC",69fdf7c762446148bd85d882,69fded1d62446148bd84903f,"OUTFRONT Media, LLC / Gannett Outdoor Co., Inc.",69fdf22b19e1eeeaeb9add38,wjb111 - WJB Investment Co. (Parking Lot),Insurance Request,active,non_compliant,Block Requirements,true,,,,,,,,,2026-05-27,2026-05-27
"Block Real Estate Services, LLC",69fdf7c762446148bd85d87b,69fded0c62446148bd848b08,"Ray's Donuts & Deli / 6tinos, LLC",69fdf21f19e1eeeaeb9ada59,"viv080 - Vivion Road Shopping Center {Vivion Road Development Company, LLC}",Insurance Request,active,non_compliant,Block Requirements,true,,,,,,,,,2026-05-27,2026-05-27
"Block Real Estate Services, LLC",69fdf7c762446148bd85d880,69fded1f62446148bd8490f3,Rent-A-Center #1724,69fdf21f19e1eeeaeb9ada59,"viv080 - Vivion Road Shopping Center {Vivion Road Development Company, LLC}",Insurance Request,active,non_compliant,Block Requirements,true,,,,,,,,,2026-05-27,2026-05-27
"Block Real Estate Services, LLC",69fdf7c762446148bd85d87e,69fded1762446148bd848e65,"Hoang Tran Nhat Pham, Phuoc Duc Ngo and Binh Xuan Nguyen",69fdf21f19e1eeeaeb9ada59,"viv080 - Vivion Road Shopping Center {Vivion Road Development Company, LLC}",Insurance Request,active,non_compliant,Block Requirements,true,,,,,,,,,2026-05-27,2026-05-27
"Block Real Estate Services, LLC",69fdf7c762446148bd85d87f,69fded1c62446148bd84901b,"Office Max, Inc #472",69fdf21f19e1eeeaeb9ada59,"viv080 - Vivion Road Shopping Center {Vivion Road Development Company, LLC}",Insurance Request,active,non_compliant,Block Requirements,true,,,,,,,,,2026-05-27,2026-05-27
"Block Real Estate Services, LLC",6a07292ff523b35823695c0a,6a07292ff523b35823695c09,US PHYSICAL THERAPY INC,,,Request,active,non_compliant,Block Requirements,true,,,,,,,,,2026-05-27,2026-05-27
"Block Real Estate Services, LLC",6a072934f523b35823695d45,6a072934f523b35823695d44,"LYNTEC, INC. / RDC, INC. (EXPANSION)",,,Request,active,non_compliant,Block Requirements,true,,,,,,,,,2026-05-27,2026-05-27
"Block Real Estate Services, LLC",6a072937f523b35823695e08,6a072937f523b35823695e07,"GNC HOLDINGS, LLC",,,Request,active,non_compliant,Block Requirements,true,,,,,,,,,2026-05-27,2026-05-27
"Block Real Estate Services, LLC",6a07293bf523b35823695f25,6a07293bf523b35823695f24,"CMA GLOBAL, INC. DBA CMA",,,Request,active,non_compliant,Block Requirements,true,,,,,,,,,2026-05-27,2026-05-27
"Block Real Estate Services, LLC",6a07293df523b35823695f75,6a07293df523b35823695f74,"ENVY SALON / GREEN WITH ENVY, LLC",,,Request,active,non_compliant,Block Requirements,true,,,,,,,,,2026-05-27,2026-05-27
"Block Real Estate Services, LLC",6a07293ef523b35823695ff7,6a07293ef523b35823695ff6,B-ENVIED SALON / DAVID M & LISA WALLA,,,Request,active,non_compliant,Block Requirements,true,,,,,,,,,2026-05-27,2026-05-27
"Block Real Estate Services, LLC",6a072941f523b35823696088,6a072941f523b35823696087,REGAL DISTRIBUTING CO,,,Request,active,non_compliant,Block Requirements,true,,,,,,,,,2026-05-27,2026-05-27
"Block Real Estate Services, LLC",6a072941f523b35823696092,6a072941f523b35823696091,"PROFESSIONAL TOXICOLOGY SERVICES, INC. (FKA KAMMERER )",,,Request,active,non_compliant,Block Requirements,true,,,,,,,,,2026-05-27,2026-05-27
"Block Real Estate Services, LLC",6a072941f523b358236960ab,6a072941f523b358236960aa,"SPORTSMAN'S CAP / PROMOTIONAL HEADWEAR INTERNATIONAL, INC.",,,Request,active,non_compliant,Block Requirements,true,,,,,,,,,2026-05-27,2026-05-27
"Block Real Estate Services, LLC",6a072941f523b358236960c4,6a072941f523b358236960c3,"HCA AKA COLLEGE PARK ENDOSCOPY CENTER, LLC",,,Request,active,non_compliant,Block Requirements,true,,,,,,,,,2026-05-27,2026-05-27
"Block Real Estate Services, LLC",6a072942f523b358236960f6,6a072942f523b358236960f5,NITTO AUTOMOTIVE,,,Request,active,non_compliant,Block Requirements,true,,,,,,,,,2026-05-27,2026-05-27
"Block Real Estate Services, LLC",6a072943f523b3582369610f,6a072943f523b3582369610e,DOLLAR GENERAL,,,Request,active,non_compliant,Block Requirements,true,,,,,,,,,2026-05-27,2026-05-27
"Block Real Estate Services, LLC",6a072944f523b35823696169,6a072944f523b35823696168,"DISCOUNT TIRE / HALLE PROPERTIES, INC.",,,Request,active,non_compliant,Block Requirements,true,,,,,,,,,2026-05-27,2026-05-27
"Block Real Estate Services, LLC",6a072979f523b35823696f7b,6a072979f523b35823696f7a,"FIRST WATCH RESTAURANTS, INC.",,,Request,active,non_compliant,Block Requirements,true,,,,,,,,,2026-05-27,2026-05-27
"Block Real Estate Services, LLC",6a16fbc62c0af08c023ab6af,6a16fbaf1814afc0f5360986,"Dr. Robert Browne, DDS",69fdef0802bb2c42a879cab4,,Insurance Request,active,non_compliant,Block Requirements,true,,,,,,,,,2026-05-27,2026-05-27
"Block Real Estate Services, LLC",6a16fdd132d89b0ceba8097d,6a16fd4062a03ce510d12d9b,"Liberda Consulting, LLC",69fdef0c3b208288e0a796fa,,Insurance Request,active,non_compliant,Block Requirements,true,,,,,,,,,2026-05-27,2026-05-27
"Block Real Estate Services, LLC",6a1705bf2c0af08c023ad892,69fded1a62446148bd848f85,"McShane & Brady, LLC",6a170535da8b4807522414f6,"3rd299 - Delaire KC, LLC - Westport Building - 4006 Central (Office, 2nd floor)",Insurance Request,active,non_compliant,Block Requirements,true,,,,,,,,,2026-05-27,2026-05-27
"Block Real Estate Services, LLC",6a1711182c0af08c023b0c9f,6a170f97efde9f2154ab7751,Vitale Realtors,69fdef2cbf1df2fe96920b3f,,Insurance Request,active,non_compliant,Block Requirements,true,,,,,,,,,2026-05-27,2026-05-27
"Block Real Estate Services, LLC",6a1711372c0af08c023b0d51,6a170fafee5ef0b8dcf50e8a,Tom Platt Residence,69fdef2cbf1df2fe96920b3f,,Insurance Request,active,non_compliant,Block Requirements,true,,,,,,,,,2026-05-27,2026-05-27
"Block Real Estate Services, LLC",6a1711586bce9a8c3c1c8db8,6a170fd6da8b48075226ce37,"Page Communication, LLC",69fdef2cbf1df2fe96920b3f,,Insurance Request,active,non_compliant,Block Requirements,true,,,,,,,,,2026-05-27,2026-05-27
"Block Real Estate Services, LLC",6a17117b6bce9a8c3c1c8e78,6a170fecda8b48075226d712,WLM Warehouse,69fdef2cbf1df2fe96920b3f,,Insurance Request,active,non_compliant,Block Requirements,true,,,,,,,,,2026-05-27,2026-05-27
"Block Real Estate Services, LLC",6a1711956bce9a8c3c1c8eac,6a171003ee5ef0b8dcf522cf,"Pop! Vintage Furniture & Accessories, LLC",69fdef2cbf1df2fe96920b3f,,Insurance Request,active,non_compliant,Block Requirements,true,,,,,,,,,2026-05-27,2026-05-27
"Block Real Estate Services, LLC",6a1711b76bce9a8c3c1c8f3e,6a171027da8b48075226e443,Wearhouse Vintage / Madalynn Ramirez & Lily Davis,69fdef2cbf1df2fe96920b3f,,Insurance Request,active,non_compliant,Block Requirements,true,,,,,,,,,2026-05-27,2026-05-27
"Block Real Estate Services, LLC",6a1711e0bf28cb6a86a2fb13,6a17103e4ee870c0f8575639,"WGN & Associates, LLC",69fdef2cbf1df2fe96920b3f,,Insurance Request,active,non_compliant,Block Requirements,true,,,,,,,,,2026-05-27,2026-05-27
"Block Real Estate Services, LLC",6a1711e6bf28cb6a86a2fb47,6a17103e4ee870c0f8575639,"WGN & Associates, LLC",69fdef2cbf1df2fe96920b3f,,Insurance Request,active,non_compliant,Block Requirements,true,,,,,,,,,2026-05-27,2026-05-27
"Block Real Estate Services, LLC",6a1711ec32d89b0ceba80e8c,6a17103e4ee870c0f8575639,"WGN & Associates, LLC",69fdef2cbf1df2fe96920b3f,,Insurance Request,active,non_compliant,Block Requirements,true,,,,,,,,,2026-05-27,2026-05-27
"Block Real Estate Services, LLC",6a1711f22c0af08c023b0ed2,6a17103e4ee870c0f8575639,"WGN & Associates, LLC",69fdef2cbf1df2fe96920b3f,,Insurance Request,active,non_compliant,Block Requirements,true,,,,,,,,,2026-05-27,2026-05-27
"Block Real Estate Services, LLC",6a1711fdbf28cb6a86a2fbb8,6a17103e4ee870c0f8575639,"WGN & Associates, LLC",69fdef2cbf1df2fe96920b3f,,Insurance Request,active,non_compliant,Block Requirements,true,,,,,,,,,2026-05-27,2026-05-27
"Block Real Estate Services, LLC",6a17125fbf28cb6a86a2fc3c,6a17105b1814afc0f53b2a39,Computers To Go / Scott Petrak,69fdef2cbf1df2fe96920b3f,,Insurance Request,active,non_compliant,Block Requirements,true,,,,,,,,,2026-05-27,2026-05-27
"Block Real Estate Services, LLC",6a171349bf28cb6a86a30436,6a072930f523b35823695c72,Taikan Development Corporation,69fdef31e45e7dcf5c4328bd,,Insurance Request,active,non_compliant,Block Requirements,true,,,,,,,,,2026-05-27,2026-05-27
"Block Real Estate Services, LLC",6a1713502c0af08c023b6ecb,6a17132fefde9f2154ac6af4,The Underground Lab / Animal Kingdom Athletics,69fdef31e45e7dcf5c4328bd,,Insurance Request,active,non_compliant,Block Requirements,true,,,,,,,,,2026-05-27,2026-05-27
"Block Real Estate Services, LLC",6a171b322c0af08c023c2786,69fded2362446148bd849279,"Vakok Asian Market, LLC",69fdef3f3b208288e0a7a0f6,,Insurance Request,active,non_compliant,Block Requirements,true,,,,,,,,,2026-05-27,2026-05-27
"Block Real Estate Services, LLC",6a1725eabf28cb6a86a39897,69fded2362446148bd849252,UMB Bank N.A.,69fdf22b19e1eeeaeb9add38,wjb111 - WJB Investment Co. (Parking Lot),Insurance Request,active,non_compliant,Block Requirements,true,,,,,,,,,2026-05-27,2026-05-27
"Block Real Estate Services, LLC",6a173db82c0af08c023db59f,69fded1662446148bd848e1d,Great Rivers Associates,69fdef5103a2257cd27d9981,,Insurance Request,active,non_compliant,Block Requirements,true,,,,,,,,,2026-05-27,2026-05-27
"Block Real Estate Services, LLC",6a174875bf28cb6a86a6046c,69fded1f62446148bd849123,Safari Mart,69fdef653b208288e0a7a89f,,Insurance Request,active,non_compliant,Block Requirements,true,,,,,,,,,2026-05-27,2026-05-27
"Block Real Estate Services, LLC",6a17493c6bce9a8c3c20a95c,69fded2062446148bd84914d,"SERC Physical Therapy / SERC Rehabilitation Partners, LLC",69fdef653b208288e0a7a89f,,Insurance Request,active,non_compliant,Block Requirements,true,,,,,,,,,2026-05-27,2026-05-27
"Block Real Estate Services, LLC",6a174c1bbf28cb6a86a73529,69fded1862446148bd848eb9,JP Morgan Chase Bank,69fdef653b208288e0a7a89f,,Insurance Request,active,non_compliant,Block Requirements,true,,,,,,,,,2026-05-27,2026-05-27
"Block Real Estate Services, LLC",6a174c6c24dcd300522256cb,6a174c521814afc0f550857c,"Money N Minutes / Z & H Holding, LLC",69fdef653b208288e0a7a89f,,Insurance Request,active,non_compliant,Block Requirements,true,,,,,,,,,2026-05-27,2026-05-27
"Block Real Estate Services, LLC",6a174c75bf28cb6a86a73720,6a174c5f68ca7e99894e866e,"Party Time Liquor / LEXMI, LLC",69fdef653b208288e0a7a89f,,Insurance Request,active,non_compliant,Block Requirements,true,,,,,,,,,2026-05-27,2026-05-27
"Block Real Estate Services, LLC",6a174f976bce9a8c3c222c44,69fded1b62446148bd848f9a,"510 Counseling Group / Melissa Winston, LLC",69fdef6abf1df2fe969214c6,,Insurance Request,active,non_compliant,Block Requirements,true,,,,,,,,,2026-05-27,2026-05-27
"Block Real Estate Services, LLC",6a174f976bce9a8c3c222c45,69fded1b62446148bd848f9a,"510 Counseling Group / Melissa Winston, LLC",69fdef6abf1df2fe969214c6,,Insurance Request,active,non_compliant,Block Requirements,true,,,,,,,,,2026-05-27,2026-05-27
"Block Real Estate Services, LLC",6a1750f1bf28cb6a86a7e9ce,6a1750d2df078f8120119232,Dr. Julia Loecker Dentistry,69fdef6abf1df2fe969214c6,,Insurance Request,active,non_compliant,Block Requirements,true,,,,,,,,,2026-05-27,2026-05-27
"Block Real Estate Services, LLC",69fdf75c62446148bd855f8c,69fded2462446148bd8492c1,World Acceptance Corporation,69fdf5c2e84e20262bb42483,3rd979,Insurance Request,active,non_compliant,Block Requirements,true,,,,,,,,,2026-05-27,2026-05-27
"Block Real Estate Services, LLC",69fdf75c62446148bd855f8a,69fded1d62446148bd849054,Papa's Partners LLC,69fdf5c2e84e20262bb42483,3rd979,Insurance Request,active,non_compliant,Block Requirements,true,,,,,,,,,2026-05-27,2026-05-27
"Block Real Estate Services, LLC",69fdf75c62446148bd855f87,69fded0d62446148bd848b71,Anthony Vasquez,69fdf5c2e84e20262bb42483,3rd979,Insurance Request,active,non_compliant,Block Requirements,true,,,,,,,,,2026-05-27,2026-05-27
"Block Real Estate Services, LLC",69fdf75c62446148bd855f88,69fded1362446148bd848d24,Dollar Tree #03352,69fdf5c2e84e20262bb42483,3rd979,Insurance Request,active,non_compliant,Block Requirements,true,,,,,,,,,2026-05-27,2026-05-27
"Block Real Estate Services, LLC",6a1705bf2c0af08c023ad892,69fded1a62446148bd848f85,"McShane & Brady, LLC",6a170535da8b4807522414f6,"3rd299 - Delaire KC, LLC - Westport Building - 4006 Central (Office, 2nd floor)",Insurance Request,active,non_compliant,Block Requirements,true,,,,,,,,,2026-05-27,2026-05-27
QTS Data Centers,6a15b733bd30da3db41030ca,69f0f3c5beb6279e947be107,"Structure Tone, LLC",69f10c28beb6279e947be4c9,"DFW1DC4 - QTS Irving DC4, LLC",Insurance Request,active,non_compliant,Standard 10 - UMB 25M,true,,,,,,,,,2026-05-26,2026-05-27
QTS Data Centers,6a15b733bd30da3db41030c7,69f0f3c5beb6279e947be102,Rogers-O-Brien Construction Company Ltd.,69f10c28beb6279e947be4ca,"DFW1DC5 - QTS Irving DC5, LLC",Insurance Request,active,non_compliant,Standard 10 - UMB 25M,true,,,,,,,,,2026-05-26,2026-05-27
QTS Data Centers,6a15b733bd30da3db41030c8,69f0f3c5beb6279e947be102,Rogers-O-Brien Construction Company Ltd.,69f10c28beb6279e947be4cb,"DFW1DC6 - QTS Irving DC6, LLC",Insurance Request,active,non_compliant,Standard 10 - UMB 25M,true,,,,,,,,,2026-05-26,2026-05-27
QTS Data Centers,6a15b733bd30da3db41030c9,69f0f3c5beb6279e947be102,Rogers-O-Brien Construction Company Ltd.,69f10c28beb6279e947be4cc,"DFW2DC3 - QTS Dallas I DC3, LLC",Insurance Request,active,non_compliant,Standard 10 - UMB 25M,true,,,,,,,,,2026-05-26,2026-05-27
QTS Data Centers,6a15b733bd30da3db41030cb,69f0f3c5beb6279e947be111,Whitting-Turner Contracting Company,69f10c28beb6279e947be4ce,"MAN1DC6 - QTS Manassas I DC6, LLC",Insurance Request,active,non_compliant,Standard 10 - UMB 25M,true,,,,,,,,,2026-05-26,2026-05-27
QTS Data Centers,6a15b733bd30da3db41030cc,69f0f3c5beb6279e947be111,Whitting-Turner Contracting Company,69f10c28beb6279e947be4cf,"NAL1DC2 - QTS New Albany I DC2, LLC",Insurance Request,active,non_compliant,Standard 10 - UMB 25M,true,,,,,,,,,2026-05-26,2026-05-27
QTS Data Centers,6a15b733bd30da3db41030e4,69f0f3c4beb6279e947be0e9,"Gray Construction, Inc.",69f10c28beb6279e947be4d0,"NAL2DC1 - QTS New Albany II DC1, LLC",Insurance Request,active,non_compliant,Standard 6,true,,,,,,,,,2026-05-26,2026-05-27
QTS Data Centers,6a15b733bd30da3db41030e5,69f0f3c4beb6279e947be0e9,"Gray Construction, Inc.",69f10c28beb6279e947be4d1,"NAL2DC2 - QTS New Albany II DC2, LLC",Insurance Request,active,non_compliant,Standard 6,true,,,,,,,,,2026-05-26,2026-05-27
QTS Data Centers,6a15b733bd30da3db41030df,69f0f3c5beb6279e947be0ee,"HITT Contracting, Inc.",69f10c28beb6279e947be4d2,"ATL2DC10 - QTS Fayetteville II, DC9-10, LLC",Insurance Request,active,non_compliant,Standard 16,true,,,,,,,,,2026-05-26,2026-05-27
QTS Data Centers,6a15b733bd30da3db41030e8,69f0f3c5beb6279e947be0ee,"HITT Contracting, Inc.",69f10c28beb6279e947be4d3,"ATL2DC2 - QTS Fayetteville I DC1-2, LLC",Insurance Request,active,non_compliant,Standard 7,true,,,,,,,,,2026-05-26,2026-05-27
QTS Data Centers,6a15b733bd30da3db41030c6,69f0f3c4beb6279e947be0e4,Gilbane Building Company,69f10c28beb6279e947be4d6,"CLT1DC1 - QTS York I, LLC",Insurance Request,active,non_compliant,Standard 1 with Drone Liability,true,,,,,,,,,2026-05-26,2026-05-27
QTS Data Centers,6a15b733bd30da3db41030f2,69f0f3c5beb6279e947be0fd,M. A. Mortenson Company,69f10c28beb6279e947be4d7,"CHI1DC1 - QTS Chicago I DC1, LLC",Insurance Request,active,non_compliant,Standard 9,true,,,,,,,,,2026-05-26,2026-05-27
QTS Data Centers,6a15b733bd30da3db41030d4,69f0f3c5beb6279e947be0ee,"HITT Contracting, Inc.",69f10c28beb6279e947be4d8,"MAN1DC4 - QTS Manassas I DC4, LLC",Insurance Request,active,non_compliant,Standard 11,true,,,,,,,,,2026-05-26,2026-05-27
QTS Data Centers,6a15b733bd30da3db41030e0,69f0f3c5beb6279e947be0ee,"HITT Contracting, Inc.",69f10c28beb6279e947be4d9,"ATL2DC5 - QTS Fayetteville I, LLC",Insurance Request,active,non_compliant,Standard 17,true,,,,,,,,,2026-05-26,2026-05-27
QTS Data Centers,6a15b733bd30da3db41030ef,69f0f3c5beb6279e947be0ee,"HITT Contracting, Inc.",69f10c28beb6279e947be4d9,"ATL2DC5 - QTS Fayetteville I, LLC",Insurance Request,active,non_compliant,Standard 7,true,,,,,,,,,2026-05-26,2026-05-27
QTS Data Centers,6a15b733bd30da3db41030eb,69f0f3c5beb6279e947be0ee,"HITT Contracting, Inc.",69f10c28beb6279e947be4db,"RIC3DC2 - QTS Richmond III DC2, LLC",Insurance Request,active,non_compliant,Standard 7,true,,,,,,,,,2026-05-26,2026-05-27
QTS Data Centers,6a15b733bd30da3db41030ec,69f0f3c5beb6279e947be0ee,"HITT Contracting, Inc.",69f10c28beb6279e947be4dc,"RIC3DC3 - QTS Richmond III DC3, LLC",Insurance Request,active,non_compliant,Standard 7,true,,,,,,,,,2026-05-26,2026-05-27
QTS Data Centers,6a15b733bd30da3db41030ce,69f0f3c4beb6279e947be0df,Evans General Contractors LLC,69f10c28beb6279e947be4df,"DEN1DC1 - QTS Aurora, LLC",Insurance Request,active,non_compliant,Standard 10 - UMB 50M,true,,,,,,,,,2026-05-26,2026-05-27
QTS Data Centers,6a15b733bd30da3db41030e3,69f0f3c5beb6279e947be111,Whitting-Turner Contracting Company,69f10c28beb6279e947be4e0,"NAL1DC1 - QTS New Albany I DC1, LLC",Insurance Request,active,non_compliant,Standard 4,true,,,,,,,,,2026-05-26,2026-05-27
QTS Data Centers,6a15b733bd30da3db41030e2,69f0f3c4beb6279e947be0da,"Clayco, Inc.",69f10c28beb6279e947be4e1,"PHX2DC4 - QTS Phoenix II DC4, LLC",Insurance Request,active,non_compliant,Standard 4,true,,,,,,,,,2026-05-26,2026-05-27
QTS Data Centers,6a15b733bd30da3db41030de,69f0f3c4beb6279e947be0da,"Clayco, Inc.",69f10c28beb6279e947be4e2,"ATL2DC9 - QTS Fayetteville II, DC9-10, LLC",Insurance Request,active,non_compliant,Standard 15,true,,,,,,,,,2026-05-26,2026-05-27
QTS Data Centers,6a15b733bd30da3db41030e6,69f0f3c5beb6279e947be0ee,"HITT Contracting, Inc.",69f10c28beb6279e947be4e3,"ASH1DC2 - QTS Investment Properties Ashburn, LLC",Insurance Request,active,non_compliant,Standard 7,true,,,,,,,,,2026-05-26,2026-05-27
QTS Data Centers,6a15b733bd30da3db41030cf,69f0f3c4beb6279e947be0df,Evans General Contractors LLC,69f10c28beb6279e947be4e4,"DEN1DC2 - QTS Aurora I DC2, LLC",Insurance Request,active,non_compliant,Standard 10 - UMB 50M,true,,,,,,,,,2026-05-26,2026-05-27
QTS Data Centers,6a15b733bd30da3db41030cd,69f0f3c4beb6279e947be0df,Evans General Contractors LLC,69f10c28beb6279e947be4e5,"CLT1DC2 - QTS York I, LLC",Insurance Request,active,non_compliant,Standard 10 - UMB 50M,true,,,,,,,,,2026-05-26,2026-05-27
QTS Data Centers,6a15b733bd30da3db41030d5,69f0f3c5beb6279e947be107,"Structure Tone, LLC",69f10c28beb6279e947be4e6,"DFW2DC2 - QTS Dallas I DC2, LLC",Insurance Request,active,non_compliant,Standard 12,true,,,,,,,,,2026-05-26,2026-05-27
QTS Data Centers,6a15b733bd30da3db41030d6,69f0f3c5beb6279e947be107,"Structure Tone, LLC",69f10c28beb6279e947be4e7,"DFW2DC4 - QTS Dallas I DC4, LLC",Insurance Request,active,non_compliant,Standard 12,true,,,,,,,,,2026-05-26,2026-05-27
QTS Data Centers,6a15b733bd30da3db41030e7,69f0f3c5beb6279e947be0ee,"HITT Contracting, Inc.",69f10c28beb6279e947be4e8,"ASH2DC2 - QTS Lockridge DC2, LLC",Insurance Request,active,non_compliant,Standard 7,true,,,,,,,,,2026-05-26,2026-05-27
QTS Data Centers,6a15b733bd30da3db41030db,69f0f3c5beb6279e947be0f8,"Layton Construction Company, LLC",69f10c28beb6279e947be4e9,"SLC1DC1 - QTS Eagle Mountain 1, LLC",Insurance Request,active,non_compliant,Standard 14 with Cyber Liability,true,,,,,,,,,2026-05-26,2026-05-27
QTS Data Centers,6a15b733bd30da3db41030da,69f0f3c4beb6279e947be0d5,Brasfield & Gorrie L.L.C.,69f10c28beb6279e947be4ea,"ATL2DC3 - QTS Fayetteville I, LLC",Insurance Request,active,non_compliant,Standard 14 with Drone Liability,true,,,,,,,,,2026-05-26,2026-05-27
QTS Data Centers,6a15b733bd30da3db41030e9,69f0f3c5beb6279e947be0ee,"HITT Contracting, Inc.",69f10c28beb6279e947be4ec,"MAN1DC5 - QTS Manassas DC-5, LLC",Insurance Request,active,non_compliant,Standard 7,true,,,,,,,,,2026-05-26,2026-05-27
QTS Data Centers,6a15b733bd30da3db41030d2,69f0f3c5beb6279e947be0f8,"Layton Construction Company, LLC",69f10c28beb6279e947be4ed,"PHX3DC2 - QTS Glendale I DC2, LLC",Insurance Request,active,non_compliant,Standard 10 - UMB 50M,true,,,,,,,,,2026-05-26,2026-05-27
QTS Data Centers,6a15b733bd30da3db41030d3,69f0f3c5beb6279e947be0f8,"Layton Construction Company, LLC",69f10c28beb6279e947be4ee,"PHX3DC9 - QTS Glendale I DC9, LLC",Insurance Request,active,non_compliant,Standard 10 - UMB 50M,true,,,,,,,,,2026-05-26,2026-05-27
QTS Data Centers,6a15b733bd30da3db41030dc,69f0f3c5beb6279e947be0f8,"Layton Construction Company, LLC",69f10c28beb6279e947be4ef,"SLC1DC2 - QTS Eagle Mountain 1, LLC",Insurance Request,active,non_compliant,Standard 14 with Cyber Liability,true,,,,,,,,,2026-05-26,2026-05-27
QTS Data Centers,6a15b733bd30da3db41030dd,69f0f3c5beb6279e947be0f8,"Layton Construction Company, LLC",69f10c28beb6279e947be4f0,"SLC1DC3 - QTS Eagle Mountain 1, LLC",Insurance Request,active,non_compliant,Standard 14 with Cyber Liability,true,,,,,,,,,2026-05-26,2026-05-27
QTS Data Centers,6a15b733bd30da3db41030d1,69f0f3c5beb6279e947be0f8,"Layton Construction Company, LLC",69f10c28beb6279e947be4f1,"PHX3DC1 - QTS Glendale I DC1, LLC",Insurance Request,active,non_compliant,Standard 10 - UMB 50M,true,,,,,,,,,2026-05-26,2026-05-27
QTS Data Centers,6a15b733bd30da3db41030f0,69f0f3c5beb6279e947be0f8,"Layton Construction Company, LLC",69f10c28beb6279e947be4f2,"PHX3DC13 - QTS Glendale I DC13, LLC",Insurance Request,active,non_compliant,Standard 8,true,,,,,,,,,2026-05-26,2026-05-27
QTS Data Centers,6a15b733bd30da3db41030f1,69f0f3c5beb6279e947be0f8,"Layton Construction Company, LLC",69f10c28beb6279e947be4f3,"PHX3DC14 - QTS Glendale I DC14, LLC",Insurance Request,active,non_compliant,Standard 8,true,,,,,,,,,2026-05-26,2026-05-27
QTS Data Centers,6a15b733bd30da3db41030d7,69f0f3c5beb6279e947be0f8,"Layton Construction Company, LLC",69f10c28beb6279e947be4f4,"CDR1DC1 - QTS Cedar Rapids I DC1, LLC",Insurance Request,active,non_compliant,Standard 13,true,,,,,,,,,2026-05-26,2026-05-27
QTS Data Centers,6a15b733bd30da3db41030d8,69f0f3c5beb6279e947be0f8,"Layton Construction Company, LLC",69f10c28beb6279e947be4f5,"CDR1DC2 - QTS Cedar Rapids I DC2, LLC",Insurance Request,active,non_compliant,Standard 13,true,,,,,,,,,2026-05-26,2026-05-27
QTS Data Centers,6a15b733bd30da3db41030d9,69f0f3c5beb6279e947be0f8,"Layton Construction Company, LLC",69f10c28beb6279e947be4f6,"CDR1DC3 - QTS Cedar Rapids I DC3, LLC",Insurance Request,active,non_compliant,Standard 13,true,,,,,,,,,2026-05-26,2026-05-27
QTS Data Centers,6a15b733bd30da3db41030ed,69f0f3c5beb6279e947be0ee,"HITT Contracting, Inc.",6a05d6c2b65dbfe9915cfa12,"RIC3DC4 - QTS Richmond III DC4, LLC",Insurance Request,active,non_compliant,Standard 7,true,,,,,,,,,2026-05-26,2026-05-27
QTS Data Centers,6a15b733bd30da3db41030ee,69f0f3c5beb6279e947be0ee,"HITT Contracting, Inc.",6a05d77b8b5928c024a9c975,"RIC3DC5 - QTS Richmond III DC5, LLC",Insurance Request,active,non_compliant,Standard 7,true,,,,,,,,,2026-05-26,2026-05-27
QTS Data Centers,6a15b733bd30da3db41030ea,69f0f3c5beb6279e947be0ee,"HITT Contracting, Inc.",6a071a1ab333109abbeb3dab,"RIC1DC6 - QTS Richmond I DC6, LLC",Insurance Request,active,non_compliant,Standard 7,true,,,,,,,,,2026-05-26,2026-05-27
QTS Data Centers,6a15b733bd30da3db41030e1,69f0f3c5beb6279e947be10c,"Suffolk Construction Company, Inc.",6a071cf97ee88c9e3617f343,"CDR1DC4 - QTS Cedar Rapids I DC4, LLC",Insurance Request,active,non_compliant,Standard 3 with Drone Liability,true,,,,,,,,,2026-05-26,2026-05-27
QTS Data Centers,6a15b733bd30da3db41030f4,69f0f3c5beb6279e947be0f8,"Layton Construction Company, LLC",6a15ab19fd91891a7796b9d0,SLC1DC4 -,Insurance Request,active,non_compliant,Standard (Do Not Use),true,,,,,,,,,2026-05-26,2026-05-27
QTS Data Centers,6a15b733bd30da3db41030f3,69f0f3c4beb6279e947be0e4,Gilbane Building Company,6a15ab64f954928d4d5237e3,CLT1DC4 -,Insurance Request,active,non_compliant,Standard (Do Not Use),true,,,,,,,,,2026-05-26,2026-05-27
QTS Data Centers,6a15b733bd30da3db41030d0,69f0f3c4beb6279e947be0df,Evans General Contractors LLC,6a15ab87c2b6428acbd44c69,DEN1DC3 -,Insurance Request,active,non_compliant,Standard 10 - UMB 50M,true,,,,,,,,,2026-05-26,2026-05-27