client,vendor_id,vendor_name,vendor_type,status,email,contact_name,all_emails,website,additional_notes,address,city,region,country,postal_code,documents_count,non_responsive_since,last_request_sent,external_codes,created_at,updated_at,sync_date
"Block Real Estate Services, LLC",69fded0c62446148bd848af9,"1&1 Internet / IONOS, Inc.",Party,active,e-invoice@1and1.org,,e-invoice@1and1.org; sonia.dolan@epicbrokers.com,,,"100 North 18th Street, Philadelphia, Pennsylvania, 19103",Philadelphia,Pennsylvania,United States,19103,0,,,,2026-05-08,2026-05-28,2026-06-01
"Block Real Estate Services, LLC",69fded0c62446148bd848afc,1248 Holdings LLC,Party,active,accountspayable@12-48.com,,accountspayable@12-48.com,,,"4622 Pennsylvania Avenue, Kansas City, Missouri, 64112",Kansas City,Missouri,United States,64112,0,,,,2026-05-08,2026-05-28,2026-06-01
"Block Real Estate Services, LLC",69fded0c62446148bd848aff,"1-800-Pack Rat, LLC",Party,active,rent@1800packrat.com,,rent@1800packrat.com,,,"11640 Northpark Drive, Wake Forest, North Carolina, 27587",Wake Forest,North Carolina,United States,27587,2,,,,2026-05-08,2026-05-28,2026-06-01
"Block Real Estate Services, LLC",69fded0c62446148bd848b02,24 Hour Check Cashing,Party,active,dave@waldofinancial.com,,dave@waldofinancial.com; ana..ward@agencywestins.com,,,"8437 Wornall Road, Kansas City, Missouri, 64114",Kansas City,Missouri,United States,64114,1,,,,2026-05-08,2026-05-28,2026-06-01
"Block Real Estate Services, LLC",69fded0c62446148bd848b05,"Big Biscuit / 27 Biscuits, LLC",Party,active,linda@bigbiscuit.com,,linda@bigbiscuit.com,,,"5215 West 94th Terrace, Prairie Village, Kansas, 66207",Prairie Village,Kansas,United States,66207,0,,,,2026-05-08,2026-05-28,2026-06-01
"Block Real Estate Services, LLC",69fded0c62446148bd848b08,"Ray's Donuts & Deli / 6tinos, LLC",Party,active,tsciortino55@gmail.com,,tsciortino55@gmail.com,,,"315 Northeast Vivion Road, Kansas City, Missouri, 64118",Kansas City,Missouri,United States,64118,0,,,,2026-05-08,2026-05-28,2026-06-01
"Block Real Estate Services, LLC",69fded0c62446148bd848b0b,717 Office Group LLC,Party,active,larry@criterionlc.com,,larry@criterionlc.com,,,"800 West 47th Street, Kansas City, Missouri, 64112",Kansas City,Missouri,United States,64112,0,,,,2026-05-08,2026-05-28,2026-06-01
"Block Real Estate Services, LLC",69fded0c62446148bd848b0e,A.N.D. Design Studio LLC,Party,active,and.designstudioco@gmail.com,,and.designstudioco@gmail.com,,,"852 Southwest Highland Avenue, Grain Valley, Missouri, 64029",Grain Valley,Missouri,United States,64029,1,,,,2026-05-08,2026-05-28,2026-06-01
"Block Real Estate Services, LLC",69fded0c62446148bd848b14,Academy Bank,Party,active,jroe@academybank.com,,jroe@academybank.com,,,"1111 Main Street, Kansas City, Missouri, 64105",Kansas City,Missouri,United States,64105,0,,,,2026-05-08,2026-05-28,2026-06-01
"Block Real Estate Services, LLC",69fded0c62446148bd848b17,"Pertronix (Aeromotive) / Accelerate Auto Works Intermediate, LLC",Party,active,tallman@pertronix.com,,tallman@pertronix.com,,,"10925 Mill Creek Road, Olathe, Kansas, 66061",Olathe,Kansas,United States,66061,0,,,,2026-05-08,2026-05-28,2026-06-01
"Block Real Estate Services, LLC",69fded0c62446148bd848b1a,Actuarial Resources Corporation of Kansas LLC,Party,active,office.management@arcval.com,,office.management@arcval.com,,,,,,,,0,,,,2026-05-08,2026-05-28,2026-06-01
"Block Real Estate Services, LLC",69fded0c62446148bd848b1d,"Adams Cable Equipment, Inc.",Party,active,jwidman@adamscableequipment.com,,jwidman@adamscableequipment.com,,,"9700 Widmer Road, Lenexa, Kansas, 66215",Lenexa,Kansas,United States,66215,0,,,,2026-05-08,2026-05-28,2026-06-01
"Block Real Estate Services, LLC",69fded0c62446148bd848b20,Adare Pharma Solutions,Party,active,sherry.arnold@adareps.com,,sherry.arnold@adareps.com,,,,,,,,0,,,,2026-05-08,2026-05-28,2026-06-01
"Block Real Estate Services, LLC",69fded0c62446148bd848b23,"ADI (Ademco Distribution, Inc.) / Honeywell International, Inc.",Party,active,Colleen.Paluzzi@adiglobal.com,,Colleen.Paluzzi@adiglobal.com,,,"275 Broadhollow Road, Melville, New York, 11747",Melville,New York,United States,11747,0,,,,2026-05-08,2026-05-28,2026-06-01
"Block Real Estate Services, LLC",69fded0c62446148bd848b26,Advance Stores Co. Inc,Party,active,rent@advance-auto.com,,rent@advance-auto.com; AdvanceStores.CertRequest@Marsh.co,,,"4401 East Truman Road, Kansas City, Missouri, 64127",Kansas City,Missouri,United States,64127,1,,,,2026-05-08,2026-06-01,2026-06-01
"Block Real Estate Services, LLC",69fded0c62446148bd848b29,Advanced Pharmaceuticals LLC,Party,active,jsutton@ahtawellness.com,,jsutton@ahtawellness.com,,,"8071 Flint Street, Lenexa, Kansas, 66214",Lenexa,Kansas,United States,66214,0,,,,2026-05-08,2026-05-28,2026-06-01
"Block Real Estate Services, LLC",69fded0c62446148bd848b2c,Advanced Turf Solutions Inc,Party,active,ap@advancedturf.com,,ap@advancedturf.com; certificate@mjinsurance.com,,,"12955 Ford Drive, Fishers, Indiana, 46038",Fishers,Indiana,United States,46038,0,,,,2026-05-08,2026-05-28,2026-06-01
"Block Real Estate Services, LLC",69fded0c62446148bd848b2f,"Daymon / Advantage Sales & Marketing, LLC",Party,active,daniela.ornelas@youradv.com,,daniela.ornelas@youradv.com; laura.valencia@youradv.com,,,,,,,,0,,,,2026-05-08,2026-05-28,2026-06-01
"Block Real Estate Services, LLC",69fded0c62446148bd848b32,Advocate Construction Inc,Party,active,accounting@advocateconstruction.com,,accounting@advocateconstruction.com,,,"827 North Avenue, Glendale Heights, Illinois, 60139",Glendale Heights,Illinois,United States,60139,0,,,,2026-05-08,2026-05-28,2026-06-01
"Block Real Estate Services, LLC",69fded0d62446148bd848b35,AEE-EMF Inc,Party,active,sharilyn@aircraftelectrical.com,,sharilyn@aircraftelectrical.com,,,"102 Northwest Business Park Lane, Riverside, Missouri, 64150",Riverside,Missouri,United States,64150,2,,,,2026-05-08,2026-05-28,2026-06-01
"Block Real Estate Services, LLC",69fded0d62446148bd848b3b,Agape Montessori School/Pulliam Properties LLC,Party,active,tonypulliam1@gmail.com,,tonypulliam1@gmail.com,,,"16551 West 129th Street, Olathe, Kansas, 66062",Olathe,Kansas,United States,66062,0,,,,2026-05-08,2026-05-28,2026-06-01
"Block Real Estate Services, LLC",69fded0d62446148bd848b3e,AgForce Transport Services / Consolidated Grain and Barge Co.,Party,active,mpreisinger@agforcets.com,,mpreisinger@agforcets.com,,,"5101 College Boulevard, Leawood, Kansas, 66211",Leawood,Kansas,United States,66211,0,,,,2026-05-08,2026-05-28,2026-06-01
"Block Real Estate Services, LLC",69fded0d62446148bd848b41,AGI SureTrack LLC,Party,active,apaccounting@agisuretrack.com,,apaccounting@agisuretrack.com; certificate@epicbrokers.com,,,"8040 Bond Street, Overland Park, Kansas, 66214",Overland Park,Kansas,United States,66214,0,,,,2026-05-08,2026-05-28,2026-06-01
"Block Real Estate Services, LLC",69fded0d62446148bd848b44,All Access Garage Doors,Party,active,allaccessdoorkc@gmail.com,,allaccessdoorkc@gmail.com,,,"Platte City, Missouri, 64079",Platte City,Missouri,United States,64079,0,,,,2026-05-08,2026-05-28,2026-06-01
"Block Real Estate Services, LLC",69fded0d62446148bd848b47,All Copy Products Inc,Party,active,Accountspayable@allcopyproducts.com,,Accountspayable@allcopyproducts.com,,,"1635 West 13th Avenue, Denver, Colorado, 80204",Denver,Colorado,United States,80204,0,,,,2026-05-08,2026-05-28,2026-06-01
"Block Real Estate Services, LLC",69fded0d62446148bd848b4a,Allergy & Asthma Care,Party,active,rtelles@fisergroup.com,,rtelles@fisergroup.com,,,"10787 Nall Avenue, Overland Park, Kansas, 66211",Overland Park,Kansas,United States,66211,0,,,,2026-05-08,2026-05-28,2026-06-01
"Block Real Estate Services, LLC",69fded0d62446148bd848b4d,Allstate Insurance,Party,active,treinhart@allstate.com,,treinhart@allstate.com,,,"12755 South Mur-Len Road, Olathe, Kansas, 66062",Olathe,Kansas,United States,66062,0,,,,2026-05-08,2026-05-28,2026-06-01
"Block Real Estate Services, LLC",69fded0d62446148bd848b50,Allure Hair Studio,Party,active,allurehair08@icloud.com,,allurehair08@icloud.com,,,"18005 East 30th Terrace Court South, Independence, Missouri, 64057",Independence,Missouri,United States,64057,0,,,,2026-05-08,2026-05-28,2026-06-01
"Block Real Estate Services, LLC",69fded0d62446148bd848b53,Altium Healthcare Inc,Party,active,corporate.accounting@altiumpkg.com,,corporate.accounting@altiumpkg.com,,,"Spencer, Tennessee, 38585",Spencer,Tennessee,United States,38585,0,,,,2026-05-08,2026-05-28,2026-06-01
"Block Real Estate Services, LLC",69fded0d62446148bd848b56,"Amazon / Amazon.com Services, LLC (MCI5)",Party,active,NAOPS-Rent@amazon.com,,NAOPS-Rent@amazon.com; certificates@wtwco.com; support@wwam.zendesk.com,,,"410 Terry Avenue North, Seattle, Washington, 98109",Seattle,Washington,United States,98109,0,,,,2026-05-08,2026-05-29,2026-06-01
"Block Real Estate Services, LLC",69fded0d62446148bd848b59,American Residential Services LLC,Party,active,BCrihfield@ars.com,,BCrihfield@ars.com,,,"965 Ridge Lake Boulevard, Memphis, Tennessee, 38120",Memphis,Tennessee,United States,38120,0,,,,2026-05-08,2026-05-28,2026-06-01
"Block Real Estate Services, LLC",69fded0d62446148bd848b5c,American West Worldwide,Party,active,AP@awest.com,,AP@awest.com,,,"51 Zaca Lane, San Luis Obispo, California, 93401",San Luis Obispo,California,United States,93401,0,,,,2026-05-08,2026-05-28,2026-06-01
"Block Real Estate Services, LLC",69fded0d62446148bd848b5f,"Ameriprise Financial / Ameriprise Holdings, Inc.",Party,active,,,certificates@willis.com,,,"Minneapolis, Minnesota, 55485",Minneapolis,Minnesota,United States,55485,0,,,,2026-05-08,2026-05-28,2026-06-01
"Block Real Estate Services, LLC",69fded0d62446148bd848b62,"AMSCO Supply / Flegler Investment Co., Inc.",Party,active,ap@amscosupply.net,,ap@amscosupply.net; scott.leming.gpc7@statefarm.com; leslie@mclemoreinsurance.com,,,"2021 South Lewis Avenue, Tulsa, Oklahoma, 74104",Tulsa,Oklahoma,United States,74104,0,,,,2026-05-08,2026-05-28,2026-06-01
"Block Real Estate Services, LLC",69fded0d62446148bd848b65,Amsted Rail Company Inc,Party,active,rshryock@amstedrail.com,,rshryock@amstedrail.com; certificates@wtwco.com,,,"10902 Strang Line Road, Lenexa, Kansas, 66215",Lenexa,Kansas,United States,66215,1,,,,2026-05-08,2026-05-28,2026-06-01
"Block Real Estate Services, LLC",69fded0d62446148bd848b68,AN Cubed Marketing LLC,Party,active,,,,,,,,,,,0,,,,2026-05-08,2026-05-08,2026-06-01
"Block Real Estate Services, LLC",69fded0d62446148bd848b6b,Anixter Inc,Party,active,anixter@cresa.com,,anixter@cresa.com; Patty.Jordan@hubinternational.com,,,"167 North Green Street, Chicago, Illinois, 60607",Chicago,Illinois,United States,60607,0,,,,2026-05-08,2026-05-28,2026-06-01
"Block Real Estate Services, LLC",69fded0d62446148bd848b6e,Puppy Love Grooming / Anntippia Young,Party,active,littlelambs012@yahoo.com,,littlelambs012@yahoo.com,,,"1454 Southwest Eagles Parkway, Grain Valley, Missouri, 64029",Grain Valley,Missouri,United States,64029,0,,,,2026-05-08,2026-05-28,2026-06-01
"Block Real Estate Services, LLC",69fded0d62446148bd848b71,Anthony Vasquez,Party,active,anthonyvasquez131@gmail.com,,anthonyvasquez131@gmail.com,,,"1312 East North Avenue, Belton, Missouri, 64012",Belton,Missouri,United States,64012,0,,,,2026-05-08,2026-05-28,2026-06-01
"Block Real Estate Services, LLC",69fded0d62446148bd848b74,Anytime Labor-KC Metro,Party,active,leases@labormaxstaffing.com,,leases@labormaxstaffing.com,,,"Kearney, Missouri",Kearney,Missouri,United States,,0,,,,2026-05-08,2026-05-28,2026-06-01
"Block Real Estate Services, LLC",69fded0d62446148bd848b77,"Apex Products, LLC",Party,active,Jim@apexprod.com,,Jim@apexprod.com; trey@thesloanagency.com,,,"8333 Melrose Drive, Lenexa, Kansas, 66214",Lenexa,Kansas,United States,66214,0,,,,2026-05-08,2026-05-28,2026-06-01
"Block Real Estate Services, LLC",69fded0d62446148bd848b7a,"ApexSite Cleaning, LLC",Party,active,laura@apexsitecleaning.com,,laura@apexsitecleaning.com,,,"8542 Grandview Avenue, Overland Park, Kansas, 66212",Overland Park,Kansas,United States,66212,0,,,,2026-05-08,2026-05-28,2026-06-01
"Block Real Estate Services, LLC",69fded0e62446148bd848b7d,"APLOS, Inc.",Party,active,andy@aplos.world,,andy@aplos.world,,,"1042 Catalonia Avenue, Coral Gables, Florida, 33134",Coral Gables,Florida,United States,33134,0,,,,2026-05-08,2026-05-28,2026-06-01
"Block Real Estate Services, LLC",69fded0e62446148bd848b80,"Applebee's Bar & Grill / Apple Central, LLC",Party,active,Darlene.Valentine@issvc.com,,Darlene.Valentine@issvc.com; mrummel@afcbrands.com,,,"170 Mason Street, Greenwich, Connecticut, 06830",Greenwich,Connecticut,United States,06830,0,,,,2026-05-08,2026-05-28,2026-06-01
"Block Real Estate Services, LLC",69fded0e62446148bd848b83,Applied Industrial Technologies Inc,Party,active,realestate@applied.com,,realestate@applied.com; jeanee.sailors@usi.com; tracie.coole@usi.com; christina.mcmahan@usi.com,,,"Cleveland, Ohio",Cleveland,Ohio,United States,,8,,,,2026-05-08,2026-05-28,2026-06-01
"Block Real Estate Services, LLC",69fded0e62446148bd848b86,ARC Physical Therapy Plus,Party,active,ap@arcpt.com,,ap@arcpt.com,,,"1300 West Sam Houston Parkway South, Houston, Texas, 77042",Houston,Texas,United States,77042,0,,,,2026-05-08,2026-05-28,2026-06-01
"Block Real Estate Services, LLC",69fded0e62446148bd848b89,Archway Technology LLC,Party,active,,,,,,,,,,,0,,,,2026-05-08,2026-05-08,2026-06-01
"Block Real Estate Services, LLC",69fded0e62446148bd848b8c,ARJ Infusion Services,Party,active,ARJ.AP@promptcare.net,,ARJ.AP@promptcare.net,,,"7930 Marshall Drive, Lenexa, Kansas, 66214",Lenexa,Kansas,United States,66214,0,,,,2026-05-08,2026-05-28,2026-06-01
"Block Real Estate Services, LLC",69fded0e62446148bd848b8f,Arrowhead Forensics,Party,active,Bri@arrowheadforensics.com,,Bri@arrowheadforensics.com; bbeggs@crownmedrealty.com,,,"11006 Strang Line Road, Lenexa, Kansas, 66215",Lenexa,Kansas,United States,66215,0,,,,2026-05-08,2026-05-28,2026-06-01
"Block Real Estate Services, LLC",69fded0e62446148bd848b92,Arthur J Gallagher Risk Management Services Inc,Party,active,AJG.AMER@cushwake.com,,AJG.AMER@cushwake.com; certrequests@ajg.com,,,,,,,,1,,,,2026-05-08,2026-05-28,2026-06-01
"Block Real Estate Services, LLC",69fded0e62446148bd848b95,Ashley Nelson Studios,Party,active,ashleynelsonstudios@gmail.com,,ashleynelsonstudios@gmail.com,,,"7606 West 86th Street, Overland Park, Kansas, 66212",Overland Park,Kansas,United States,66212,0,,,,2026-05-08,2026-05-28,2026-06-01
"Block Real Estate Services, LLC",69fded0e62446148bd848b98,Aspen Properties Group,Party,active,accounting@aspenprop.com,,accounting@aspenprop.com,,,,,,,,0,,,,2026-05-08,2026-05-28,2026-06-01
"Block Real Estate Services, LLC",69fded0e62446148bd848b9b,Aspire Wealth Management LLC,Party,active,toddschick@aspirewealthmgt.com,,toddschick@aspirewealthmgt.com,,,"7400 West 130th Street, Overland Park, Kansas, 66213",Overland Park,Kansas,United States,66213,0,,,,2026-05-08,2026-05-28,2026-06-01
"Block Real Estate Services, LLC",69fded0e62446148bd848b9e,Astro Ventures,Party,active,,,,,,"17331 East 40th Terrace South, Independence, Missouri, 64055",Independence,Missouri,United States,64055,0,,,,2026-05-08,2026-05-08,2026-06-01
"Block Real Estate Services, LLC",69fded0e62446148bd848ba1,Asurion LLC,Party,active,meghana.pandit@asurion.com,,meghana.pandit@asurion.com,,,"648 Grassmere Park, Nashville, Tennessee, 37211",Nashville,Tennessee,United States,37211,0,,,,2026-05-08,2026-05-28,2026-06-01
"Block Real Estate Services, LLC",69fded0e62446148bd848ba4,Asurion UBIF,Party,active,Eunice.Kwarteng@asurion.com,,Eunice.Kwarteng@asurion.com,,,,,,,,0,,,,2026-05-08,2026-05-28,2026-06-01
"Block Real Estate Services, LLC",69fded0e62446148bd848ba7,"Athletico Physical Therapy / Athletico Management, LLC",Party,active,athletico@swearingen.com,,athletico@swearingen.com; rent@athletico.com; mrogers@connerstrong.com,,,"6055 Primacy Parkway, Memphis, Tennessee, 38119",Memphis,Tennessee,United States,38119,0,,,,2026-05-08,2026-05-28,2026-06-01
"Block Real Estate Services, LLC",69fded0e62446148bd848baa,Auction Merchandise of KC,Party,active,brad@adafundraising.com,,brad@adafundraising.com,,,"7150 Southeast Rhodus Road, Lawson, Missouri, 64062",Lawson,Missouri,United States,64062,0,,,,2026-05-08,2026-05-28,2026-06-01
"Block Real Estate Services, LLC",69fded0e62446148bd848bad,Recognition Plus Audio Video Graphics,Party,active,greg@rpawards.com,,greg@rpawards.com,,,"17501 East 40th Street, Independence, Missouri, 64055",Independence,Missouri,United States,64055,0,,,,2026-05-08,2026-05-28,2026-06-01
"Block Real Estate Services, LLC",69fded0e62446148bd848bb0,AVI-SPL LLC,Party,active,ivan.caggino@avispl.com,,ivan.caggino@avispl.com,,,,,,,,1,,,,2026-05-08,2026-05-28,2026-06-01
"Block Real Estate Services, LLC",69fded0e62446148bd848bb3,Axiom Strategies LLC,Party,active,accounting@garrisonmanagementgroup.com,,accounting@garrisonmanagementgroup.com,,,"800 West 47th Street, Kansas City, Missouri, 64112",Kansas City,Missouri,United States,64112,0,,,,2026-05-08,2026-05-28,2026-06-01
"Block Real Estate Services, LLC",69fded0e62446148bd848bb6,AXIS Capital / AXIS Reinsurance Company,Party,active,axisspecialty_invoice@concursolutions.com,,axisspecialty_invoice@concursolutions.com; certificate@epicbrokers.com,,,,,,,,0,,,,2026-05-08,2026-05-28,2026-06-01
"Block Real Estate Services, LLC",69fded0e62446148bd848bb9,"Pet Supplies Plus / B&B Pet Products, LLC",Party,active,armstrongmcm@yahoo.com,,armstrongmcm@yahoo.com,,,"770 West Bedford Euless Road, Hurst, Texas, 76053",Hurst,Texas,United States,76053,0,,,,2026-05-08,2026-05-28,2026-06-01
"Block Real Estate Services, LLC",69fded0e62446148bd848bbc,Bachelor Controls Inc,Party,active,accounting@bachelorcontrols.com,,accounting@bachelorcontrols.com; jforbes@ecbm.com; royfrey@kansasins.com,,,"123 North Washington Street, Sabetha, Kansas, 66534",Sabetha,Kansas,United States,66534,0,,,,2026-05-08,2026-05-28,2026-06-01
"Block Real Estate Services, LLC",69fded0e62446148bd848bbf,Baking With A Bass / Kayla Bass,Party,active,Bakingwithabass@gmail.com,,Bakingwithabass@gmail.com,,,"1428 Southwest Eagles Parkway, Grain Valley, Missouri, 64029",Grain Valley,Missouri,United States,64029,0,,,,2026-05-08,2026-05-28,2026-06-01
"Block Real Estate Services, LLC",69fded0e62446148bd848bc2,Bank of America,Party,active,BAC.AdminDocs@am.jll.com,,BAC.AdminDocs@am.jll.com,,,"525 North Tryon Street, Charlotte, North Carolina, 28202",Charlotte,North Carolina,United States,28202,0,,,,2026-05-08,2026-05-28,2026-06-01
"Block Real Estate Services, LLC",69fded0e62446148bd848bc5,Bankers Life and Casualty Company,Party,active,p.cardona@banklife.com,,p.cardona@banklife.com,,,"111 East Wacker Drive, Chicago, Illinois, 60601",Chicago,Illinois,United States,60601,0,,,,2026-05-08,2026-05-28,2026-06-01
"Block Real Estate Services, LLC",69fded0f62446148bd848bcb,"Banner Logistics, Inc",Party,active,rtaylor@bannerlogistics.com,,rtaylor@bannerlogistics.com; marlena@tollieinsurance.com,,,"1600 Vernon Street, North Kansas City, Missouri, 64116",North Kansas City,Missouri,United States,64116,0,,,,2026-05-08,2026-05-28,2026-06-01
"Block Real Estate Services, LLC",69fded0f62446148bd848bce,"Saturday Morning Bazaar / Bazaar Collectibles, LLC",Party,active,taninra@gmail.com,,taninra@gmail.com,,,"8600 East 55th Street, Kansas City, Missouri, 64129",Kansas City,Missouri,United States,64129,0,,,,2026-05-08,2026-05-28,2026-06-01
"Block Real Estate Services, LLC",69fded0f62446148bd848bd1,BB Holdings MO LLC,Party,active,finance@dutchbros.com,,finance@dutchbros.com,,,"1930 West Rio Salado Parkway, Tempe, Arizona, 85281",Tempe,Arizona,United States,85281,0,,,,2026-05-08,2026-05-28,2026-06-01
"Block Real Estate Services, LLC",69fded0f62446148bd848bd4,Costa Vida Fresh Mexican Grill / BB Magical Fruit,Party,active,Rick.blackham@gmail.com,,Rick.blackham@gmail.com,,,"SE M 291 Hwy, Lee's Summit, Missouri, 64082",Lee's Summit,Missouri,United States,64082,0,,,,2026-05-08,2026-05-28,2026-06-01
"Block Real Estate Services, LLC",69fded0f62446148bd848bd7,BDM Inc,Party,active,BDMAccounting@bdm-america.com,,BDMAccounting@bdm-america.com; denise.kordes@assuredpartners.com; info@srains.com,,,"246 Northwest Plaza Drive, Riverside, Missouri, 64150",Riverside,Missouri,United States,64150,0,,,,2026-05-08,2026-05-28,2026-06-01
"Block Real Estate Services, LLC",69fded0f62446148bd848bda,Bella's Italian Restaurant Inc,Party,active,Adhurimveliu@hotmail.com,,Adhurimveliu@hotmail.com,,,"617 Southeast Battery Drive, Lee's Summit, Missouri, 64063",Lee's Summit,Missouri,United States,64063,0,,,,2026-05-08,2026-05-28,2026-06-01
"Block Real Estate Services, LLC",69fded0f62446148bd848bdd,"Pepper Jax Grill / Belton North Cass, LLC",Party,active,accounting@pepperjax.com,,accounting@pepperjax.com,,,,,,,,0,,,,2026-05-08,2026-05-28,2026-06-01
"Block Real Estate Services, LLC",69fded0f62446148bd848be0,Beltone Hearing Aid Center,Party,active,cmaloney@midwestbeltone.com,,cmaloney@midwestbeltone.com,,,"1415 West Highway 50, O'Fallon, Illinois, 62269",O'Fallon,Illinois,United States,62269,0,,,,2026-05-08,2026-05-28,2026-06-01
"Block Real Estate Services, LLC",69fded0f62446148bd848be3,"Best Wash Laundromats / Best Wash Holdings, LLC",Party,active,tom.ohara@bestwashlaundromats.com,,tom.ohara@bestwashlaundromats.com,,,"3600 North Lindbergh Boulevard, Saint Ann, Missouri, 63074",Saint Ann,Missouri,United States,63074,0,,,,2026-05-08,2026-05-28,2026-06-01
"Block Real Estate Services, LLC",69fded0f62446148bd848bec,Sarpino's / BHPS Restaurant Group LLC,Party,active,aporter@gosarpinos.com,,aporter@gosarpinos.com; dgarcia@inszoneins.com; .faccurso@summitinsurancegroup.com; certs@inszoneins.com,,,,,,,,0,,,,2026-05-08,2026-05-28,2026-06-01
"Block Real Estate Services, LLC",69fded0f62446148bd848bef,Biomune Company,Party,active,tracey.bailes@ceva.com,,tracey.bailes@ceva.com,,,"8735 Rosehill Road, Lenexa, Kansas, 66215",Lenexa,Kansas,United States,66215,0,,,,2026-05-08,2026-05-28,2026-06-01
"Block Real Estate Services, LLC",69fded0f62446148bd848bf2,Bird Dog Shaved Ice (Vacant but still leasing),Party,active,birddogshavedice@gmail.com,,birddogshavedice@gmail.com,,,"1400 Southwest Eagles Parkway, Grain Valley, Missouri, 64029",Grain Valley,Missouri,United States,64029,0,,,,2026-05-08,2026-05-28,2026-06-01
"Block Real Estate Services, LLC",69fded0f62446148bd848bf8,Block Multi-Family Group,Party,active,bmgap@blockmultifamily.com,,bmgap@blockmultifamily.com,,,,,,,,0,,,,2026-05-08,2026-05-28,2026-06-01
"Block Real Estate Services, LLC",69fded0f62446148bd848bfb,"Block Real Estate Services, LLC / Block Partners, LLC",Party,active,dchadwick@blockllc.com,,dchadwick@blockllc.com,,,,,,,,0,,,,2026-05-08,2026-05-28,2026-06-01
"Block Real Estate Services, LLC",69fded0f62446148bd848c01,BluSky Restoration Contractors LLC,Party,active,angie.boswell@goblusky.com,,angie.boswell@goblusky.com,,,,,,,,0,,,,2026-05-08,2026-05-28,2026-06-01
"Block Real Estate Services, LLC",69fded0f62446148bd848c04,"BluSky Salon Suites, Inc.",Party,active,diana.cheatham@aol.com,,diana.cheatham@aol.com,,,"29621 Ashmore Way, Spring Hill, Kansas, 66083",Spring Hill,Kansas,United States,66083,0,,,,2026-05-08,2026-05-28,2026-06-01
"Block Real Estate Services, LLC",69fded0f62446148bd848c07,"BMO Harris Commercial Banking / BMO Harris Bank, NA",Party,active,Procurement.propertyadminUS@bmo.com,,Procurement.propertyadminUS@bmo.com,,,"111 West Monroe Street, Chicago, Illinois, 60603",Chicago,Illinois,United States,60603,0,,,,2026-05-08,2026-05-28,2026-06-01
"Block Real Estate Services, LLC",69fded0f62446148bd848c0a,"AKKA Karate USA / BMS Fitnes Solutions, Inc. (AKKA Olathe Martial Arts)",Party,active,akkaolathe@gmail.com,,akkaolathe@gmail.com,,,"15601 West 125th Terrace, Olathe, Kansas, 66062",Olathe,Kansas,United States,66062,0,,,,2026-05-08,2026-05-28,2026-06-01
"Block Real Estate Services, LLC",69fded0f62446148bd848c0d,Bode Cellmark Forensics Inc,Party,active,AP@bodetech.com,,AP@bodetech.com,,,"10430 Furnace Road, Lorton, Virginia, 22079",Lorton,Virginia,United States,22079,0,,,,2026-05-08,2026-05-28,2026-06-01
"Block Real Estate Services, LLC",69fded0f62446148bd848c10,"Body Contour Centers, LLC",Party,active,sonobello@mbgconsulting.com,,sonobello@mbgconsulting.com; tedh@hentschell.com; brittnee.webb@usi.com; deb.schluckebier@usi.com; MihirPatel@ajg.com; desiree.cenker@usi.com,,,"980 North Michigan Avenue, Chicago, Illinois, 60611",Chicago,Illinois,United States,60611,3,,,,2026-05-08,2026-05-28,2026-06-01
"Block Real Estate Services, LLC",69fded0f62446148bd848c13,"Celebrate Dental & Braces / Brave, LLC",Party,active,rattmussell@gmail.com,,rattmussell@gmail.com,,,"319 Northeast Vivion Road, Kansas City, Missouri, 64118",Kansas City,Missouri,United States,64118,0,,,,2026-05-08,2026-05-28,2026-06-01
"Block Real Estate Services, LLC",69fded0f62446148bd848c19,"Kitchen and Bath by Briggs / Briggs, Inc.",Party,active,accountspayable@briggsinc.com,,accountspayable@briggsinc.com,,,,,,,,0,,,,2026-05-08,2026-05-28,2026-06-01
"Block Real Estate Services, LLC",69fded1062446148bd848c1c,Brown & Root Industrial Services LLC,Party,active,ap.invoices@brownandroot.com,,ap.invoices@brownandroot.com; ashley_kennard@ajg.com,,,"4171 Essen Lane, Baton Rouge, Louisiana, 70809",Baton Rouge,Louisiana,United States,70809,0,,,,2026-05-08,2026-05-28,2026-06-01
"Block Real Estate Services, LLC",69fded1062446148bd848c1f,The Professional Group / Bryan Torez,Party,active,batorez@yahoo.com,,batorez@yahoo.com; sydney@insurancekcmetro.com,,,"8131 Parallel Parkway, Kansas City, Kansas, 66112",Kansas City,Kansas,United States,66112,1,,,,2026-05-08,2026-05-28,2026-06-01
"Block Real Estate Services, LLC",69fded1062446148bd848c22,Bryght Labs,Party,active,wigh@bryghtlabs.com,,wigh@bryghtlabs.com,,,"11069 Strang Line Road, Lenexa, Kansas, 66215",Lenexa,Kansas,United States,66215,0,,,,2026-05-08,2026-05-28,2026-06-01
"Block Real Estate Services, LLC",69fded1062446148bd848c25,"Buckeye International, Inc",Party,active,dwildt@buckeyeinternational.com,,dwildt@buckeyeinternational.com; Dana.Wolfe@MarshMMA.com; mary.williams@marshmma.com,,,"2700 Wagner Place, Maryland Heights, Missouri, 63043",Maryland Heights,Missouri,United States,63043,0,,,,2026-05-08,2026-05-28,2026-06-01
"Block Real Estate Services, LLC",69fded1062446148bd848c28,Builder Direct LLC,Party,active,builderdirectkc@gmail.com,,builderdirectkc@gmail.com,,,"13215 Logan Lane, Lenexa, Kansas, 66215",Lenexa,Kansas,United States,66215,0,,,,2026-05-08,2026-05-28,2026-06-01
"Block Real Estate Services, LLC",69fded1062446148bd848c2b,Bunzl Distribution Inc,Party,active,Amy.west@bunzlusa.com,,Amy.west@bunzlusa.com,,,"Creve Coeur, Missouri, 63141",Creve Coeur,Missouri,United States,63141,0,,,,2026-05-08,2026-05-28,2026-06-01
"Block Real Estate Services, LLC",69fded1062446148bd848c2e,BUNZL,Party,active,,,lora_redford@ajg.com,,,"5710 Northwest 41st Street, Riverside, Missouri, 64150",Riverside,Missouri,United States,64150,0,,,,2026-05-08,2026-05-28,2026-06-01
"Block Real Estate Services, LLC",69fded1062446148bd848c31,Burlis Lawson Group Inc,Party,active,jay@burlislawson.com,,jay@burlislawson.com,,,,,,,,1,,,,2026-05-08,2026-05-28,2026-06-01
"Block Real Estate Services, LLC",69fded1062446148bd848c37,Butler Suppy Inc,Party,active,sdevore@butlersupply.com,,sdevore@butlersupply.com; Knixon@gregoryappel.com,,,,,,,,1,,,,2026-05-08,2026-05-28,2026-06-01
"Block Real Estate Services, LLC",69fded1062446148bd848c3a,BWI Companies Inc,Party,active,jenniferglass@bwicompanies.com,,jenniferglass@bwicompanies.com; jfreeman@fwoins.com,,,,,,,,0,,,,2026-05-08,2026-05-28,2026-06-01
"Block Real Estate Services, LLC",69fded1062446148bd848c3d,"Corbion / Caravan Ingredients, Inc.",Party,active,melissa.carbaugh@corbion.com,,melissa.carbaugh@corbion.com,,,"8250 Flint Street, Lenexa, Kansas, 66214",Lenexa,Kansas,United States,66214,4,,,,2026-05-08,2026-05-28,2026-06-01
"Block Real Estate Services, LLC",69fded1062446148bd848c40,Carondelet Orthopaedic Surgeons PC,Party,active,accountspayable@KCOI.com,,accountspayable@KCOI.com,,,"10777 Nall Avenue, Overland Park, Kansas, 66211",Overland Park,Kansas,United States,66211,0,,,,2026-05-08,2026-05-28,2026-06-01
"Block Real Estate Services, LLC",69fded1062446148bd848c43,Carrier Corporation,Party,active,carrierleasepay@cushwake.com,,carrierleasepay@cushwake.com; Carrier.certrequest@Marsh.com,,,,,,,,0,,,,2026-05-08,2026-05-28,2026-06-01
"Block Real Estate Services, LLC",69fded1062446148bd848c46,Carstar Riverside,Party,active,carstarriverside@carstarusa.com,,carstarriverside@carstarusa.com,,,"4104-4110 Northwest Riverside Street, Riverside, Missouri, 64150",Riverside,Missouri,United States,64150,0,,,,2026-05-08,2026-05-28,2026-06-01
"Block Real Estate Services, LLC",69fded1062446148bd848c49,Cass County Public Library,Party,active,finance@casscolibrary.org,,finance@casscolibrary.org,,,"400 East Mechanic Street, Harrisonville, Missouri, 64701",Harrisonville,Missouri,United States,64701,0,,,,2026-05-08,2026-05-28,2026-06-01
"Block Real Estate Services, LLC",69fded1062446148bd848c4f,CBD American Shaman LLC,Party,active,ap@cbdamericanshaman.com,,ap@cbdamericanshaman.com,,,"1501 Iron Street, Kansas City, Missouri, 64116",Kansas City,Missouri,United States,64116,0,,,,2026-05-08,2026-05-31,2026-06-01
"Block Real Estate Services, LLC",69fded1062446148bd848c52,"Sunflower Health Plan / Centene Management Company, LLC",Party,active,centeneinvoices@cushwake.com,,centeneinvoices@cushwake.com,,,"8325 Lenexa Drive, Overland Park, Kansas, 66214",Overland Park,Kansas,United States,66214,1,,,,2026-05-08,2026-05-28,2026-06-01
"Block Real Estate Services, LLC",69fded1062446148bd848c55,Central Power Systems & Services LLC,Party,active,Lori.Gartner@cpower.com,,Lori.Gartner@cpower.com; dannap@thesloanagency.com,,,,,,,,0,,,,2026-05-08,2026-05-28,2026-06-01
"Block Real Estate Services, LLC",69fded1062446148bd848c58,"The Retirement Planning Group / Cetera Financial Group, Inc.",Party,active,kayla@planningretirements.com,,kayla@planningretirements.com,,,,,,,,0,,,,2026-05-08,2026-05-28,2026-06-01
"Block Real Estate Services, LLC",69fded1062446148bd848c5b,"Challenger Sports, Inc.",Party,active,cfranchett@challengerteamwear.com,,cfranchett@challengerteamwear.com; carriem@twinlakesins.com,,,,,,,,3,,,,2026-05-08,2026-05-29,2026-06-01
"Block Real Estate Services, LLC",69fded1062446148bd848c5e,Champion Supply Company LLC,Party,active,jaiminp@championok.com,,jaiminp@championok.com; brad@berrongins.com,,,"5201 Southwest 36th Street, Oklahoma City, Oklahoma, 73179",Oklahoma City,Oklahoma,United States,73179,1,,,,2026-05-08,2026-05-28,2026-06-01
"Block Real Estate Services, LLC",69fded1062446148bd848c61,Charles D Jones Company,Party,active,michelle@cdjones.com,,michelle@cdjones.com,,,"4400 Northwest 41st Street, Riverside, Missouri, 64150",Riverside,Missouri,United States,64150,0,,,,2026-05-08,2026-05-28,2026-06-01
"Block Real Estate Services, LLC",69fded1062446148bd848c67,Check Into Cash,Party,active,slambert@ccfi.com,,slambert@ccfi.com,,,,,,,,0,,,,2026-05-08,2026-05-28,2026-06-01
"Block Real Estate Services, LLC",69fded1062446148bd848c6a,Cherish The Furs LLC,Party,active,cherishthequeen@yahoo.com,,cherishthequeen@yahoo.com,,,"3416 West 144th Street, Overland Park, Kansas, 66224",Overland Park,Kansas,United States,66224,0,,,,2026-05-08,2026-05-28,2026-06-01
"Block Real Estate Services, LLC",69fded1162446148bd848c6d,"Chin Asian Restaurant, LLC",Party,active,harrylian1212@gmail.com,,harrylian1212@gmail.com,,,,,,,,0,,,,2026-05-08,2026-05-28,2026-06-01
"Block Real Estate Services, LLC",69fded1162446148bd848c70,Chipotle Mexican Grill,Party,active,carla.bright@chipotle.com,,carla.bright@chipotle.com,,,,,,,,0,,,,2026-05-08,2026-05-28,2026-06-01
"Block Real Estate Services, LLC",69fded1162446148bd848c73,Triple Black Tattoo / Chris Keegan,Party,active,chriskeegan816@yahoo.com,,chriskeegan816@yahoo.com,,,"401 East 117th Street, Kansas City, Missouri, 64131",Kansas City,Missouri,United States,64131,0,,,,2026-05-08,2026-05-28,2026-06-01
"Block Real Estate Services, LLC",69fded1162446148bd848c76,"Chrysalis Center, LLC",Party,active,miesse@sbcglobal.net,,miesse@sbcglobal.net,,,"9500 East 63rd Street, Raytown, Missouri, 64133",Raytown,Missouri,United States,64133,0,,,,2026-05-08,2026-05-28,2026-06-01
"Block Real Estate Services, LLC",69fded1162446148bd848c79,CigaWatt LLC,Party,active,catherine@cigawatt.com,,catherine@cigawatt.com,,,"1420 Southwest Eagles Parkway, Grain Valley, Missouri, 64029",Grain Valley,Missouri,United States,64029,0,,,,2026-05-08,2026-05-28,2026-06-01
"Block Real Estate Services, LLC",69fded1162446148bd848c7f,CJ Industries LLC,Party,active,mindy@cjikc.com,,mindy@cjikc.com,,,"610 South 78 Street, Kansas City, Kansas, 66111",Kansas City,Kansas,United States,66111,0,,,,2026-05-08,2026-05-28,2026-06-01
"Block Real Estate Services, LLC",69fded1162446148bd848c82,Clarivate Analytics LLC,Party,active,clarivate@nationalleaseadvisors.com,,clarivate@nationalleaseadvisors.com,,,,,,,,0,,,,2026-05-08,2026-05-28,2026-06-01
"Block Real Estate Services, LLC",69fded1162446148bd848c85,ClassOneModelWorks.com LLC,Party,active,brad.voth@classonemodelworks.com,,brad.voth@classonemodelworks.com; bmccullough@jenkinsandjames.com,,,"6130 Northwest Hickory Place, Parkville, Missouri, 64152",Parkville,Missouri,United States,64152,0,,,,2026-05-08,2026-05-28,2026-06-01
"Block Real Estate Services, LLC",69fded1162446148bd848c88,Clopay Building Products,Party,active,accountspayable@clopay.com,,accountspayable@clopay.com; certificates@wtwco.com,,,"8585 Duke Boulevard, Mason, Ohio, 45040",Mason,Ohio,United States,45040,1,,,,2026-05-08,2026-05-28,2026-06-01
"Block Real Estate Services, LLC",69fded1162446148bd848c8b,CNR Construction KC LLC,Party,active,Accounting@cnr.construction,,Accounting@cnr.construction; service@eainsure.com,,,,,,,,0,,,,2026-05-08,2026-05-28,2026-06-01
"Block Real Estate Services, LLC",69fded1162446148bd848c8e,Coffel Construction LLC,Party,active,kccoffelconstruction@gmail.com,,kccoffelconstruction@gmail.com,,,"9500 East 63rd Street, Raytown, Missouri, 64133",Raytown,Missouri,United States,64133,0,,,,2026-05-08,2026-05-28,2026-06-01
"Block Real Estate Services, LLC",69fded1162446148bd848c91,CMA / Colarelli Meyer & Associates,Party,active,mobrien@cmaconsult.com,,mobrien@cmaconsult.com; ADPTotalSource@marsh.com,,,,,,,,1,,,,2026-05-08,2026-05-28,2026-06-01
"Block Real Estate Services, LLC",69fded1162446148bd848c94,"College Park Endoscopy Center, LLC",Party,active,CPKE.AP@hcahealthcare.com,,CPKE.AP@hcahealthcare.com,,,,,,,,2,,,,2026-05-08,2026-05-28,2026-06-01
"Block Real Estate Services, LLC",69fded1162446148bd848c97,"Commercial Industrial Supply, LLC",Party,active,admin@ciscokc.com,,admin@ciscokc.com; CLIENTCONTACTCENTER@FEDINS.COM,,,"112 Northwest Business Park Lane, Riverside, Missouri, 64150",Riverside,Missouri,United States,64150,1,,,,2026-05-08,2026-05-28,2026-06-01
"Block Real Estate Services, LLC",69fded1162446148bd848c9a,Companion Protect Agency,Party,active,klowery@companionprotect.com,,klowery@companionprotect.com,,,,,,,,0,,,,2026-05-08,2026-05-28,2026-06-01
"Block Real Estate Services, LLC",69fded1162446148bd848c9d,Concrete Strategies LLC,Party,active,clayco.cla@cresa.com,,clayco.cla@cresa.com,,,"167 North Green Street, Chicago, Illinois, 60607",Chicago,Illinois,United States,60607,0,,,,2026-05-08,2026-05-28,2026-06-01
"Block Real Estate Services, LLC",69fded1162446148bd848ca0,Consolidated Supply Co,Party,active,CJanicek@CKFCO.COM,,CJanicek@CKFCO.COM,,,"10325 J Street, Omaha, Nebraska, 68127",Omaha,Nebraska,United States,68127,0,,,,2026-05-08,2026-05-28,2026-06-01
"Block Real Estate Services, LLC",69fded1162446148bd848ca3,Converge LLC,Party,active,molly@mollysaunders.com,,molly@mollysaunders.com,,,"8405 Pflumm Circle, Lenexa, Kansas, 66215",Lenexa,Kansas,United States,66215,0,,,,2026-05-08,2026-05-28,2026-06-01
"Block Real Estate Services, LLC",69fded1162446148bd848ca6,Convergint Technologies LLC,Party,active,adrienne.zaucha@convergint.com,,adrienne.zaucha@convergint.com,,,"8345 Lenexa Drive, Lenexa, Kansas, 66214",Lenexa,Kansas,United States,66214,0,,,,2026-05-08,2026-05-28,2026-06-01
"Block Real Estate Services, LLC",69fded1162446148bd848ca9,Core Adventures LLC,Party,active,elizabeth@bigredm.com,,elizabeth@bigredm.com; Kim.Kellogg@ChooseMylo.com,,,,,,,,2,,,,2026-05-08,2026-05-28,2026-06-01
"Block Real Estate Services, LLC",69fded1162446148bd848cac,CORE Cashless LLC,Party,active,ap.corecashless@valsoftcorp.com,,ap.corecashless@valsoftcorp.com,,,,,,,,0,,,,2026-05-08,2026-05-28,2026-06-01
"Block Real Estate Services, LLC",69fded1162446148bd848caf,Cornerstones Barbershop LLC,Party,active,cornerstones.bbs@gmail.com,,cornerstones.bbs@gmail.com,,,,,,,,0,,,,2026-05-08,2026-05-28,2026-06-01
"Block Real Estate Services, LLC",69fded1162446148bd848cb2,Corporate Flooring Inc,Party,active,blakeley@corporateflooring.net,,blakeley@corporateflooring.net,,,,,,,,0,,,,2026-05-08,2026-05-28,2026-06-01
"Block Real Estate Services, LLC",69fded1162446148bd848cb5,Cort Furniture Rental / Cort Business Services Corporation,Party,active,CORT.cla@cresa.com,,CORT.cla@cresa.com,,,"167 North Green Street, Chicago, Illinois, 60607",Chicago,Illinois,United States,60607,0,,,,2026-05-08,2026-05-28,2026-06-01
"Block Real Estate Services, LLC",69fded1162446148bd848cb8,CorVel Healthcare Corporation,Party,active,dan_ingalsbe@corvel.com,,dan_ingalsbe@corvel.com,,,"11101 Switzer Road, Overland Park, Kansas, 66210",Overland Park,Kansas,United States,66210,0,,,,2026-05-08,2026-05-28,2026-06-01
"Block Real Estate Services, LLC",69fded1162446148bd848cbb,"Cosentino, Group, Inc. / Associated Wholesale Grocers, Inc.",Party,active,kylie_stock@cosentinos.com,,kylie_stock@cosentinos.com,,,"13180 Metcalf Avenue, Overland Park, Kansas, 66213",Overland Park,Kansas,United States,66213,0,,,,2026-05-08,2026-05-28,2026-06-01
"Block Real Estate Services, LLC",69fded1162446148bd848cbe,Costco-Innovel Properties LLC,Party,active,reaccounting@costco.com,,reaccounting@costco.com,,,"3333 Beverly Road, Hoffman Estates, Illinois, 60179",Hoffman Estates,Illinois,United States,60179,0,,,,2026-05-08,2026-05-28,2026-06-01
"Block Real Estate Services, LLC",69fded1262446148bd848cc1,"Covisian CTX, LLC (fka RGMI Consultant / Centrinex, LLC)",Party,active,karind@centrinex.com,,karind@centrinex.com,,,,,,,,0,,,,2026-05-08,2026-05-28,2026-06-01
"Block Real Estate Services, LLC",69fded1262446148bd848cc4,"Ameriprise Financial Services, LLC / Respective Wealth / Schenck, Thompson & Associates, LLC (fka Creative Collaboration)",Party,active,gregory.d.metz@ampf.com,,gregory.d.metz@ampf.com,,,,,,,,0,,,,2026-05-08,2026-05-28,2026-06-01
"Block Real Estate Services, LLC",69fded1262446148bd848cc7,Creative Consumer Concepts Inc,Party,active,AP@c3mail.com,,AP@c3mail.com,,,"Kansas, 66207",,Kansas,United States,66207,0,,,,2026-05-08,2026-05-28,2026-06-01
"Block Real Estate Services, LLC",69fded1262446148bd848cca,"Crescent Electric Supply Company, Inc.",Party,active,APCORP@cesco.com,,APCORP@cesco.com,,,,,,,,0,,,,2026-05-08,2026-05-28,2026-06-01
"Block Real Estate Services, LLC",69fded1262446148bd848ccd,Crescent Springs Healing Center,Party,active,crescentsprings@gmail.com,,crescentsprings@gmail.com,,,,,,,,0,,,,2026-05-08,2026-05-28,2026-06-01
"Block Real Estate Services, LLC",69fded1262446148bd848cd0,Crossroads Courier Inc,Party,active,accounting@crossroadscourier.com,,accounting@crossroadscourier.com; jessica_wujkowski@ajg.com; certrequests@ajg.com; Courtney_Raimo@ajg.com; sarah.coxsey@oforce.com,,,"2008 Altom Court, St. Louis, Missouri, 63146",St. Louis,Missouri,United States,63146,1,,,,2026-05-08,2026-05-28,2026-06-01
"Block Real Estate Services, LLC",69fded1262446148bd848cd3,Crown MedRealty Partners LLC,Party,active,mcostanzo@crownmedrealty.com,,mcostanzo@crownmedrealty.com,,,"11460 Tomahawk Creek Parkway, Leawood, Kansas, 66211",Leawood,Kansas,United States,66211,0,,,,2026-05-08,2026-05-28,2026-06-01
"Block Real Estate Services, LLC",69fded1262446148bd848cd6,Cruise Marketing Inc,Party,active,doug.griggs@cruisemarketing.net,,doug.griggs@cruisemarketing.net,,,"5512 Northeast 17th Street, Des Moines, Iowa, 50313",Des Moines,Iowa,United States,50313,0,,,,2026-05-08,2026-05-28,2026-06-01
"Block Real Estate Services, LLC",69fded1262446148bd848cd9,KK Express Employment / Curtis Holding Company,Party,active,trevor.curtis@expresspros.com,,trevor.curtis@expresspros.com,,,"12705 South Mur-Len Road, Olathe, Kansas, 66062",Olathe,Kansas,United States,66062,0,,,,2026-05-08,2026-05-28,2026-06-01
"Block Real Estate Services, LLC",69fded1262446148bd848cdc,"DL Smith Electrical Construction, Inc.",Party,active,accounting@dlsmith.com,,accounting@dlsmith.com,,,,,,,,0,,,,2026-05-08,2026-05-28,2026-06-01
"Block Real Estate Services, LLC",69fded1262446148bd848cdf,"D.A. Davidson, Inc. / DA Davidson & Co.",Party,active,rent@dadco.com,,rent@dadco.com,,,,,,,,0,,,,2026-05-08,2026-05-28,2026-06-01
"Block Real Estate Services, LLC",69fded1262446148bd848ce2,Dactyl LLC,Party,active,thetaradawn@gmail.com,,thetaradawn@gmail.com,,,"340 Northeast Parks Edge Drive, Lee's Summit, Missouri, 64064",Lee's Summit,Missouri,United States,64064,0,,,,2026-05-08,2026-05-28,2026-06-01
"Block Real Estate Services, LLC",69fded1262446148bd848ce5,"Thermal Mechanics, Inc. (TMI)",Party,active,Tracy.Mills@tmi-stl.com,,Tracy.Mills@tmi-stl.com,,,"715 Goddard Avenue, Chesterfield, Missouri, 63005",Chesterfield,Missouri,United States,63005,1,,,,2026-05-08,2026-05-28,2026-06-01
"Block Real Estate Services, LLC",69fded1262446148bd848ce8,Dairy Farmers Of America,Party,active,nsteffen@dfamilk.com,,nsteffen@dfamilk.com; DallasCerts@marsh.com,,,"1405 North 98th Street, Kansas City, Kansas, 66111",Kansas City,Kansas,United States,66111,0,,,,2026-05-08,2026-05-28,2026-06-01
"Block Real Estate Services, LLC",69fded1262446148bd848ceb,Dairy Farmers of America Inc,Party,active,Joshua.woods1@dfamilk.com,,Joshua.woods1@dfamilk.com; kcasu@lockton.com,,,"2711 North Haskell Avenue, Dallas, Texas, 75204",Dallas,Texas,United States,75204,0,,,,2026-05-08,2026-05-28,2026-06-01
"Block Real Estate Services, LLC",69fded1262446148bd848cee,"Dark Horse Coffee / Dark Horse Collective, LLC",Party,active,holcomb.hollyanne@gmail.com,,holcomb.hollyanne@gmail.com,,,"723 East 18th Street, Kansas City, Missouri, 64108",Kansas City,Missouri,United States,64108,0,,,,2026-05-08,2026-05-28,2026-06-01
"Block Real Estate Services, LLC",69fded1262446148bd848cf1,"Retail Data Systems of KC (RDS) / Data Systems, Inc.",Party,active,msutton@rdspos.com,,msutton@rdspos.com; lori.menichetti@usi.com,,,"11316 West 80th Street, Shawnee, Kansas, 66214",Shawnee,Kansas,United States,66214,0,,,,2026-05-08,2026-05-28,2026-06-01
"Block Real Estate Services, LLC",69fded1262446148bd848cf4,Data Systems International Inc,Party,active,ap@dsiglobal.com,,ap@dsiglobal.com,,,"11101 Switzer Road, Overland Park, Kansas, 66210",Overland Park,Kansas,United States,66210,0,,,,2026-05-08,2026-05-28,2026-06-01
"Block Real Estate Services, LLC",69fded1262446148bd848cf7,DataLocker Inc,Party,active,accounting@datalocker.com,,accounting@datalocker.com,,,"12695 Metcalf Avenue, Overland Park, Kansas, 66213",Overland Park,Kansas,United States,66213,0,,,,2026-05-08,2026-05-28,2026-06-01
"Block Real Estate Services, LLC",69fded1262446148bd848cfa,B-Envied Salon / David M & Lisa Walla,Party,active,lisawallace72@gmail.com,,lisawallace72@gmail.com,,,"805 Northwest Donovan Road, Lee's Summit, Missouri, 64086",Lee's Summit,Missouri,United States,64086,3,,,,2026-05-08,2026-05-28,2026-06-01
"Block Real Estate Services, LLC",69fded1262446148bd848cfd,Residential - renter occupied: David Remick,Party,active,davidremick@email.com,,davidremick@email.com,,,"3909 Bell Street, Kansas City, Missouri, 64111",Kansas City,Missouri,United States,64111,0,,,,2026-05-08,2026-05-28,2026-06-01
"Block Real Estate Services, LLC",69fded1262446148bd848d00,Daylight Donuts-Olathe LLC,Party,active,hengboy60@gmail.com,,hengboy60@gmail.com,,,"12705 South Mur-Len Road, Olathe, Kansas, 66062",Olathe,Kansas,United States,66062,0,,,,2026-05-08,2026-05-28,2026-06-01
"Block Real Estate Services, LLC",69fded1262446148bd848d03,DCB Homes LLC,Party,active,dcb1211@yahoo.com,,dcb1211@yahoo.com,,,"9059 Overhill Circle, De Soto, Kansas, 66018",De Soto,Kansas,United States,66018,0,,,,2026-05-08,2026-05-28,2026-06-01
"Block Real Estate Services, LLC",69fded1262446148bd848d06,"Dental Health Essentials, LLC",Party,active,ruslan33@yahoo.com,,ruslan33@yahoo.com; shenderson@wgwinsurance.com,,,"8299 Melrose Drive, Lenexa, Kansas, 66214",Lenexa,Kansas,United States,66214,0,,,,2026-05-08,2026-05-28,2026-06-01
"Block Real Estate Services, LLC",69fded1262446148bd848d09,Dentek Inc,Party,active,Shauna@npgkc.com,,Shauna@npgkc.com,,,,,,,,0,,,,2026-05-08,2026-05-28,2026-06-01
"Block Real Estate Services, LLC",69fded1262446148bd848d0c,Dermatology Consultants,Party,active,Barb@dermcomw.com,,Barb@dermcomw.com; select@bukatyagency.com,,,"10777 Nall Avenue, Overland Park, Kansas, 66211",Overland Park,Kansas,United States,66211,0,,,,2026-05-08,2026-05-28,2026-06-01
"Block Real Estate Services, LLC",69fded1262446148bd848d0f,"Diamond Towel and Supply Company, LLC",Party,active,dant@diamondtowel.com,,dant@diamondtowel.com,,,"3146 South 24th Street, Kansas City, Kansas, 66106",Kansas City,Kansas,United States,66106,0,,,,2026-05-08,2026-05-28,2026-06-01
"Block Real Estate Services, LLC",69fded1362446148bd848d12,Diana M. Dang,Party,active,dianadang1000@gmail.com,,dianadang1000@gmail.com,,,"6205 North Harrison Street, Kansas City, Missouri, 64118",Kansas City,Missouri,United States,64118,0,,,,2026-05-08,2026-05-28,2026-06-01
"Block Real Estate Services, LLC",69fded1362446148bd848d15,Green Leaf Dispensary / DineShkumar P. Patel & Jingeshkumar D. Patel,Party,active,jignesh125@gmail.com,,jignesh125@gmail.com,,,"5804 Lightpost Drive, Columbia, Missouri, 65201",Columbia,Missouri,United States,65201,0,,,,2026-05-08,2026-05-28,2026-06-01
"Block Real Estate Services, LLC",69fded1362446148bd848d18,Discover Church,Party,active,grace@discoverchurchkc.com,,grace@discoverchurchkc.com; Jan@MoyerInsuranceAgency.com,,,"8400 Northwest 107th Terrace, Kansas City, Missouri, 64153",Kansas City,Missouri,United States,64153,2,,,,2026-05-08,2026-05-28,2026-06-01
"Block Real Estate Services, LLC",69fded1362446148bd848d1e,"Dollar General / Dolgencorp, Inc.",Party,active,hspillma@dollargeneral.com,,hspillma@dollargeneral.com; kdevine@mcgriff.com,,,,,,,,2,,,,2026-05-08,2026-05-28,2026-06-01
"Block Real Estate Services, LLC",69fded1362446148bd848d21,Dollar Tree,Party,active,KS_Rents@dollartree.com,,KS_Rents@dollartree.com,,,,,,,,2,,,,2026-05-08,2026-05-29,2026-06-01
"Block Real Estate Services, LLC",69fded1362446148bd848d24,Dollar Tree #03352,Party,active,MO_rents@dollartree.com,,MO_rents@dollartree.com,,,"500 Volvo Parkway, Chesapeake, Virginia, 23320",Chesapeake,Virginia,United States,23320,0,,,,2026-05-08,2026-05-28,2026-06-01
"Block Real Estate Services, LLC",69fded1362446148bd848d27,Dollar Tree #4044,Party,active,dmullins@dollartree.com,,dmullins@dollartree.com,,,,,,,,0,,,,2026-05-08,2026-05-28,2026-06-01
"Block Real Estate Services, LLC",69fded1362446148bd848d2a,Dollar Tree #8462,Party,active,MO_rents@dollartree.com,,MO_rents@dollartree.com,,,"500 Volvo Parkway, Chesapeake, Virginia, 23320",Chesapeake,Virginia,United States,23320,0,,,,2026-05-08,2026-05-28,2026-06-01
"Block Real Estate Services, LLC",69fded1362446148bd848d2d,"Perry Plaza Dental / Dr. Darren Perry, DDS",Party,active,dperrydds@hotmail.com,,dperrydds@hotmail.com; service.center@travelers.com,,,"800 West 47th Street, Kansas City, Missouri, 64112",Kansas City,Missouri,United States,64112,1,,,,2026-05-08,2026-05-28,2026-06-01
"Block Real Estate Services, LLC",69fded1362446148bd848d30,Personal Care Dental Group / Dr. Floyd Wiggins III,Party,active,gservant2380@gmail.com,,gservant2380@gmail.com,,,"9500 East 63rd Street, Raytown, Missouri, 64133",Raytown,Missouri,United States,64133,0,,,,2026-05-08,2026-05-28,2026-06-01
"Block Real Estate Services, LLC",69fded1362446148bd848d33,DTG Medical Electronics,Party,active,david.davis@dtgmedical.com,,david.davis@dtgmedical.com,,,"8323 Melrose Drive, Overland Park, Kansas, 66214",Overland Park,Kansas,United States,66214,0,,,,2026-05-08,2026-05-28,2026-06-01
"Block Real Estate Services, LLC",69fded1362446148bd848d36,DVA Renal Healthcare,Party,active,rentdepartment@davita.com,,rentdepartment@davita.com,,,"Tacoma, Washington, 98401",Tacoma,Washington,United States,98401,0,,,,2026-05-08,2026-05-28,2026-06-01
"Block Real Estate Services, LLC",69fded1362446148bd848d39,E & T Plastics MFG. CO. INC.,Party,active,maltre@e-tplastics.com,,maltre@e-tplastics.com; ykim@rampartinsurance.com,,,"45-45 37th Street, New York, 11101",,New York,United States,11101,0,,,,2026-05-08,2026-05-28,2026-06-01
"Block Real Estate Services, LLC",69fded1362446148bd848d3c,E2 Optics LLC,Party,active,keri@e2optics.com,,keri@e2optics.com,,,"76 Inverness Drive East, Centennial, Colorado, 80112",Centennial,Colorado,United States,80112,0,,,,2026-05-08,2026-05-28,2026-06-01
"Block Real Estate Services, LLC",69fded1362446148bd848d3f,Eaton Electric / Eaton Corporation,Party,active,ps_eatondocs@cbre.com,,ps_eatondocs@cbre.com,,,"6055 Primacy Parkway, Memphis, Tennessee, 38119",Memphis,Tennessee,United States,38119,0,,,,2026-05-08,2026-05-28,2026-06-01
"Block Real Estate Services, LLC",69fded1362446148bd848d42,EcoShield Pest Solutions,Party,active,rep@theshieldco.com,,rep@theshieldco.com,,,,,,,,2,,,,2026-05-08,2026-05-28,2026-06-01
"Block Real Estate Services, LLC",69fded1362446148bd848d45,Edible Arrangements,Party,active,dknox@edible.com,,dknox@edible.com,,,,,,,,0,,,,2026-05-08,2026-05-28,2026-06-01
"Block Real Estate Services, LLC",69fded1362446148bd848d48,Edward Jones,Party,active,andy.nyland@edwardjones.com,,andy.nyland@edwardjones.com; StLouis.CertRequest@Marsh.Com,,,"12555 Manchester Road, Des Peres, Missouri, 63131",Des Peres,Missouri,United States,63131,1,,,,2026-05-08,2026-05-28,2026-06-01
"Block Real Estate Services, LLC",69fded1362446148bd848d4b,Edward D Jones & Co LP,Party,active,edjleaseadmin@cushwake.com,,edjleaseadmin@cushwake.com; StLouis.CertRequest@Marsh.Com,,,,,,,,1,,,,2026-05-08,2026-05-28,2026-06-01
"Block Real Estate Services, LLC",69fded1362446148bd848d4e,Einstein Bros Bagels #3961,Party,active,rent@bagelbrands.com,,rent@bagelbrands.com,,,"1720 South Bellaire Street, Denver, Colorado, 80222",Denver,Colorado,United States,80222,0,,,,2026-05-08,2026-05-28,2026-06-01
"Block Real Estate Services, LLC",69fded1362446148bd848d51,Electrical Investments Inc,Party,active,office@electricalinvestments.com,,office@electricalinvestments.com,,,,,,,,0,,,,2026-05-08,2026-05-28,2026-06-01
"Block Real Estate Services, LLC",69fded1362446148bd848d54,Electronics for Imaging / EFI Ink Jet Solutions,Party,active,Joseph.Ulicne@efi.com,,Joseph.Ulicne@efi.com,,,"6750 Dumbarton Circle, Fremont, California, 94555",Fremont,California,United States,94555,0,,,,2026-05-08,2026-05-28,2026-06-01
"Block Real Estate Services, LLC",69fded1362446148bd848d57,Elemetal Direct USA LLC,Party,active,lrangel@elemetal.com,,lrangel@elemetal.com; swalls@rslins.com; certificates@marshmma.com,,,"10720 Composite Drive, Dallas, Texas, 75220",Dallas,Texas,United States,75220,0,,,,2026-05-08,2026-05-28,2026-06-01
"Block Real Estate Services, LLC",69fded1362446148bd848d5a,Elliott Electric Supply Inc,Party,active,ericaanderson@elliottelectric.com,,ericaanderson@elliottelectric.com,,,"10917 Mill Creek Road, Shawnee, Kansas, 66217",Shawnee,Kansas,United States,66217,0,,,,2026-05-08,2026-05-28,2026-06-01
"Block Real Estate Services, LLC",69fded1362446148bd848d5d,Elysian Salon and Spa LLC,Party,active,elysiansas@gmail.com,,elysiansas@gmail.com,,,,,,,,1,,,,2026-05-08,2026-05-28,2026-06-01
"Block Real Estate Services, LLC",69fded1362446148bd848d60,Emerson Ecologics LLC,Party,active,ap@fullscript.com,,ap@fullscript.com,,,"1230 Elm Street, Manchester, New Hampshire, 03101",Manchester,New Hampshire,United States,03101,0,,,,2026-05-08,2026-05-28,2026-06-01
"Block Real Estate Services, LLC",69fded1362446148bd848d63,Employers Mutual Casualty Company (EMC Insurance),Party,active,realestatefleet.facility@emcins.com,,realestatefleet.facility@emcins.com,,,,,,,,0,,,,2026-05-08,2026-05-28,2026-06-01
"Block Real Estate Services, LLC",69fded1462446148bd848d66,"EnerSys Delaware, Inc",Party,active,realestateleases@enersys.com,,realestateleases@enersys.com,,,,,,,,0,,,,2026-05-08,2026-05-28,2026-06-01
"Block Real Estate Services, LLC",69fded1462446148bd848d69,Engaged Holdings LLC,Party,active,dplattner@engagedfinance.com,,dplattner@engagedfinance.com; Iweeks@cbiz.com,,,"Missouri 45, Missouri",,Missouri,United States,,0,,,,2026-05-08,2026-05-28,2026-06-01
"Block Real Estate Services, LLC",69fded1462446148bd848d6c,EDT Engineers / Engineering Design & Testing Corporation,Party,active,rwisor@edtengineers.com,,rwisor@edtengineers.com; Kimberley.odell@usi.com,,,"1105 State Street, Cayce, South Carolina, 29033",Cayce,South Carolina,United States,29033,0,,,,2026-05-08,2026-05-28,2026-06-01
"Block Real Estate Services, LLC",69fded1462446148bd848d6f,Enterprise Leasing Company of Kansas,Party,active,tony.mckinnis@erac.com,,tony.mckinnis@erac.com; sdougherty@blockllc.com,,,"10661 Metcalf Avenue, Overland Park, Kansas, 66212",Overland Park,Kansas,United States,66212,0,,,,2026-05-08,2026-05-28,2026-06-01
"Block Real Estate Services, LLC",69fded1462446148bd848d72,Enterprise Leasing Company of Kansas,Party,active,Michelle.K.Kay@ehi.com,,Michelle.K.Kay@ehi.com; todd.a.parker@ehi.com,,,"5359 Merriam Drive, Shawnee, Kansas, 66203",Shawnee,Kansas,United States,66203,0,,,,2026-05-08,2026-05-28,2026-06-01
"Block Real Estate Services, LLC",69fded1462446148bd848d75,Equipmentshare.com Inc,Party,active,rent@equipmentshare.com,,rent@equipmentshare.com; sheilah@leifinsurance.com,,,"5710 Bull Run Drive, Columbia, Missouri, 65201",Columbia,Missouri,United States,65201,0,,,,2026-05-08,2026-05-28,2026-06-01
"Block Real Estate Services, LLC",69fded1462446148bd848d78,Erin McCandless Massage,Party,active,erin.in.touch.massage.op@gmail.com,,erin.in.touch.massage.op@gmail.com,,,,,,,,0,,,,2026-05-08,2026-05-28,2026-06-01
"Block Real Estate Services, LLC",69fded1462446148bd848d7b,Essense of Australia Inc,Party,active,ap-us@essensedesigns.com,,ap-us@essensedesigns.com; certificates@ckcins.com,,,"11066 Strang Line Road, Lenexa, Kansas, 66215",Lenexa,Kansas,United States,66215,1,,,,2026-05-08,2026-05-29,2026-06-01
"Block Real Estate Services, LLC",69fded1462446148bd848d81,Excel Automation Inc.,Party,active,accounting@excelautomationinc.com,,accounting@excelautomationinc.com,,,"2967 Nationwide Parkway, Brunswick, Ohio, 44212",Brunswick,Ohio,United States,44212,0,,,,2026-05-08,2026-05-28,2026-06-01
"Block Real Estate Services, LLC",69fded1462446148bd848d84,"Emerson / Experitec, Inc.",Party,active,accounts.payable@experitec.com,,accounts.payable@experitec.com; ken@yavitz.com,,,"504 Trade Center Boulevard, Chesterfield, Missouri, 63005",Chesterfield,Missouri,United States,63005,0,,,,2026-05-08,2026-05-28,2026-06-01
"Block Real Estate Services, LLC",69fded1462446148bd848d87,Express Hardwood Floors LLC,Party,active,bruno@expresswoodfloors.com,,bruno@expresswoodfloors.com,,,"14288 West 129th Terrace, Olathe, Kansas, 66062",Olathe,Kansas,United States,66062,0,,,,2026-05-08,2026-05-28,2026-06-01
"Block Real Estate Services, LLC",69fded1462446148bd848d8a,F & M Traders LLC,Party,active,obaid79@hotmail.com,,obaid79@hotmail.com,,,"4036 Northwest Riverside Street, Kansas City, Missouri, 64150",Kansas City,Missouri,United States,64150,0,,,,2026-05-08,2026-05-28,2026-06-01
"Block Real Estate Services, LLC",69fded1462446148bd848d8d,Faith Technologies Inc,Party,active,Payables@faithtechinc.com,,Payables@faithtechinc.com; josephj.schneider@faithtechinc.com; certificates@wtwco.com,,,"Milwaukee, Wisconsin",Milwaukee,Wisconsin,United States,,8,,,,2026-05-08,2026-05-28,2026-06-01
"Block Real Estate Services, LLC",69fded1462446148bd848d90,"Farm & Home Builders, Inc",Party,active,danoppen@aol.com,,danoppen@aol.com; sdougherty@blockllc.com,,,"234 Northwest Plaza Drive, Riverside, Missouri, 64150",Riverside,Missouri,United States,64150,0,,,,2026-05-08,2026-05-28,2026-06-01
"Block Real Estate Services, LLC",69fded1462446148bd848d93,Fastenal Company,Party,active,propertyadmin@fastenal.com,,propertyadmin@fastenal.com,,,"Winona, Minnesota, 55987",Winona,Minnesota,United States,55987,0,,,,2026-05-08,2026-05-28,2026-06-01
"Block Real Estate Services, LLC",69fded1462446148bd848d96,FastSigns,Party,active,Accounting.223@fastsigns.com,,Accounting.223@fastsigns.com,,,"17331 East 40th Street, Independence, Missouri, 64055",Independence,Missouri,United States,64055,0,,,,2026-05-08,2026-05-28,2026-06-01
"Block Real Estate Services, LLC",69fded1462446148bd848d99,FedEx/Kinko's,Party,active,lease.administration@fedex.com,,lease.administration@fedex.com,,,"7900 Legacy Drive, Plano, Texas, 75024",Plano,Texas,United States,75024,0,,,,2026-05-08,2026-05-28,2026-06-01
"Block Real Estate Services, LLC",69fded1462446148bd848d9c,"Daley & Fey, LLP",Party,active,dfey@feyllc.com,,dfey@feyllc.com,,,,,,,,0,,,,2026-05-08,2026-05-28,2026-06-01
"Block Real Estate Services, LLC",69fded1462446148bd848d9f,FILGR LLC,Party,active,pop@popculturekc.com,,pop@popculturekc.com,,,"801 South Franklin Street, Raymore, Missouri, 64083",Raymore,Missouri,United States,64083,0,,,,2026-05-08,2026-05-28,2026-06-01
"Block Real Estate Services, LLC",69fded1462446148bd848da2,"Fine Line Graphics, Inc.",Party,active,aberthelette@flgcorp.com,,aberthelette@flgcorp.com,,,"14 Breakneck Hill Road, Lincoln, Rhode Island, 02865",Lincoln,Rhode Island,United States,02865,1,,,,2026-05-08,2026-05-28,2026-06-01
"Block Real Estate Services, LLC",69fded1462446148bd848da5,Fireplace & Bar-B-Q Center Inc,Party,active,ckelly@fireplacecenterkc.com,,ckelly@fireplacecenterkc.com,,,"10470 Metcalf Avenue, Overland Park, Kansas, 66212",Overland Park,Kansas,United States,66212,1,,,,2026-05-08,2026-05-28,2026-06-01
"Block Real Estate Services, LLC",69fded1462446148bd848da8,"First Biomedical, Inc",Party,active,AccountsPayable@Infusystem.com,,AccountsPayable@Infusystem.com; Michael.Greene@alliant.com; amber.duckett@alliant.com,,,"3851 West Hamlin Road, Rochester Hills, Michigan, 48309",Rochester Hills,Michigan,United States,48309,1,,,,2026-05-08,2026-05-28,2026-06-01
"Block Real Estate Services, LLC",69fded1462446148bd848dab,First Church of Christ Scientist,Party,active,,,,,,"6401 West 87th Street, Overland Park, Kansas, 66212",Overland Park,Kansas,United States,66212,0,,,,2026-05-08,2026-05-08,2026-06-01
"Block Real Estate Services, LLC",69fded1462446148bd848dae,First Citizens Bank & Trust Company,Party,active,crelease@firstcitizens.com,,crelease@firstcitizens.com; certificates@willis.com,,,"1299 Farnam Street, Omaha, Nebraska, 68102",Omaha,Nebraska,United States,68102,1,,,,2026-05-08,2026-05-29,2026-06-01
"Block Real Estate Services, LLC",69fded1462446148bd848db1,First Key Homes,Party,active,officeleases@firstkeyhomes.com,,officeleases@firstkeyhomes.com,,,"1850 Parkway Place, Marietta, Georgia, 30067",Marietta,Georgia,United States,30067,0,,,,2026-05-08,2026-05-28,2026-06-01
"Block Real Estate Services, LLC",69fded1562446148bd848db4,First Watch,Party,active,leases@firstwatch.com,,leases@firstwatch.com; certificates@wtwco.com,,,,,,,,6,,,,2026-05-08,2026-05-28,2026-06-01
"Block Real Estate Services, LLC",69fded1562446148bd848db7,Fisher & Phillips LLP,Party,active,rpeterson@fisherphillips.com,,rpeterson@fisherphillips.com,,,,,,,,0,,,,2026-05-08,2026-05-28,2026-06-01
"Block Real Estate Services, LLC",69fded1562446148bd848dba,"Helen Jon / Five Clothes, LLC",Party,active,jenny@helenjon.com,,jenny@helenjon.com,,,"8251 Melrose Drive, Lenexa, Kansas, 66214",Lenexa,Kansas,United States,66214,0,,,,2026-05-08,2026-05-28,2026-06-01
"Block Real Estate Services, LLC",69fded1562446148bd848dbd,"FleetPride, Inc",Party,active,FleetPride@cushwake.com,,FleetPride@cushwake.com; Bonita.Feilmeier@hubinternational.com,,,,,,,,0,,,,2026-05-08,2026-05-28,2026-06-01
"Block Real Estate Services, LLC",69fded1562446148bd848dc0,Force America Inc,Party,active,ap_invoices@forceamerica.com,,ap_invoices@forceamerica.com,,,"8633 Eagle Creek Parkway, Savage, Minnesota, 55378",Savage,Minnesota,United States,55378,0,,,,2026-05-08,2026-05-28,2026-06-01
"Block Real Estate Services, LLC",69fded1562446148bd848dc3,"Fresenius Medical Care - Pittsburg Midwest Dialysis / Fort Scott Regional Dialysis Center, Inc.",Party,active,helen.acevedo@freseniusmedicalcare.com,,helen.acevedo@freseniusmedicalcare.com,,,"Waltham, Massachusetts, 02451",Waltham,Massachusetts,United States,02451,2,,,,2026-05-08,2026-05-29,2026-06-01
"Block Real Estate Services, LLC",69fded1562446148bd848dc6,Foxx Equipment Company,Party,active,ap@foxxequipment.com,,ap@foxxequipment.com,,,,,,,,0,,,,2026-05-08,2026-05-28,2026-06-01
"Block Real Estate Services, LLC",69fded1562446148bd848dc9,Freightsnap LLC,Party,active,mike@freightsnap.com,,mike@freightsnap.com,,,"7327 Hardy Street, Overland Park, Kansas, 66204",Overland Park,Kansas,United States,66204,0,,,,2026-05-08,2026-05-28,2026-06-01
"Block Real Estate Services, LLC",69fded1562446148bd848dcc,"Freirich & Katz, L.C. and JD Rosen CPA, PA / Freirich & Company, LLC",Party,active,dfreirich@fkcpa.net,,dfreirich@fkcpa.net,,,"2309 West 69th Street, Mission Hills, Kansas, 66208",Mission Hills,Kansas,United States,66208,0,,,,2026-05-08,2026-05-28,2026-06-01
"Block Real Estate Services, LLC",69fded1562446148bd848dcf,Frey Commodities USA Inc,Party,active,,,,,,,,,,,0,,,,2026-05-08,2026-05-08,2026-06-01
"Block Real Estate Services, LLC",69fded1562446148bd848dd2,Friends of the Johnson County Library,Party,active,hickamc@friendsofjcl.org,,hickamc@friendsofjcl.org,,,,,,,,0,,,,2026-05-08,2026-05-28,2026-06-01
"Block Real Estate Services, LLC",69fded1562446148bd848dd5,FS Investment Services Inc,Party,active,invoices@fsinvestments.com,,invoices@fsinvestments.com,,,,,,,,0,,,,2026-05-08,2026-05-28,2026-06-01
"Block Real Estate Services, LLC",69fded1562446148bd848dd8,"Future Foam, Inc",Party,active,ckelly@futurefoam.com,,ckelly@futurefoam.com,,,,,,,,0,,,,2026-05-08,2026-05-28,2026-06-01
"Block Real Estate Services, LLC",69fded1562446148bd848ddb,"Servpro / G&C Restoration, LLC",Party,active,laci@servprols.com,,laci@servprols.com,,,"1001 West Hunters Ridge, Lone Jack, Missouri, 64086",Lone Jack,Missouri,United States,64086,0,,,,2026-05-08,2026-05-28,2026-06-01
"Block Real Estate Services, LLC",69fded1562446148bd848dde,G3 Industrial Solutions LLC,Party,active,chad.gooding@g3ind.com,,chad.gooding@g3ind.com,,,"8291 Melrose Drive, Lenexa, Kansas, 66214",Lenexa,Kansas,United States,66214,0,,,,2026-05-08,2026-05-28,2026-06-01
"Block Real Estate Services, LLC",69fded1562446148bd848de1,G5 Enterprises Inc,Party,active,acctspay@bolivarinsulation.com,,acctspay@bolivarinsulation.com; jfaucett@connell.com,,,"2050 East Trafficway Street, Springfield, Missouri, 65802",Springfield,Missouri,United States,65802,0,,,,2026-05-08,2026-05-28,2026-06-01
"Block Real Estate Services, LLC",69fded1562446148bd848de4,Vitev / Gabe Hunninghake,Party,active,gabe@vitev.com,,gabe@vitev.com,,,"919 East 29th Street, Lawrence, Kansas, 66046",Lawrence,Kansas,United States,66046,0,,,,2026-05-08,2026-05-28,2026-06-01
"Block Real Estate Services, LLC",69fded1562446148bd848de7,"Triad Capital Advisors, Inc. / Gantry, Inc.",Party,active,Accounting@gantryinc.com,,Accounting@gantryinc.com,,,,,,,,0,,,,2026-05-08,2026-05-28,2026-06-01
"Block Real Estate Services, LLC",69fded1562446148bd848dea,Garage Experts of Kansas City,Party,active,steve.novak@garageexperts.com,,steve.novak@garageexperts.com,,,"5805 Bedford, Kansas City, Missouri, 64151",Kansas City,Missouri,United States,64151,0,,,,2026-05-08,2026-05-28,2026-06-01
"Block Real Estate Services, LLC",69fded1562446148bd848ded,"Gas Equipment, Inc",Party,active,gecap@gasequipment.com,,gecap@gasequipment.com; ablaufuss@blockllc.com,,,"1536 Hutton Drive, Carrollton, Texas, 75006",Carrollton,Texas,United States,75006,0,,,,2026-05-08,2026-05-28,2026-06-01
"Block Real Estate Services, LLC",69fded1562446148bd848df0,Gateway Spine & Joint LLC,Party,active,info@gatewayinjuryclinic.com,,info@gatewayinjuryclinic.com,,,"800 West 47th Street, Kansas City, Missouri, 64112",Kansas City,Missouri,United States,64112,0,,,,2026-05-08,2026-05-28,2026-06-01
"Block Real Estate Services, LLC",69fded1562446148bd848df3,Generate-Ubiquity Management LLC,Party,active,,,,,,,,,,,0,,,,2026-05-08,2026-05-08,2026-06-01
"Block Real Estate Services, LLC",69fded1662446148bd848dff,Geotechnology LLC,Party,active,ahaegele@teamues.com,,ahaegele@teamues.com,,,"11816 Lackland Road, St. Louis, Missouri, 63146",St. Louis,Missouri,United States,63146,0,,,,2026-05-08,2026-05-28,2026-06-01
"Block Real Estate Services, LLC",69fded1662446148bd848e02,"Pizza Hut / GMRG ACQ 1, LLC #0359",Party,active,grandmere@propertyworks.com,,grandmere@propertyworks.com,,,"12705 South Mur-Len Road, Olathe, Kansas, 66062",Olathe,Kansas,United States,66062,0,,,,2026-05-08,2026-05-28,2026-06-01
"Block Real Estate Services, LLC",69fded1662446148bd848e08,GNC (Store #581-02),Party,active,matthew-zamba@gnc-hq.com,,matthew-zamba@gnc-hq.com; certificates@wtwco.com,,,"75 Hopper Place, Pittsburgh, Pennsylvania, 15222",Pittsburgh,Pennsylvania,United States,15222,3,,,,2026-05-08,2026-05-29,2026-06-01
"Block Real Estate Services, LLC",69fded1662446148bd848e0b,"GoPuff Lease / GoBrands, Inc.",Party,active,rent@gopuff.com,,rent@gopuff.com,,,,,,,,0,,,,2026-05-08,2026-05-28,2026-06-01
"Block Real Estate Services, LLC",69fded1662446148bd848e0e,"Golden Distributing Company, Inc.",Party,active,goldendistributingco@yahoo.com,,goldendistributingco@yahoo.com; ldewitt@crownmedrealty.com,,,"Riverside, Missouri, 64168",Riverside,Missouri,United States,64168,0,,,,2026-05-08,2026-05-28,2026-06-01
"Block Real Estate Services, LLC",69fded1662446148bd848e11,Google Fiber Inc,Party,active,docs-leaseadmin@google.com,,docs-leaseadmin@google.com,,,"1600 Amphitheatre Parkway, Mountain View, California, 94043",Mountain View,California,United States,94043,0,,,,2026-05-08,2026-05-28,2026-06-01
"Block Real Estate Services, LLC",69fded1662446148bd848e14,Grain Valley Chop Shop,Party,active,zamora.gerardo10@gmail.com,,zamora.gerardo10@gmail.com,,,"1404 Southwest Eagles Parkway, Grain Valley, Missouri, 64029",Grain Valley,Missouri,United States,64029,0,,,,2026-05-08,2026-05-28,2026-06-01
"Block Real Estate Services, LLC",69fded1662446148bd848e17,Sni Valley Academy / Dr. Warren L. Moss - Grain Valley School District,Party,active,accountspayable@gvr5.net,,accountspayable@gvr5.net; musicprogram@ajg.com,,,"Grain Valley, Missouri",Grain Valley,Missouri,United States,,1,,,,2026-05-08,2026-05-28,2026-06-01
"Block Real Estate Services, LLC",69fded1662446148bd848e1a,"Patio Enclosures / Great Day Improvements, LLC",Party,active,Sherry.Myers@greatdayimprovements.com,,Sherry.Myers@greatdayimprovements.com; insure@schauergroup.com; jennifer.schlichting@schauergroup.com,,,"700 Highland Road, Macedonia, Ohio, 44056",Macedonia,Ohio,United States,44056,4,,,,2026-05-08,2026-05-28,2026-06-01
"Block Real Estate Services, LLC",69fded1662446148bd848e1d,Great Rivers Associates,Party,active,Abuckley@greatriv.com,,Abuckley@greatriv.com; mletterman@nixonins.com,,,"908 Broadway Boulevard, Kansas City, Missouri, 64105",Kansas City,Missouri,United States,64105,1,,,,2026-05-08,2026-05-28,2026-06-01
"Block Real Estate Services, LLC",69fded1662446148bd848e20,Green Resource Management Inc,Party,active,,,,,,"1000 Thomas Beck Road, Des Moines, Iowa, 50315",Des Moines,Iowa,United States,50315,0,,,,2026-05-08,2026-05-08,2026-06-01
"Block Real Estate Services, LLC",69fded1662446148bd848e23,"Action Stainless & Alloys / ACT Acquisition, Inc. (sublease from Hello Fresh / Grocery Delivery Logistics, Inc.)",Party,active,gdlinvoices@hellofresh.com,,gdlinvoices@hellofresh.com,,,"28 Liberty Street, New York, New York, 10005",New York,New York,United States,10005,0,,,,2026-05-08,2026-05-28,2026-06-01
"Block Real Estate Services, LLC",69fded1662446148bd848e26,GS Operating LLC dba Gexpro Services,Party,active,zgreenwade@gexproservices.com,,zgreenwade@gexproservices.com,,,"9500 North Royal Lane, Irving, Texas, 75063",Irving,Texas,United States,75063,0,,,,2026-05-08,2026-05-28,2026-06-01
"Block Real Estate Services, LLC",69fded1662446148bd848e29,Internal Revenue Service / Government Services Administration (GSA),Party,active,,,,,,"2312 Bannister Road, Kansas City, Missouri, 64131",Kansas City,Missouri,United States,64131,0,,,,2026-05-08,2026-05-27,2026-06-01
"Block Real Estate Services, LLC",69fded1662446148bd848e2c,Guardian Water & Air Systems LLC,Party,active,debrak@llwholesale.com,,debrak@llwholesale.com,,,,,,,,0,,,,2026-05-08,2026-05-28,2026-06-01
"Block Real Estate Services, LLC",69fded1662446148bd848e2f,"VIALS / Gunn & Richards, Inc.",Party,active,customerservice@vials.com,,customerservice@vials.com; rachel.burton@assuredpartners.com,,,"10800 Strang Line Road, Lenexa, Kansas, 66215",Lenexa,Kansas,United States,66215,0,,,,2026-05-08,2026-05-28,2026-06-01
"Block Real Estate Services, LLC",69fded1662446148bd848e32,H & R Block Enterprises LLC,Party,active,Geoffrey.Hibbs@cushwake.com,,Geoffrey.Hibbs@cushwake.com; certrequests@ajg.com; ChicagoCertRequest@marsh.com,,,,,,,,1,,,,2026-05-08,2026-05-28,2026-06-01
"Block Real Estate Services, LLC",69fded1662446148bd848e35,H M Cragg Co,Party,active,ap@hmcragg.com,,ap@hmcragg.com; Amy_Boll@ajg.com,,,"7490 Bush Lake Road, Edina, Minnesota, 55439",Edina,Minnesota,United States,55439,0,,,,2026-05-08,2026-05-28,2026-06-01
"Block Real Estate Services, LLC",69fded1662446148bd848e38,"H&R Block Eastern Tax Svc., Inc. / H&R Block 24167",Party,active,hrbleaseadmin.mo.amer@cushwake.com,,hrbleaseadmin.mo.amer@cushwake.com; certrequests@ajg.com,,,,,,,,1,,,,2026-05-08,2026-05-28,2026-06-01
"Block Real Estate Services, LLC",69fded1662446148bd848e3b,"Discount Tire / Halle Properties, Inc.",Party,active,realestatedept@discounttire.com,,realestatedept@discounttire.com,,,"20225 North Scottsdale Road, Scottsdale, Arizona, 85255",Scottsdale,Arizona,United States,85255,1,,,,2026-05-08,2026-05-28,2026-06-01
"Block Real Estate Services, LLC",69fded1662446148bd848e3e,"Harbor Freight Tools USA, Inc",Party,active,LeaseAdmin@harborfreight.com,,LeaseAdmin@harborfreight.com,,,"26677 Agoura Road, Calabasas, California, 91302",Calabasas,California,United States,91302,0,,,,2026-05-08,2026-05-28,2026-06-01
"Block Real Estate Services, LLC",69fded1662446148bd848e41,"Hartfiel Automation, Inc.",Party,active,acctspayable@hartfiel.com,,acctspayable@hartfiel.com,,,"6533 Flying Cloud Drive, Eden Prairie, Minnesota, 55344",Eden Prairie,Minnesota,United States,55344,0,,,,2026-05-08,2026-05-28,2026-06-01
"Block Real Estate Services, LLC",69fded1662446148bd848e44,HCA Realty,Party,active,daniel.dion@healthtrustpg.com,,daniel.dion@healthtrustpg.com,,,"Park Plaza, Nashville, Tennessee, 37203",Nashville,Tennessee,United States,37203,0,,,,2026-05-08,2026-05-28,2026-06-01
"Block Real Estate Services, LLC",69fded1762446148bd848e4a,Healthy Meals Inc,Party,active,stkluck@gmail.com,,stkluck@gmail.com; sblackwell@farmersagent.com,,,"204 Northwest Platte Valley Drive, Riverside, Missouri, 64150",Riverside,Missouri,United States,64150,0,,,,2026-05-08,2026-05-28,2026-06-01
"Block Real Estate Services, LLC",69fded1762446148bd848e4d,Heather Laird,Party,active,heather@wrightlairdcasting.com,,heather@wrightlairdcasting.com,,,"1719 West 39th Street, Kansas City, Missouri, 64111",Kansas City,Missouri,United States,64111,0,,,,2026-05-08,2026-05-28,2026-06-01
"Block Real Estate Services, LLC",69fded1762446148bd848e50,"Hyper Energy /HEB KS, LLC",Party,active,jkeough@hoari.com,,jkeough@hoari.com,,,"1501 River Drive, Moline, Illinois, 61265",Moline,Illinois,United States,61265,0,,,,2026-05-08,2026-05-28,2026-06-01
"Block Real Estate Services, LLC",69fded1762446148bd848e53,Henderson Engineers Inc,Party,active,AP@hendersonengineers.com,,AP@hendersonengineers.com; Sharon.Brubaker@greyling.com; accountingservice@hendersonengineers.com,,,"8428 Melrose Drive, Lenexa, Kansas, 66214",Lenexa,Kansas,United States,66214,1,,,,2026-05-08,2026-05-28,2026-06-01
"Block Real Estate Services, LLC",69fded1762446148bd848e56,Hennessy Enterprises LLC,Party,active,accounting@unionhorse.com,,accounting@unionhorse.com,,,"8745 Mission Road, Leawood, Kansas, 66206",Leawood,Kansas,United States,66206,0,,,,2026-05-08,2026-05-28,2026-06-01
"Block Real Estate Services, LLC",69fded1762446148bd848e59,Hensley Electric Inc,Party,active,mandi@hensleyelectric.com,,mandi@hensleyelectric.com; bfoster@bukatyagency.com,,,"7911 Bond Street, Overland Park, Kansas, 66214",Overland Park,Kansas,United States,66214,0,,,,2026-05-08,2026-05-28,2026-06-01
"Block Real Estate Services, LLC",69fded1762446148bd848e5c,"Heritage First, Inc.",Party,active,dlueke@heritagefirst.net,,dlueke@heritagefirst.net,,,"800 West 47th Street, Kansas City, Missouri, 64112",Kansas City,Missouri,United States,64112,0,,,,2026-05-08,2026-05-28,2026-06-01
"Block Real Estate Services, LLC",69fded1762446148bd848e5f,"Hibbett Sports / Hibbett Retail, Inc.",Party,active,lease.admin@hibbett.com,,lease.admin@hibbett.com,,,"2700 Milan Court, Birmingham, Alabama, 35211",Birmingham,Alabama,United States,35211,1,,,,2026-05-08,2026-05-28,2026-06-01
"Block Real Estate Services, LLC",69fded1762446148bd848e62,Hoambrecker Enterprises LLC,Party,active,ahoambrecker@hpekc.com,,ahoambrecker@hpekc.com,,,,,,,,0,,,,2026-05-08,2026-05-28,2026-06-01
"Block Real Estate Services, LLC",69fded1762446148bd848e65,"Hoang Tran Nhat Pham, Phuoc Duc Ngo and Binh Xuan Nguyen",Party,active,springnailsbs@yahoo.com,,springnailsbs@yahoo.com,,,"313 Northeast Vivion Road, Kansas City, Missouri, 64118",Kansas City,Missouri,United States,64118,0,,,,2026-05-08,2026-05-28,2026-06-01
"Block Real Estate Services, LLC",69fded1762446148bd848e68,Hoefer Welker LLC,Party,active,jenica.jones@hoeferwelker.com,,jenica.jones@hoeferwelker.com,,,,,,,,2,,,,2026-05-08,2026-05-28,2026-06-01
"Block Real Estate Services, LLC",69fded1762446148bd848e6b,"Horizon PSI / Horizon Systems, Inc.",Party,active,crystalh@horizonsystemsinc.com,,crystalh@horizonsystemsinc.com; info@srains.com,,,"1101 Horizon Drive, Lawrence, Kansas, 66046",Lawrence,Kansas,United States,66046,0,,,,2026-05-08,2026-05-28,2026-06-01
"Block Real Estate Services, LLC",69fded1762446148bd848e6e,Hot Dog Design LLC,Party,active,justin@hotdog.design,,justin@hotdog.design,,,"8820 Foster Lane, Overland Park, Kansas, 66212",Overland Park,Kansas,United States,66212,0,,,,2026-05-08,2026-05-28,2026-06-01
"Block Real Estate Services, LLC",69fded1762446148bd848e71,Hughes Machinery Company,Party,active,realestate@applied.com,,realestate@applied.com,,,,,,,,0,,,,2026-05-08,2026-05-28,2026-06-01
"Block Real Estate Services, LLC",69fded1762446148bd848e74,Husqvarna Construction Products North America Inc,Party,active,hcp.ap@husqvarnagroup.com,,hcp.ap@husqvarnagroup.com; certificates@wtwco.com,,,"17400 West 119th Street, Olathe, Kansas, 66061",Olathe,Kansas,United States,66061,3,,,,2026-05-08,2026-05-28,2026-06-01
"Block Real Estate Services, LLC",69fded1762446148bd848e77,Hyalogic LLC,Party,active,ap@hyalogic.com,,ap@hyalogic.com; csr@specinsure.com,,,"610 Northwest Platte Valley Drive, Riverside, Missouri, 64150",Riverside,Missouri,United States,64150,0,,,,2026-05-08,2026-05-28,2026-06-01
"Block Real Estate Services, LLC",69fded1762446148bd848e7a,Hydro Extrusion USA LLC,Party,active,jane.ellen.fields@hydro.com,,jane.ellen.fields@hydro.com; certificates@willis.com,,,"114 Northwest Plaza Drive, Riverside, Missouri, 64150",Riverside,Missouri,United States,64150,0,,,,2026-05-08,2026-05-28,2026-06-01
"Block Real Estate Services, LLC",69fded1762446148bd848e7d,Hy-Vee Inc,Party,active,jummach@hy-vee.com,,jummach@hy-vee.com,,,"5820 Westown Parkway, West Des Moines, Iowa, 50266",West Des Moines,Iowa,United States,50266,0,,,,2026-05-08,2026-05-28,2026-06-01
"Block Real Estate Services, LLC",69fded1762446148bd848e80,"SOFIE / IBA Molecular North America, Inc.",Party,active,payables@sofie.com,,payables@sofie.com,,,"100 Executive Drive, Sterling, Virginia, 20166",Sterling,Virginia,United States,20166,0,,,,2026-05-08,2026-05-28,2026-06-01
"Block Real Estate Services, LLC",69fded1762446148bd848e83,"Image Quest, Inc",Party,active,Xerox-GIS-LeaseAdmin@jll.com,,Xerox-GIS-LeaseAdmin@jll.com; certificates@willis.com,,,"260 Forbes Avenue, Pittsburgh, Pennsylvania, 15222",Pittsburgh,Pennsylvania,United States,15222,0,,,,2026-05-08,2026-05-28,2026-06-01
"Block Real Estate Services, LLC",69fded1762446148bd848e86,Infinity Fasteners Inc,Party,active,melindar@infinityfast.com,,melindar@infinityfast.com,,,"17451 College Boulevard, Lenexa, Kansas, 66219",Lenexa,Kansas,United States,66219,1,,,,2026-05-08,2026-05-28,2026-06-01
"Block Real Estate Services, LLC",69fded1762446148bd848e89,Inspire Therapy LLC,Party,active,david@inspireaba.com,,david@inspireaba.com,,,,,,,,0,,,,2026-05-08,2026-05-28,2026-06-01
"Block Real Estate Services, LLC",69fded1762446148bd848e8c,Great Clips / Iris Corporation,Party,active,cduren@mojoyourfranchise.com,,cduren@mojoyourfranchise.com; mohammed.azaz@gmail.com,,,"15525 Switzer Road, Overland Park, Kansas, 66221",Overland Park,Kansas,United States,66221,0,,,,2026-05-08,2026-05-28,2026-06-01
"Block Real Estate Services, LLC",69fded1762446148bd848e8f,"Tea Garden / Iris Restaurant, LLC",Party,active,naonao2256@gmail.com,,naonao2256@gmail.com,,,"12755 South Mur-Len Road, Olathe, Kansas, 66062",Olathe,Kansas,United States,66062,0,,,,2026-05-08,2026-05-28,2026-06-01
"Block Real Estate Services, LLC",69fded1862446148bd848e98,"JACO / JACO General Contractor, Inc.",Party,active,andrea@jacogc.com,,andrea@jacogc.com,,,"8424 Melrose Drive, Overland Park, Kansas, 66214",Overland Park,Kansas,United States,66214,0,,,,2026-05-08,2026-05-28,2026-06-01
"Block Real Estate Services, LLC",69fded1862446148bd848e9e,"Janette Brown Insurance Agency, LLC (Farmer's Insurance)",Party,active,janette.tbrown14@farmersagency.com,,janette.tbrown14@farmersagency.com,,,"1436 Southwest Eagles Parkway, Grain Valley, Missouri, 64029",Grain Valley,Missouri,United States,64029,0,,,,2026-05-08,2026-05-28,2026-06-01
"Block Real Estate Services, LLC",69fded1862446148bd848ea1,Studio 5 Beauty Boutique / Jayci Lynn Stratton,Party,active,jayci.stratton@gmail.com,,jayci.stratton@gmail.com,,,"912 Southwest Shorthorn Drive, Grain Valley, Missouri, 64029",Grain Valley,Missouri,United States,64029,2,,,,2026-05-08,2026-05-29,2026-06-01
"Block Real Estate Services, LLC",69fded1862446148bd848ea4,"Proforma Idology Marketing Group / JES Business Solutions, LLC",Party,active,ksteiniger@idologymg.com,,ksteiniger@idologymg.com,,,"8399 Melrose Drive, Lenexa, Kansas, 66214",Lenexa,Kansas,United States,66214,0,,,,2026-05-08,2026-05-28,2026-06-01
"Block Real Estate Services, LLC",69fded1862446148bd848ea7,"Jetalum Windows & Doors / JetAlum, LLC",Party,active,invoice@jetalum.com,,invoice@jetalum.com; businessproductsdirect@sentry.com,,,"1414 East 19th Street, Kansas City, Missouri, 64108",Kansas City,Missouri,United States,64108,0,,,,2026-05-08,2026-05-28,2026-06-01
"Block Real Estate Services, LLC",69fded1862446148bd848eaa,Jimmy John's,Party,active,Sandra.h@hinzcorp.com,,Sandra.h@hinzcorp.com,,,,,,,,0,,,,2026-05-08,2026-05-28,2026-06-01
"Block Real Estate Services, LLC",69fded1862446148bd848ead,"Pinches / JLJ Holdings, LLC",Party,active,john.nilges@gmail.com,,john.nilges@gmail.com,,,"5924 Northeast Parks View Place, Lee's Summit, Missouri, 64064",Lee's Summit,Missouri,United States,64064,0,,,,2026-05-08,2026-05-28,2026-06-01
"Block Real Estate Services, LLC",69fded1862446148bd848eb0,"Johnson Controls Fire Protection, LP (fka Simplex Grinnell)",Party,active,ca.jci@cbre.com,,ca.jci@cbre.com,,,"6055 Primacy Parkway, Memphis, Tennessee, 38119",Memphis,Tennessee,United States,38119,0,,,,2026-05-08,2026-05-28,2026-06-01
"Block Real Estate Services, LLC",69fded1862446148bd848eb3,Johnson Granite Supply Inc,Party,active,sally@johnsongranite.com,,sally@johnsongranite.com; HUB-KC.Certificates@HUBInternational.com,,,"400 Northwest Platte Valley Drive, Riverside, Missouri, 64150",Riverside,Missouri,United States,64150,0,,,,2026-05-08,2026-05-28,2026-06-01
"Block Real Estate Services, LLC",69fded1862446148bd848eb9,JP Morgan Chase Bank,Party,active,property.administration.GRE@jpmchase.com,,property.administration.GRE@jpmchase.com,,,"1111 Polaris Parkway, Columbus, Ohio, 43240",Columbus,Ohio,United States,43240,0,,,,2026-05-08,2026-05-28,2026-06-01
"Block Real Estate Services, LLC",69fded1862446148bd848ebc,Juro International Systems Inc,Party,active,jurois@aol.com,,jurois@aol.com; kim@juliestoll.com,,,"800 West 47th Street, Kansas City, Missouri, 64112",Kansas City,Missouri,United States,64112,0,,,,2026-05-08,2026-05-28,2026-06-01
"Block Real Estate Services, LLC",69fded1862446148bd848ebf,Kababs,Party,active,syed@wichitachef.com,,syed@wichitachef.com,,,"6715 West Garden Ridge Circle, Wichita, Kansas, 67205",Wichita,Kansas,United States,67205,0,,,,2026-05-08,2026-05-28,2026-06-01
"Block Real Estate Services, LLC",69fded1862446148bd848ec2,Kansas City Barber Group LLC,Party,active,caezarangel@gmail.com,,caezarangel@gmail.com,,,"1717 West 39th Street, Kansas City, Missouri, 64111",Kansas City,Missouri,United States,64111,0,,,,2026-05-08,2026-05-28,2026-06-01
"Block Real Estate Services, LLC",69fded1862446148bd848ec5,Kansas City Bone & Joint Clinic,Party,active,clynch@kcbj.com,,clynch@kcbj.com; info@srains.com; denise.kordes@assuredpartners.com,,,"10701 Nall Avenue, Overland Park, Kansas, 66211",Overland Park,Kansas,United States,66211,0,,,,2026-05-08,2026-05-28,2026-06-01
"Block Real Estate Services, LLC",69fded1862446148bd848ec8,Central Links Golf / Kansas City Golf Association (fka KCGA),Party,active,doug@clgolf.org,,doug@clgolf.org,,,"8330 Melrose Drive, Lenexa, Kansas, 66214",Lenexa,Kansas,United States,66214,0,,,,2026-05-08,2026-05-28,2026-06-01
"Block Real Estate Services, LLC",69fded1862446148bd848ecb,"Kansas City Gymnastics, Inc.",Party,active,angela778@gmail.com,,angela778@gmail.com,,,"Riverside, Missouri, 64150",Riverside,Missouri,United States,64150,0,,,,2026-05-08,2026-05-28,2026-06-01
"Block Real Estate Services, LLC",69fded1862446148bd848ece,Kansas City Urology Care,Party,active,accountspayable@kcurology.com,,accountspayable@kcurology.com,,,"8551 Bluejacket Street, Lenexa, Kansas, 66214",Lenexa,Kansas,United States,66214,0,,,,2026-05-08,2026-05-28,2026-06-01
"Block Real Estate Services, LLC",69fded1862446148bd848ed1,"Kansas City Urology Care, PA",Party,active,accountspayable@kcurology.com,,accountspayable@kcurology.com; HUB-KC.Certificates@HUBInternational.com,,,"8551 Bluejacket Street, Lenexa, Kansas, 66214",Lenexa,Kansas,United States,66214,0,,,,2026-05-08,2026-05-28,2026-06-01
"Block Real Estate Services, LLC",69fded1862446148bd848ed4,WinAir,Party,active,avshepherd@winsupply.com,,avshepherd@winsupply.com; jennifer.mcgee@hylant.com,,,,,,,,0,,,,2026-05-08,2026-05-28,2026-06-01
"Block Real Estate Services, LLC",69fded1862446148bd848ed7,Kansas Gas Co,Party,active,rbower@onegas.com,,rbower@onegas.com,,,"Topeka, Kansas, 66601",Topeka,Kansas,United States,66601,2,,,,2026-05-08,2026-05-28,2026-06-01
"Block Real Estate Services, LLC",69fded1862446148bd848eda,Kansas Granite Mart,Party,active,christine@kansasgranitemart.com,,christine@kansasgranitemart.com,,,"1223 Macon Street, Kansas City, Missouri, 64116",Kansas City,Missouri,United States,64116,0,,,,2026-05-08,2026-05-28,2026-06-01
"Block Real Estate Services, LLC",69fded1862446148bd848edd,Kansas Granite Mart Inc,Party,active,dongranite@hotmail.com,,dongranite@hotmail.com; CLIENTCONTACTCENTER@FEDINS.COM,,,"9831 Lackman Road, Lenexa, Kansas, 66215",Lenexa,Kansas,United States,66215,2,,,,2026-05-08,2026-05-28,2026-06-01
"Block Real Estate Services, LLC",69fded1862446148bd848ee0,Kate Smith Soiree LLC,Party,active,jonathan@katesmithsoiree.com,,jonathan@katesmithsoiree.com,,,"7611 Westgate Street, Shawnee, Kansas, 66216",Shawnee,Kansas,United States,66216,0,,,,2026-05-08,2026-05-28,2026-06-01
"Block Real Estate Services, LLC",69fded1962446148bd848ee3,Kavar Capital Partners / Douglas G & Kara L,Party,active,stefanie@kavarcapital.com,,stefanie@kavarcapital.com,,,"11460 Tomahawk Creek Parkway, Leawood, Kansas, 66211",Leawood,Kansas,United States,66211,0,,,,2026-05-08,2026-05-28,2026-06-01
"Block Real Estate Services, LLC",69fded1962446148bd848ee6,"Kawneer Company, Inc.",Party,active,angela.huey@arconic.com,,angela.huey@arconic.com,,,"555 Guthridge Court Northwest, Peachtree Corners, Georgia, 30092",Peachtree Corners,Georgia,United States,30092,0,,,,2026-05-08,2026-05-28,2026-06-01
"Block Real Estate Services, LLC",69fded1962446148bd848ee9,"KC Classic Auto, LLC",Party,active,contact@kcclassicauto.com,,contact@kcclassicauto.com,,,,,,,,0,,,,2026-05-08,2026-05-28,2026-06-01
"Block Real Estate Services, LLC",69fded1962446148bd848eec,KC Cocktail Company LLC,Party,active,hello@kccocktailco.com,,hello@kccocktailco.com,,,"8395 Melrose Drive, Lenexa, Kansas, 66214",Lenexa,Kansas,United States,66214,0,,,,2026-05-08,2026-05-28,2026-06-01
"Block Real Estate Services, LLC",69fded1962446148bd848eef,"The Dotte Spot / KC Smashers, LLC",Party,active,tysonross@kcsmashers.com,,tysonross@kcsmashers.com,,,"8123 Parallel Parkway, Kansas City, Kansas, 66112",Kansas City,Kansas,United States,66112,0,,,,2026-05-08,2026-05-28,2026-06-01
"Block Real Estate Services, LLC",69fded1962446148bd848ef2,"KGPCo / KGP Telecommunications, LLC",Party,active,kgpapdept@kgpco.com,,kgpapdept@kgpco.com,,,,,,,,0,,,,2026-05-08,2026-05-28,2026-06-01
"Block Real Estate Services, LLC",69fded1962446148bd848ef5,"Merry Maids 391 & 604 / Khaos, Inc.",Party,active,kimberly.hinkly@merrymaids.pro,,kimberly.hinkly@merrymaids.pro,,,"211 Southwest 33rd Street, Topeka, Kansas, 66611",Topeka,Kansas,United States,66611,0,,,,2026-05-08,2026-05-28,2026-06-01
"Block Real Estate Services, LLC",69fded1962446148bd848ef8,Salon Expose / Kim Medina,Party,active,salonexpose@gmail.com,,salonexpose@gmail.com,,,"10131 Roe Avenue, Overland Park, Kansas, 66207",Overland Park,Kansas,United States,66207,0,,,,2026-05-08,2026-05-28,2026-06-01
"Block Real Estate Services, LLC",69fded1962446148bd848efb,Knappco LLC,Party,active,cara.leist@opwglobal.com,,cara.leist@opwglobal.com,,,"9393 Princeton Glendale Road, Hamilton, Ohio, 45011",Hamilton,Ohio,United States,45011,0,,,,2026-05-08,2026-05-28,2026-06-01
"Block Real Estate Services, LLC",69fded1962446148bd848efe,Knapstein Design,Party,active,ingrid@knapsteindesign.com,,ingrid@knapsteindesign.com,,,"300 Westport Road, Kansas City, Missouri, 64111",Kansas City,Missouri,United States,64111,0,,,,2026-05-08,2026-05-28,2026-06-01
"Block Real Estate Services, LLC",69fded1962446148bd848f01,"KTI / Kruger Technologies, Inc.",Party,active,ojkruger@ktionline.com,,ojkruger@ktionline.com; scroy@bukatyagency.com,,,"8271 Melrose Drive, Overland Park, Kansas, 66214",Overland Park,Kansas,United States,66214,0,,,,2026-05-08,2026-05-28,2026-06-01
"Block Real Estate Services, LLC",69fded1962446148bd848f04,Ku Gynecology and Obstetrical Foundation - unit 200,Party,active,ginny.maschinot@cushwake.com,,ginny.maschinot@cushwake.com,,,"201 East 4th Street, Cincinnati, Ohio, 45202",Cincinnati,Ohio,United States,45202,0,,,,2026-05-08,2026-05-28,2026-06-01
"Block Real Estate Services, LLC",69fded1962446148bd848f07,LabCorp / Laboratory Corporation of America Holdings,Party,active,kahlk@labcorp.com,,kahlk@labcorp.com,,,"7777 Forest Lane, Dallas, Texas, 75230",Dallas,Texas,United States,75230,0,,,,2026-05-08,2026-05-28,2026-06-01
"Block Real Estate Services, LLC",69fded1962446148bd848f0a,Landers Visions LLC,Party,active,kristyn@landersvisions.com,,kristyn@landersvisions.com; service@avidityinsurance.com; cgrant@avidityinsurance.com; CTuso@CBIZ.com,,,"4114 Northwest Riverside Street, Riverside, Missouri, 64150",Riverside,Missouri,United States,64150,0,,,,2026-05-08,2026-05-28,2026-06-01
"Block Real Estate Services, LLC",69fded1962446148bd848f0d,Landmarc Environmental Systems LLC,Party,active,aplandmarc@lmenvsys.com,,aplandmarc@lmenvsys.com,,,"424 Northwest Business Park Lane, Riverside, Missouri, 64150",Riverside,Missouri,United States,64150,0,,,,2026-05-08,2026-05-28,2026-06-01
"Block Real Estate Services, LLC",69fded1962446148bd848f13,"LeafFilter North, LLC/Leaf Home Safety Solutions, LLC",Party,active,invoices@leafhomesafetysolutions.com,,invoices@leafhomesafetysolutions.com,,,"1595 Georgetown Road, Hudson, Ohio, 44236",Hudson,Ohio,United States,44236,0,,,,2026-05-08,2026-05-28,2026-06-01
"Block Real Estate Services, LLC",69fded1962446148bd848f16,LeafFilter North LLC,Party,active,invoices@leaffilter.com,,invoices@leaffilter.com,,,"1595 Georgetown Road, Hudson, Ohio, 44236",Hudson,Ohio,United States,44236,0,,,,2026-05-08,2026-05-28,2026-06-01
"Block Real Estate Services, LLC",69fded1962446148bd848f19,Legacy Restaurant Group LLC,Party,active,accounting@legacywendys.com,,accounting@legacywendys.com,,,,,,,,0,,,,2026-05-08,2026-05-28,2026-06-01
"Block Real Estate Services, LLC",69fded1962446148bd848f1c,Lenexa Manufacturing Company LLC,Party,active,amy@lenexamc.com,,amy@lenexamc.com; info@brushkc.com,,,"10854 Strang Line Road, Lenexa, Kansas, 66215",Lenexa,Kansas,United States,66215,0,,,,2026-05-08,2026-05-28,2026-06-01
"Block Real Estate Services, LLC",69fded1962446148bd848f1f,Leslie's Poolmart Inc,Party,active,leaseadmin@lesl.com,,leaseadmin@lesl.com; kim.was@cacspecialty.com; kyla.franklin@cacgroup.com; certificates@willis.com,,,,,,,,2,,,,2026-05-08,2026-05-28,2026-06-01
"Block Real Estate Services, LLC",69fded1962446148bd848f22,Life Assist Inc,Party,active,erika.avanova@life-assist.com,,erika.avanova@life-assist.com; tyla.b@foothillvalley.com,,,"11277 Sunrise Park Drive, Rancho Cordova, California, 95742",Rancho Cordova,California,United States,95742,0,,,,2026-05-08,2026-05-28,2026-06-01
"Block Real Estate Services, LLC",69fded1962446148bd848f25,Lightning Logistics,Party,active,Lightningdsp@gmail.com,,Lightningdsp@gmail.com; doug@trueguardinsurance.com,,,"608 Northwest Platte Valley Drive, Riverside, Missouri, 64150",Riverside,Missouri,United States,64150,0,,,,2026-05-08,2026-05-28,2026-06-01
"Block Real Estate Services, LLC",69fded1962446148bd848f28,Medical Midwest / Lincare,Party,active,kmcgucke@lincare.com,,kmcgucke@lincare.com,,,"19387 US Highway 19 North, Clearwater, Florida, 33764",Clearwater,Florida,United States,33764,0,,,,2026-05-08,2026-05-28,2026-06-01
"Block Real Estate Services, LLC",69fded1962446148bd848f2b,Gilded Chaos / Lindsay Kupper,Party,active,jujoustyle@gmail.com,,jujoustyle@gmail.com,,,"3408 Holmes Street, Kansas City, Missouri, 64109",Kansas City,Missouri,United States,64109,0,,,,2026-05-08,2026-05-28,2026-06-01
"Block Real Estate Services, LLC",69fded1962446148bd848f2e,Link Media Omaha LLC,Party,active,ap-omaha@linkmediaoutdoor.com,,ap-omaha@linkmediaoutdoor.com; csantos@siprisk.com,,,"4725 F Street, Omaha, Nebraska, 68117",Omaha,Nebraska,United States,68117,1,,,,2026-05-08,2026-05-28,2026-06-01
"Block Real Estate Services, LLC",69fded1962446148bd848f31,"Workforce Partnership / Local Workforce Investment Area, III (Vacating 5/31/26)",Party,active,accounting@workforcepartnership.com,,accounting@workforcepartnership.com,,,,,,,,0,,,,2026-05-08,2026-05-28,2026-06-01
"Block Real Estate Services, LLC",69fded1a62446148bd848f34,Long's Shotokan Karate Academy and Martial Arts LLC,Party,active,MtHand@comcast.net,,MtHand@comcast.net,,,"17501 U.S. 40, Steamboat Springs, Colorado, 80487",Steamboat Springs,Colorado,United States,80487,0,,,,2026-05-08,2026-05-28,2026-06-01
"Block Real Estate Services, LLC",69fded1a62446148bd848f37,"Mobile Air And Power / Resolute Industrial, LLC (sublease from Loomis Armored Services)",Party,active,realestate@us.loomis.com,,realestate@us.loomis.com,,,"2500 CityWest Boulevard, Houston, Texas, 77042",Houston,Texas,United States,77042,0,,,,2026-05-08,2026-05-28,2026-06-01
"Block Real Estate Services, LLC",69fded1a62446148bd848f3a,"Lynk, Inc.",Party,active,jchastain@lynkinc.com,,jchastain@lynkinc.com,,,"8241 Melrose Drive, Overland Park, Kansas, 66214",Overland Park,Kansas,United States,66214,0,,,,2026-05-08,2026-05-28,2026-06-01
"Block Real Estate Services, LLC",69fded1a62446148bd848f3d,Mactan Asian Market / Steve Shatto,Party,active,shatto259@aol.com,,shatto259@aol.com; support@teaminsurance.com,,,,,,,,3,,,,2026-05-08,2026-05-28,2026-06-01
"Block Real Estate Services, LLC",69fded1a62446148bd848f40,Magic Kitchen Inc,Party,active,greg@magickitchen.com,,greg@magickitchen.com; mikep@prevotassociates.com; contact@PrevotAssociates.com,,,"11310 West 80th Street, Lenexa, Kansas, 66214",Lenexa,Kansas,United States,66214,0,,,,2026-05-08,2026-05-28,2026-06-01
"Block Real Estate Services, LLC",69fded1a62446148bd848f43,Magnum Systems Inc,Party,active,aweil@magnumsystems.com,,aweil@magnumsystems.com,,,"2205 Jothi Avenue, Parsons, Kansas, 67357",Parsons,Kansas,United States,67357,0,,,,2026-05-08,2026-05-28,2026-06-01
"Block Real Estate Services, LLC",69fded1a62446148bd848f46,Magvia Percussion LLC,Party,active,bill@wfliiidrums.com,,bill@wfliiidrums.com,,,"10323 West 84th Terrace, Overland Park, Kansas, 66214",Overland Park,Kansas,United States,66214,0,,,,2026-05-08,2026-05-28,2026-06-01
"Block Real Estate Services, LLC",69fded1a62446148bd848f49,Mainland Valuation Services,Party,active,,,,,,"340 Lake Shore Drive, Lake Quivira, Kansas, 66217",Lake Quivira,Kansas,United States,66217,0,,,,2026-05-08,2026-05-08,2026-06-01
"Block Real Estate Services, LLC",69fded1a62446148bd848f4c,"Shoot 360 / Mambas Basketball Academy, LLC",Party,active,accounting@shoot360kansascity.com,,accounting@shoot360kansascity.com,,,,,,,,0,,,,2026-05-08,2026-05-28,2026-06-01
"Block Real Estate Services, LLC",69fded1a62446148bd848f52,Manna Pro Products LLC,Party,active,companainvoicecapture@concursolutions.com,,companainvoicecapture@concursolutions.com,,,"707 Spirit 40 Park Drive, Chesterfield, Missouri, 63005",Chesterfield,Missouri,United States,63005,0,,,,2026-05-08,2026-05-28,2026-06-01
"Block Real Estate Services, LLC",69fded1a62446148bd848f55,"Bistro / Marcie, Inc.",Party,active,bistro303@aol.com,,bistro303@aol.com; dyork@farmersagent.com,,,"303 Westport Road, Kansas City, Missouri, 64111",Kansas City,Missouri,United States,64111,0,,,,2026-05-08,2026-05-28,2026-06-01
"Block Real Estate Services, LLC",69fded1a62446148bd848f58,Marcon Marketing Concepts Inc,Party,active,Tcallahan@marcon-marketing.com,,Tcallahan@marcon-marketing.com; certs@imacorp.com; businessproductsdirect@sentry.com; Taylor.Markey@imacorp.com,,,"500 Northwest Platte Valley Drive, Riverside, Missouri, 64150",Riverside,Missouri,United States,64150,0,,,,2026-05-08,2026-05-28,2026-06-01
"Block Real Estate Services, LLC",69fded1a62446148bd848f5b,"Marel, USA",Party,active,US.AP.Inquiries@marel.com,,US.AP.Inquiries@marel.com,,,"1024 Airport Parkway, Gainesville, Georgia, 30501",Gainesville,Georgia,United States,30501,0,,,,2026-05-08,2026-05-28,2026-06-01
"Block Real Estate Services, LLC",69fded1a62446148bd848f5e,"Mariner Wealth Advisors / Mariner Holdings, LLC",Party,active,accountspayable@marinerwealth.com,,accountspayable@marinerwealth.com,,,,,,,,0,,,,2026-05-08,2026-05-28,2026-06-01
"Block Real Estate Services, LLC",69fded1a62446148bd848f61,"Blue Endo / Market-tiers, Inc.",Party,active,k.sommer@blueendo.com,,k.sommer@blueendo.com; Tina_Meyers@ajg.com,,,"8097 Flint Street, Lenexa, Kansas, 66214",Lenexa,Kansas,United States,66214,0,,,,2026-05-08,2026-05-28,2026-06-01
"Block Real Estate Services, LLC",69fded1a62446148bd848f64,Martinrea Riverside LLC,Party,active,Riverside.AP@martinrea.com,,Riverside.AP@martinrea.com,,,"5233 Northwest 41st Street, Riverside, Missouri, 64150",Riverside,Missouri,United States,64150,0,,,,2026-05-08,2026-05-28,2026-06-01
"Block Real Estate Services, LLC",69fded1a62446148bd848f67,Massage Envy,Party,active,jenmeents@gmail.com,,jenmeents@gmail.com,,,"12927 South Widmer Street, Olathe, Kansas, 66062",Olathe,Kansas,United States,66062,0,,,,2026-05-08,2026-05-28,2026-06-01
"Block Real Estate Services, LLC",69fded1a62446148bd848f6d,Mattress Firm Inc,Party,active,LeaseAdmin@MFRM.com,,LeaseAdmin@MFRM.com; request@sterlingrisk.com,,,"3250 Briarpark Drive, Houston, Texas, 77042",Houston,Texas,United States,77042,1,,,,2026-05-08,2026-05-31,2026-06-01
"Block Real Estate Services, LLC",69fded1a62446148bd848f70,"Mavs Volleyball / MAVS, LLC",Party,active,bryan@mavskc.com,,bryan@mavskc.com,,,,,,,,0,,,,2026-05-08,2026-05-28,2026-06-01
"Block Real Estate Services, LLC",69fded1a62446148bd848f73,MAWD Pathology Group P.A.,Party,active,bbartz@mawdpathology.com,,bbartz@mawdpathology.com; HUB-KC.Certificates@HUBInternational.com,,,"14425 College Boulevard, Lenexa, Kansas, 66215",Lenexa,Kansas,United States,66215,0,,,,2026-05-08,2026-05-31,2026-06-01
"Block Real Estate Services, LLC",69fded1a62446148bd848f76,MB Properties LLC,Party,active,CCMS.Rents@clearchoice.com,,CCMS.Rents@clearchoice.com,,,"8350 East Crescent Parkway, Greenwood Village, Colorado, 80111",Greenwood Village,Colorado,United States,80111,0,,,,2026-05-08,2026-05-28,2026-06-01
"Block Real Estate Services, LLC",69fded1a62446148bd848f79,MC Flooring LLC,Party,active,smonnier@mcflooringkc.com,,smonnier@mcflooringkc.com,,,,,,,,0,,,,2026-05-08,2026-05-28,2026-06-01
"Block Real Estate Services, LLC",69fded1a62446148bd848f7c,McClure Engineering Company,Party,active,jolson@mecresults.com,,jolson@mecresults.com; msunnes@holmesmurphy.com; ahampsher@holmesmurphy.com,,,"1360 Northwest 121st Street, Clive, Iowa, 50325",Clive,Iowa,United States,50325,0,,,,2026-05-08,2026-05-28,2026-06-01
"Block Real Estate Services, LLC",69fded1a62446148bd848f82,McQuaid Brothers Remodeling,Party,active,Sandy@mcquaid-brothers.com,,Sandy@mcquaid-brothers.com,,,"7927 Bond Street, Overland Park, Kansas, 66214",Overland Park,Kansas,United States,66214,0,,,,2026-05-08,2026-05-28,2026-06-01
"Block Real Estate Services, LLC",69fded1a62446148bd848f85,"McShane & Brady, LLC",Party,active,garrett.oriley@ggadvisorskc.com,,garrett.oriley@ggadvisorskc.com,,,,,,,,0,,,,2026-05-08,2026-05-28,2026-06-01
"Block Real Estate Services, LLC",69fded1b62446148bd848f88,"Mechanical Sales Midwest, Inc",Party,active,apovhdinvoice@mechsales.com,,apovhdinvoice@mechsales.com; christina.perkins@fnicgroup.com,,,"7222 South 142 Street, Omaha, Nebraska, 68138",Omaha,Nebraska,United States,68138,0,,,,2026-05-08,2026-05-28,2026-06-01
"Block Real Estate Services, LLC",69fded1b62446148bd848f8b,"Med Resources, Inc.",Party,active,dwendelin@delmargardens.com,,dwendelin@delmargardens.com,,,"14805 North Outer 40 Road, Chesterfield, Missouri, 63017",Chesterfield,Missouri,United States,63017,0,,,,2026-05-08,2026-05-28,2026-06-01
"Block Real Estate Services, LLC",69fded1b62446148bd848f8e,Medical Missions Foundation,Party,active,dan@medicalmissionsfoundation.org,,dan@medicalmissionsfoundation.org,,,,,,,,0,,,,2026-05-08,2026-05-28,2026-06-01
"Block Real Estate Services, LLC",69fded1b62446148bd848f91,Medical Technology Associates Inc,Party,active,jimf@mtausa.com,,jimf@mtausa.com,,,"6651 102nd Avenue North, Pinellas Park, Florida, 33782",Pinellas Park,Florida,United States,33782,0,,,,2026-05-08,2026-05-28,2026-06-01
"Block Real Estate Services, LLC",69fded1b62446148bd848f94,"Mr. Handy Man / Melcar Enterprises (fka Stagg Enterprises, LLC)",Party,active,randy.seever@mrhandyman.com,,randy.seever@mrhandyman.com,,,,,,,,0,,,,2026-05-08,2026-05-28,2026-06-01
"Block Real Estate Services, LLC",69fded1b62446148bd848f97,"Melcher Investment Company, LP",Party,active,harold@hsmelcher.com,,harold@hsmelcher.com; Mary_Galvan@ajg.com,,,"800 West 47th Street, Kansas City, Missouri, 64112",Kansas City,Missouri,United States,64112,0,,,,2026-05-08,2026-05-28,2026-06-01
"Block Real Estate Services, LLC",69fded1b62446148bd848f9a,"510 Counseling Group / Melissa Winston, LLC",Party,active,melissa@510counseling.com,,melissa@510counseling.com,,,"1406 Southwest Eagles Parkway, Grain Valley, Missouri, 64029",Grain Valley,Missouri,United States,64029,0,,,,2026-05-08,2026-05-31,2026-06-01
"Block Real Estate Services, LLC",69fded1b62446148bd848f9d,"Salom Asian Market / Men Sui and Naa Aung, Wife and Husband",Party,active,vanceuling17@gmail.com,,vanceuling17@gmail.com,,,"2611 North 82nd Terrace, Kansas City, Kansas, 66109",Kansas City,Kansas,United States,66109,0,,,,2026-05-08,2026-05-28,2026-06-01
"Block Real Estate Services, LLC",69fded1b62446148bd848fa0,Chabad of Leawood / Merkos Linyonci Chinuch of Kansas,Party,active,rabbimendy@kansasjewish.com,,rabbimendy@kansasjewish.com,,,"5051 West 134th Street, Leawood, Kansas, 66209",Leawood,Kansas,United States,66209,0,,,,2026-05-08,2026-05-28,2026-06-01
"Block Real Estate Services, LLC",69fded1b62446148bd848fa3,"Metro Spine & Rehab, P.A.",Party,active,amy@metrospine.com,,amy@metrospine.com; mdunn@bukatyagency.com,,,"10777 Nall Avenue, Overland Park, Kansas, 66211",Overland Park,Kansas,United States,66211,0,,,,2026-05-08,2026-05-28,2026-06-01
"Block Real Estate Services, LLC",69fded1b62446148bd848fa6,MicroProtein Technologies Inc,Party,active,sandeep@mptbiotechs.com,,sandeep@mptbiotechs.com; ann@carpcomp.com,,,"10405 West 84th Terrace, Lenexa, Kansas, 66214",Lenexa,Kansas,United States,66214,0,,,,2026-05-08,2026-05-28,2026-06-01
"Block Real Estate Services, LLC",69fded1b62446148bd848fa9,Midland Exteriors LLC,Party,active,danielle@midlandexteriors.com,,danielle@midlandexteriors.com,,,"8226 South Port Drive, Manhattan, Kansas, 66502",Manhattan,Kansas,United States,66502,0,,,,2026-05-08,2026-05-28,2026-06-01
"Block Real Estate Services, LLC",69fded1b62446148bd848fac,"Midland Steel Erection, LLC",Party,active,accounting@midlandsteelerection.com,,accounting@midlandsteelerection.com; HUB-KC.Certificates@HUBInternational.com,,,"Wathena, Kansas, 66090",Wathena,Kansas,United States,66090,0,,,,2026-05-08,2026-05-28,2026-06-01
"Block Real Estate Services, LLC",69fded1b62446148bd848faf,"Midwest Administrative Services, LLC (fka Fail-Safe Product Protection, Inc.) (Vacating 6/30/26)",Party,active,rreusch@mwadminsvcs.com,,rreusch@mwadminsvcs.com; tmayfiel@amfam.com,,,"8321 Melrose Drive, Overland Park, Kansas, 66214",Overland Park,Kansas,United States,66214,1,,,,2026-05-08,2026-05-28,2026-06-01
"Block Real Estate Services, LLC",69fded1b62446148bd848fb2,Midwest Dance Center / Priscilla Lea Young,Party,active,tedpris2017@gmail.com,,tedpris2017@gmail.com; contact@hiscox.com,,,"1430 Southwest Eagles Parkway, Grain Valley, Missouri, 64029",Grain Valley,Missouri,United States,64029,0,,,,2026-05-08,2026-05-28,2026-06-01
"Block Real Estate Services, LLC",69fded1b62446148bd848fb8,MIdwest Model Railroad LLC,Party,active,stephen.atwell@midwestmodelrr.com,,stephen.atwell@midwestmodelrr.com,,,"400 Fort Washington Avenue, New York, New York, 10033",New York,New York,United States,10033,0,,,,2026-05-08,2026-05-28,2026-06-01
"Block Real Estate Services, LLC",69fded1b62446148bd848fbb,"Midwest Vacuums / Cast, Inc.",Party,active,tdegondea@trovac.com,,tdegondea@trovac.com,,,"1628 Hanover Lane, Raymore, Missouri, 64083",Raymore,Missouri,United States,64083,0,,,,2026-05-08,2026-05-28,2026-06-01
"Block Real Estate Services, LLC",69fded1b62446148bd848fbe,"Mills Record Company / Mills Records, LLC",Party,active,millsrecordcompany@gmail.com,,millsrecordcompany@gmail.com,,,"4045 Broadway Boulevard, Kansas City, Missouri, 64111",Kansas City,Missouri,United States,64111,0,,,,2026-05-08,2026-05-28,2026-06-01
"Block Real Estate Services, LLC",69fded1b62446148bd848fc1,"Ingersol Rand / Milton Roy, LLC",Party,active,acctsPay@miltonroy.com,,acctsPay@miltonroy.com,,,"201 Ivyland Road, Ivyland, Pennsylvania, 18974",Ivyland,Pennsylvania,United States,18974,0,,,,2026-05-08,2026-05-28,2026-06-01
"Block Real Estate Services, LLC",69fded1b62446148bd848fc4,"Mindful Child Wellness + Aeriel Yoga, LLC",Party,active,drtracyldaniel@gmail.com,,drtracyldaniel@gmail.com,,,,,,,,0,,,,2026-05-08,2026-05-28,2026-06-01
"Block Real Estate Services, LLC",69fded1b62446148bd848fc7,Miner Ltd,Party,active,Joy.Delarosa@MinerCorp.com,,Joy.Delarosa@MinerCorp.com; OnPointCertificates@Hylant.com,,,,,,,,1,,,,2026-05-08,2026-05-28,2026-06-01
"Block Real Estate Services, LLC",69fded1b62446148bd848fca,"Wingstop / Missouri Wings XIV, LLC",Party,active,ap@sa-wings.com,,ap@sa-wings.com; MGray@Higginbotham.com,,,"18803 Meisner Drive, San Antonio, Texas, 78258",San Antonio,Texas,United States,78258,1,,,,2026-05-08,2026-05-28,2026-06-01
"Block Real Estate Services, LLC",69fded1b62446148bd848fcd,Mitchell Capital Management Company,Party,active,bjr@mitchcap.com,,bjr@mitchcap.com; ann@carpcomp.com,,,"11460 Tomahawk Creek Parkway, Leawood, Kansas, 66211",Leawood,Kansas,United States,66211,0,,,,2026-05-08,2026-05-28,2026-06-01
"Block Real Estate Services, LLC",69fded1b62446148bd848fd0,"Pride Cleaners / MJV-A, LLC",Party,active,gsobbe@pridecleaners.com,,gsobbe@pridecleaners.com,,,"121 Route 291, Lee's Summit, Missouri, 64063",Lee's Summit,Missouri,United States,64063,0,,,,2026-05-08,2026-05-28,2026-06-01
"Block Real Estate Services, LLC",69fded1b62446148bd848fd3,Mohawk Carpet Distributio,Party,active,lease.administration@daltile.com,,lease.administration@daltile.com,,,"7834 C F Hawn Freeway, Dallas, Texas, 75217",Dallas,Texas,United States,75217,3,,,,2026-05-08,2026-05-29,2026-06-01
"Block Real Estate Services, LLC",69fded1b62446148bd848fd6,Moncayo Legal LLC,Party,active,danielle@moncayolegal.com,,danielle@moncayolegal.com,,,"12755 South Mur-Len Road, Olathe, Kansas, 66062",Olathe,Kansas,United States,66062,0,,,,2026-05-08,2026-05-28,2026-06-01
"Block Real Estate Services, LLC",69fded1b62446148bd848fd9,Moncom LLC,Party,active,Steve.Monoky@Moncom.com,,Steve.Monoky@Moncom.com,,,"17 Smallwood Court, Evesham, New Jersey, 08053",Evesham,New Jersey,United States,08053,0,,,,2026-05-08,2026-05-28,2026-06-01
"Block Real Estate Services, LLC",69fded1c62446148bd848fdc,Monte Cook Games LLC,Party,active,tammie@montecookgames.com,,tammie@montecookgames.com,,,"8920 West 126th Street, Overland Park, Kansas, 66213",Overland Park,Kansas,United States,66213,0,,,,2026-05-08,2026-05-28,2026-06-01
"Block Real Estate Services, LLC",69fded1c62446148bd848fdf,"Munch's Supply O'Connor LLC / O'Connor Company, Inc.",Party,active,accountspayable@oconnorhvac.com,,accountspayable@oconnorhvac.com,,,,,,,,0,,,,2026-05-08,2026-05-28,2026-06-01
"Block Real Estate Services, LLC",69fded1c62446148bd848fe2,"National Vision, Inc",Party,active,NationalVisionLA@CushWake.com,,NationalVisionLA@CushWake.com; Beth.Couvillon@MarshMMA.com,,,"Town and Country, Missouri",Town and Country,Missouri,United States,,1,,,,2026-05-08,2026-05-28,2026-06-01
"Block Real Estate Services, LLC",69fded1c62446148bd848fe5,Nationwide Life and Benefits Insurance Company / Nationwide (fka Allstate Insurance and National General Management Corp.),Party,active,rentinquiry@allstate.com,,rentinquiry@allstate.com,,,"3100 Sanders Road, Northbrook, Illinois, 60062",Northbrook,Illinois,United States,60062,0,,,,2026-05-08,2026-05-28,2026-06-01
"Block Real Estate Services, LLC",69fded1c62446148bd848fe8,"Prosperity Partners / NDH Advisors, LLC (fka Mariner Group, LLC & Stratus Group, LLC)",Party,active,ccallahan@ndhcpa.com,,ccallahan@ndhcpa.com,,,"11300 Tomahawk Creek Parkway, Leawood, Kansas, 66211",Leawood,Kansas,United States,66211,0,,,,2026-05-08,2026-05-28,2026-06-01
"Block Real Estate Services, LLC",69fded1c62446148bd848feb,Neenan Company,Party,active,jneenan@neenan-company.com,,jneenan@neenan-company.com,,,"5701 Blue Parkway, Kansas City, Missouri, 64130",Kansas City,Missouri,United States,64130,0,,,,2026-05-08,2026-05-28,2026-06-01
"Block Real Estate Services, LLC",69fded1c62446148bd848fee,"Creche Innovations / Neonatal Product Group, Inc.",Party,active,thash@crecheinnovations.com,,thash@crecheinnovations.com,,,"8045 Bond Street, Lenexa, Kansas, 66214",Lenexa,Kansas,United States,66214,0,,,,2026-05-08,2026-05-28,2026-06-01
"Block Real Estate Services, LLC",69fded1c62446148bd848ff1,Nestle Purina PetCare Co.,Party,active,davenportaccountspayable@purina.nestle.com,,davenportaccountspayable@purina.nestle.com,,,"607 Schmidt Road, Davenport, Iowa, 52802",Davenport,Iowa,United States,52802,0,,,,2026-05-08,2026-05-28,2026-06-01
"Block Real Estate Services, LLC",69fded1c62446148bd848ff4,Netsmart Technologies Inc,Party,active,AP@ntst.com,,AP@ntst.com,,,,,,,,0,,,,2026-05-08,2026-05-28,2026-06-01
"Block Real Estate Services, LLC",69fded1c62446148bd848ff7,New Century Dodge Chrysler Wholesale Parts,Party,active,tinab@newcenturycdjr.com,,tinab@newcenturycdjr.com; robyn@elliottinsurancegroup.com; Brock@elliottinsurancegroup.com; nick@elliottinsurancegroup.com; Becky@elliottinsurancegroup.com; op@elliottinsurancegroup.com,,,"807 Baptiste Drive, Paola, Kansas, 66071",Paola,Kansas,United States,66071,1,,,,2026-05-08,2026-05-28,2026-06-01
"Block Real Estate Services, LLC",69fded1c62446148bd848ffa,New China Super Buffet,Party,active,yotodine@yahoo.com,,yotodine@yahoo.com,,,,,,,,1,,,,2026-05-08,2026-05-29,2026-06-01
"Block Real Estate Services, LLC",69fded1c62446148bd848ffd,"New Cingular Wireless PCS, LLC",Party,active,G05055@att.com,,G05055@att.com,,,"AT&T Way, Bedminster, New Jersey, 07921",Bedminster,New Jersey,United States,07921,0,,,,2026-05-08,2026-05-28,2026-06-01
"Block Real Estate Services, LLC",69fded1c62446148bd849000,New Lawn LLC,Party,active,office@newlawnkc.com,,office@newlawnkc.com,,,"19602 West 198th Terrace, Spring Hill, Kansas, 66083",Spring Hill,Kansas,United States,66083,0,,,,2026-05-08,2026-05-28,2026-06-01
"Block Real Estate Services, LLC",69fded1c62446148bd849003,New Nail & Spa,Party,active,Victorbui12301971@gmail.com,,Victorbui12301971@gmail.com,,,,,,,,0,,,,2026-05-08,2026-05-28,2026-06-01
"Block Real Estate Services, LLC",69fded1c62446148bd849006,New York Air Brake Co,Party,active,Kathy.McGowan@nyab.com,,Kathy.McGowan@nyab.com,,,"748 Starbuck Avenue, Watertown, New York, 13601",Watertown,New York,United States,13601,0,,,,2026-05-08,2026-05-28,2026-06-01
"Block Real Estate Services, LLC",69fded1c62446148bd849009,Nextaff Group LLC,Party,active,accounting@nextaff.com,,accounting@nextaff.com,,,"11101 Switzer Road, Overland Park, Kansas, 66210",Overland Park,Kansas,United States,66210,0,,,,2026-05-08,2026-05-28,2026-06-01
"Block Real Estate Services, LLC",69fded1c62446148bd84900c,"Nexus Medical, LLC",Party,active,apinvoices@nexusmedical.com,,apinvoices@nexusmedical.com,,,"11313 Strang Line Road, Lenexa, Kansas, 66215",Lenexa,Kansas,United States,66215,0,,,,2026-05-08,2026-05-28,2026-06-01
"Block Real Estate Services, LLC",69fded1c62446148bd84900f,Nifty Promotions LLC,Party,active,cindy@niftypromos.com,,cindy@niftypromos.com,,,,,,,,0,,,,2026-05-08,2026-05-28,2026-06-01
"Block Real Estate Services, LLC",69fded1c62446148bd849012,"Pirtek / Norris Ventures, LLC",Party,active,lnorris@pirtekkck.com,,lnorris@pirtekkck.com,,,"10176 South Highland Lane, Olathe, Kansas, 66061",Olathe,Kansas,United States,66061,0,,,,2026-05-08,2026-05-28,2026-06-01
"Block Real Estate Services, LLC",69fded1c62446148bd849015,O' Reilly Automotive,Party,active,rkinder3@oreillyauto.com,,rkinder3@oreillyauto.com,,,"7712 Wornall Road, Kansas City, Missouri, 64114",Kansas City,Missouri,United States,64114,0,,,,2026-05-08,2026-05-28,2026-06-01
"Block Real Estate Services, LLC",69fded1c62446148bd849018,Office Depot,Party,active,Niurka.Guerra@theodpcorp.com,,Niurka.Guerra@theodpcorp.com,,,,,,,,0,,,,2026-05-08,2026-05-28,2026-06-01
"Block Real Estate Services, LLC",69fded1c62446148bd84901b,"Office Max, Inc #472",Party,active,kelly.dossantos@officedepot.com,,kelly.dossantos@officedepot.com,,,"6600 North Military Trail, Boca Raton, Florida, 33496",Boca Raton,Florida,United States,33496,0,,,,2026-05-08,2026-05-28,2026-06-01
"Block Real Estate Services, LLC",69fded1c62446148bd84901e,Old National Bank (fka First Midwest Bank ),Party,active,invoices@oldnational.com,,invoices@oldnational.com; holly_kealy@ajg.com,,,"8750 West Bryn Mawr Avenue, Chicago, Illinois, 60631",Chicago,Illinois,United States,60631,0,,,,2026-05-08,2026-05-28,2026-06-01
"Block Real Estate Services, LLC",69fded1c62446148bd849021,Olivia Wang,Party,active,wyun2012@yahoo.com,,wyun2012@yahoo.com,,,"15209 West 132nd Place, Olathe, Kansas, 66062",Olathe,Kansas,United States,66062,0,,,,2026-05-08,2026-05-28,2026-06-01
"Block Real Estate Services, LLC",69fded1c62446148bd849024,Ollie's Bargain Outlet Inc,Party,active,leaseadmin@ollies.us,,leaseadmin@ollies.us,,,"6295 Allentown Boulevard, Harrisburg, Pennsylvania, 17112",Harrisburg,Pennsylvania,United States,17112,0,,,,2026-05-08,2026-05-28,2026-06-01
"Block Real Estate Services, LLC",69fded1c62446148bd849027,OMB Bank,Party,active,s.ruggles@ombbank.com,,s.ruggles@ombbank.com; amccord@nixonins.com,,,"3110 South Delaware Avenue, Springfield, Missouri, 65804",Springfield,Missouri,United States,65804,1,,,,2026-05-08,2026-05-28,2026-06-01
"Block Real Estate Services, LLC",69fded1c62446148bd84902a,OneDigital Borrower LLC,Party,active,OPofficemanagement@onedigital.com,,OPofficemanagement@onedigital.com,,,,,,,,0,,,,2026-05-08,2026-05-28,2026-06-01
"Block Real Estate Services, LLC",69fded1c62446148bd84902d,"Ocean Prime / OPKC, LLC",Party,active,OPKCinvoices@cameronmitchell.com,,OPKCinvoices@cameronmitchell.com,,,,,,,,0,,,,2026-05-08,2026-05-28,2026-06-01
"Block Real Estate Services, LLC",69fded1d62446148bd849030,"Walgreens / Option Care Enterprises, Inc.",Party,active,optioncare@askpsg.com,,optioncare@askpsg.com,,,"3000 Lakeside Drive, Bannockburn, Illinois, 60015",Bannockburn,Illinois,United States,60015,0,,,,2026-05-08,2026-05-28,2026-06-01
"Block Real Estate Services, LLC",69fded1d62446148bd849033,O'Reilly Automotive,Party,active,CAMauditMidwest@oreillyauto.com,,CAMauditMidwest@oreillyauto.com,,,"Springfield, Missouri, 65801",Springfield,Missouri,United States,65801,0,,,,2026-05-08,2026-05-28,2026-06-01
"Block Real Estate Services, LLC",69fded1d62446148bd849036,Orkin LLC,Party,active,branch788@rollins.com,,branch788@rollins.com; realestateadmin@rollins.com,,,"2710 Piedmont Road Northeast, Atlanta, Georgia, 30305",Atlanta,Georgia,United States,30305,0,,,,2026-05-08,2026-05-28,2026-06-01
"Block Real Estate Services, LLC",69fded1d62446148bd849039,Orscheln Farm & Home LLC,Party,active,leaseadmin@tractorsupply.com,,leaseadmin@tractorsupply.com,,,"5401 Virginia Way, Brentwood, Tennessee, 37027",Brentwood,Tennessee,United States,37027,0,,,,2026-05-08,2026-05-28,2026-06-01
"Block Real Estate Services, LLC",69fded1d62446148bd84903c,Orscheln Farm and Home LLC,Party,active,dmattox@orscheln.com,,dmattox@orscheln.com,,,"1800 Overcenter Drive, Moberly, Missouri, 65270",Moberly,Missouri,United States,65270,0,,,,2026-05-08,2026-05-28,2026-06-01
"Block Real Estate Services, LLC",69fded1d62446148bd84903f,"OUTFRONT Media, LLC / Gannett Outdoor Co., Inc.",Party,active,kyle.yancik@outfrontmedia.com,,kyle.yancik@outfrontmedia.com,,,"2459 Summit Street, Kansas City, Missouri, 64108",Kansas City,Missouri,United States,64108,0,,,,2026-05-08,2026-05-28,2026-06-01
"Block Real Estate Services, LLC",69fded1d62446148bd849042,"Oz Accommodations, Inc.",Party,active,finance@aplacelikehome.com,,finance@aplacelikehome.com; Ihervey@johnstonfiss.com,,,,,,,,2,,,,2026-05-08,2026-05-28,2026-06-01
"Block Real Estate Services, LLC",69fded1d62446148bd849045,Downtown Liquor / P & S Investment LLC,Party,active,bigdavedowntownliquior@gmail.com,,bigdavedowntownliquior@gmail.com,,,"13828 South Hallet Street, Olathe, Kansas, 66062",Olathe,Kansas,United States,66062,0,,,,2026-05-08,2026-05-28,2026-06-01
"Block Real Estate Services, LLC",69fded1d62446148bd849048,"P1 Group / P1 Service, LLC",Party,active,kdavis@p1-service.com,,kdavis@p1-service.com,,,,,,,,0,,,,2026-05-08,2026-05-28,2026-06-01
"Block Real Estate Services, LLC",69fded1d62446148bd84904b,Pacific Dental Services Inc,Party,active,risk@pdshealth.com,"Pacific Dental Services, LLC",risk@pdshealth.com; kyawna.hunter@pdshealth.com,,,"2460 Paseo Verde Parkway, Henderson, Nevada, 89074",Henderson,Nevada,United States,89074,0,,,,2026-05-08,2026-05-28,2026-06-01
"Block Real Estate Services, LLC",69fded1d62446148bd84904e,Pack3000 LLC,Party,active,Samuel.weder@pack3000.com,,Samuel.weder@pack3000.com,,,"460 Northwest Parkway Drive, Riverside, Missouri, 64150",Riverside,Missouri,United States,64150,0,,,,2026-05-08,2026-05-28,2026-06-01
"Block Real Estate Services, LLC",69fded1d62446148bd849051,"Hydro Ponics / River Market Hydro / Palm Green, LLC",Party,active,bennie@rivermarkethydro.com,,bennie@rivermarkethydro.com,,,"17501 East 40th Terrace South, Independence, Missouri, 64055",Independence,Missouri,United States,64055,0,,,,2026-05-08,2026-05-28,2026-06-01
"Block Real Estate Services, LLC",69fded1d62446148bd849054,Papa's Partners LLC,Party,active,melissas@mitchellinfo.com,,melissas@mitchellinfo.com,,,"15800 Boones Ferry Road, Lake Oswego, Oregon, 97035",Lake Oswego,Oregon,United States,97035,0,,,,2026-05-08,2026-05-28,2026-06-01
"Block Real Estate Services, LLC",69fded1d62446148bd849057,"W + D North America, Inc. / Paper Converting Machine Corporation/BW Converting",Party,active,jamie.brantley@bwconverting.com,,jamie.brantley@bwconverting.com,,,"11300 West 80th Street, Lenexa, Kansas, 66214",Lenexa,Kansas,United States,66214,0,,,,2026-05-08,2026-05-28,2026-06-01
"Block Real Estate Services, LLC",69fded1d62446148bd84905a,Park Hill Alano Club,Party,active,parkhillalano@gmail.com,,parkhillalano@gmail.com,,,"216 Northwest Business Park Lane, Riverside, Missouri, 64150",Riverside,Missouri,United States,64150,0,,,,2026-05-08,2026-05-28,2026-06-01
"Block Real Estate Services, LLC",69fded1d62446148bd84905d,Parker Americas Inc,Party,active,accounts.payable@parker-us.com,,accounts.payable@parker-us.com,,,"8485 Prospect Avenue, Kansas City, Missouri, 64132",Kansas City,Missouri,United States,64132,0,,,,2026-05-08,2026-05-28,2026-06-01
"Block Real Estate Services, LLC",69fded1d62446148bd849060,Parris Communications,Party,active,rholmes@parriscommunications.com,,rholmes@parriscommunications.com; sgerber@gerberinsgroup.com,,,"4622 Pennsylvania Avenue, Kansas City, Missouri, 64112",Kansas City,Missouri,United States,64112,2,,,,2026-05-08,2026-05-28,2026-06-01
"Block Real Estate Services, LLC",69fded1d62446148bd849063,Parvin Laundry LLC,Party,active,brooks.t.derrick@gmail.com,,brooks.t.derrick@gmail.com; brenda.l.pardo.we6i@statefarm.com,,,"2601 North 8th Street, Kansas City, Kansas, 66101",Kansas City,Kansas,United States,66101,0,,,,2026-05-08,2026-05-28,2026-06-01
"Block Real Estate Services, LLC",69fded1d62446148bd849066,Paycom Payroll LLC,Party,active,accountspayable@paycomonline.com,,accountspayable@paycomonline.com,,,,,,,,0,,,,2026-05-08,2026-05-28,2026-06-01
"Block Real Estate Services, LLC",69fded1d62446148bd849069,PCG Wealth Management LLC,Party,active,akurth@lpl.com,,akurth@lpl.com,,,"5700 West 112th Street, Overland Park, Kansas, 66211",Overland Park,Kansas,United States,66211,0,,,,2026-05-08,2026-05-28,2026-06-01
"Block Real Estate Services, LLC",69fded1d62446148bd84906c,Pennsylvania Tool Sales and Service Inc,Party,active,jfrank@penntss.com,,jfrank@penntss.com; mso@babbins.com; smccamon@mccamonhunt.com,,,"601 Northwest Business Park Lane, Riverside, Missouri, 64150",Riverside,Missouri,United States,64150,1,,,,2026-05-08,2026-05-28,2026-06-01
"Block Real Estate Services, LLC",69fded1d62446148bd84906f,Penske Truck Leasing Co LP,Party,active,emily.maples@penske.com,,emily.maples@penske.com,,,"Reading, Pennsylvania, 19603",Reading,Pennsylvania,United States,19603,0,,,,2026-05-08,2026-05-28,2026-06-01
"Block Real Estate Services, LLC",69fded1d62446148bd849072,People First Network of Kansas LLC,Party,active,kathycrockettpfn@gmail.com,,kathycrockettpfn@gmail.com; kccarrieraccess@assuredpartners.com,,,"Kansas, 66203",,Kansas,United States,66203,1,,,,2026-05-08,2026-05-28,2026-06-01
"Block Real Estate Services, LLC",69fded1d62446148bd849075,"Pine Ridge Management Office & BMS / PERG Buildings, LLC",Party,active,imccullough@blockllc.com,,imccullough@blockllc.com,,,"Kansas City, Missouri, 64112",Kansas City,Missouri,United States,64112,0,,,,2026-05-08,2026-05-28,2026-06-01
"Block Real Estate Services, LLC",69fded1d62446148bd849078,"PERG Buildings, LLC",Party,active,imccullough@blockllc.com,,imccullough@blockllc.com; Certs@INSURICAexpress.com,,,"Kansas City, Missouri, 64112",Kansas City,Missouri,United States,64112,0,,,,2026-05-08,2026-05-28,2026-06-01
"Block Real Estate Services, LLC",69fded1d62446148bd84907b,Petfolk Real Estate Holdings LLC,Party,active,accounts-payable@petfolk.com,,accounts-payable@petfolk.com,,,,,,,,0,,,,2026-05-08,2026-05-28,2026-06-01
"Block Real Estate Services, LLC",69fded1d62446148bd84907e,"PetSense, LLC",Party,active,askaggs@tractorsupply.com,,askaggs@tractorsupply.com,,,"5401 Virginia Way, Brentwood, Tennessee, 37027",Brentwood,Tennessee,United States,37027,0,,,,2026-05-08,2026-05-28,2026-06-01
"Block Real Estate Services, LLC",69fded1d62446148bd849081,"ICON / PRA Health Sciences / Pharmaceutical Research Associates, Inc.",Party,active,tom.mahon@iconplc.com,,tom.mahon@iconplc.com,,,"4131 Parklake Avenue, Raleigh, North Carolina, 27612",Raleigh,North Carolina,United States,27612,1,,,,2026-05-08,2026-05-29,2026-06-01
"Block Real Estate Services, LLC",69fded1d62446148bd849084,Pharmacy Corp of America,Party,active,leaseaccounting@brightspringhealth.com,,leaseaccounting@brightspringhealth.com,,,,,,,,0,,,,2026-05-08,2026-05-28,2026-06-01
"Block Real Estate Services, LLC",69fded1e62446148bd84908a,Phoenix Fastpitch LLC,Party,active,raustin@soarathletes.com,,raustin@soarathletes.com,,,"14450 Northwest 67th Circle, Kansas City, Missouri, 64152",Kansas City,Missouri,United States,64152,0,,,,2026-05-08,2026-05-28,2026-06-01
"Block Real Estate Services, LLC",69fded1e62446148bd84908d,"Servpro / Piat, Inc.",Party,active,jhensley@servproolathelenexa.com,,jhensley@servproolathelenexa.com,,,"8066 Flint Street, Lenexa, Kansas, 66214",Lenexa,Kansas,United States,66214,0,,,,2026-05-08,2026-05-28,2026-06-01
"Block Real Estate Services, LLC",69fded1e62446148bd849090,"Pinnacle Construction Group, LLC",Party,active,autz@pcgkc.com,,autz@pcgkc.com,,,"8355 Melrose Drive, Lenexa, Kansas, 66214",Lenexa,Kansas,United States,66214,0,,,,2026-05-08,2026-05-28,2026-06-01
"Block Real Estate Services, LLC",69fded1e62446148bd849093,Pivot International Inc,Party,active,accounting@pivotint.com,,accounting@pivotint.com,,,"11030 Strang Line Road, Lenexa, Kansas, 66215",Lenexa,Kansas,United States,66215,0,,,,2026-05-08,2026-05-28,2026-06-01
"Block Real Estate Services, LLC",69fded1e62446148bd849096,"Pizza Hut of America, Inc.",Party,active,FRGRealEState@flynnrg.com,,FRGRealEState@flynnrg.com,,,"720 West 20th Street, Pittsburg, Kansas, 66762",Pittsburg,Kansas,United States,66762,0,,,,2026-05-08,2026-05-28,2026-06-01
"Block Real Estate Services, LLC",69fded1e62446148bd84909c,"Northstar Wealth / Polaris, LLC",Party,active,doug.vandyke@nm.com,,doug.vandyke@nm.com,,,"5251 West 116th Place, Leawood, Kansas, 66211",Leawood,Kansas,United States,66211,5,,,,2026-05-08,2026-05-28,2026-06-01
"Block Real Estate Services, LLC",69fded1e62446148bd84909f,Polaris Pharmacy Services of Missouri,Party,active,Accountspayable@polarisrx.com,,Accountspayable@polarisrx.com,,,"2900 Northwest 60th Street, Fort Lauderdale, Florida, 33309",Fort Lauderdale,Florida,United States,33309,0,,,,2026-05-08,2026-05-28,2026-06-01
"Block Real Estate Services, LLC",69fded1e62446148bd8490a2,Polymershapes LLC,Party,active,rwdixon@polymershapes.com,,rwdixon@polymershapes.com; tsurman@ironwoodins.com; rgorman@ironwoodins.com,,,"310 Grant Street, Pittsburgh, Pennsylvania, 15219",Pittsburgh,Pennsylvania,United States,15219,0,,,,2026-05-08,2026-05-28,2026-06-01
"Block Real Estate Services, LLC",69fded1e62446148bd8490a5,Power Motion Inc,Party,active,colint@powermotionsales.com,,colint@powermotionsales.com; phegger@kreismannbayer.com; jdean@tigadvisors.com,,,"652 Axminister Drive, Fenton, Missouri, 63026",Fenton,Missouri,United States,63026,2,,,,2026-05-08,2026-05-28,2026-06-01
"Block Real Estate Services, LLC",69fded1e62446148bd8490a8,Power Sales & Advertising Inc,Party,active,alintner@psakc.com,,alintner@psakc.com,,,"9909 Lakeview Avenue, Lenexa, Kansas, 66219",Lenexa,Kansas,United States,66219,0,,,,2026-05-08,2026-05-28,2026-06-01
"Block Real Estate Services, LLC",69fded1e62446148bd8490ab,Prairie Engineers PC,Party,active,accounting@prairieengineers.com,,accounting@prairieengineers.com,,,"404 North Main Street, Columbia, Illinois, 62236",Columbia,Illinois,United States,62236,0,,,,2026-05-08,2026-05-28,2026-06-01
"Block Real Estate Services, LLC",69fded1e62446148bd8490ae,Prestige Land Title LLC,Party,active,jbrown@plandtitle.com,,jbrown@plandtitle.com,,,"600 Southwest Jefferson Street, Lee's Summit, Missouri, 64063",Lee's Summit,Missouri,United States,64063,0,,,,2026-05-08,2026-05-28,2026-06-01
"Block Real Estate Services, LLC",69fded1e62446148bd8490b1,"Prime Source Building Products, Inc.",Party,active,PrimeSourceLA@nmrk.com,,PrimeSourceLA@nmrk.com; certificates@willis.com,,,,,,,,0,,,,2026-05-08,2026-05-28,2026-06-01
"Block Real Estate Services, LLC",69fded1e62446148bd8490b4,Principal Life Insurance Company,Party,active,PrincipalLeaseAdmin@am.jll.com,,PrincipalLeaseAdmin@am.jll.com; lindsay.gentry@AssuredPartners.com,,,"711 High Street, Des Moines, Iowa, 50392",Des Moines,Iowa,United States,50392,0,,,,2026-05-08,2026-05-28,2026-06-01
"Block Real Estate Services, LLC",69fded1e62446148bd8490b7,Pro Concrete Design Inc,Party,active,donna@proconcretedesign.com,,donna@proconcretedesign.com; barb@bvia.com,,,"2462 Northwest Tullison Road, Riverside, Missouri, 64150",Riverside,Missouri,United States,64150,0,,,,2026-05-08,2026-05-28,2026-06-01
"Block Real Estate Services, LLC",69fded1e62446148bd8490ba,Professional Toxicology Services Inc,Party,active,barb@protoxservices.com,,barb@protoxservices.com; BRIAN.L.HAWK.KHLG@STATEFARM.COM,,,"7917 Bond Street, Lenexa, Kansas, 66214",Lenexa,Kansas,United States,66214,2,,,,2026-05-08,2026-05-28,2026-06-01
"Block Real Estate Services, LLC",69fded1e62446148bd8490bd,Promex Limited,Party,active,liliana.larranaga@promex-ltd.com,,liliana.larranaga@promex-ltd.com,,,"5001 South 36th Street, Omaha, Nebraska, 68107",Omaha,Nebraska,United States,68107,0,,,,2026-05-08,2026-05-28,2026-06-01
"Block Real Estate Services, LLC",69fded1e62446148bd8490c0,"Sportsman's Cap / Promotional Headwear International, Inc.",Party,active,ap@headwear.com,,ap@headwear.com,,,,,,,,2,,,,2026-05-08,2026-05-28,2026-06-01
"Block Real Estate Services, LLC",69fded1e62446148bd8490c3,Propak Logistics Inc,Party,active,propakap@propak.com,,propakap@propak.com; teresa.reed@stephens.com; ashley@bhca.com; Jeanie.miller@stephens.com,,,"1100 Garrison Avenue, Fort Smith, Arkansas, 72901",Fort Smith,Arkansas,United States,72901,0,,,,2026-05-08,2026-05-28,2026-06-01
"Block Real Estate Services, LLC",69fded1e62446148bd8490c9,Provider Plus Inc,Party,active,kirstin.demmer@colliers.com,,kirstin.demmer@colliers.com,,,"Richmond, Virginia, 23225",Richmond,Virginia,United States,23225,0,,,,2026-05-08,2026-05-28,2026-06-01
"Block Real Estate Services, LLC",69fded1e62446148bd8490cc,"Psychology Office Management, Inc.",Party,active,valjaco@psychkc.com,,valjaco@psychkc.com; Ali@chrishareinsurance.com,,,"800 West 47th Street, Kansas City, Missouri, 64112",Kansas City,Missouri,United States,64112,0,,,,2026-05-08,2026-05-28,2026-06-01
"Block Real Estate Services, LLC",69fded1e62446148bd8490cf,Pulse Design Group,Party,active,mandracsek@pulsedesigngroup.com,,mandracsek@pulsedesigngroup.com; mwilks@holmesmurphy.comENV; mwilks@holmesmurphy.com,,,"4622 Pennsylvania Avenue, Kansas City, Missouri, 64112",Kansas City,Missouri,United States,64112,0,,,,2026-05-08,2026-05-28,2026-06-01
"Block Real Estate Services, LLC",69fded1e62446148bd8490d2,"Q4 Industries, LLC",Party,active,ajacobs@q4industries.com,,ajacobs@q4industries.com; Pgiaconia@garryandassoc.com,,,"8261 Melrose Drive, Overland Park, Kansas, 66214",Overland Park,Kansas,United States,66214,1,,,,2026-05-08,2026-05-28,2026-06-01
"Block Real Estate Services, LLC",69fded1f62446148bd8490d8,R & R Communications Inc,Party,active,rroffice@rrcommunications.com,,rroffice@rrcommunications.com,,,"8367 Melrose Drive, Overland Park, Kansas, 66214",Overland Park,Kansas,United States,66214,0,,,,2026-05-08,2026-05-28,2026-06-01
"Block Real Estate Services, LLC",69fded1f62446148bd8490db,R G Brinkmann Company,Party,active,tdifatta@brinkmannconstructors.com,,tdifatta@brinkmannconstructors.com,,,,,,,,0,,,,2026-05-08,2026-05-28,2026-06-01
"Block Real Estate Services, LLC",69fded1f62446148bd8490de,Longhorn Steakhouse / RARE Hospitality of Kansas,Party,active,jcomulada@darden.com,,jcomulada@darden.com,,,"1000 Darden Center Drive, Orlando, Florida, 32837",Orlando,Florida,United States,32837,0,,,,2026-05-08,2026-05-28,2026-06-01
"Block Real Estate Services, LLC",69fded1f62446148bd8490e1,"RBC Capital Markets, LLC / Royal Bank of Canada",Party,active,RBC_USPortfolioAdmin@am.jll.com,,RBC_USPortfolioAdmin@am.jll.com; Robin_Johnston@ajg.com,,,"Minneapolis, Minnesota, 55485",Minneapolis,Minnesota,United States,55485,2,,,,2026-05-08,2026-05-28,2026-06-01
"Block Real Estate Services, LLC",69fded1f62446148bd8490e4,"LynTec, Inc. / RDC, Inc.",Party,active,accounting@lyntec.com,,accounting@lyntec.com; fiatinsurance.service@gmail.com; certificates@copelandins.com,,,,,,,,2,,,,2026-05-08,2026-05-29,2026-06-01
"Block Real Estate Services, LLC",69fded1f62446148bd8490e7,Reeves-Wiedeman Co,Party,active,ap@rwco.com,,ap@rwco.com,,,"3635 Main Street, Kansas City, Missouri, 64111",Kansas City,Missouri,United States,64111,0,,,,2026-05-08,2026-05-28,2026-06-01
"Block Real Estate Services, LLC",69fded1f62446148bd8490ea,"Regal Staffing, LLC",Party,active,federico@regalstaffingkc.com,,federico@regalstaffingkc.com; certs@walnutrisk.com; awenzl@holmesmurphy.com,,,"809 South 7th Street, Kansas City, Kansas, 66105",Kansas City,Kansas,United States,66105,0,,,,2026-05-08,2026-05-29,2026-06-01
"Block Real Estate Services, LLC",69fded1f62446148bd8490ed,Releve Performing Arts / Ashley Collier,Party,active,RelevePACinfo@gmail.com,,RelevePACinfo@gmail.com,,,"1446 Southwest Eagles Parkway, Grain Valley, Missouri, 64029",Grain Valley,Missouri,United States,64029,0,,,,2026-05-08,2026-05-28,2026-06-01
"Block Real Estate Services, LLC",69fded1f62446148bd8490f0,"Remax Real Estate / Harry C. Meierarend, III",Party,active,chetm@remax.net,,chetm@remax.net,,,"17000 East 40th Street, Independence, Missouri, 64057",Independence,Missouri,United States,64057,0,,,,2026-05-08,2026-05-28,2026-06-01
"Block Real Estate Services, LLC",69fded1f62446148bd8490f3,Rent-A-Center #1724,Party,active,miriam.flores@rentacenter.com,,miriam.flores@rentacenter.com,,,"5501 Headquarters Drive, Plano, Texas, 75024",Plano,Texas,United States,75024,0,,,,2026-05-08,2026-05-28,2026-06-01
"Block Real Estate Services, LLC",69fded1f62446148bd8490f6,"Rentokil North America, Inc",Party,active,realestatena@rentokil-terminix.com,,realestatena@rentokil-terminix.com; certificate@epicbrokers.com; Certificate@epicbrokers.com,,,"1125 Berkshire Boulevard, Wyomissing, Pennsylvania, 19610",Wyomissing,Pennsylvania,United States,19610,1,,,,2026-05-08,2026-05-28,2026-06-01
"Block Real Estate Services, LLC",69fded1f62446148bd8490f9,Repairs Unlimited LLC,Party,active,suer@repairs-unlimited.com,,suer@repairs-unlimited.com; Suzie@aribrokers.com,,,"8416 Melrose Drive, Lenexa, Kansas, 66214",Lenexa,Kansas,United States,66214,0,,,,2026-05-08,2026-05-28,2026-06-01
"Block Real Estate Services, LLC",69fded1f62446148bd8490fc,Reserve Applied Management of Kansas City LLC,Party,active,seansmith@reserveam.com,,seansmith@reserveam.com,,,"202 Bradley Street, Carrollton, Georgia, 30117",Carrollton,Georgia,United States,30117,0,,,,2026-05-08,2026-05-28,2026-06-01
"Block Real Estate Services, LLC",69fded1f62446148bd8490ff,"Revolutionary Business Concepts, Inc",Party,active,ap@rbccorp.com,,ap@rbccorp.com,,,"15200 Santa Fe Trail Drive, Lenexa, Kansas, 66219",Lenexa,Kansas,United States,66219,0,,,,2026-05-08,2026-05-28,2026-06-01
"Block Real Estate Services, LLC",69fded1f62446148bd849102,Riverside Pharmacy Associates LLC,Party,active,accountspayable@ivxhealth.com,,accountspayable@ivxhealth.com,,,"214 Centerview Drive, Brentwood, Tennessee, 37027",Brentwood,Tennessee,United States,37027,0,,,,2026-05-08,2026-05-28,2026-06-01
"Block Real Estate Services, LLC",69fded1f62446148bd849105,Rockwell Automation,Party,active,raglobalrealestate@ra.rockwell.com,,raglobalrealestate@ra.rockwell.com; Leslie.A.Kress@marsh.com,,,"1 Allen Bradley Drive, Mayfield Heights, Ohio, 44124",Mayfield Heights,Ohio,United States,44124,1,,,,2026-05-08,2026-05-28,2026-06-01
"Block Real Estate Services, LLC",69fded1f62446148bd849108,"Rosen's, Inc.",Party,active,sguetter@Riw2000.com,,sguetter@Riw2000.com,,,"1120 Lake Avenue, Fairmont, Minnesota, 56031",Fairmont,Minnesota,United States,56031,0,,,,2026-05-08,2026-05-28,2026-06-01
"Block Real Estate Services, LLC",69fded1f62446148bd84910b,Roto-Rooter Services Company Inc,Party,active,shelley.crolley@rrsc.com,,shelley.crolley@rrsc.com,,,"255 East 5th Street, Cincinnati, Ohio, 45202",Cincinnati,Ohio,United States,45202,0,,,,2026-05-08,2026-05-28,2026-06-01
"Block Real Estate Services, LLC",69fded1f62446148bd84910e,Rottler Pest Control Company,Party,active,ap@rottler.com,,ap@rottler.com; PESTSURECERTS@ALLIANT.COM,,,"2690 Masterson Avenue, St. Louis, Missouri, 63114",St. Louis,Missouri,United States,63114,0,,,,2026-05-08,2026-05-28,2026-06-01
"Block Real Estate Services, LLC",69fded1f62446148bd849111,Royal City Bell LLC,Party,active,rents@drgfood.com,,rents@drgfood.com; sdougherty@blockllc.com; mall@mcgriff.com; ddumas@mcgriff.com,,,,,,,,1,,,,2026-05-08,2026-05-28,2026-06-01
"Block Real Estate Services, LLC",69fded1f62446148bd849114,Royal Gyros,Party,active,akalifa@royalgyroskc.com,,akalifa@royalgyroskc.com,,,"1316 East North Avenue, Belton, Missouri, 64012",Belton,Missouri,United States,64012,2,,,,2026-05-08,2026-05-28,2026-06-01
"Block Real Estate Services, LLC",69fded1f62446148bd849117,Royal Seamless Gutter Inc,Party,active,kcreinvestor@yahoo.com,,kcreinvestor@yahoo.com,,,"12120 State Line Road, Leawood, Kansas, 66209",Leawood,Kansas,United States,66209,0,,,,2026-05-08,2026-05-28,2026-06-01
"Block Real Estate Services, LLC",69fded1f62446148bd84911a,RSM US LLP,Party,active,RSMUSCentralAccounts@rsmus.com,,RSMUSCentralAccounts@rsmus.com,,,,,,,,0,,,,2026-05-08,2026-05-28,2026-06-01
"Block Real Estate Services, LLC",69fded1f62446148bd849120,Ryan Poage & Company,Party,active,ryan@ryanpoage.com,,ryan@ryanpoage.com; info@bovardinsurancegroup.com,,,"404 West Dartmouth Road, Kansas City, Missouri, 64113",Kansas City,Missouri,United States,64113,4,,,,2026-05-08,2026-05-28,2026-06-01
"Block Real Estate Services, LLC",69fded1f62446148bd849123,Safari Mart,Party,active,seddahfm@gmail.com,,seddahfm@gmail.com,,,"12755 South Mur-Len Road, Olathe, Kansas, 66062",Olathe,Kansas,United States,66062,0,,,,2026-05-08,2026-05-28,2026-06-01
"Block Real Estate Services, LLC",69fded2062446148bd849129,"Sally Beauty Co., Inc. / Sally Beauty 1717",Party,active,fferree@sallybeauty.com,,fferree@sallybeauty.com,,,,,,,,0,,,,2026-05-08,2026-05-28,2026-06-01
"Block Real Estate Services, LLC",69fded2062446148bd84912c,Salon Ji,Party,active,maryann_salonji@yahoo.com,,maryann_salonji@yahoo.com,,,"19013 East Ringo Circle, Independence, Missouri, 64057",Independence,Missouri,United States,64057,0,,,,2026-05-08,2026-05-28,2026-06-01
"Block Real Estate Services, LLC",69fded2062446148bd84912f,Slavation Army Family Store / The Salvation Army,Party,active,kelly.nagrassus@usc.salvationarmy.org,,kelly.nagrassus@usc.salvationarmy.org,,,,,,,,0,,,,2026-05-08,2026-05-28,2026-06-01
"Block Real Estate Services, LLC",69fded2062446148bd849132,"Sanders Management, Inc",Party,active,tony@smi-kc.com,,tony@smi-kc.com; HUB-KC.Certificates@HUBInternational.com,,,"210 Northwest Plaza Drive, Riverside, Missouri, 64150",Riverside,Missouri,United States,64150,2,,,,2026-05-08,2026-05-28,2026-06-01
"Block Real Estate Services, LLC",69fded2062446148bd849135,Savanah Hunt,Party,active,savanahgia@mac.com,,savanahgia@mac.com,,,"15213 Woodson Street, Overland Park, Kansas, 66223",Overland Park,Kansas,United States,66223,0,,,,2026-05-08,2026-05-28,2026-06-01
"Block Real Estate Services, LLC",69fded2062446148bd849138,Scheels All Sports Inc,Party,active,invoicesCO@scheels.com,,invoicesCO@scheels.com,,,"1707 Gold Drive South, Fargo, North Dakota, 58103",Fargo,North Dakota,United States,58103,0,,,,2026-05-08,2026-05-28,2026-06-01
"Block Real Estate Services, LLC",69fded2062446148bd84913b,New Image Leasing / Seal Harbor Capital,Party,active,jennifer.smith@atlasfirms.com,,jennifer.smith@atlasfirms.com,,,"3199 South Platte River Drive, Englewood, Colorado, 80110",Englewood,Colorado,United States,80110,0,,,,2026-05-08,2026-05-28,2026-06-01
"Block Real Estate Services, LLC",69fded2062446148bd84913e,Security Data Supply,Party,active,lawrence@securitydatasupply.com,,lawrence@securitydatasupply.com,,,"4104 Northwest Riverside Street, Riverside, Missouri, 64150",Riverside,Missouri,United States,64150,0,,,,2026-05-08,2026-05-28,2026-06-01
"Block Real Estate Services, LLC",69fded2062446148bd849141,Seen Merchandising LLC,Party,active,christine@seenmerch.com,,christine@seenmerch.com; bpm@bpminsurance.com; nbuckman@acrisure.com,,,,,,,,1,,,,2026-05-08,2026-05-31,2026-06-01
"Block Real Estate Services, LLC",69fded2062446148bd849144,Select Comfort Retail Corporation,Party,active,jena.katzenberger@sleepnumber.com,,jena.katzenberger@sleepnumber.com,,,,,,,,0,,,,2026-05-08,2026-05-28,2026-06-01
"Block Real Estate Services, LLC",69fded2062446148bd849147,Select Physical Therapy / Healthsouth Corp,Party,active,selectrealestateinvoices-statements@selectmedical.com,,selectrealestateinvoices-statements@selectmedical.com; SELECTMED_UNIT@grahamco.com,,,"4714 Gettysburg Road, Mechanicsburg, Pennsylvania, 17055",Mechanicsburg,Pennsylvania,United States,17055,1,,,,2026-05-08,2026-05-28,2026-06-01
"Block Real Estate Services, LLC",69fded2062446148bd84914a,"Senior Day KC / The Respite House, LLC",Party,active,hello@seniordaykc.com,,hello@seniordaykc.com; support@bizinsure.com,,,"1412 West 50th Street, Kansas City, Missouri, 64112",Kansas City,Missouri,United States,64112,1,,,,2026-05-08,2026-05-28,2026-06-01
"Block Real Estate Services, LLC",69fded2062446148bd84914d,"SERC Physical Therapy / SERC Rehabilitation Partners, LLC",Party,active,accountingrequest@urpt.com,,accountingrequest@urpt.com,,,"8823 Production Lane, Ooltewah, Tennessee, 37363",Ooltewah,Tennessee,United States,37363,3,,,,2026-05-08,2026-05-28,2026-06-01
"Block Real Estate Services, LLC",69fded2062446148bd849153,Anthony's Plumbing,Party,active,kstroker@anthonyphce.com,,kstroker@anthonyphce.com,,,,,,,,0,,,,2026-05-08,2026-05-28,2026-06-01
"Block Real Estate Services, LLC",69fded2062446148bd849156,"Springfield Electric Supply Company, LLC (fka Shaw Supply Company)",Party,active,pshaw@shawsupply.com,,pshaw@shawsupply.com,,,,,,,,0,,,,2026-05-08,2026-05-28,2026-06-01
"Block Real Estate Services, LLC",69fded2062446148bd84915c,Sherwin Williams-SW 07526,Party,active,FSSLeaseAdmin@sherwin.com,,FSSLeaseAdmin@sherwin.com; sally.harper@hylant.com,,,,,,,,0,,,,2026-05-08,2026-05-28,2026-06-01
"Block Real Estate Services, LLC",69fded2062446148bd84915f,"Shoe Sensation, Inc.",Party,active,ssirealestate@shoesensation.com,,ssirealestate@shoesensation.com,,,,,,,,0,,,,2026-05-08,2026-05-28,2026-06-01
"Block Real Estate Services, LLC",69fded2062446148bd849162,Show Me State Infusion Pharmacy LLC,Party,active,angie@sunflowerstatevc.com,,angie@sunflowerstatevc.com,,,"420 Northwest Business Park Lane, Riverside, Missouri, 64150",Riverside,Missouri,United States,64150,0,,,,2026-05-08,2026-05-28,2026-06-01
"Block Real Estate Services, LLC",69fded2062446148bd849165,Side Pockets Inc,Party,active,travis.wheeler@sidepockets.com,,travis.wheeler@sidepockets.com,,,,,,,,0,,,,2026-05-08,2026-05-28,2026-06-01
"Block Real Estate Services, LLC",69fded2062446148bd849168,Siemens Corporation,Party,active,char.andrew@siemens.com,,char.andrew@siemens.com,,,"200 South Wood Avenue, Woodbridge Township, New Jersey, 08830",Woodbridge Township,New Jersey,United States,08830,1,,,,2026-05-08,2026-05-28,2026-06-01
"Block Real Estate Services, LLC",69fded2062446148bd84916b,Siemens Energy Inc,Party,active,juan-pablo.caceres-campos@siemens-energy.com,,juan-pablo.caceres-campos@siemens-energy.com,,,,,,,,0,,,,2026-05-08,2026-05-28,2026-06-01
"Block Real Estate Services, LLC",69fded2062446148bd84916e,SJK Global LLC,Party,active,czhang1979@yahoo.com,,czhang1979@yahoo.com,,,,,,,,0,,,,2026-05-08,2026-05-28,2026-06-01
"Block Real Estate Services, LLC",69fded2062446148bd849171,Skechers Outlet,Party,active,jack.cool@skechers.com,,jack.cool@skechers.com,,,"225 South Sepulveda Boulevard, Manhattan Beach, California, 90266",Manhattan Beach,California,United States,90266,0,,,,2026-05-08,2026-05-28,2026-06-01
"Block Real Estate Services, LLC",69fded2062446148bd849174,Slim 4 Life Weight Loss Centers Inc,Party,active,pam@roadscpa.com,,pam@roadscpa.com; certs@inszoneins.com; Wward@inszoneins.com,,,"Scottsdale, Arizona",Scottsdale,Arizona,United States,,1,,,,2026-05-08,2026-05-28,2026-06-01
"Block Real Estate Services, LLC",69fded2062446148bd849177,"Epic Vision Center / Smithville Eye Center, LLC",Party,active,accounting@epicvisioneyecenters.com,,accounting@epicvisioneyecenters.com,,,"8305 Melrose Drive, Lenexa, Kansas, 66214",Lenexa,Kansas,United States,66214,0,,,,2026-05-08,2026-05-28,2026-06-01
"Block Real Estate Services, LLC",69fded2162446148bd84917a,"Church's Chicken / SNSA, Inc.",Party,active,info@snsainc.com,,info@snsainc.com,,,"8397 Melrose Drive, Overland Park, Kansas, 66214",Overland Park,Kansas,United States,66214,0,,,,2026-05-08,2026-05-28,2026-06-01
"Block Real Estate Services, LLC",69fded2162446148bd84917d,Soar Nutrition,Party,active,amy@amysold.com,,amy@amysold.com,,,"400 East Ryan Road, Grain Valley, Missouri, 64029",Grain Valley,Missouri,United States,64029,0,,,,2026-05-08,2026-05-28,2026-06-01
"Block Real Estate Services, LLC",69fded2162446148bd849180,Sobriety First,Party,active,SFOlathe@gmail.com,,SFOlathe@gmail.com,,,"116 South Clairborne Road, Olathe, Kansas, 66062",Olathe,Kansas,United States,66062,0,,,,2026-05-08,2026-05-28,2026-06-01
"Block Real Estate Services, LLC",69fded2162446148bd849183,"Soleran, Inc. (sublease from Sunflower Health Plan / Centene Management Company, LLC)",Party,active,lfitzsimmons@soleran.com,,lfitzsimmons@soleran.com; charlie@summithillinsurance.com,,,"8325 Lenexa Drive, Overland Park, Kansas, 66214",Overland Park,Kansas,United States,66214,0,,,,2026-05-08,2026-05-28,2026-06-01
"Block Real Estate Services, LLC",69fded2162446148bd849189,South Western Communications Inc,Party,active,swcinvoices@swc.net,,swcinvoices@swc.net,,,,,,,,0,,,,2026-05-08,2026-05-28,2026-06-01
"Block Real Estate Services, LLC",69fded2162446148bd84918c,Southwest Solutions Group Inc,Party,active,cmiller@southwestsolutions.com,,cmiller@southwestsolutions.com,,,"State 121, Lewisville, Texas, 75056",Lewisville,Texas,United States,75056,0,,,,2026-05-08,2026-05-28,2026-06-01
"Block Real Estate Services, LLC",69fded2162446148bd849192,Sport Clips,Party,active,quentin@teamwildcat.com,,quentin@teamwildcat.com,,,"8900 Nieman Road, Overland Park, Kansas, 66214",Overland Park,Kansas,United States,66214,0,,,,2026-05-08,2026-05-28,2026-06-01
"Block Real Estate Services, LLC",69fded2162446148bd849195,Sports Rehab & Physical Therapy Inc,Party,active,pjpbk@aol.com,,pjpbk@aol.com,,,"10777 Nall Avenue, Overland Park, Kansas, 66211",Overland Park,Kansas,United States,66211,0,,,,2026-05-08,2026-05-28,2026-06-01
"Block Real Estate Services, LLC",69fded2162446148bd849198,"Sports Rehab and Physical Therapy Associates, Inc. (sublease from Kansas City Bone & Joint)",Party,active,pjpbk@aol.com,,pjpbk@aol.com,,,"10777 Nall Avenue, Overland Park, Kansas, 66211",Overland Park,Kansas,United States,66211,0,,,,2026-05-08,2026-05-28,2026-06-01
"Block Real Estate Services, LLC",69fded2162446148bd84919b,"SRS Commercial AVL, LLC (fka Stark Raving Solutions, LLC)",Party,active,accounting@starkravingsolutions.com,,accounting@starkravingsolutions.com,,,"10413 West 84th Terrace, Lenexa, Kansas, 66214",Lenexa,Kansas,United States,66214,0,,,,2026-05-08,2026-05-28,2026-06-01
"Block Real Estate Services, LLC",69fded2162446148bd84919e,SRS Distribution Inc,Party,active,SRS.PS@cbre.com,,SRS.PS@cbre.com,,,"801 South 7th Street, Kansas City, Kansas, 66103",Kansas City,Kansas,United States,66103,0,,,,2026-05-08,2026-05-28,2026-06-01
"Block Real Estate Services, LLC",69fded2162446148bd8491a1,"Spirit Haven / SSB, LLC",Party,active,ssbllc24@gmail.com,,ssbllc24@gmail.com,,,"1618 South Highway 7, Blue Springs, Missouri, 64014",Blue Springs,Missouri,United States,64014,0,,,,2026-05-08,2026-05-28,2026-06-01
"Block Real Estate Services, LLC",69fded2162446148bd8491a4,"Midwest Office Technology / STA-MOT-KS, LLC",Party,active,ap@summitaffiliates.com,,ap@summitaffiliates.com; lpower@cpcinsurance.com,,,"6294 Northeast 14th Street, Des Moines, Iowa, 50313",Des Moines,Iowa,United States,50313,0,,,,2026-05-08,2026-05-28,2026-06-01
"Block Real Estate Services, LLC",69fded2162446148bd8491a7,"Staples, Inc.",Party,active,amy.allegretta@staples.com,,amy.allegretta@staples.com; certificates@willis.com; CSUChicago@hubinternational.com,,,"500 Staples Drive, Framingham, Massachusetts, 01702",Framingham,Massachusetts,United States,01702,1,,,,2026-05-08,2026-06-01,2026-06-01
"Block Real Estate Services, LLC",69fded2162446148bd8491aa,Star Beauty,Party,active,info@shopstarbeauty.com,,info@shopstarbeauty.com,,,,,,,,0,,,,2026-05-08,2026-05-28,2026-06-01
"Block Real Estate Services, LLC",69fded2162446148bd8491ad,Starbucks #2436,Party,active,financialleaseadmi@starbucks.com,,financialleaseadmi@starbucks.com,,,"Seattle, Washington",Seattle,Washington,United States,,0,,,,2026-05-08,2026-05-28,2026-06-01
"Block Real Estate Services, LLC",69fded2162446148bd8491b0,Starbucks Corporation #9654,Party,active,FinancialLeaseAdmi@Starbucks.com,,FinancialLeaseAdmi@Starbucks.com,,,"Seattle, Washington",Seattle,Washington,United States,,0,,,,2026-05-08,2026-05-28,2026-06-01
"Block Real Estate Services, LLC",69fded2162446148bd8491b3,Starbucks Corporation,Party,active,financialleaseadmi@starbucks.com,,financialleaseadmi@starbucks.com,,,"Seattle, Washington",Seattle,Washington,United States,,0,,,,2026-05-08,2026-05-28,2026-06-01
"Block Real Estate Services, LLC",69fded2162446148bd8491b6,Creative Nails / Steven Lam & Bang Nguyen,Party,active,hungnguyen00764@yahoo.com,,hungnguyen00764@yahoo.com,,,"1034 Northwest Willow Drive, Grain Valley, Missouri, 64029",Grain Valley,Missouri,United States,64029,0,,,,2026-05-08,2026-05-28,2026-06-01
"Block Real Estate Services, LLC",69fded2162446148bd8491b9,Stifel Nicolaus & Company Inc,Party,active,AccountingLeaseAdmin@stifel.com,,AccountingLeaseAdmin@stifel.com,,,,,,,,0,,,,2026-05-08,2026-05-28,2026-06-01
"Block Real Estate Services, LLC",69fded2162446148bd8491bc,Stratus Surfaces LLC,Party,active,Payables@StratusSurfaces.com,,Payables@StratusSurfaces.com; Jolynne.denny@hubinternational.com,,,"17343 College Boulevard, Lenexa, Kansas, 66219",Lenexa,Kansas,United States,66219,1,,,,2026-05-08,2026-05-28,2026-06-01
"Block Real Estate Services, LLC",69fded2162446148bd8491bf,Studio Local LLC,Party,active,bclark@thestudiolocal.com,,bclark@thestudiolocal.com,,,,,,,,0,,,,2026-05-08,2026-05-28,2026-06-01
"Block Real Estate Services, LLC",69fded2162446148bd8491c2,"Style Crest, Inc. (fka Durham Supply, Inc.)",Party,active,ap.department@stylecrest.net,,ap.department@stylecrest.net,,,,,,,,0,,,,2026-05-08,2026-05-28,2026-06-01
"Block Real Estate Services, LLC",69fded2162446148bd8491c5,Subway #41462,Party,active,cwskinner@team-rci.com,,cwskinner@team-rci.com,,,,,,,,0,,,,2026-05-08,2026-05-28,2026-06-01
"Block Real Estate Services, LLC",69fded2162446148bd8491c8,"Subway Real Estate, LLC",Party,active,brooks.t.derrick@gmail.com,,brooks.t.derrick@gmail.com,,,"1802 Northeast Parvin Road, Kansas City, Missouri, 64116",Kansas City,Missouri,United States,64116,0,,,,2026-05-08,2026-05-28,2026-06-01
"Block Real Estate Services, LLC",69fded2162446148bd8491cb,Summit Heating & Cooling LLC,Party,active,brendan@summithckc.com,,brendan@summithckc.com,,,,,,,,0,,,,2026-05-08,2026-05-28,2026-06-01
"Block Real Estate Services, LLC",69fded2162446148bd8491ce,"UDP (Unisource Document Products)/ Datamax / Sumner Group, Inc.",Party,active,ap@sumnerone.com,,ap@sumnerone.com; Shelley.Thompson@MarshMMA.com; shelley.thompson@marshmma.com,,,"6717 Waldemar Avenue, St. Louis, Missouri, 63139",St. Louis,Missouri,United States,63139,0,,,,2026-05-08,2026-05-31,2026-06-01
"Block Real Estate Services, LLC",69fded2262446148bd8491d1,Sunbelt Rentals Inc,Party,active,theresa.white@sunbeltrentals.com,,theresa.white@sunbeltrentals.com,,,"2341 Deerfield Drive, Fort Mill, South Carolina, 29715",Fort Mill,South Carolina,United States,29715,0,,,,2026-05-08,2026-05-28,2026-06-01
"Block Real Estate Services, LLC",69fded2262446148bd8491d4,"Sunflower Food Company / Sunflower Hills, Inc.",Party,active,lauren@sunflowerfoodcompany.com,,lauren@sunflowerfoodcompany.com,,,,,,,,0,,,,2026-05-08,2026-05-28,2026-06-01
"Block Real Estate Services, LLC",69fded2262446148bd8491d7,Superior Products Int. II,Party,active,julipritchett@spicoatings.com,,julipritchett@spicoatings.com; karen.lore@reillyinsurance.com,,,"10835 West 78th Street, Shawnee, Kansas, 66214",Shawnee,Kansas,United States,66214,0,,,,2026-05-08,2026-05-28,2026-06-01
"Block Real Estate Services, LLC",69fded2262446148bd8491da,Southwestern Bell Telephone Company - IT Room,Party,active,sn2296@att.com,,sn2296@att.com,,,"AT&T Way, Bedminster, New Jersey, 07921",Bedminster,New Jersey,United States,07921,0,,,,2026-05-08,2026-05-28,2026-06-01
"Block Real Estate Services, LLC",69fded2262446148bd8491dd,Tallgrass Energy / Tallgrass MLP,Party,active,thomas.johnson@tallgrass.com,,thomas.johnson@tallgrass.com,,,"4200 West 115th Street, Leawood, Kansas, 66211",Leawood,Kansas,United States,66211,0,,,,2026-05-08,2026-05-28,2026-06-01
"Block Real Estate Services, LLC",69fded2262446148bd8491e0,TeamSmile Inc,Party,active,kami@teamsmile.org,,kami@teamsmile.org; jessie.bullock@reillyinsurance.com,,,"422 Northwest Business Park Lane, Riverside, Missouri, 64150",Riverside,Missouri,United States,64150,2,,,,2026-05-08,2026-05-28,2026-06-01
"Block Real Estate Services, LLC",69fded2262446148bd8491e3,Tech Electronics of Kansas,Party,active,,,patti.monteith@marshmma.com,,,,,,,,2,,,,2026-05-08,2026-05-29,2026-06-01
"Block Real Estate Services, LLC",69fded2262446148bd8491e6,Telamon Technologies Corporation,Party,active,accountspayable@telamon.com,,accountspayable@telamon.com; dwesselman@gregoryappel.com; cadams@gregoryappel.com,,,"1000 East 116th Street, Carmel, Indiana, 46032",Carmel,Indiana,United States,46032,1,,,,2026-05-08,2026-05-28,2026-06-01
"Block Real Estate Services, LLC",69fded2262446148bd8491e9,Temp-Con,Party,active,AP@tempcon.net,,AP@tempcon.net; CLIENTCONTACTCENTER@FEDINS.COM,,,"15670 South Keeler Street, Olathe, Kansas, 66062",Olathe,Kansas,United States,66062,0,,,,2026-05-08,2026-05-28,2026-06-01
"Block Real Estate Services, LLC",69fded2262446148bd8491ec,Tesla Inc,Party,active,superchargerhost@tesla.com,,superchargerhost@tesla.com,,,"3500 Deer Creek Road, Palo Alto, California, 94304",Palo Alto,California,United States,94304,0,,,,2026-05-08,2026-05-28,2026-06-01
"Block Real Estate Services, LLC",69fded2262446148bd8491ef,Test & Measurement Inc,Party,active,bill.embry@testandmeasurement.biz,,bill.embry@testandmeasurement.biz; HUB-KC.Certificates@HUBInternational.com,,,"7931 Bond Street, Overland Park, Kansas, 66214",Overland Park,Kansas,United States,66214,1,,,,2026-05-08,2026-05-28,2026-06-01
"Block Real Estate Services, LLC",69fded2262446148bd8491f2,"NetSmart Technologies, Inc (sublease from TEVA Pharmaceutical USA, Inc.)",Party,active,TEVALeaseAdminNAM@am.jll.com,,TEVALeaseAdminNAM@am.jll.com,,,,,,,,0,,,,2026-05-08,2026-05-28,2026-06-01
"Block Real Estate Services, LLC",69fded2262446148bd8491f5,"Assist RX (sublease from TEVA Pharmaceutical USA, Inc.)",Party,active,Sejal.Sonani@tevapharm.com,,Sejal.Sonani@tevapharm.com; Terry.Wilson@cacgroup.com,,,"11100 Nall Avenue, Overland Park, Kansas, 66211",Overland Park,Kansas,United States,66211,0,,,,2026-05-08,2026-05-28,2026-06-01
"Block Real Estate Services, LLC",69fded2262446148bd8491fb,Thai Chili Cuisine,Party,active,niels.benberg@gmail.com,,niels.benberg@gmail.com,,,,,,,,0,,,,2026-05-08,2026-05-28,2026-06-01
"Block Real Estate Services, LLC",69fded2262446148bd8491fe,The American National Red Cross,Party,active,Real.Estate@redcross.org,,Real.Estate@redcross.org,,,"9450 Southwest Gemini Drive, Beaverton, Oregon, 97008",Beaverton,Oregon,United States,97008,0,,,,2026-05-08,2026-05-28,2026-06-01
"Block Real Estate Services, LLC",69fded2262446148bd849201,The CapFinancial Group LLC,Party,active,FACILITIES@CAPTRUSTAQDVISORS.COM,,FACILITIES@CAPTRUSTAQDVISORS.COM,,,"4208 Six Forks Road, Raleigh, North Carolina, 27609",Raleigh,North Carolina,United States,27609,0,,,,2026-05-08,2026-05-28,2026-06-01
"Block Real Estate Services, LLC",69fded2262446148bd849204,CATO / The Cato Corporation,Party,active,cgils@catocorp.com,,cgils@catocorp.com,,,"Charlotte, North Carolina",Charlotte,North Carolina,United States,,0,,,,2026-05-08,2026-05-28,2026-06-01
"Block Real Estate Services, LLC",69fded2262446148bd849207,"Rogers Labs (fka P&C Next) / The Compatibility Center, LLC",Party,active,Patrick.powell@rogerslabs.com,,Patrick.powell@rogerslabs.com,,,,,,,,0,,,,2026-05-08,2026-05-28,2026-06-01
"Block Real Estate Services, LLC",69fded2262446148bd84920a,The Hairem of Olathe LLC,Party,active,mbjorgo@icloud.com,,mbjorgo@icloud.com,,,"12805 South Mur-Len Road, Olathe, Kansas, 66062",Olathe,Kansas,United States,66062,0,,,,2026-05-08,2026-05-28,2026-06-01
"Block Real Estate Services, LLC",69fded2262446148bd84920d,The Missouri Gaming Company,Party,active,kenneth.george@pennentertainment.com,,kenneth.george@pennentertainment.com; jspencer@connerstrong.com,,,"777 Northwest Argosy Casino Parkway, Riverside, Missouri, 64150",Riverside,Missouri,United States,64150,1,,,,2026-05-08,2026-05-28,2026-06-01
"Block Real Estate Services, LLC",69fded2262446148bd849210,The Peavey Corporation,Party,active,ap@peaveycorp.com,,ap@peaveycorp.com; janet_hicks@ajg.com; ADP.COI.Center@Aon.com; Mary_Richardson@ajg.com,,,"11042 Strang Line Road, Lenexa, Kansas, 66215",Lenexa,Kansas,United States,66215,1,,,,2026-05-08,2026-05-28,2026-06-01
"Block Real Estate Services, LLC",69fded2262446148bd849213,The Sunderland Foundation,Party,active,sjames@sunderland.org,,sjames@sunderland.org,,,"5700 West 112th Street, Overland Park, Kansas, 66211",Overland Park,Kansas,United States,66211,0,,,,2026-05-08,2026-05-28,2026-06-01
"Block Real Estate Services, LLC",69fded2262446148bd849216,The Waldinger Corporation,Party,active,apinvoiceskc@waldinger.com,,apinvoiceskc@waldinger.com,,,"1800 Levee Road, North Kansas City, Missouri, 64116",North Kansas City,Missouri,United States,64116,0,,,,2026-05-08,2026-05-28,2026-06-01
"Block Real Estate Services, LLC",69fded2262446148bd849219,"Theodore Habiger and Rm 39 Midtown, LLC",Party,active,ted@rm39.com,,ted@rm39.com,,,"932 West 32 Street, Kansas City, Missouri, 64111",Kansas City,Missouri,United States,64111,0,,,,2026-05-08,2026-05-28,2026-06-01
"Block Real Estate Services, LLC",69fded2262446148bd84921c,"TK Elevator (TKE) / thyssenkrupp Real Estate North America, LLC",Party,active,tkleaseadmin@cushwake.com,,tkleaseadmin@cushwake.com,,,"210 Sixth Avenue, Pittsburgh, Pennsylvania, 15222",Pittsburgh,Pennsylvania,United States,15222,0,,,,2026-05-08,2026-05-28,2026-06-01
"Block Real Estate Services, LLC",69fded2262446148bd84921f,"THA Hydraulics / China Lifts - Tingheng, Inc.",Party,active,ben@thahydraulics.com,,ben@thahydraulics.com,,,"8406 Northwest 107th Terrace, Kansas City, Missouri, 64153",Kansas City,Missouri,United States,64153,0,,,,2026-05-08,2026-05-28,2026-06-01
"Block Real Estate Services, LLC",69fded2262446148bd849222,Titan Built LLC,Party,active,skaufman@titanbuilt.com,,skaufman@titanbuilt.com; kcasu@lockton.com,,,,,,,,1,,,,2026-05-08,2026-05-28,2026-06-01
"Block Real Estate Services, LLC",69fded2262446148bd849225,"T-Mobile USA, Inc. (fka Sprint CMC / Sprint United Management Company)",Party,active,llstatements@t-mobile.com,,llstatements@t-mobile.com,,,,,,,,2,,,,2026-05-08,2026-05-28,2026-06-01
"Block Real Estate Services, LLC",69fded2362446148bd849228,Tool Source Warehouse Inc,Party,active,ap@tswfast.com,,ap@tswfast.com,,,"2000 Mountain Industrial Boulevard, Tucker, Georgia, 30084",Tucker,Georgia,United States,30084,0,,,,2026-05-08,2026-05-28,2026-06-01
"Block Real Estate Services, LLC",69fded2362446148bd84922e,Torgeson Electric Company,Party,active,tecap@torgesonelectric.com,,tecap@torgesonelectric.com,,,"3545 Southwest 6th Avenue, Topeka, Kansas, 66606",Topeka,Kansas,United States,66606,0,,,,2026-05-08,2026-05-28,2026-06-01
"Block Real Estate Services, LLC",69fded2362446148bd849231,"Johnson County Davita / Total Renal Care, Inc.",Party,active,RentDepartment@davita.com,,RentDepartment@davita.com,,,"951 16th Street Mall, Denver, Colorado, 80202",Denver,Colorado,United States,80202,0,,,,2026-05-08,2026-05-28,2026-06-01
"Block Real Estate Services, LLC",69fded2362446148bd849234,"Total Renal Care, Inc.",Party,active,rentdepartment@davita.com,,rentdepartment@davita.com,,,"Columbus, Ohio",Columbus,Ohio,United States,,0,,,,2026-05-08,2026-05-28,2026-06-01
"Block Real Estate Services, LLC",69fded2362446148bd849237,Transtar Industries LLC,Party,active,payables@transtar1.com,,payables@transtar1.com,,,"7350 Young Drive, Walton Hills, Ohio, 44146",Walton Hills,Ohio,United States,44146,0,,,,2026-05-08,2026-05-28,2026-06-01
"Block Real Estate Services, LLC",69fded2362446148bd84923a,Trinity Property Management LLC,Party,active,office@trinitypropertymgmt.co,,office@trinitypropertymgmt.co,,,"8371 Melrose Drive, Lenexa, Kansas, 66214",Lenexa,Kansas,United States,66214,0,,,,2026-05-08,2026-05-28,2026-06-01
"Block Real Estate Services, LLC",69fded2362446148bd84923d,"Liquor Houzz / Trivedi and Riaz, Inc.",Party,active,liquorhouzz@gmail.com,,liquorhouzz@gmail.com; Select@bukatyagency.com,,,"15542 Valley View Drive, Overland Park, Kansas, 66223",Overland Park,Kansas,United States,66223,0,,,,2026-05-08,2026-05-28,2026-06-01
"Block Real Estate Services, LLC",69fded2362446148bd849240,True Blue Plumbing LLC,Party,active,trueblueplumbing18@gmail.com,,trueblueplumbing18@gmail.com,,,"19310 Quinn Road, Trimble, Missouri, 64492",Trimble,Missouri,United States,64492,0,,,,2026-05-08,2026-05-28,2026-06-01
"Block Real Estate Services, LLC",69fded2362446148bd849243,"University Health WIC / Truman Medical Center, Inc.",Party,active,Rachelle.Allwood@uhkc.org,,Rachelle.Allwood@uhkc.org,,,,,,,,0,,,,2026-05-08,2026-05-28,2026-06-01
"Block Real Estate Services, LLC",69fded2362446148bd849246,Turn5 Inc,Party,active,operating@turn5.com,,operating@turn5.com; info@simkiss.com; Kristine.Davies@aleragroup.com,,,"17790 College Boulevard, Lenexa, Kansas, 66219",Lenexa,Kansas,United States,66219,1,,,,2026-05-08,2026-05-28,2026-06-01
"Block Real Estate Services, LLC",69fded2362446148bd849249,Twentyseven Global LLC,Party,active,steve.roatch@27global.com,,steve.roatch@27global.com; express@ahtins.com; info@brushkc.com,,,"4001 West 114th Street, Leawood, Kansas, 66211",Leawood,Kansas,United States,66211,0,,,,2026-05-08,2026-05-28,2026-06-01
"Block Real Estate Services, LLC",69fded2362446148bd84924c,"Once Upon A Smile / UB Dental, LLC",Party,active,manager@ouas32.com,,manager@ouas32.com,,,,,,,,0,,,,2026-05-08,2026-05-28,2026-06-01
"Block Real Estate Services, LLC",69fded2362446148bd84924f,UBS Financial Services Inc,Party,active,ubsleaseadmin@ubs.com,,ubsleaseadmin@ubs.com,,,,,,,,0,,,,2026-05-08,2026-05-28,2026-06-01
"Block Real Estate Services, LLC",69fded2362446148bd849252,UMB Bank N.A.,Party,active,FacilityManangementInvoices@umb.com,,FacilityManangementInvoices@umb.com,,,"4200 West 115th Street, Leawood, Kansas, 66211",Leawood,Kansas,United States,66211,1,,,,2026-05-08,2026-05-28,2026-06-01
"Block Real Estate Services, LLC",69fded2362446148bd849255,Unified Door & Hardware Group LLC,Party,active,ksinvoices@udhgroup.com,,ksinvoices@udhgroup.com,,,"2520 Red Hill Avenue, Santa Ana, California, 92705",Santa Ana,California,United States,92705,0,,,,2026-05-08,2026-05-28,2026-06-01
"Block Real Estate Services, LLC",69fded2362446148bd849258,Union Bank & Trust Co.,Party,active,UBT_Invoice@concursolutions.com,,UBT_Invoice@concursolutions.com; mpendleton@blockllc.com; mspieker@unicogroup.com,,,"4243 Pioneer Woods Drive, Lincoln, Nebraska, 68506",Lincoln,Nebraska,United States,68506,0,,,,2026-05-08,2026-05-28,2026-06-01
"Block Real Estate Services, LLC",69fded2362446148bd84925e,"Triton Stone Group/Triton Stone of Kansas City / Unique Stone Concepts, LLC",Party,active,jkrebs@tritonstone.com,,jkrebs@tritonstone.com,,,"6120 Jefferson Highway, New Orleans, Louisiana, 70123",New Orleans,Louisiana,United States,70123,1,,,,2026-05-08,2026-05-28,2026-06-01
"Block Real Estate Services, LLC",69fded2362446148bd849261,Unistrut Corporation,Party,active,mross@atkore.com,,mross@atkore.com,,,"2171 Executive Drive, Addison, Illinois, 60101",Addison,Illinois,United States,60101,1,,,,2026-05-08,2026-05-28,2026-06-01
"Block Real Estate Services, LLC",69fded2362446148bd849264,"United Access of KC, LLC",Party,active,ap@unitedaccess.com,,ap@unitedaccess.com,,,"9389 Natural Bridge Road, Berkeley, Missouri, 63134",Berkeley,Missouri,United States,63134,0,,,,2026-05-08,2026-05-28,2026-06-01
"Block Real Estate Services, LLC",69fded2362446148bd849267,"Planet Fitness / United PF JLM, LLC",Party,active,jrhives@unitedfp.com,,jrhives@unitedfp.com,,,,,,,,0,,,,2026-05-08,2026-05-28,2026-06-01
"Block Real Estate Services, LLC",69fded2362446148bd84926a,United Refrigeration Inc,Party,active,aprimerano@uri.com,,aprimerano@uri.com; Joseph.Ruggiano@assuredpartners.com,,,"11401 Roosevelt Boulevard, Philadelphia, Pennsylvania, 19154",Philadelphia,Pennsylvania,United States,19154,1,,,,2026-05-08,2026-05-28,2026-06-01
"Block Real Estate Services, LLC",69fded2362446148bd84926d,University of Kansas Hospital Authority,Party,active,ginny.maschinot@cushwake.com,,ginny.maschinot@cushwake.com,,,"201 East 4th Street, Cincinnati, Ohio, 45202",Cincinnati,Ohio,United States,45202,0,,,,2026-05-08,2026-05-28,2026-06-01
"Block Real Estate Services, LLC",69fded2362446148bd849270,"KCBR DESIGN/REMODEL / Unlimited Contracting, LLC",Party,active,teresa@remodelkc.com,,teresa@remodelkc.com,,,"8317 Melrose Drive, Overland Park, Kansas, 66214",Overland Park,Kansas,United States,66214,0,,,,2026-05-08,2026-05-28,2026-06-01
"Block Real Estate Services, LLC",69fded2362446148bd849273,Unopenedpackman Sportscards and Collectibles LLC,Party,active,unopenedpackman@gmail.com,,unopenedpackman@gmail.com,,,"12755 South Mur-Len Road, Olathe, Kansas, 66062",Olathe,Kansas,United States,66062,0,,,,2026-05-08,2026-05-28,2026-06-01
"Block Real Estate Services, LLC",69fded2362446148bd849276,Unum Life Insurance Company of America & Colonial Life Insurance,Party,active,unum.NAMLA@jll.com,,unum.NAMLA@jll.com; certificates@willis.com,,,"260 Forbes Avenue, Pittsburgh, Pennsylvania, 15222",Pittsburgh,Pennsylvania,United States,15222,1,,,,2026-05-08,2026-05-28,2026-06-01
"Block Real Estate Services, LLC",69fded2362446148bd849279,"Vakok Asian Market, LLC",Party,active,estherthidaaye33@gmail.com,,estherthidaaye33@gmail.com,,,"2124 North 83rd Street, Kansas City, Kansas, 66109",Kansas City,Kansas,United States,66109,0,,,,2026-05-08,2026-05-28,2026-06-01
"Block Real Estate Services, LLC",69fded2462446148bd84927c,"Vape Time / AVRWL, LLC (fka Aqueous Vapor)",Party,active,ahmadwazma@yahoo.com,,ahmadwazma@yahoo.com,,,"5940 Leavenworth Road, Kansas City, Kansas, 66104",Kansas City,Kansas,United States,66104,0,,,,2026-05-08,2026-05-28,2026-06-01
"Block Real Estate Services, LLC",69fded2462446148bd84927f,Var City Maintenance LLC,Party,active,accounting@abmaintenance.com,,accounting@abmaintenance.com,,,"8255 Melrose Drive, Lenexa, Kansas, 66214",Lenexa,Kansas,United States,66214,0,,,,2026-05-08,2026-05-28,2026-06-01
"Block Real Estate Services, LLC",69fded2462446148bd849282,Verizon / Cellular Sales,Party,active,rgrgbills@gmail.com,,rgrgbills@gmail.com,,,,,,,,0,,,,2026-05-08,2026-05-28,2026-06-01
"Block Real Estate Services, LLC",69fded2462446148bd849288,Victor Caballero,Party,active,victor322@live.com,,victor322@live.com,,,"1701 West 39th Street, Kansas City, Missouri, 64111",Kansas City,Missouri,United States,64111,0,,,,2026-05-08,2026-05-28,2026-06-01
"Block Real Estate Services, LLC",69fded2462446148bd84928b,Vintage Stock,Party,active,accountspayable@vintagestock.com,,accountspayable@vintagestock.com,,,,,,,,0,,,,2026-05-08,2026-05-28,2026-06-01
"Block Real Estate Services, LLC",69fded2462446148bd84928e,Vintegrity Kansas LLC,Party,active,amadden@vintegritywine.com,,amadden@vintegritywine.com; bgamso@bpminsurance.com; dtomlin@bpminsurance.com,,,"8059 Flint Street, Lenexa, Kansas, 66214",Lenexa,Kansas,United States,66214,1,,,,2026-05-08,2026-05-28,2026-06-01
"Block Real Estate Services, LLC",69fded2462446148bd849291,"Vision Savage Media, LLC",Party,active,mike@vsm-global.com,,mike@vsm-global.com,,,"5424 Northwest Walden Drive, Kansas City, Missouri, 64151",Kansas City,Missouri,United States,64151,0,,,,2026-05-08,2026-05-28,2026-06-01
"Block Real Estate Services, LLC",69fded2462446148bd849294,Vitas Healthcare Corporation Midwest,Party,active,rent@vitas.com,,rent@vitas.com,,,"3046 Corporate Way, Miramar, Florida, 33025",Miramar,Florida,United States,33025,0,,,,2026-05-08,2026-05-28,2026-06-01
"Block Real Estate Services, LLC",69fded2462446148bd849297,Vortex Industries LLC,Party,active,generalap@vortexdoors.com,,generalap@vortexdoors.com,,,,,,,,0,,,,2026-05-08,2026-05-28,2026-06-01
"Block Real Estate Services, LLC",69fded2462446148bd84929a,"VRC Companies, LLC (fka T2 Holdings, LLC/Redishred Kansas, Inc. dba Proshred Security)",Party,active,bvickers@vitalshred.com,,bvickers@vitalshred.com,,,"3052 South 24th Street, Kansas City, Kansas, 66106",Kansas City,Kansas,United States,66106,1,,,,2026-05-08,2026-05-28,2026-06-01
"Block Real Estate Services, LLC",69fded2462446148bd84929d,"Mike's Liquor / Waldo Spirits, Inc.",Party,active,mikesliquorskc@gmail.com,,mikesliquorskc@gmail.com,,,"8447 Wornall Road, Kansas City, Missouri, 64114",Kansas City,Missouri,United States,64114,0,,,,2026-05-08,2026-05-28,2026-06-01
"Block Real Estate Services, LLC",69fded2462446148bd8492a3,Warners Stellian Co Inc,Party,active,cgullickson@warnersstellian.com,,cgullickson@warnersstellian.com,,,"550 Atwater Circle, Saint Paul, Minnesota, 55103",Saint Paul,Minnesota,United States,55103,0,,,,2026-05-08,2026-05-28,2026-06-01
"Block Real Estate Services, LLC",69fded2462446148bd8492a6,Wayfair LLC,Party,active,leaseadministration@wayfair.com,,leaseadministration@wayfair.com,,,"10804 Strang Line Road, Lenexa, Kansas, 66215",Lenexa,Kansas,United States,66215,0,,,,2026-05-08,2026-05-28,2026-06-01
"Block Real Estate Services, LLC",69fded2462446148bd8492a9,"Advena Living /Cornerstone Group Holdings, Inc. (sublease of Midlands Independent Review Board, LLC / WCG IRB, Inc.)",Party,active,wcgap@wcgclinical.com,,wcgap@wcgclinical.com,,,"5000 Centregreen Way, Cary, North Carolina, 27513",Cary,North Carolina,United States,27513,0,,,,2026-05-08,2026-05-28,2026-06-01
"Block Real Estate Services, LLC",69fded2462446148bd8492ac,WellSky Corporation,Party,active,accountspayable@wellsky.com,,accountspayable@wellsky.com,,,"11300 Switzer Road, Overland Park, Kansas, 66212",Overland Park,Kansas,United States,66212,0,,,,2026-05-08,2026-05-28,2026-06-01
"Block Real Estate Services, LLC",69fded2462446148bd8492af,"Wesco Distribution, Inc",Party,active,Wesco.valo@cresa.com,,Wesco.valo@cresa.com; mickey.wood@stephens.com; Patty.Jordan@hubinternational.com,,,"167 North Green Street, Chicago, Illinois, 60607",Chicago,Illinois,United States,60607,1,,,,2026-05-08,2026-05-28,2026-06-01
"Block Real Estate Services, LLC",69fded2462446148bd8492b2,West Shore Home LLC,Party,active,realestate@westshorehome.com,,realestate@westshorehome.com; CLIENTCONTACTCENTER@FEDINS.COM,,,"3 Crossgate Drive, Mechanicsburg, Pennsylvania, 17050",Mechanicsburg,Pennsylvania,United States,17050,1,,,,2026-05-08,2026-05-28,2026-06-01
"Block Real Estate Services, LLC",69fded2462446148bd8492b5,Westlake Hardware 54,Party,active,cbeyer@WestlakeHardware.com,,cbeyer@WestlakeHardware.com; .shbro@acehardware.com,,,,,,,,0,,,,2026-05-08,2026-05-28,2026-06-01
"Block Real Estate Services, LLC",69fded2462446148bd8492bb,Woodbridge Corporation,Party,active,Sandy_Blasy@woodbridgegroup.com,,Sandy_Blasy@woodbridgegroup.com,,,"555 Northwest Platte Valley Drive, Riverside, Missouri, 64150",Riverside,Missouri,United States,64150,2,,,,2026-05-08,2026-05-29,2026-06-01
"Block Real Estate Services, LLC",69fded2462446148bd8492be,Workout Anytime,Party,active,jeff.laughman@workoutanytime.com,,jeff.laughman@workoutanytime.com,,,"25949 West 142nd Court, Olathe, Kansas, 66061",Olathe,Kansas,United States,66061,0,,,,2026-05-08,2026-05-28,2026-06-01
"Block Real Estate Services, LLC",69fded2462446148bd8492c1,World Acceptance Corporation,Party,active,scrowe@worldacceptance.com,,scrowe@worldacceptance.com; HUB-KC.Certificates@HUBInternational.com; certificates@MarshMMA.com,,,"104 South Main Street, Greenville, South Carolina, 29601",Greenville,South Carolina,United States,29601,1,,,,2026-05-08,2026-05-28,2026-06-01
"Block Real Estate Services, LLC",69fded2462446148bd8492c4,"Worldpac, Inc.",Party,active,rent@worldpac.com,,rent@worldpac.com,,,"700 Commerce Drive, Oak Brook, Illinois, 60523",Oak Brook,Illinois,United States,60523,0,,,,2026-05-08,2026-05-28,2026-06-01
"Block Real Estate Services, LLC",69fded2462446148bd8492c7,WWEX Franchise Holdings LLC,Party,active,realestate@wwex.com,,realestate@wwex.com; certificates@willis.com,,,"2700 Commerce Street, Dallas, Texas, 75226",Dallas,Texas,United States,75226,0,,,,2026-05-08,2026-05-28,2026-06-01
"Block Real Estate Services, LLC",69fded2462446148bd8492ca,"Galvin's Wholesale / WWMAJ Systems, LLC",Party,active,willyoung@wwmajsystemsllc.com,,willyoung@wwmajsystemsllc.com,,,"8253 Melrose Drive, Lenexa, Kansas, 66214",Lenexa,Kansas,United States,66214,0,,,,2026-05-08,2026-05-28,2026-06-01
"Block Real Estate Services, LLC",69fded2462446148bd8492cd,Xpress Stop 2 LLC / World of Spirits,Party,active,luckytrucking92@gmail.com,,luckytrucking92@gmail.com,,,"1804 Northeast Parvin Road, Kansas City, Missouri, 64116",Kansas City,Missouri,United States,64116,0,,,,2026-05-08,2026-05-28,2026-06-01
"Block Real Estate Services, LLC",69fded2562446148bd8492d0,"The Zen Den Massage / Calm Seas, LLC",Party,active,372311940@qq.com,,372311940@qq.com,,,,,,,,0,,,,2026-05-08,2026-05-28,2026-06-01
"Block Real Estate Services, LLC",69fded2562446148bd8492d3,Yia Yias Tattoo Parlor LLC,Party,active,yiayiastattoo@icloud.com,,yiayiastattoo@icloud.com,,,"8439 Wornall Road, Kansas City, Missouri, 64114",Kansas City,Missouri,United States,64114,0,,,,2026-05-08,2026-05-28,2026-06-01
"Block Real Estate Services, LLC",69fded2562446148bd8492d6,Zeller & Gmelin,Party,active,acctpay@zeller-gmelin.com,,acctpay@zeller-gmelin.com,,,,,,,,0,,,,2026-05-08,2026-05-28,2026-06-01
"Block Real Estate Services, LLC",69fded2562446148bd8492d9,ZSF USA LLC,Party,active,louie@gtlkee.com,,louie@gtlkee.com; bret@ballentineinsurance.com,,,"21518 West 50th Terrace, Shawnee, Kansas, 66226",Shawnee,Kansas,United States,66226,0,,,,2026-05-08,2026-05-28,2026-06-01
"Block Real Estate Services, LLC",6a072930f523b35823695c72,Taikan Development Corporation,Party,active,,NAME,,,,,,,,,1,,,,2026-05-15,2026-05-27,2026-06-01
"Block Real Estate Services, LLC",6a16fbaf1814afc0f5360986,"Dr. Robert Browne, DDS",Party,active,noemail@internalemail.com,,noemail@internalemail.com,,,,,,,,0,,,,2026-05-27,2026-05-28,2026-06-01
"Block Real Estate Services, LLC",6a16fd4062a03ce510d12d9b,"Liberda Consulting, LLC",Party,active,noemail@internalemail.com,,noemail@internalemail.com,,,,,,,,0,,,,2026-05-27,2026-05-28,2026-06-01
"Block Real Estate Services, LLC",6a170f97efde9f2154ab7751,Vitale Realtors,Party,active,noemail@internalemail.com,,noemail@internalemail.com,,,,,,,,0,,,,2026-05-27,2026-05-28,2026-06-01
"Block Real Estate Services, LLC",6a170fafee5ef0b8dcf50e8a,Tom Platt Residence,Party,active,noemail@internalemail.com,,noemail@internalemail.com,,,,,,,,0,,,,2026-05-27,2026-05-28,2026-06-01
"Block Real Estate Services, LLC",6a170fd6da8b48075226ce37,"Page Communication, LLC",Party,active,noemail@internalemail.com,,noemail@internalemail.com,,,,,,,,0,,,,2026-05-27,2026-05-28,2026-06-01
"Block Real Estate Services, LLC",6a170fecda8b48075226d712,WLM Warehouse,Party,active,noemail@internalemail.com,,noemail@internalemail.com,,,,,,,,0,,,,2026-05-27,2026-05-28,2026-06-01
"Block Real Estate Services, LLC",6a171003ee5ef0b8dcf522cf,"Pop! Vintage Furniture & Accessories, LLC",Party,active,noemail@internalemail.com,,noemail@internalemail.com,,,,,,,,0,,,,2026-05-27,2026-05-28,2026-06-01
"Block Real Estate Services, LLC",6a171027da8b48075226e443,Wearhouse Vintage / Madalynn Ramirez & Lily Davis,Party,active,noemail@internalemail.com,,noemail@internalemail.com,,,,,,,,0,,,,2026-05-27,2026-05-28,2026-06-01
"Block Real Estate Services, LLC",6a17103e4ee870c0f8575639,"WGN & Associates, LLC",Party,active,noemail@internalemail.com,,noemail@internalemail.com,,,,,,,,0,,,,2026-05-27,2026-05-28,2026-06-01
"Block Real Estate Services, LLC",6a17105b1814afc0f53b2a39,Computers To Go / Scott Petrak,Party,active,noemail@internalemail.com,,noemail@internalemail.com,,,,,,,,0,,,,2026-05-27,2026-05-28,2026-06-01
"Block Real Estate Services, LLC",6a17132fefde9f2154ac6af4,The Underground Lab / Animal Kingdom Athletics,Party,active,noemail@internalemail.com,,noemail@internalemail.com,,,,,,,,0,,,,2026-05-27,2026-05-28,2026-06-01
"Block Real Estate Services, LLC",6a174c521814afc0f550857c,"Money N Minutes / Z & H Holding, LLC",Party,active,noemail@internalemail.com,,noemail@internalemail.com,,,,,,,,0,,,,2026-05-27,2026-05-28,2026-06-01
"Block Real Estate Services, LLC",6a174c5f68ca7e99894e866e,"Party Time Liquor / LEXMI, LLC",Party,active,noemail@internalemail.com,,noemail@internalemail.com,,,,,,,,0,,,,2026-05-27,2026-05-28,2026-06-01
"Block Real Estate Services, LLC",6a1750d2df078f8120119232,Dr. Julia Loecker Dentistry,Party,active,noemail@internalemail.com,,noemail@internalemail.com,,,,,,,,0,,,,2026-05-27,2026-05-28,2026-06-01
"Block Real Estate Services, LLC",6a1750de402cef48fa2e24a7,Cheezsteak Company / Asma Shane,Party,active,noemail@internalemail.com,,noemail@internalemail.com,,,,,,,,0,,,,2026-05-27,2026-05-28,2026-06-01
"Block Real Estate Services, LLC",6a17544d68ca7e9989502900,Dr. Ryan Spurgeon Healing Neck & Joints,Party,active,drryanspurgeonhealingneckandjoints@internalemail.comm,,drryanspurgeonhealingneckandjoints@internalemail.comm,,,,,,,,0,,,,2026-05-27,2026-05-28,2026-06-01
"Block Real Estate Services, LLC",6a1757dbf2985118876d7f9a,Afrah Event Center,Party,active,noemail@internalemail.com,,noemail@internalemail.com,,,,,,,,0,,,,2026-05-27,2026-05-28,2026-06-01
"Block Real Estate Services, LLC",6a175a7bee5ef0b8dc066236,"PropertyRate, LLC",Party,active,noemail@internalemail.com,,noemail@internalemail.com,,,,,,,,0,,,,2026-05-27,2026-05-28,2026-06-01
"Block Real Estate Services, LLC",6a1842e4b517ae25a873e28c,"Kari's On 39th, LLC",Party,active,noemail@internalemail.com,,noemail@internalemail.com,,,,,,,,0,,,,2026-05-28,2026-05-28,2026-06-01
"Block Real Estate Services, LLC",6a1842efb517ae25a873e629,Lisa Coryell,Party,active,noemail@internalemail.com,,noemail@internalemail.com,,,,,,,,0,,,,2026-05-28,2026-05-28,2026-06-01
"Block Real Estate Services, LLC",6a1842f8e701796d85d37b7e,Myla Ruffin,Party,active,noemail@internalemail.com,,noemail@internalemail.com,,,,,,,,0,,,,2026-05-28,2026-05-28,2026-06-01
"Block Real Estate Services, LLC",6a184302bda7a44c6000696a,Anthony Falcon,Party,active,noemail@internalemail.com,,noemail@internalemail.com,,,,,,,,0,,,,2026-05-28,2026-05-28,2026-06-01
"Block Real Estate Services, LLC",6a18430bf8f612ef09496270,Angel Romero,Party,active,noemail@internalemail.com,,noemail@internalemail.com,,,,,,,,0,,,,2026-05-28,2026-05-28,2026-06-01
"Block Real Estate Services, LLC",6a1843168bbe0a0890e878d2,"Seen Productions, LLC",Party,active,noemail@internalemail.com,,noemail@internalemail.com,,,,,,,,0,,,,2026-05-28,2026-05-28,2026-06-01
"Block Real Estate Services, LLC",6a1843228bbe0a0890e87ab8,Residential - renter occupied: Taylor Hill,Party,active,noemail@internalemail.com,,noemail@internalemail.com,,,,,,,,0,,,,2026-05-28,2026-05-28,2026-06-01
"Block Real Estate Services, LLC",6a18432d8bbe0a0890e87ff9,Residential - renter occupied: John Woods,Party,active,noemail@internalemail.com,,noemail@internalemail.com,,,,,,,,0,,,,2026-05-28,2026-05-28,2026-06-01
"Block Real Estate Services, LLC",6a184f0e5a886bcac1349c23,"Veseris / ES OPCO OSE, LLC",Party,active,veseris@internalemail.com,,veseris@internalemail.com,,,,,,,,0,,,,2026-05-28,2026-05-28,2026-06-01
"Block Real Estate Services, LLC",6a184f4af8f612ef094c4c00,PharMerica / Pharmacy Corporation of America,Party,active,pharmerica@interalemail.com,,pharmerica@interalemail.com,,,,,,,,0,,,,2026-05-28,2026-05-28,2026-06-01
"Block Real Estate Services, LLC",6a184fbc8bbe0a0890eb6a1d,"Home Depot U.S.A., Inc. (fka Interline Brands, Inc.)",Party,active,noemail@internalemail.com,,noemail@internalemail.com,,,,,,,,0,,,,2026-05-28,2026-05-28,2026-06-01
"Block Real Estate Services, LLC",6a18531ae701796d85d75b3b,Voya Services Company,Party,active,noemail@internalemail.com,,noemail@internalemail.com,,,,,,,,0,,,,2026-05-28,2026-05-28,2026-06-01
"Block Real Estate Services, LLC",6a1855835a886bcac1362a47,"Sheldon Fleishman, DPM, PA",Party,active,noemail@internalemail.com,,noemail@internalemail.com,,,,,,,,0,,,,2026-05-28,2026-05-28,2026-06-01
"Block Real Estate Services, LLC",6a1857c8bda7a44c60055e47,KU Neurology  / University of Kansas Hospital Authority,Party,active,noemail@internalemail.com,,noemail@internalemail.com,,,,,,,,0,,,,2026-05-28,2026-05-28,2026-06-01
"Block Real Estate Services, LLC",6a1857d1b517ae25a878d29f,The University of Kansas Physicians Plastic Surgery,Party,active,noemail@internalemail.com,,noemail@internalemail.com,,,,,,,,0,,,,2026-05-28,2026-05-28,2026-06-01
"Block Real Estate Services, LLC",6a1857dba4bcce858bf09778,Hanger Clinic (sublease of APEX / KC Orthopaedic Institute),Party,active,noemail@internalemail.com,,noemail@internalemail.com,,,,,,,,0,,,,2026-05-28,2026-05-28,2026-06-01
"Block Real Estate Services, LLC",6a1857e9a4bcce858bf099bb,"USA Vein Clinics (fka Vein Clinics of America, Inc.)",Party,active,noemail@internalemail.com,,noemail@internalemail.com,,,,,,,,0,,,,2026-05-28,2026-05-28,2026-06-01
"Block Real Estate Services, LLC",6a1858dddf417460157fddd6,"Anytime Fitness / Southside Fitness, LLC",Party,active,noemail@interalemail.com,,noemail@interalemail.com,,,,,,,,0,,,,2026-05-28,2026-05-28,2026-06-01
"Block Real Estate Services, LLC",6a185a8317ab90e8a02c371c,Otolaryngology-Head and Neck Surgery / University of Kansas Hospital Authority,Party,active,noemail@internalemail.com,,noemail@internalemail.com,,,,,,,,0,,,,2026-05-28,2026-05-28,2026-06-01
"Block Real Estate Services, LLC",6a185a8e462ef1e78ea1ad25,Mid America Cardiology / University of Kansas Hospital,Party,active,noemail@internalemail.com,,noemail@internalemail.com,,,,,,,,0,,,,2026-05-28,2026-05-28,2026-06-01
"Block Real Estate Services, LLC",6a185a9ab517ae25a8797914,Jayhawk Primary Care / Medical Plaza Internal Medicine,Party,active,noemail@internalemail.com,,noemail@internalemail.com,,,,,,,,0,,,,2026-05-28,2026-05-28,2026-06-01
"Block Real Estate Services, LLC",6a185d6484a21cbe19a54e57,"Endura Services, LLC",Party,active,noemail@interalemail.com,,noemail@interalemail.com,,,,,,,,0,,,,2026-05-28,2026-05-28,2026-06-01
"Block Real Estate Services, LLC",6a185d785a886bcac13835bd,"Aperture Credentialing, LLC",Party,active,noemail@internalemail.com,,noemail@internalemail.com,,,,,,,,0,,,,2026-05-28,2026-05-28,2026-06-01
"Block Real Estate Services, LLC",6a185d8617ab90e8a02d0292,"TW Telecom of Kansas City, LLC (Roof Lease)",Party,active,noemail@internalemail.com,,noemail@internalemail.com,,,,,,,,0,,,,2026-05-28,2026-05-28,2026-06-01
"Block Real Estate Services, LLC",6a185e8d5a886bcac13878a0,NAPA / Genuine Parts Company,Party,active,noemail@internalemail.com,,noemail@internalemail.com,,,,,,,,0,,,,2026-05-28,2026-05-28,2026-06-01
"Block Real Estate Services, LLC",6a186100b517ae25a87b054a,CrossFirst Bank,Party,active,noemail@internalemail.com,,noemail@internalemail.com,,,,,,,,0,,,,2026-05-28,2026-05-28,2026-06-01
"Block Real Estate Services, LLC",6a18614617ab90e8a02de8cb,"Prime Social / OPKC, LLC",Party,active,noemail@internalemail.com,,noemail@internalemail.com,,,,,,,,0,,,,2026-05-28,2026-05-28,2026-06-01
"Block Real Estate Services, LLC",6a1862ef17ab90e8a02e444c,Fire House Subs,Party,active,noemail@internalemail.com,,noemail@internalemail.com,,,,,,,,0,,,,2026-05-28,2026-05-28,2026-06-01
"Block Real Estate Services, LLC",6a1862f9e701796d85db1e48,Old Blue Ridge Bank Building,Party,active,noemail@internalemail.com,,noemail@internalemail.com,,,,,,,,0,,,,2026-05-28,2026-05-28,2026-06-01
"Block Real Estate Services, LLC",6a1863036b3214c65fe64e2c,Mathnasium,Party,active,noemail@internalemail.com,,noemail@internalemail.com,,,,,,,,0,,,,2026-05-28,2026-05-28,2026-06-01
"Block Real Estate Services, LLC",6a18630f5a886bcac1399a34,"Westside Grill and Bar / Cheers 221, LLC",Party,active,noemail@internalemail.com,,noemail@internalemail.com,,,,,,,,0,,,,2026-05-28,2026-05-28,2026-06-01
"Block Real Estate Services, LLC",6a18646fe701796d85db75b6,To the Hoop Bar & Grill,Party,active,noemail@internalemail.com,,noemail@internalemail.com; geoff@boulevardins.com,,,,,,,,2,,,,2026-05-28,2026-05-29,2026-06-01
"Block Real Estate Services, LLC",6a1866145a886bcac13a5c35,Bariatric & Metabolic Classroom / HCA-MMC-Menorah Medical Center,Party,active,noemail@internalemail.com,,noemail@internalemail.com,,,,,,,,0,,,,2026-05-28,2026-05-28,2026-06-01
"Block Real Estate Services, LLC",6a18661fa4bcce858bf426d7,Premier Gastroenterology of Kansas City (fka KC Gastroenterology & Hepatology / HCA-MMC-Menorah Medical Center),Party,active,noemail@internalemail.com,,noemail@internalemail.com,,,,,,,,0,,,,2026-05-28,2026-05-28,2026-06-01
"Block Real Estate Services, LLC",6a18663117ab90e8a02f12a9,Midwest Heart & Vascular and KCHRI (Kansas City Heart Rhythm Institute),Party,active,noemail@internalemail.com,,noemail@internalemail.com,,,,,,,,0,,,,2026-05-28,2026-05-31,2026-06-01
"Block Real Estate Services, LLC",6a18663d462ef1e78ea4b046,HCA-OPRMC,Party,active,noemail@internalemail.com,,noemail@internalemail.com,,,,,,,,0,,,,2026-05-28,2026-05-28,2026-06-01
"Block Real Estate Services, LLC",6a186650b517ae25a87c5643,Kansas City Vascular & General Surgery Group / HCA Midwest Health,Party,active,noemail@internalemail.com,,noemail@internalemail.com,,,,,,,,1,,,,2026-05-28,2026-05-29,2026-06-01
"Block Real Estate Services, LLC",6a1869cab517ae25a87d2e2e,"Metro Elevator Kansas City, Inc. (License Agreement)",Party,active,noemail@internalemail.com,,noemail@internalemail.com,,,,,,,,0,,,,2026-05-28,2026-05-28,2026-06-01
"Block Real Estate Services, LLC",6a186a17e701796d85dca48c,85 Degrees Bakery / DA FA Inc 85C,Party,active,noemail@internalemail.com,,noemail@internalemail.com,,,,,,,,0,,,,2026-05-28,2026-05-28,2026-06-01
"Block Real Estate Services, LLC",6a186a26b517ae25a87d3e04,Old Navy,Party,active,noemail@internalemail.com,,noemail@internalemail.com,,,,,,,,0,,,,2026-05-28,2026-05-28,2026-06-01
"Block Real Estate Services, LLC",6a18721753ab917b1e649498,"Critical Facilities Technology, LLC",Party,active,noemail@internalemail.com,,noemail@internalemail.com,,,,,,,,0,,,,2026-05-28,2026-05-28,2026-06-01
"Block Real Estate Services, LLC",6a187263e701796d85de7c91,"LVT Trucking, Inc.",Party,active,noemail@internalemail.com,,noemail@internalemail.com,,,,,,,,0,,,,2026-05-28,2026-05-28,2026-06-01
"Block Real Estate Services, LLC",6a18740bdf41746015864e9a,"Morton Fence, LLC",Party,active,noemail@internalemail.com,,noemail@internalemail.com,,,,,,,,0,,,,2026-05-28,2026-05-28,2026-06-01
"Block Real Estate Services, LLC",6a187768b517ae25a8805ad8,"KC Roofscapes, LLC",Party,active,noemail@internalemail.com,,noemail@internalemail.com; teddy@granadainsuranceagency.com,,,,,,,,1,,,,2026-05-28,2026-05-28,2026-06-01
"Block Real Estate Services, LLC",6a187790d2723fbba9a43f46,"Integrated Health Systems, LLC",Party,active,noemail@internalemail.com,,noemail@internalemail.com,,,,,,,,0,,,,2026-05-28,2026-05-28,2026-06-01
"Block Real Estate Services, LLC",6a187b32d2723fbba9a51c41,"Re-View Windows, Inc. (fka Architectural Specialties, Inc. )",Party,active,noemail@internalemail.com,,noemail@internalemail.com,,,,,,,,0,,,,2026-05-28,2026-05-31,2026-06-01
"Block Real Estate Services, LLC",6a187b72462ef1e78ea98fda,"Heper USA, Inc.",Party,active,noemail@internalemail.com,,noemail@internalemail.com,,,,,,,,0,,,,2026-05-28,2026-05-28,2026-06-01
"Block Real Estate Services, LLC",6a1885319ef1cffe57c7679c,Dutch Brothers Coffee,Party,active,noemail@internalemail.com,,noemail@internalemail.com,,,,,,,,0,,,,2026-05-28,2026-05-28,2026-06-01
"Block Real Estate Services, LLC",6a18853c9ef1cffe57c768cc,Nails 4 U,Party,active,noemail@internalemail.com,,noemail@internalemail.com,,,,,,,,0,,,,2026-05-28,2026-05-28,2026-06-01
"Block Real Estate Services, LLC",6a1885479ef1cffe57c76a9d,Community Bank of Raymore,Party,active,noemail@internalemail.com,,noemail@internalemail.com,,,,,,,,0,,,,2026-05-28,2026-05-28,2026-06-01
"Block Real Estate Services, LLC",6a188717b517ae25a883e8df,"Lot 7, Village West",Party,active,noemail@internalemail.com,,noemail@internalemail.com,,,,,,,,0,,,,2026-05-28,2026-05-28,2026-06-01
"Block Real Estate Services, LLC",6a199d6fabae685b1c514ece,CB Smoothie Supps LLC,Party,active,ls@thesmoothieshop.com,,ls@thesmoothieshop.com,,,,,,,,1,,,,2026-05-29,2026-05-29,2026-06-01
"Block Real Estate Services, LLC",6a19b8b18805769e5038a2ed,Savor Strategy,Party,active,dt.lo@jadeandemberkc.com,,dt.lo@jadeandemberkc.com; victor.kim.nt2i@statefarm.com,,,,,,,,1,,,,2026-05-29,2026-05-29,2026-06-01
QTS Data Centers,69f0f3c4beb6279e947be0d0,"AP Gulf States, Inc.",Party,active,scadaret@a-p.com,,dreams@a-p.com; certificates@wtwco.com; jakins@a-p.com; scadaret@a-p.com; mdurbin@a-p.com; sarcand@a-p.com,,,,,,,,0,,,,2026-04-28,2026-06-01,2026-06-01
QTS Data Centers,69f0f3c4beb6279e947be0d5,Brasfield & Gorrie L.L.C.,Party,active,pherrin@brasfieldgorrie.com,Pax Herrin,pherrin@brasfieldgorrie.com,,,,,,,,0,,,,2026-04-28,2026-06-01,2026-06-01
QTS Data Centers,69f0f3c4beb6279e947be0da,"Clayco, Inc.",Party,active,porterd@claycorp.com,Debbie Porter,porterd@claycorp.com,,,,,,,,1,,,,2026-04-28,2026-06-01,2026-06-01
QTS Data Centers,69f0f3c4beb6279e947be0df,Evans General Contractors LLC,Party,active,msanchez@evans-gc.com,Misty Sanchez,msanchez@evans-gc.com,,,,,,,,0,,,,2026-04-28,2026-05-31,2026-06-01
QTS Data Centers,69f0f3c4beb6279e947be0e4,Gilbane Building Company,Party,active,dbuser@gilbaneco.com,Daniel Buser,dbuser@gilbaneco.com; esynstad@gilbaneco.com,,,,,,,,0,,,,2026-04-28,2026-06-01,2026-06-01
QTS Data Centers,69f0f3c4beb6279e947be0e9,"Gray Construction, Inc.",Party,active,ajolly@gray.com,Aschley Jolly,tyson.robinson@gray.com; kcasu@lockton.com; ajolly@gray.com,,,,,,,,0,,,,2026-04-28,2026-06-01,2026-06-01
QTS Data Centers,69f0f3c5beb6279e947be0ee,"HITT Contracting, Inc.",Party,active,nmorgan@hitt-gc.com,Nick Morgan,nmorgan@hitt-gc.com,,,,,,,,0,,,,2026-04-28,2026-06-01,2026-06-01
QTS Data Centers,69f0f3c5beb6279e947be0f3,"Holder Construction Group, LLC",Party,active,internalemail@noemail.com,No Email On File,internalemail@noemail.com,,,,,,,,0,,,,2026-04-28,2026-05-26,2026-06-01
QTS Data Centers,69f0f3c5beb6279e947be0f8,"Layton Construction Company, LLC",Party,active,rickie.sanchez@laytonconstruction.com,Rickie Sanchez,paige.brandenburg@laytonconstruction.com; rickie.sanchez@laytonconstruction.com,,,,,,,,3,,,,2026-04-28,2026-06-01,2026-06-01
QTS Data Centers,69f0f3c5beb6279e947be0fd,M. A. Mortenson Company,Party,active,dan.bavaro@mortenson.com,Dan Bavaro,dan.bavaro@mortenson.com,,,,,,,,0,,,,2026-04-28,2026-06-01,2026-06-01
QTS Data Centers,69f0f3c5beb6279e947be102,Rogers-O-Brien Construction Company Ltd.,Party,active,lcouey@r-o.com,Laura Couey,lcouey@r-o.com; susan.jock@marshmma.com; kelms@r-o.com,,,,,,,,0,,,,2026-04-28,2026-06-01,2026-06-01
QTS Data Centers,69f0f3c5beb6279e947be107,"Structure Tone, LLC",Party,active,tami.gray@structuretone.com,Tami Gray,scott.allan@stobuildinggroup.com; melissa.shafer@laytonconstruction.com; tami.gray@structuretone.com,,,,,,,,3,,,,2026-04-28,2026-06-01,2026-06-01
QTS Data Centers,69f0f3c5beb6279e947be10c,"Suffolk Construction Company, Inc.",Party,active,cmchenry@suffolk.com,Christy Mchenry,cmchenry@suffolk.com; Jessica.Coello@alliant.com,,,,,,,,1,,,,2026-04-28,2026-06-01,2026-06-01
QTS Data Centers,69f0f3c5beb6279e947be111,Whitting-Turner Contracting Company,Party,active,jonathan.simko@whiting-turner.com,Jonathan Simko,jonathan.simko@whiting-turner.com; squidley@hmsia.com; Whitingturner.certificates@rcmd.com; troy.sanders@whiting-turner.com; joe.fioretti@whiting-turner.com,,,,,,,,1,,,,2026-04-28,2026-06-01,2026-06-01