client,id,vendor_id,vendor_name,name,types,policy_number,status,processing,reviewed_at,archived_at,expiration_date,issue_date,flagged,flag_level,flag_notes,applies_to_all,insurer_names,created_at,updated_at,sync_date
"Block Real Estate Services, LLC",6a2c73107ea10850bf9fee8e,69fded0c62446148bd848aff,"1-800-Pack Rat, LLC","Block Real Estate Services, LLC_1-800-Pack-Rat, LLC_25-26 Master_6-12-2026_531717594.pdf",,,processed,false,2026-06-15,,2026-10-01,2026-06-12,false,,,false,Arch Insurance Company; Arch Indemnity Insurance Company; Scottsdale Insurance Company; Allied World Assurance Company (U.S.) Inc.,2026-06-12,,2026-09-15
"Block Real Estate Services, LLC",6a05e6f6fe7b4a8a036194e9,69fded0c62446148bd848b02,24 Hour Check Cashing,CERT_Block_Real_Estate_Services_LLC_218628_179011.pdf,,,processed,false,2026-06-01,,2027-04-16,2026-03-23,false,,,false,"Acuity, A Mutual Insurance Company",2026-05-14,,2026-09-15
"Block Real Estate Services, LLC",6a2599e5781c6c479f910adb,69fded0c62446148bd848afc,1248 Holdings LLC,1248 Holdings COI.pdf,,,processed,false,2026-06-08,,2027-04-01,,false,,,false,,2026-06-07,,2026-09-15
"Block Real Estate Services, LLC",6a3e916bc35829c634df586f,69fded0c62446148bd848afc,1248 Holdings LLC,1248 COI - Block - 4.26-4.27-updated.pdf,,,processed,false,2026-06-30,,2027-06-25,2026-06-22,false,,,false,Stonington Insurance Company,2026-06-26,,2026-09-15
"Block Real Estate Services, LLC",6a394c69accacb8cab636d9b,69fded0c62446148bd848b0e,A.N.D. Design Studio LLC,COI FOR KCG.pdf,,,processed,false,2026-06-30,,2027-04-01,,false,,,false,ACE Property and Casualty Insurance Company,2026-06-22,,2026-09-15
"Block Real Estate Services, LLC",6a57aafa22af1dedc09c94be,69fded0c62446148bd848b0e,A.N.D. Design Studio LLC,Lease - 3rd657 - AND Design Studio.pdf,,,processed,false,2026-07-15,,,,false,,,false,,2026-07-15,,2026-09-15
"Block Real Estate Services, LLC",6a625a41293db0c1319f2be1,69fded0c62446148bd848af9,"1&1 Internet / IONOS, Inc.","co Block Real Estate Services_IONOS, INC_2627 GLAutoUmbWCProp_7-23-2026_1213674639.pdf",,,processed,false,2026-07-27,,2027-01-01,2026-07-23,false,,,false,"National Union Fire Insurance Company of Pittsburgh, Pa.; Allianz Global Risks US Insurance Company; Chubb Indemnity Insurance Company; Federal Insurance Company",2026-07-23,,2026-09-15
"Block Real Estate Services, LLC",6a67c08497397b0cc4d78d5d,69fded0c62446148bd848af9,"1&1 Internet / IONOS, Inc.",Lease - tic765 - 1&1 Internet.pdf,,,processed,false,2026-07-27,,,,false,,,false,,2026-07-27,,2026-09-15
"Block Real Estate Services, LLC",6a282910da52b0ee99d2eb99,69fded0c62446148bd848b05,"Big Biscuit / 27 Biscuits, LLC",Big Biscuit Industries LLC_Block Real Estate Services.pdf,,,processed,false,2026-06-11,,2027-05-01,2026-06-08,false,,,false,American Guarantee and Liability Insurance Company; Zurich American Insurance Company,2026-06-09,,2026-09-15
"Block Real Estate Services, LLC",6a7dec4a6798c591b2cd67ed,69fded0c62446148bd848b14,Academy Bank,COI.pdf,,,processed,false,2026-08-21,,2027-08-18,2026-07-22,false,,,false,Travelers Property Casualty Company of America; The Charter Oak Fire Insurance Company,2026-08-13,,2026-09-15
"Block Real Estate Services, LLC",6a7351e21d2a69d97160738b,69fded0c62446148bd848b17,"Pertronix (Aeromotive) / Accelerate Auto Works Intermediate, LLC",Block Real Estate Services - COI.pdf,,,processed,false,2026-08-10,,2026-12-31,2026-08-05,false,,,false,Continental Casualty Company; Continental Casualty Company,2026-08-05,,2026-09-15
"Block Real Estate Services, LLC",6aa04bfc7a58e9868bb0e0cb,69fded0c62446148bd848b1a,Actuarial Resources Corporation (ARC),c_oBlockRealEstateServicesLLC_W47837952.pdf,,,processed,false,2026-09-09,,2027-08-31,2026-09-08,false,,,false,American Guarantee and Liability Insurance Company; American Zurich Insurance Company,2026-09-08,,2026-09-15
"Block Real Estate Services, LLC",6a26f800caa475a04620536a,69fded0c62446148bd848b1d,"Adams Cable Equipment, Inc.",Updated COI 16200.pdf,,,processed,false,2026-06-11,,2025-09-01,2026-03-31,false,,,false,Liberty Mutual Fire Insurance Company; Liberty Insurance Corporation; Evanston Insurance Company,2026-06-08,,2026-09-15
"Block Real Estate Services, LLC",6a67aede72e3a2f582038caa,69fded0c62446148bd848b23,"ADI (Ademco Distribution, Inc.) / Honeywell International, Inc.",Lease - prg841 - ADI.pdf,,,processed,false,2026-07-27,,,,false,,,false,,2026-07-27,,2026-09-15
"Block Real Estate Services, LLC",6a199b589d7340e121a98009,69fded0c62446148bd848b26,"Advanced Auto / Advanced Stores Co., Inc.",cert_CLE_ALLEN and GLORIA BLOCK FAMILY LIMITED_6889424_9.pdf,,,processed,false,2026-06-01,,2027-06-01,2026-05-28,false,,,true,ACE American Insurance Company; ACE Property and Casualty Insurance Company; SEE ACORD 101,2026-05-29,,2026-09-15
"Block Real Estate Services, LLC",6a67d7fb72e3a2f582038ccb,69fded0c62446148bd848b2c,Advanced Turf Solutions Inc,Platte Investments.pdf,,,processed,false,2026-07-28,,2027-07-01,2026-07-02,false,,,false,Allied Insurance Company of America; Nationwide Mutual Insurance Company; Nationwide General Insurance Company; Nationwide Property and Casualty Insurance Company,2026-07-27,,2026-09-15
"Block Real Estate Services, LLC",6a645241ba0418f566ac5ede,69fded0c62446148bd848b29,Advanced Pharmaceuticals LLC,Certificate.pdf,,,processed,false,2026-07-27,,2026-09-08,2026-07-24,false,,,false,Nautilus Insurance Company; Markel American Insurance Company,2026-07-25,,2026-09-15
"Block Real Estate Services, LLC",6a8319f11a2ab413a24db924,69fded0c62446148bd848b29,Advanced Pharmaceuticals LLC,Lease - prg841 - Advanced Pharmaceuticals LLC.pdf,,,processed,false,2026-08-17,,,,false,,,false,,2026-08-17,,2026-09-15
"Block Real Estate Services, LLC",6aa1cf60aec08381f4031a1e,69fded0c62446148bd848b29,Advanced Pharmaceuticals LLC,"Cert 26-27 - CO Block Real Estate Services, LLC.pdf",,,processed,false,,,2027-09-08,2026-09-09,false,,,false,Nautilus Insurance Company; Markel American Insurance Company,2026-09-09,,2026-09-15
"Block Real Estate Services, LLC",6aa44ac5dfb189ee83b93840,69fded0c62446148bd848b29,Advanced Pharmaceuticals LLC,"Cert 26-27 - CO Block Real Estate Services, LLC.pdf",,,processed,false,,,2027-09-08,2026-09-11,false,,,false,Nautilus Insurance Company; Kinsale Insurance Company; Markel American Insurance Company,2026-09-11,,2026-09-15
"Block Real Estate Services, LLC",6a07267b7ee88c9e36194d1a,69fded0d62446148bd848b35,"Aircraft Electrical / AEE-EMF, Inc.",BlockRealEstateServicesLLC.pdf,,,processed,false,2026-06-02,,2026-12-16,,false,,,false,,2026-05-15,,2026-09-15
"Block Real Estate Services, LLC",6a3beb8e9af3fe11c94296ce,69fded0c62446148bd848b32,Advocate Construction Inc,block wc.pdf,,,processed,false,2026-06-25,,2026-10-01,2025-09-23,false,,,false,SUNZ Insurance Company,2026-06-24,,2026-09-15
"Block Real Estate Services, LLC",6a3c3a3a471d21bbc95f6cc3,69fded0c62446148bd848b32,Advocate Construction Inc,BlockRealEstateServicesLLC.pdf,,,processed,false,2026-06-25,,2027-04-01,2026-06-24,false,,,false,Admiral Insurance Company,2026-06-24,,2026-09-15
"Block Real Estate Services, LLC",6a358e981f6b786b44770062,69fded0d62446148bd848b3b,Agape Montessori School/Pulliam Properties LLC,Certificate - 2026-06-19T134625.722.pdf,,,processed,false,2026-06-22,,2027-06-21,2026-06-19,false,,,false,West Bend Insurance Company,2026-06-19,,2026-09-15
"Block Real Estate Services, LLC",6a3011df85085468184506f6,69fded0d62446148bd848b3e,AgForce Transport Services / Consolidated Grain and Barge Co.,"HLBT Associates, LLC.pdf",,,processed,false,2026-06-15,,2027-05-01,2026-06-15,false,,,false,Nationwide Agribusiness Insurance Company; Westfield Specialty Insurance Company,2026-06-15,,2026-09-15
"Block Real Estate Services, LLC",6a569d0e117f21962232fbe7,69fded0d62446148bd848b44,All Access Garage Doors,All Access Block Cert.pdf,,,processed,false,2026-07-15,,2026-12-05,2026-07-14,false,,,false,OWNERS INS CO; AUTO OWNERS INS CO; Travelers Property Casualty Company of America,2026-07-14,,2026-09-15
"Block Real Estate Services, LLC",6a57f12be8caaf78715d08d3,69fded0d62446148bd848b44,All Access Garage Doors,All Access Block Cert.pdf,,,processed,false,2026-07-20,,2026-12-05,2026-07-15,false,,,false,OWNERS INS CO; AUTO OWNERS INS CO; Travelers Property Casualty Company of America,2026-07-15,,2026-09-15
"Block Real Estate Services, LLC",6a4bd0b2c8e29468b5d94158,69fded0d62446148bd848b4d,Allstate Insurance,CERTIFICATE OF INSURANCE (COI) Reinhart agency.Pdf,,,processed,false,2026-07-06,,2027-04-09,2026-07-06,false,,,false,Property and Casualty Insurance Company of Hartford,2026-07-06,,2026-09-15
"Block Real Estate Services, LLC",6a848ed5b4b01fa929ac33c1,69fded0d62446148bd848b56,"Amazon / Amazon.com Services, LLC (MCI5)",marshdigital.marsh.com_marshconnect_viewMOI.pdf,,,processed,false,2026-08-24,,2027-04-01,,true,low,<p>Lease and exceptions for MOI requested from BRES</p>,false,Zurich American Insurance Company; Fireman's Fund Indemnity Corporation; American Zurich Insurance Company; LM Insurance Corporation,2026-08-18,,2026-09-15
"Block Real Estate Services, LLC",6a8db36987c4cd6f5728e8d4,69fded0d62446148bd848b56,"Amazon / Amazon.com Services, LLC (MCI5)",Lease - 3rd464 - Amazon (1).pdf,,,processed,false,2026-08-25,,,,false,,,false,,2026-08-25,,2026-09-15
"Block Real Estate Services, LLC",6a8db36987c4cd6f5728e8f3,69fded0d62446148bd848b56,"Amazon / Amazon.com Services, LLC (MCI5)",Lease - 3rd464 - Amazon (2).pdf,,,processed,false,2026-08-25,,,,false,,,false,,2026-08-25,,2026-09-15
"Block Real Estate Services, LLC",6a67b76b97397b0cc4d78d07,69fded0d62446148bd848b59,"Hamilton Plumbing / Roger The Plumber / American Residential Services, LLC (ARS)",8425 Hamilton COI for Block_amended 27JUL2026.pdf,,,processed,false,2026-07-28,,2026-10-01,2026-07-27,false,,,false,Liberty Mutual Fire Insurance Company; Twin City Fire Insurance Company; Liberty Insurance Corporation,2026-07-27,,2026-09-15
"Block Real Estate Services, LLC",6a984ca8bac4878ada1ac685,69fded0d62446148bd848b5c,"Earth Brands, Inc. subtenant of  American West Worldwide Express, Inc. / Renew",co Block Real Estate Services_American West Worldwide Express Inc_2026-27 Master Template_9-1-2026_2034661035.pdf,,,processed,false,,,2027-04-01,2026-09-01,false,,,false,Great West Casualty Company; Travelers Property Casualty Company of America; Homesite Insurance Company,2026-09-02,,2026-09-15
"Block Real Estate Services, LLC",6a984cb4f166b4b41a8179bf,69fded0d62446148bd848b5c,"Earth Brands, Inc. subtenant of  American West Worldwide Express, Inc. / Renew",co Block Real Estate Services_American West Worldwide Express Inc_2026-27 Master Template_9-1-2026_2034661035.pdf,,,processed,false,,,2027-04-01,2026-09-01,false,,,false,Great West Casualty Company; Travelers Property Casualty Company of America; Homesite Insurance Company,2026-09-02,,2026-09-15
"Block Real Estate Services, LLC",6a319dfe14a7a365eb479528,69fded0d62446148bd848b62,"AMSCO Supply / Flegler Investment Co., Inc.",cert_ATL_BLOCK REAL ESTATE SERVICES LLC_6189400_2.pdf,,,processed,false,2026-06-17,,2026-10-01,2026-06-16,false,,,false,Zurich American Insurance Company; Zurich Insurance Europe AG,2026-06-16,,2026-09-15
"Block Real Estate Services, LLC",6a6b8935c80f6330bac03b9a,69fded0d62446148bd848b62,"AMSCO Supply / Flegler Investment Co., Inc.",previewliabilityholder.pdf,,,processed,false,2026-07-31,,2027-07-30,2026-07-23,false,,,false,The Travelers Indemnity Company of Connecticut; Travelers Property Casualty Company of America; Travelers Casualty and Surety Company,2026-07-30,,2026-09-15
"Block Real Estate Services, LLC",6a06215b1f712c628e56646c,69fded0d62446148bd848b65,Amsted Rail Company Inc,CollegeCrossingCDLLCandMarleyCollegeCrossingCDLLC_W45275293.pdf,,,processed,false,2026-06-02,,2027-03-31,2026-03-31,false,,,false,Liberty Mutual Fire Insurance Company; AIG Specialty Insurance Company; LM Insurance Corporation; Liberty Insurance Corporation,2026-05-14,,2026-09-15
"Block Real Estate Services, LLC",6a8f35687d198e284f2871c0,69fded0d62446148bd848b65,Amsted Rail Company Inc,Lease - tic765 Amsted Rail.pdf,,,processed,false,2026-08-26,,,,false,,,false,,2026-08-26,,2026-09-15
"Block Real Estate Services, LLC",6a99c688df5c42657afb5277,69fded0d62446148bd848b65,Amsted Rail Company Inc,CollegeCrossingCDLLCandMarleyCollegeCrossingCDLLC_W47819192.pdf,,,processed,false,,,2027-03-31,2026-09-03,false,,,false,Liberty Mutual Fire Insurance Company; AIG Specialty Insurance Company; LM Insurance Corporation; Liberty Insurance Corporation,2026-09-03,,2026-09-15
"Block Real Estate Services, LLC",6a9a663089b0ae819600fd9f,69fded0d62446148bd848b65,Amsted Rail Company Inc,CollegeCrossingCDLLCandMarleyCollegeCrossingCDLLC_W47819192.pdf,,,processed,false,,,2027-03-31,2026-09-03,false,,,true,Liberty Mutual Fire Insurance Company; AIG Specialty Insurance Company; LM Insurance Corporation; Liberty Insurance Corporation,2026-09-04,,2026-09-15
"Block Real Estate Services, LLC",6a5691bef6533cf6aa2dd79b,69fded0d62446148bd848b6b,Anixter Inc,Lease - rl2877 - Anixter Inc.pdf,,,processed,false,2026-07-14,,,,false,,,false,,2026-07-14,,2026-09-15
"Block Real Estate Services, LLC",6a75e3a1729ed242a920cf95,69fded0d62446148bd848b6b,Anixter Inc,26-27 Per Location Agg - Block Real Estate Services.pdf,,,processed,false,2026-08-11,,2027-06-04,2026-08-07,false,,,false,Travelers Property Casualty Company of America,2026-08-07,,2026-09-15
"Block Real Estate Services, LLC",6a47ca0f5cdf4704ae0efe2a,69fded0d62446148bd848b77,"Apex Products, LLC",Scan2026-06-30_144448BlockCert.pdf,,,processed,false,2026-07-06,,2027-06-28,2026-06-11,false,,,false,West Bend Insurance Company,2026-07-03,,2026-09-15
"Block Real Estate Services, LLC",6a67a54a72e3a2f582038bee,69fded0d62446148bd848b77,"Apex Products, LLC",Lease - prg806 - APEX Products.pdf,,,processed,false,2026-07-27,,,,false,,,false,,2026-07-27,,2026-09-15
"Block Real Estate Services, LLC",6a399fb6accacb8cab637009,69fded0e62446148bd848b7d,"APLOS, Inc.",Aplós COI 2026.pdf,,,processed,false,2026-06-23,,2026-07-17,2026-03-12,false,,,false,Nautilus Insurance Company; AmTrust Insurance Company; Evanston Insurance Company; Old Republic Professional Liability Inc,2026-06-22,,2026-09-15
"Block Real Estate Services, LLC",6a5a7d2575cf58525d542611,69fded0e62446148bd848b7d,"APLOS, Inc.","College Crossing CD, LLC_APLOS Inc._26-27 CGL_7-14-2026_1431799237.pdf",,,processed,false,2026-07-20,,2027-07-17,2026-07-14,false,,,false,Kinsale Insurance Company,2026-07-17,,2026-09-15
"Block Real Estate Services, LLC",6a5a82fde01184066f4af9b6,69fded0e62446148bd848b7d,"APLOS, Inc.","College Crossing CD, LLC_APLOS Inc._26-27 GLWCOM_7-17-2026_1500492899.pdf",,,processed,false,2026-07-20,,2027-07-17,2026-07-17,false,,,false,Kinsale Insurance Company; AmTrust Insurance Company,2026-07-17,,2026-09-15
"Block Real Estate Services, LLC",6aa02a7a979cd9e609c43732,69fded0e62446148bd848b7d,"APLOS, Inc.","College Crossing CD, LLC_APLOS Inc._2627 GL Premises_9-2-2026_1041539954.pdf",,,processed,false,,,2027-08-31,2026-09-02,false,,,false,The Cincinnati Specialty Underwriters Insurance Company,2026-09-08,,2026-09-15
"Block Real Estate Services, LLC",6a9839a477d8403f7c1fadbc,69fded0e62446148bd848b80,"Applebee's Bar & Grill / Apple Central, LLC",AFH - HMO  LLC Certificate.PDF,,,processed,false,,,2027-08-01,2026-09-02,false,,,false,Pennsylvania Manufacturers' Association Insurance Company; Manufacturers Alliance Insurance Company; Aspen American Insurance Company,2026-09-02,,2026-09-15
"Block Real Estate Services, LLC",6a5a60efb260d1d902908e4c,69fded0e62446148bd848b83,Applied Industrial Technologies Inc,KCIP Riverside LLC-570120212995.pdf,,,processed,false,2026-07-20,,2027-06-01,2026-05-27,false,,,false,ACE American Insurance Company; ACE Property and Casualty Insurance Company,2026-07-17,,2026-09-15
"Block Real Estate Services, LLC",6a2c707c7ea10850bf9fee54,69fded0e62446148bd848b86,ARC Physical Therapy Plus,COI 1318 Belton Block real Estate Umbrella 9.30.25 - 9.30.26.pdf,,,processed,false,2026-06-15,,2026-09-30,2026-05-08,false,,,false,Lexington Insurance Company,2026-06-12,,2026-09-15
"Block Real Estate Services, LLC",6a32eb9c4f89dc4a36d328c0,69fded0e62446148bd848b86,ARC Physical Therapy Plus,COI 1318 Belton Block Real Estate Services LLC - 3.15.26 - 3.15.27.pdf,,,processed,false,2026-06-18,,2027-03-15,2026-06-17,false,,,false,The Insurance Company of the State of Pennsylvania,2026-06-17,,2026-09-15
"Block Real Estate Services, LLC",6a5520ec21f86634e8b19af4,69fded0e62446148bd848b86,ARC Physical Therapy Plus,Lease - ncd054 - ARC Physical Therapy Plus.pdf,,,processed,false,2026-07-13,,,,false,,,false,,2026-07-13,,2026-09-15
"Block Real Estate Services, LLC",6a2727d38f5f15a8835c79d5,69fded0e62446148bd848b92,Arthur J Gallagher Risk Management Services Inc,"46 PC Investors, LLC_Arthur J. Gallagher, LLC_25-26 Landlord Casualty C_6-8-2026_1568910419.pdf",,,processed,false,2026-06-11,,2026-10-01,,false,,,true,Arch Insurance Company; The Continental Insurance Company,2026-06-08,,2026-09-15
"Block Real Estate Services, LLC",6a27280d540f27b382a1ed5f,69fded0e62446148bd848b92,Arthur J Gallagher Risk Management Services Inc,"46 PC Investors, LLC_Arthur J. Gallagher, LLC_25-26 Landlord Property C_6-8-2026_1111070370.pdf",,,processed,false,2026-06-11,,2026-10-01,2026-06-08,false,,,true,"XL Insurance America, Inc.",2026-06-08,,2026-09-15
"Block Real Estate Services, LLC",6a74feee725d674d293ed73e,69fded0e62446148bd848b98,Aspen Properties Group,"Block Real Estate Services, LLC_Aspen Properties Group LLC_WC 26-27_8-6-2026_1474917804.pdf",,,processed,false,2026-08-07,,2027-03-07,2026-08-06,false,,,false,Accident Fund Insurance Company of America,2026-08-06,,2026-09-15
"Block Real Estate Services, LLC",6a84bbf45311e7ea5622e344,69fded0e62446148bd848b98,Aspen Properties Group,c_o Block Real Estat - 25_26 BOP UM (3).pdf,,,processed,false,2026-08-19,,2026-09-12,,false,,,false,Nationwide Affinity Insurance Company of America; Nationwide Mutual Insurance Company,2026-08-18,,2026-09-15
"Block Real Estate Services, LLC",6aa02a0b979cd9e609c436de,69fded0e62446148bd848b98,Aspen Properties Group,ACPCU013026846143 RN 1.pdf,,,processed,false,,,,,false,,,false,,2026-09-08,,2026-09-15
"Block Real Estate Services, LLC",6aa02a0b979cd9e609c436fa,69fded0e62446148bd848b98,Aspen Properties Group,c_o Block Real Estat - 26_27 BOP UM.pdf,,,processed,false,,,2027-09-12,2026-09-02,false,,,false,Nationwide Affinity Insurance Company of America; Nationwide Mutual Insurance Company,2026-09-08,,2026-09-15
"Block Real Estate Services, LLC",6aa02a0d979cd9e609c43716,69fded0e62446148bd848b98,Aspen Properties Group,ACPBP013026846143 RN.pdf,,,processed,false,,,,,false,,,false,,2026-09-08,,2026-09-15
"Block Real Estate Services, LLC",6a2ab748071d75e4ccfca1a1,69fded0e62446148bd848ba1,Asurion LLC,GL Waiver of Subro Endorsement.pdf,,,processed,false,2026-06-15,,2027-04-30,,false,,,false,,2026-06-11,,2026-09-15
"Block Real Estate Services, LLC",6a7b52dc237c8f7b2b31ea24,69fded0e62446148bd848ba1,Asurion LLC,Updated COI - 11460 Tomahawk.pdf,,,processed,false,2026-08-19,,2027-04-30,2026-07-08,false,,,false,Liberty Insurance Corporation; Liberty Mutual Fire Insurance Company; LM Insurance Corporation,2026-08-11,,2026-09-15
"Block Real Estate Services, LLC",6a399e75a17b73c16bc35db9,69fded0e62446148bd848b9b,Aspire Wealth Management LLC,ASPIRE WEALTH_BLOCK RE_COI.pdf,,,processed,false,2026-06-23,,2027-03-20,2026-06-22,false,,,false,Hartford Underwriters Insurance Company,2026-06-22,,2026-09-15
"Block Real Estate Services, LLC",6a627b77f4a44f9d273a53f9,69fded0e62446148bd848ba4,Asurion UBIF,OAK PARK KS - 18610780.pdf,,,processed,false,2026-07-27,,2027-04-30,2026-07-23,false,,,false,Liberty Insurance Corporation; Liberty Mutual Fire Insurance Company; LM Insurance Corporation,2026-07-23,,2026-09-15
"Block Real Estate Services, LLC",6a9af57030abe0dd7cd91d76,69fded0e62446148bd848ba7,"Athletico Physical Therapy / Athletico Management, LLC",26-26-Athletico Holdings LLC-COI-MILL STREET STATION LLC-22987650.pdf,,,processed,false,,,2026-09-30,2026-08-28,false,,,false,Lloyd's Syndicate 3623; Transportation Insurance Company; Coverys Specialty Insurance Company; MSIG Specialty Insurance USA Inc.; Accident Fund Insurance Company of America; Continental Casualty Company,2026-09-04,,2026-09-15
"Block Real Estate Services, LLC",6a9af57230abe0dd7cd91dab,69fded0e62446148bd848ba7,"Athletico Physical Therapy / Athletico Management, LLC",Adding Mill Street Station to Occurrence Based Endorsement.pdf,,,processed,false,,,,,false,,,false,,2026-09-04,,2026-09-15
"Block Real Estate Services, LLC",6a50ef24c8b75240b608c395,69fded0e62446148bd848baa,Auction Merchandise of KC,Document_260626_121652.pdf,,,processed,false,2026-07-14,,2026-11-05,,false,,,false,Midvale Indemnity Company,2026-07-10,,2026-09-15
"Block Real Estate Services, LLC",6a6b5f8d55d6e2da52d4def6,69fded0e62446148bd848baa,Auction Merchandise of KC,Lease - kci286 - Auction Merchandise of KC (1).pdf,,,processed,false,2026-07-30,,,,false,,,false,,2026-07-30,,2026-09-15
"Block Real Estate Services, LLC",6a6b5f8f55d6e2da52d4df16,69fded0e62446148bd848baa,Auction Merchandise of KC,Lease - kci286 - Auction Merchandise of KC (2).pdf,,,processed,false,2026-07-30,,,,false,,,false,,2026-07-30,,2026-09-15
"Block Real Estate Services, LLC",6a6ba3f7d254cadea8f0324f,69fded0e62446148bd848baa,Auction Merchandise of KC,WC Waiver - Auction Merchandise.pdf,,,processed,false,2026-07-30,,,,false,,,true,,2026-07-30,,2026-09-15
"Block Real Estate Services, LLC",6a3aab84fc287516f387ea8c,69fded0e62446148bd848bad,Recognition Plus Audio Video Graphics,Certificate of Insurance.pdf,,,processed,false,2026-06-23,,2027-02-01,2026-06-23,false,,,false,Twin City Fire Insurance Company,2026-06-23,,2026-09-15
"Block Real Estate Services, LLC",6a18aa1b9ef1cffe57d01607,69fded0e62446148bd848bb0,AVI-SPL LLC,NOT FOUND - AVI-SPL LLC.pdf,,,processed,false,2026-06-02,,2027-04-17,2026-04-08,false,,,false,Zurich American Insurance Company; American Guarantee and Liability Insurance Company; American Zurich Insurance Company; Federal Insurance Company; Allied World Assurance Company (U.S.) Inc.; Crum & Forster Specialty Insurance Company,2026-05-28,,2026-09-15
"Block Real Estate Services, LLC",6a39520bd382314fdae2ff3f,69fded0e62446148bd848bb3,Axiom Strategies LLC,COBLOC~1.PDF,,,processed,false,2026-06-22,,2026-08-07,2026-06-22,false,,,false,Evanston Insurance Company,2026-06-22,,2026-09-15
"Block Real Estate Services, LLC",6a985614b1d045f7b45da46b,69fded0e62446148bd848bb3,Axiom Strategies LLC,"co Block Real Estate Services, LLC_Garrison Management Group, LLC_26-27 Master Incl E&O_8-21-2026_1482763006.pdf",,,processed,false,,,2027-04-04,2026-08-21,false,,,false,MEMIC Indemnity Company; QBE Specialty Insurance Company; Lexington Insurance Company; Endurance American Specialty I,2026-09-02,,2026-09-15
"Block Real Estate Services, LLC",6aa1611432a1d69e1aeeae17,69fded0e62446148bd848bb3,Axiom Strategies LLC,"co Block Real Estate Services, LLC_Garrison Management Group, LLC_26-27 Master Incl E&O_9-8-2026_1337449023.pdf",,,processed,false,,,2027-04-04,2026-09-08,false,,,false,MEMIC Indemnity Company; QBE Specialty Insurance Company; Lexington Insurance Company; Endurance American Specialty I,2026-09-09,,2026-09-15
"Block Real Estate Services, LLC",6a39895ed1bf38e72a670fab,69fded0e62446148bd848bbc,Bachelor Controls Inc,"Perg Building LLC co Block Real Estate Servi_Bachelor Controls, Inc._2026 - 2027 Master - Bach_6-22-2026_120642820.pdf",,,processed,false,2026-06-23,,2027-03-01,2026-06-22,false,,,false,Liberty Insurance Corporation; Travelers Property Casualty Company of America; Accelerant Specialty Insurance Company; Continental Casualty Company,2026-06-22,,2026-09-15
"Block Real Estate Services, LLC",6a26fc7c723912a814569421,69fded0e62446148bd848bb9,"Pet Supplies Plus / B&B Pet Products, LLC",Block Real Estate Services_Lenexa Property 25-26.pdf,,,processed,false,2026-06-11,,2026-12-01,2026-06-08,false,,,false,Selective Insurance Company of the Southeast,2026-06-08,,2026-09-15
"Block Real Estate Services, LLC",6a32e2a7081d3b93fbe8b135,69fded0e62446148bd848bbf,Baking With A Bass / Kayla Bass,CERTIFICATE OF INSURANCE (COI).Pdf,,,processed,false,2026-06-17,,2027-03-06,2026-06-17,false,,,false,Hartford Underwriters Insurance Company; Hartford Fire Insurance Company,2026-06-17,,2026-09-15
"Block Real Estate Services, LLC",6a6113223d7c8f1b1ccd4171,69fded0e62446148bd848bbf,Baking With A Bass / Kayla Bass,Revised CERTIFICATE OF INSURANCE (COI).Pdf,,,processed,false,2026-07-27,,2027-03-06,2026-07-22,false,,,false,Hartford Underwriters Insurance Company,2026-07-22,,2026-09-15
"Block Real Estate Services, LLC",6a68c663ec6ff7df668510aa,69fded0e62446148bd848bbf,Baking With A Bass / Kayla Bass,Lease - 3rd657 - Baking with a Bass.pdf,,,processed,false,2026-07-28,,,,false,,,false,,2026-07-28,,2026-09-15
"Block Real Estate Services, LLC",6a6a651f59ffecf14d6ee16e,69fded0e62446148bd848bc2,Bank of America,cert_ATL_Fountain Building Missouri_ LLC_4434370_77.pdf,,,processed,false,2026-07-29,,2027-03-15,2026-07-27,false,,,false,"Greenwich Insurance Company; National Union Fire Insurance Company of Pittsburgh, Pa.",2026-07-29,,2026-09-15
"Block Real Estate Services, LLC",6a6ba761bcce2cc2487c525d,69fded0e62446148bd848bc2,Bank of America,Lease - 3rd497 - Bank of America Ammend.pdf,,,processed,false,2026-07-30,,,,false,,,false,,2026-07-30,,2026-09-15
"Block Real Estate Services, LLC",6a6ba762bcce2cc2487c527e,69fded0e62446148bd848bc2,Bank of America,Lease - 3rd497 - Bank Of America.pdf,,,processed,false,2026-07-30,,,,false,,,false,,2026-07-30,,2026-09-15
"Block Real Estate Services, LLC",6a34433b3a28b57599a17d33,69fded0f62446148bd848bcb,"Banner Logistics, Inc",1600 Vernon Street XXS Certificate.pdf,,,processed,false,2026-06-24,,2026-11-29,2026-06-17,false,,,false,"Service American Indemnity Company; Nautilus Insurance Company; TRANSGUARD INSURANCE COMPANY OF AMERICA, INC.",2026-06-18,,2026-09-15
"Block Real Estate Services, LLC",6a4be2cf5cdf4704ae0effad,69fded0f62446148bd848bd7,BDM Inc,Block Cert.pdf,,,processed,false,2026-07-08,,2027-05-01,2026-07-06,false,,,false,SECURA Insurance Company; The Travelers Indemnity Company,2026-07-06,,2026-09-15
"Block Real Estate Services, LLC",6a75d4d74751e5023f3a9519,69fded0f62446148bd848bd7,BDM Inc,Lease - bf3944 - BDM Inc.pdf,,,processed,false,2026-08-07,,,,false,,,false,,2026-08-07,,2026-09-15
"Block Real Estate Services, LLC",6a359462430d502f7f7fb4ca,69fded0f62446148bd848bd4,Costa Vida Fresh Mexican Grill / BB Magical Fruit,"Block Real Estate Services, LLC_BB Magical Fruit Two LLC_2627 Master COI_6-19-2026_2147481711.pdf",,,processed,false,2026-06-22,,2027-05-01,2026-06-19,false,,,false,St. Paul Fire and Marine Insurance Company; Travelers Property Casualty Company of America; The Travelers Indemnity Company of Connecticut,2026-06-19,,2026-09-15
"Block Real Estate Services, LLC",6a7a756471b7f73d797dcba6,69fded0f62446148bd848bda,Bella's Italian Restaurant Inc,Fire Declaration Pages - 08.10.26.pdf,,,processed,false,2026-08-13,,,,false,,,false,,2026-08-11,,2026-09-15
"Block Real Estate Services, LLC",6a7a75aa5968381300256b9c,69fded0f62446148bd848bda,Bella's Italian Restaurant Inc,Fire Declaration Pages - 08.10.26.pdf,,,processed,false,2026-08-13,,,,false,,,false,,2026-08-11,,2026-09-15
"Block Real Estate Services, LLC",6a84982837c8e331a7147d75,69fded0f62446148bd848bdd,"Pepper Jax Grill / Belton North Cass, LLC",CERT.pdf,,,processed,false,2026-08-24,,2027-06-30,2026-08-18,false,,,false,Union Insurance Company; Zenith Insurance Company,2026-08-18,,2026-09-15
"Block Real Estate Services, LLC",6a8e01fae7db0abbe7e59fcf,69fded0f62446148bd848bdd,"Pepper Jax Grill / Belton North Cass, LLC",Lease - ncd054 - Pepper Jax Grill (2).pdf,,,processed,false,2026-08-25,,,,false,,,false,,2026-08-25,,2026-09-15
"Block Real Estate Services, LLC",6a8e01fce7db0abbe7e59fee,69fded0f62446148bd848bdd,"Pepper Jax Grill / Belton North Cass, LLC",Lease - ncd054 - Pepper Jax Grill (1).pdf,,,processed,false,2026-08-25,,,,false,,,false,,2026-08-25,,2026-09-15
"Block Real Estate Services, LLC",6a4bd82a5bdbb873e90ba360,69fded0f62446148bd848be0,Beltone Hearing Aid Center,Independence COI 2026.pdf,,,processed,false,2026-07-06,,2027-01-01,2026-06-08,false,,,false,Owners Insurance Company; Markel Insurance Company; Markel Insurance Company,2026-07-06,,2026-09-15
"Block Real Estate Services, LLC",6a959f4b20febea467b87315,69fded0f62446148bd848be0,Beltone Hearing Aid Center,Lease - 3rd543 - Beltone Hearing Air Center.pdf,,,processed,false,2026-08-31,,,,false,,,false,,2026-08-31,,2026-09-15
"Block Real Estate Services, LLC",6a516f849a50c31614a8c7d1,69fded0f62446148bd848c01,BluSky Restoration Contractors LLC,"Block Real Estate Services, LLC - Aon.pdf",,,processed,false,2026-07-14,,2027-04-01,2026-03-27,false,,,false,Zurich American Insurance Company,2026-07-10,,2026-09-15
"Block Real Estate Services, LLC",6aa44b48f72d9cd97556e2ce,69fded0f62446148bd848c01,BluSky Restoration Contractors LLC,Lease - prg831 - BluSky Restoration Contractors LLC.pdf,,,processed,false,2026-09-11,,,,false,,,false,,2026-09-11,,2026-09-15
"Block Real Estate Services, LLC",6aa460467880ec8756e02802,69fded0f62446148bd848c01,BluSky Restoration Contractors LLC,"26 - 27 - BluSky Restoration Contractors LLC - COI - Block Real Estate Services, LLC - Holder ID 23209503.pdf",,,processed,false,2026-09-11,,2027-04-01,2026-09-11,false,,,false,Capitol Specialty Insurance Corporation,2026-09-11,,2026-09-15
"Block Real Estate Services, LLC",6a3a993a59011af6e27dbda3,69fded0f62446148bd848c07,"BMO Harris Commercial Banking / BMO Harris Bank, NA",BMO Bank NA - Block Real Estate Services - 26062236825910 - 570121047321.pdf,,,processed,false,2026-06-23,,2027-04-30,2026-06-22,false,,,false,Zurich American Insurance Company; ACE American Insurance Company,2026-06-23,,2026-09-15
"Block Real Estate Services, LLC",6a736272b9376846a3269fe0,69fded0f62446148bd848c0a,"AKKA Karate USA / BMS Fitnes Solutions, Inc. (AKKA Olathe Martial Arts)",Insurance Certificate 2026-2027.pdf,,,processed,false,2026-08-10,,2027-07-23,2026-07-21,false,,,false,Fortegra Specialty Insurance Company; AXIS Insurance Company,2026-08-05,,2026-09-15
"Block Real Estate Services, LLC",6a1894afe701796d85e6590d,69fded0f62446148bd848c10,"Sono Bello / Body Contour Centers, LLC","Corporate Medical Plaza III (BKWG Assoc), CMP_Body Contour Centers, LLC_2526 COI_5-15-2026_1709078656.pdf",,,processed,false,2026-06-01,,2026-10-01,,false,,,false,,2026-05-28,,2026-09-15
"Block Real Estate Services, LLC",6a42a4965e2a93cdf2411384,69fded0f62446148bd848c10,"Sono Bello / Body Contour Centers, LLC",Body Contour Centers LLC COI Corporate Medical Plaza III.pdf,,,processed,false,2026-06-30,,2026-10-01,2026-05-15,false,,,false,Hartford Fire Insurance Company; Trumbull Insurance Company; Hartford Accident and Indemnity Company; Everest National Insurance Company,2026-06-29,,2026-09-15
"Block Real Estate Services, LLC",6a54fee4501b8361b0e98203,69fded0f62446148bd848c19,"Kitchen and Bath by Briggs / Briggs, Inc.","co Block Real Estate Services, LLC_Briggs, Inc. of Omaha_2526 GAUW w Personal Pr_7-8-2026_1115031498.pdf",,,processed,false,2026-07-13,,2026-09-01,2026-07-08,false,,,false,Dakota Truck Underwriters; Middlesex Insurance Company,2026-07-13,,2026-09-15
"Block Real Estate Services, LLC",6a551e28ba1f441b3e41026b,69fded0f62446148bd848c19,"Kitchen and Bath by Briggs / Briggs, Inc.",Lease - tic681 - Kitchen and Bath by Briggs.pdf,,,processed,false,2026-07-13,,,,false,,,false,,2026-07-13,,2026-09-15
"Block Real Estate Services, LLC",6a05e7defeb0a066655c2944,69fded1062446148bd848c1f,The Professional Group / Bryan Torez,CorrectedCOI3-11-26.pdf,,,processed,false,2026-06-01,,2026-11-01,2026-03-11,false,,,false,State Farm Fire and Casualty Company,2026-05-14,,2026-09-15
"Block Real Estate Services, LLC",6a5a471fe01184066f4af829,69fded1062446148bd848c1f,The Professional Group / Bryan Torez,Editable COI.pdf,,,processed,false,2026-07-17,,2026-11-01,2026-03-11,false,,,false,State Farm Fire and Casualty Company,2026-07-17,,2026-09-15
"Block Real Estate Services, LLC",6a300e6a85085468184506d8,69fded1062446148bd848c22,Bryght Labs,COI Bryght Labs 11053 general liability.pdf,,,processed,false,2026-06-17,,2027-05-01,2026-05-28,false,,,false,Evanston Insurance Company,2026-06-15,,2026-09-15
"Block Real Estate Services, LLC",6a2afcdb9564d418934746fa,69fded1062446148bd848c25,"Buckeye Cleaning Center KC / Buckeye International, Inc.","Riverside Business Center 3_Buckeye International, Inc._26-27 MAIN GLI CAUT WCO E_6-11-2026_1889719103.pdf",,,processed,false,2026-06-25,,2027-03-01,2026-06-11,false,,,false,Old Republic Insurance Company; Westfield Specialty Insurance Company; Endurance American Specialty Insurance Company,2026-06-11,,2026-09-15
"Block Real Estate Services, LLC",6a3af8d2cf85b61f730f436a,69fded1062446148bd848c28,Builder Direct LLC,Work Comp Policy - Builder Direct LLC.pdf,,,processed,false,2026-06-24,,2027-07-01,2026-06-23,false,,,false,NCCI Assigned Risk,2026-06-23,,2026-09-15
"Block Real Estate Services, LLC",6a3b0162aa3f3f10db520d40,69fded1062446148bd848c28,Builder Direct LLC,PROGRESSIVE BUSINESS OWNERS - Builder Direct LLC.pdf,,,processed,false,2026-06-24,,2026-11-13,2026-06-22,false,,,false,United Financial Casualty Company,2026-06-23,,2026-09-15
"Block Real Estate Services, LLC",6a552a638f343040b1a1b4b0,69fded1062446148bd848c28,Builder Direct LLC,Lease - prg805 - Builder Direct.pdf,,,processed,false,2026-07-13,,,,false,,,false,,2026-07-13,,2026-09-15
"Block Real Estate Services, LLC",6a68c5511dee97f2db546d11,69fded1062446148bd848c28,Builder Direct LLC,Exception Per Location - Builders Direct.pdf,,,processed,false,2026-07-28,,,,false,,,true,,2026-07-28,,2026-09-15
"Block Real Estate Services, LLC",6a690c9ad10d78c99b90cffd,69fded1062446148bd848c28,Builder Direct LLC,COI - Builder Direct LLC for PERG - BLOCK 2026-2027.pdf,,,processed,false,2026-08-03,,2027-08-02,2026-08-02,false,,,false,Next Insurance US Company,2026-07-28,,2026-09-15
"Block Real Estate Services, LLC",6a2750fa7f54c7a808caeb66,69fded1062446148bd848c37,Butler Suppy Inc,"Butler Supply, Inc._College Crossing IJ LLC_12-29-2025.pdf",,,processed,false,2026-06-11,,2027-01-01,,false,,,false,Zurich American Insurance Company; Great American Insurance Company; American Zurich Insurance Company,2026-06-08,,2026-09-15
"Block Real Estate Services, LLC",6a07265ab7c7740fe9c4c5d4,69fded1062446148bd848c3d,"Corbion / Caravan Ingredients, Inc.",CaravanIngredientsCOIPERGBlockIncomeFundsIII1.pdf,,,processed,false,2026-06-02,,2027-01-01,2026-01-14,false,,,false,"Travelers Property Casualty Company of America; The Travelers Indemnity Company of Connecticut; National Union Fire Insurance Company of Pittsburgh, Pa.",2026-05-15,,2026-09-15
"Block Real Estate Services, LLC",6a18af68587aecae706a4b40,69fded1062446148bd848c31,"Equipment Preference, Inc. (fka Burlis-Lawson Group, Inc.)",NOT FOUND - The Burlis Lawson Group.pdf,,,processed,false,2026-06-01,,,,false,,,false,,2026-05-28,,2026-09-15
"Block Real Estate Services, LLC",6aa4447f220465b8ce8921a9,69fded1062446148bd848c31,"Equipment Preference, Inc. (fka Burlis-Lawson Group, Inc.)",Block certificate.pdf,,,processed,false,2026-09-11,,2027-04-05,2026-08-24,true,low,<p>Lease requested from BRES</p>,false,"Utica Lloyd's of Texas; Utica Mutual Insurance Company; Technology Insurance Company, Inc.",2026-09-11,,2026-09-15
"Block Real Estate Services, LLC",6a3e86c25f58e73b8f4f1e8f,69fded1062446148bd848c3a,BWI Companies Inc,25-26 GL CAU WC UMB Liability - 25 College Crossing Associates.pdf,,,processed,false,2026-06-30,,2026-11-01,2025-11-03,false,,,false,Travelers Property Casualty Company of America; AXIS Surplus Insurance Company; The Standard Fire Insurance Company; The Charter Oak Fire Insurance Company; Everest Indemnity Insurance Company,2026-06-26,,2026-09-15
"Block Real Estate Services, LLC",6a453d05da024f5dca5c5cc3,69fded1062446148bd848c3a,BWI Companies Inc,ACORD Form 20260701-083950-1.pdf,,,processed,false,2026-07-07,,2026-11-01,2026-07-01,false,,,false,Travelers Property Casualty Company of America; AXIS Surplus Insurance Company; The Standard Fire Insurance Company; The Charter Oak Fire Insurance Company; Everest Indemnity Insurance Company,2026-07-01,,2026-09-15
"Block Real Estate Services, LLC",6a75e60d69a049b0a9e5e170,69fded1062446148bd848c40,"APEX / KC Orthopedic Institute (fka Carondelet Orthopedic Surgeons, PA)",proof of ins.pdf,,,processed,false,2026-08-11,,2027-01-01,2026-08-06,false,,,false,The Travelers Indemnity Company; Travelers Property Casualty Company of America,2026-08-07,,2026-09-15
"Block Real Estate Services, LLC",6a7b6c75c76aff26495682ac,69fded1062446148bd848c40,"APEX / KC Orthopedic Institute (fka Carondelet Orthopedic Surgeons, PA)",Lease - cm2757 - APEX.pdf,,,processed,false,2026-08-11,,,,false,,,false,,2026-08-11,,2026-09-15
"Block Real Estate Services, LLC",6a28ca69da52b0ee99d30284,69fded1062446148bd848c43,Carrier Corporation,cert_NYC_Perg Bldgs_ LLC dba_12629267_2.pdf,,,processed,false,2026-06-11,,2027-04-01,,false,,,false,AIU Insurance Company; Old Republic Insurance Company,2026-06-10,,2026-09-15
"Block Real Estate Services, LLC",6a2b18d9181480923538cb46,69fded1062446148bd848c46,CarStar Riverside (fka Autobody on the Run),Certificate.pdf,,,processed,false,2026-06-15,,2026-11-24,2026-06-09,false,,,false,United Fire Group,2026-06-11,,2026-09-15
"Block Real Estate Services, LLC",6a6c978521dc5f0a73d4aa66,69fded1062446148bd848c49,Cass County Public Library,Block Real Estate.pdf,,,processed,false,2026-08-03,,2027-07-01,2026-07-09,false,,,false,EMCASCO Insurance Company; Employers Mutual Casualty Company,2026-07-31,,2026-09-15
"Block Real Estate Services, LLC",6a832e231a2ab413a24db9ea,69fded1062446148bd848c52,"Sunflower Health Plan / Centene Management Company, LLC",SSR Capital LLC - Centene Management Company LLC_6.1.2026-updated.pdf,,,processed,false,2026-08-21,,2027-06-01,2026-08-11,false,,,false,"Old Republic Insurance Company; XL Insurance America, Inc.",2026-08-17,,2026-09-15
"Block Real Estate Services, LLC",6a577bbfd0fc4e2363910f23,69fded1062446148bd848c55,Central Power Systems & Services LLC,"2627 Master COI - Block Real Estate Services, LLC.pdf",,,processed,false,2026-07-15,,2027-07-01,2026-07-15,false,,,false,Twin City Fire Insurance Company; The Phoenix Insurance Company; Travelers Property Casualty Company of America,2026-07-15,,2026-09-15
"Block Real Estate Services, LLC",6a455a2fda024f5dca5c5d2f,69fded1062446148bd848c58,"The Retirement Planning Group / Cetera Financial Group, Inc.","co Block Real Estate Services, LLC_Cetera Financial Group, Inc_26-27 GL-AL-EX-WC_6-15-2026_1056662614.pdf",,,processed,false,2026-07-06,,2027-01-31,2026-06-15,false,,,false,"The Continental Insurance Company; American Casualty Company of Reading, Pennsylvania; Valley Forge Insurance Company",2026-07-01,,2026-09-15
"Block Real Estate Services, LLC",6a2c33de4096067a7a7bad25,69fded1062446148bd848c5b,"Challenger Sports, Inc.","CAL-VENT GROUP, LTD_ PROM MOTOR HOTEL, INC__Challenger Teamwear LLC Dba Challen_2627 COI_6-9-2026_2147481167 (1).pdf",,,processed,false,2026-06-25,,2027-03-01,2026-06-09,false,,,false,Travelers Property Casualty Insurance Company; EMCASCO Insurance Company; Employers Mutual Casualty Company; * Amtrust Financial Group,2026-06-12,,2026-09-15
"Block Real Estate Services, LLC",6a2ae3c2dd45710ae6ad6466,69fded1062446148bd848c5e,Champion Supply Company LLC,"COI 1-1-26 - CAL-VENT GROUP, LTD; PROM MOTOR HOTEL, INC; JAMS INDUSTRIAL, LLC; MELVILLE, LLC.pdf",,,processed,false,2026-06-15,,2027-01-01,,false,,,false,EMC Property & Casualty Company; Employers Mutual Casualty Company; Travelers Casualty and Surety Company,2026-06-11,,2026-09-15
"Block Real Estate Services, LLC",6a22f244a234618b199e4b1f,69fded1062446148bd848c67,Check Into Cash,21046-1778-35009 COI 10-15-26.pdf,,,processed,false,2026-06-08,,2026-10-15,2026-01-20,false,,,false,Travelers Property Casualty Company of America; The Continental Insurance Company; Travelers Casualty Insurance Company of America,2026-06-05,,2026-09-15
"Block Real Estate Services, LLC",6a43f95fc7f86ba6f2674d02,69fded1162446148bd848c76,"Chrysalis Center, LLC",Liability Insurance 2026to2027.pdf,,,processed,false,2026-07-02,,2027-07-04,,false,,,false,"American Casualty Company of Reading, Pennsylvania",2026-06-30,,2026-09-15
"Block Real Estate Services, LLC",6a2c05fde294f24a402e1e39,69fded1162446148bd848c7f,CJ Industries LLC,22284994-PLATTE-CJ COI.pdf,,,processed,false,2026-06-15,,2027-03-02,2026-02-19,false,,,false,"Transportation Insurance Company; Valley Forge Insurance Company; Illinois Union Insurance Company; The Continental Insurance Company; American Casualty Company of Reading, Pennsylvania",2026-06-12,,2026-09-15
"Block Real Estate Services, LLC",6a6395b90a4315bb2509b38b,69fded1162446148bd848c85,ClassOneModelWorks.com LLC,Class One COI for Block Real Estate LLC.pdf,,,processed,false,2026-07-28,,2027-03-14,2026-07-24,false,,,false,Evanston Insurance Company; Mesa Underwriters Specialty Insurance Company; The Travelers Indemnity Company of America; KINSALE INSURANCE COMPANY,2026-07-24,,2026-09-15
"Block Real Estate Services, LLC",6a691df924dd182c77759a79,69fded1162446148bd848c85,ClassOneModelWorks.com LLC,ClassOneModelWorks COI Block.pdf,,,processed,false,2026-07-31,,2027-02-23,2026-07-28,false,,,false,Evanston Insurance Company; Mesa Underwriters Specialty Insurance Company; The Travelers Indemnity Company of America; KINSALE INSURANCE COMPANY,2026-07-28,,2026-09-15
"Block Real Estate Services, LLC",6a6a0e648d423bfd77081627,69fded1162446148bd848c85,ClassOneModelWorks.com LLC,ClassOneModelWorks COI Block.pdf,,,processed,false,2026-07-31,,2027-03-14,2026-07-29,false,,,false,Evanston Insurance Company; Mesa Underwriters Specialty Insurance Company; The Travelers Indemnity Company of America; KINSALE INSURANCE COMPANY,2026-07-29,,2026-09-15
"Block Real Estate Services, LLC",6a301f2d09f375dfb856f241,69fded1162446148bd848c82,Clarivate Analytics LLC,HLBTAssociatesLLC_W46436397.pdf,,,processed,false,2026-06-17,,2026-12-01,2026-06-08,false,,,false,American Guarantee and Liability Insurance Company; Zurich American Insurance Company; American Zurich Insurance Company,2026-06-15,,2026-09-15
"Block Real Estate Services, LLC",6a455cf3d293d5dfa850a8fe,69fded1162446148bd848c82,Clarivate Analytics LLC,HLBTAssociatesLLC_W46906080.pdf,,,processed,false,2026-07-06,,2026-12-01,2026-06-29,false,,,false,American Guarantee and Liability Insurance Company; Zurich American Insurance Company; American Zurich Insurance Company,2026-07-01,,2026-09-15
"Block Real Estate Services, LLC",6a0725bd9839a89d50e8c4d5,69fded1162446148bd848c88,Clopay Building Products,PlatteValleyIndustrialCenter8_W45240625.pdf,,,processed,false,2026-06-02,,2027-02-28,2026-03-31,false,,,false,Zurich American Insurance Company; American Guarantee and Liability Insurance Company; Factory Mutual Insurance Company,2026-05-15,,2026-09-15
"Block Real Estate Services, LLC",6a2afc33181480923538caf4,69fded1162446148bd848c8b,CNR Construction KC LLC,BlockCNR.pdf,,,processed,false,2026-06-15,,2027-03-09,,false,,,false,Patrons Insurance Company,2026-06-11,,2026-09-15
"Block Real Estate Services, LLC",6a30409c09f375dfb856f2e6,69fded1162446148bd848c8b,CNR Construction KC LLC,EFA_CNR CONSTRUCTION_Block Real Estate Service_167304808.pdf,,,processed,false,2026-06-17,,2027-07-01,2026-06-15,false,,,false,New Hampshire Insurance Company,2026-06-15,,2026-09-15
"Block Real Estate Services, LLC",6a06315454ab644e7ef7ef76,69fded1162446148bd848c91,CMA / Colarelli Meyer & Associates,WCCOI.pdf,,,processed,false,2026-06-03,,2026-07-01,2025-06-09,false,,,false,New Hampshire Insurance Company,2026-05-14,,2026-09-15
"Block Real Estate Services, LLC",6a6394560a4315bb2509b333,69fded1162446148bd848c9a,Companion Protect Agency,Companion Protect LLC - Management Liability Chubb Binder.PDF,,,processed,false,2026-07-27,,,,false,,,false,,2026-07-24,,2026-09-15
"Block Real Estate Services, LLC",6a6394580a4315bb2509b351,69fded1162446148bd848c9a,Companion Protect Agency,26-27 CP WC Policy.PDF,,,processed,false,2026-07-27,,,,false,,,false,,2026-07-24,,2026-09-15
"Block Real Estate Services, LLC",6a6394590a4315bb2509b36e,69fded1162446148bd848c9a,Companion Protect Agency,26-27 CP PKG Policy.PDF,,,processed,false,2026-07-27,,,,false,,,false,,2026-07-24,,2026-09-15
"Block Real Estate Services, LLC",6a35af3f56a52ac77dac41e8,69fded1162446148bd848c97,"Commercial Industrial Supply, LLC","co Block Real Estate Services_Commercial Industrial Supply, LLC_26 GAUW_6-19-2026_32299229.pdf",,,processed,false,2026-06-22,,2027-01-01,2026-06-19,false,,,false,The Cincinnati Insurance Company,2026-06-19,,2026-09-15
"Block Real Estate Services, LLC",6a512f0aed23c7eb7f9922f5,69fded1162446148bd848c9d,Concrete Strategies LLC,Block Real Estate Services - CSLLC.pdf,,,processed,false,2026-07-14,,2027-06-30,2026-07-10,false,,,false,Zurich American Insurance Company; American Guarantee and Liability Insurance Company,2026-07-10,,2026-09-15
"Block Real Estate Services, LLC",6a396c7f597e3570daab61a7,69fded1162446148bd848ca6,Convergint Technologies LLC,"Block Real Estate Services, LLC.pdf",,,processed,false,2026-06-23,,2027-04-01,2026-06-22,false,,,false,ACE American Insurance Company; Federal Insurance Company; ACE Fire Underwriters Insurance Company,2026-06-22,,2026-09-15
"Block Real Estate Services, LLC",6a2b2ff74137abcbd837f66a,69fded1162446148bd848ca0,"CKF / Consolidated Supply, Inc.","Flint 1, LLC_Consolidated Supply Co., Inc. dba_26-27 Master_6-11-2026_1489907594.pdf",,,processed,false,2026-06-15,,2027-05-01,2026-06-11,false,,,false,Waypoint Mutual; Continental Western Insurance Company,2026-06-11,,2026-09-15
"Block Real Estate Services, LLC",6a36d92356a52ac77dac42f7,69fded1162446148bd848ca3,Converge LLC,Endorsement_Endor_2_AddAI.pdf,,,processed,false,2026-06-22,,,,false,,,false,,2026-06-20,,2026-09-15
"Block Real Estate Services, LLC",6a36d92456a52ac77dac4314,69fded1162446148bd848ca3,Converge LLC,AIEndorsement_Block Real Estate Services LLC 1.pdf,,,processed,false,2026-06-22,,,,false,,,false,,2026-06-20,,2026-09-15
"Block Real Estate Services, LLC",6a36d92456a52ac77dac4331,69fded1162446148bd848ca3,Converge LLC,AICertificate_Block Real Estate Services LLC 1.pdf,,,processed,false,2026-06-22,,2027-06-06,,false,,,false,Philadelphia Indemnity Insurance Company,2026-06-20,,2026-09-15
"Block Real Estate Services, LLC",6a8f0d5c8a1e8d967f545476,69fded1162446148bd848ca3,Converge LLC,Lease - 3rd202 - Converge LLC.pdf,,,processed,false,2026-08-26,,,,false,,,false,,2026-08-26,,2026-09-15
"Block Real Estate Services, LLC",6a550209d7a2098716cacbe0,69fded1162446148bd848ca9,Core Adventures LLC,Block Real Estate Services.pdf.pdf,,,processed,false,2026-07-14,,2026-09-17,2026-02-20,false,,,false,Hartford Underwriters Insurance Company; Rated by Multiple Companies; Travelers Excess and Surplus Lines Company,2026-07-13,,2026-09-15
"Block Real Estate Services, LLC",6a5630c4b07e51bfe39a39b8,69fded1162446148bd848cb8,CorVel Healthcare Corporation,City Plaza Corporate - Block Real Estate - CorVel HC Overland Park MO COI 26-27.pdf,,,processed,false,2026-07-15,,2027-04-30,2026-07-13,false,,,false,Travelers Property Casualty Company of America; The Continental Insurance Company; Zurich American Insurance Company,2026-07-14,,2026-09-15
"Block Real Estate Services, LLC",6a610aca758aff68c41584d7,69fded1162446148bd848cb8,CorVel Healthcare Corporation,CorVel Health_1st Amendment_CPCCI_FE.pdf,,,processed,false,2026-07-27,,,,false,,,false,,2026-07-22,,2026-09-15
"Block Real Estate Services, LLC",6a610acb758aff68c41584f7,69fded1162446148bd848cb8,CorVel Healthcare Corporation,Overland Park (Kansas City) Lease Document_fully EX.pdf,,,processed,false,2026-07-27,,,,false,,,false,,2026-07-22,,2026-09-15
"Block Real Estate Services, LLC",6a3c297da903d57194cee9b6,69fded1262446148bd848cc4,"Ameriprise Financial Services, LLC / Respective Wealth / Schenck, Thompson & Associates, LLC (fka Creative Collaboration)",CERTIFICATE OF INSURANCE (COI) 26.6.24.pdf,,,processed,false,2026-06-25,,2027-06-08,2026-06-24,false,,,false,Hartford Underwriters Insurance Company; Hartford Insurance Company of the Southeast,2026-06-24,,2026-09-15
"Block Real Estate Services, LLC",6a43d54504ca7701e3da69e3,69fded1262446148bd848cc4,"Ameriprise Financial Services, LLC / Respective Wealth / Schenck, Thompson & Associates, LLC (fka Creative Collaboration)",Cert of Ins - Block '26 renewal.pdf,,,processed,false,2026-06-30,,2027-06-08,2026-06-30,false,,,false,Hartford Underwriters Insurance Company; Hartford Insurance Company of the Southeast,2026-06-30,,2026-09-15
"Block Real Estate Services, LLC",6a330a0eca0531aad700c5a0,69fded1262446148bd848cc7,Creative Consumer Concepts Inc,"Updated CO BLOCK REAL ESTATE SERVICES, LLC.pdf",,,processed,false,2026-06-18,,2026-12-01,2025-11-25,false,,,true,Great American E & S Insurance Company; Trumbull Insurance Company; Twin City Fire Insurance Company; Hartford Fire Insurance Company,2026-06-17,,2026-09-15
"Block Real Estate Services, LLC",6a738e4047e1bf62581b2303,69fded1262446148bd848cd0,Crossroads Courier Inc,Lease - kci893 - Crossroads Courier (1).pdf,,,processed,false,2026-08-05,,,,false,,,false,,2026-08-05,,2026-09-15
"Block Real Estate Services, LLC",6a738e4147e1bf62581b2322,69fded1262446148bd848cd0,Crossroads Courier Inc,Lease - kci893 - Crossroads Courier (2).pdf,,,processed,false,2026-08-05,,,,false,,,false,,2026-08-05,,2026-09-15
"Block Real Estate Services, LLC",6a747f4e377d9d1f5c7e972c,69fded1262446148bd848cd0,Crossroads Courier Inc,KCIP Riverside LLC Riverside Industrial Cent_26-27 Master (1).pdf,,,processed,false,2026-08-10,,2027-01-01,2026-08-06,false,,,false,"Ohio Security Insurance Company; TT CLUB MUTUAL INSURANCE LIMITED; Progressive Casualty Insurance Company; James River Insurance Company; Underwriters at Lloyd's, London; United States Fire Insurance Company",2026-08-06,,2026-09-15
"Block Real Estate Services, LLC",6a4bb07ef57ba45a5bfc1361,69fded1262446148bd848cd3,Crown MedRealty Partners LLC,"26-27 COI - Pinnacle Building III, LLC and.pdf",,,processed,false,2026-07-09,,2027-01-01,2026-07-06,false,,,false,The Continental Insurance Company of New Jersey; The Continental Insurance Company; National Fire Insurance Company of Hartford; Fireman's Fund Insurance Company,2026-07-06,,2026-09-15
"Block Real Estate Services, LLC",6a303a237828333b350b9dc7,69fded1262446148bd848cdc,"DL Smith Electrical Construction, Inc.",DL Smith Electrical Construction I_Block Real Estate Services LLC (1).pdf,,,processed,false,2026-06-17,,2027-06-01,2026-06-15,false,,,false,Amerisure Partners Insurance Company; Amerisure Insurance Company; Amerisure Mutual Insurance Company,2026-06-15,,2026-09-15
"Block Real Estate Services, LLC",6a42eeb21125d252a5949b70,69fded1262446148bd848ce5,"Thermal Mechanics, Inc. (TMI)",cert_CLE_PERG 26 27 SPE L.L.C. And Springs 26_6787879_37.pdf,,,processed,false,2026-06-30,,2027-01-01,2026-06-29,false,,,false,LM Insurance Corporation; Liberty Insurance Corporation; Mitsui Sumitomo Insurance USA Inc.; See Acord 101 for Carrier Participation,2026-06-29,,2026-09-15
"Block Real Estate Services, LLC",6a4bb782c8e29468b5d94083,69fded1262446148bd848ce5,"Thermal Mechanics, Inc. (TMI)",cert_CLE_PERG 26 27 SPE L.L.C. And Springs 26_6787879_38.pdf,,,processed,false,2026-07-06,,2027-01-01,2026-07-02,false,,,false,LM Insurance Corporation; Liberty Insurance Corporation; Mitsui Sumitomo Insurance USA Inc.; See Acord 101 for Carrier Participation,2026-07-06,,2026-09-15
"Block Real Estate Services, LLC",6a4eb1f0c4f53220af8d6a52,69fded1262446148bd848ceb,Dairy Farmers of America Inc,DFA Lenexa Warehouse - COI (Updated).pdf,,,processed,false,2026-07-13,,2026-10-01,2026-07-09,false,,,false,"National Union Fire Insurance Co. Of Pittsburgh , PA; AIU Insurance Company",2026-07-08,,2026-09-15
"Block Real Estate Services, LLC",6a3aaff6c1a4a2315d540546,69fded1262446148bd848cee,"Dark Horse Coffee / Dark Horse Collective, LLC",Dark Horse Cert.pdf,,,processed,false,2026-06-23,,2026-12-10,,false,,,false,Truck Insurance Exchange; Mid-Century Insurance Company,2026-06-23,,2026-09-15
"Block Real Estate Services, LLC",6a3560af56a52ac77dac41ac,69fded1262446148bd848cf4,Data Systems International/ Nextworld / Cloud Inventory,Workers Compensation Policy eff 11.01.25.pdf,,,processed,false,2026-06-25,,,,false,,,false,,2026-06-19,,2026-09-15
"Block Real Estate Services, LLC",6a3560fb305b7089c6ed590a,69fded1262446148bd848cf4,Data Systems International/ Nextworld / Cloud Inventory,Umbrella Policy eff 11.01.2025.pdf,,,processed,false,2026-06-25,,,,false,,,false,,2026-06-19,,2026-09-15
"Block Real Estate Services, LLC",6a7237395d1c88bd9bf67feb,69fded1262446148bd848cf4,Data Systems International/ Nextworld / Cloud Inventory,ACORD Form 20260804-125650.pdf,,,processed,false,2026-08-04,,2026-11-01,2026-08-04,false,,,false,Great Northern Insurance Company; Federal Insurance Company; Chubb National Insurance Company; ACE American Insurance Company,2026-08-04,,2026-09-15
"Block Real Estate Services, LLC",6a736bc3576a75d451fc531b,69fded1262446148bd848cf4,Data Systems International/ Nextworld / Cloud Inventory,ACORD Form 20260804-155610.pdf,,,processed,false,2026-08-10,,2026-11-01,2026-08-04,false,,,false,Great Northern Insurance Company; Federal Insurance Company; Chubb National Insurance Company; ACE American Insurance Company,2026-08-05,,2026-09-15
"Block Real Estate Services, LLC",6a7a208fe925f5a589992447,69fded1262446148bd848cf4,Data Systems International/ Nextworld / Cloud Inventory,Lease - ccc268 - Data Systems International.pdf,,,processed,false,2026-08-13,,,,false,,,false,,2026-08-10,,2026-09-15
"Block Real Estate Services, LLC",6a3009147828333b350b9cc8,69fded1262446148bd848cfa,B-Envied Salon / David M & Lisa Walla,B-Envied Salon - signed COI - Block Real Estate Services - 06.11.26.pdf,,,processed,false,2026-06-15,,2027-01-20,2026-06-11,false,,,false,State Farm Fire and Casualty Company,2026-06-15,,2026-09-15
"Block Real Estate Services, LLC",6a67a1983d7a55e920d5f58a,69fded1262446148bd848cfa,B-Envied Salon / David M & Lisa Walla,Lease - sum015 - B-Envied Salon.pdf,,,processed,false,2026-07-27,,,,false,,,false,,2026-07-27,,2026-09-15
"Block Real Estate Services, LLC",6a8e2aa7e7db0abbe7e5a221,69fded1262446148bd848d00,Daylight Donuts-Olathe LLC,Daylight COI Mur-Len location.pdf,,,processed,false,2026-08-26,,2027-07-29,2026-08-25,false,,,false,State Farm Fire and Casualty Company,2026-08-25,,2026-09-15
"Block Real Estate Services, LLC",6a903bbac73b1523d24815e2,69fded1262446148bd848d00,Daylight Donuts-Olathe LLC,Lease - 3rd654 - Daylight Donuts.pdf,,,processed,false,2026-08-27,,,,false,,,false,,2026-08-27,,2026-09-15
"Block Real Estate Services, LLC",6a47af6708adbeeac4a4754b,69fded1362446148bd848d15,Green Leaf Dispensary / DineShkumar P. Patel & Jingeshkumar D. Patel,GRC_Moberly_LLC_dba_Amaze_Cannabis_Green_Releaf_Dispensary_-_PL_-_25-26_-_PEQSPL001710-00 (1).pdf,,,processed,false,2026-07-06,,2026-11-21,,false,,,false,Palomar Excess and Surplus Insurance Company,2026-07-03,,2026-09-15
"Block Real Estate Services, LLC",6a621acef4a44f9d273a51d2,69fded1362446148bd848d24,Dollar Tree #03352,"cert_NYC_Belton MO Properties, LLC_12010508.pdf",,,processed,false,2026-07-27,,2026-09-01,2026-07-23,false,,,false,"National Union Fire Insurance Company of Pittsburgh, Pa.; National Union Fire Insurance Company of Pittsburgh, Pa.; AIU Insurance Company",2026-07-23,,2026-09-15
"Block Real Estate Services, LLC",6a70f31800191bb5cd20186a,69fded1362446148bd848d24,Dollar Tree #03352,Lease - 3rd979 - Dollar Tree #03352.pdf,,,processed,false,2026-08-03,,,,false,,,false,,2026-08-03,,2026-09-15
"Block Real Estate Services, LLC",6a830fb8fe7735c1f5f552ff,69fded1362446148bd848d24,Dollar Tree #03352,cert_NYC_Belton MO Properties_ LLC_12010508_10.pdf,,,processed,false,2026-08-21,,2027-09-01,2026-08-14,false,,,false,"National Union Fire Insurance Company of Pittsburgh, Pa.; National Union Fire Insurance Company of Pittsburgh, Pa.; AIU Insurance Company",2026-08-17,,2026-09-15
"Block Real Estate Services, LLC",6a4e7415210017bbbe93fbc4,69fded1362446148bd848d36,DaVita Dialysis / DVA Renal Healthcare,cert_SEA_c_o Block Real Estate Services_ LLC_4242598_1.pdf,,,processed,false,2026-07-08,,2026-10-01,2026-07-08,false,,,false,"Federal Way Assurance Inc.; National Union Fire Insurance Company of Pittsburgh, Pa.; AIU Insurance Company",2026-07-08,,2026-09-15
"Block Real Estate Services, LLC",6a6229bbf4a44f9d273a527d,69fded1362446148bd848d36,DaVita Dialysis / DVA Renal Healthcare,Davita 6th Amendment.pdf,,,processed,false,2026-07-27,,,,false,,,false,,2026-07-23,,2026-09-15
"Block Real Estate Services, LLC",6a6229bcf4a44f9d273a529d,69fded1362446148bd848d36,DaVita Dialysis / DVA Renal Healthcare,DVA_Base Lease.pdf,,,processed,false,2026-07-27,,,,false,,,false,,2026-07-23,,2026-09-15
"Block Real Estate Services, LLC",6a270099caa475a0462053d1,69fded1362446148bd848d4e,Einstein Bros Bagels #3961,"Oak Park KS, LLC.pdf",,,processed,false,2026-06-11,,2026-10-01,,false,,,false,Liberty Mutual Fire Insurance Company; Liberty Insurance Corporation; LM Insurance Corporation,2026-06-08,,2026-09-15
"Block Real Estate Services, LLC",6a550602501b8361b0e98221,69fded1362446148bd848d5a,Elliott Electric Supply Inc,co Block Real Estate Services_Elliott Electric Supply Inc._2526 Master_7-13-2026_1538430327.pdf,,,processed,false,2026-07-15,,2026-12-25,2026-07-13,false,,,false,Hartford Underwriters Insurance Company; Hartford Fire Insurance Company; Hartford Casualty Insurance Company; Trumbull Insurance Company,2026-07-13,,2026-09-15
"Block Real Estate Services, LLC",6a5a4c9575cf58525d542476,69fded1362446148bd848d5a,Elliott Electric Supply Inc,Oxford Kansas Project COI.pdf,,,processed,false,2026-07-17,,2026-12-25,2026-03-20,false,,,false,"Hartford Fire Insurance Company
One Hartford Plaza
Hartford , CT 06155-0001",2026-07-17,,2026-09-15
"Block Real Estate Services, LLC",6a26cc125a6d7806dad0ff07,69fded1462446148bd848d69,"Engaged Athletics Training Center / Engaged Holdings, LLC","Block Income Fund III, LP.pdf",,,processed,false,2026-06-08,,2027-02-08,,false,,,false,West Bend Insurance Company,2026-06-08,,2026-09-15
"Block Real Estate Services, LLC",6a26cc1f8169e64a814f52ee,69fded1462446148bd848d69,"Engaged Athletics Training Center / Engaged Holdings, LLC",Block WC.pdf,,,processed,false,2026-06-08,,2026-11-05,,false,,,false,,2026-06-08,,2026-09-15
"Block Real Estate Services, LLC",6a9ac44bdff7477dc01e7a01,69fded1462446148bd848d69,"Engaged Athletics Training Center / Engaged Holdings, LLC",COI - Engaged Companies LLC - Block Income Fund III LP.pdf,,,processed,false,,,2026-11-05,2026-09-03,false,,,false,"American Casualty Company of Reading, Pennsylvania; The Continental Insurance Company; Great American Insurance Company",2026-09-04,,2026-09-15
"Block Real Estate Services, LLC",6a3ea13ca83126525e6961fb,69fded1462446148bd848d8a,F & M Traders LLC,37SBAAM9TZ9.pdf,,,processed,false,2026-06-30,,2026-09-01,2026-06-26,false,,,false,Hartford Underwriters Insurance Company,2026-06-26,,2026-09-15
"Block Real Estate Services, LLC",6a999249c2059592ce16701d,69fded1462446148bd848d8a,F & M Traders LLC,37SBAAM9TZ9 (1).pdf,,,processed,false,,,2027-09-01,2026-09-03,false,,,false,Hartford Underwriters Insurance Company,2026-09-03,,2026-09-15
"Block Real Estate Services, LLC",6a304a96646087042c34d918,69fded1562446148bd848db7,Fisher & Phillips LLP,46 PC Investors LLC REVISED COI.pdf,,,processed,false,2026-06-17,,2026-12-31,2026-06-15,false,,,false,Great Northern Insurance Company; Federal Insurance Company; Executive Risk Indemnity Inc.,2026-06-15,,2026-09-15
"Block Real Estate Services, LLC",6a3045238970d898b890a0a8,69fded1562446148bd848dd8,"Future Foam, Inc","Block Real Estate Services, LLC_Future Foam, Inc._2526 COI_6-15-2026_1759053426.pdf",,,processed,false,2026-06-17,,2026-12-01,2026-06-15,false,,,true,Colony Specialty Insurance Company; Sentry Insurance Company; Allied World Assurance Company (U.S.) Inc.; MMA NON CONTROLLED,2026-06-15,,2026-09-15
"Block Real Estate Services, LLC",6a42914c04ca7701e3da658d,69fded1562446148bd848ddb,"Servpro / G&C Restoration, LLC",Team jones - WC Block Real Estate Services.pdf,,,processed,false,2026-06-30,,2026-11-01,2026-06-26,false,,,false,"Firemen's Insurance Company of Washington, D.C.; Accident Fund Insurance Company of America",2026-06-29,,2026-09-15
"Block Real Estate Services, LLC",6a4ec221bc03800db2d4ec8d,69fded1562446148bd848ddb,"Servpro / G&C Restoration, LLC",Team Jones - GL with Location marked - Block Real Estate Services.pdf,,,processed,false,2026-07-14,,2027-01-06,2026-07-08,false,,,false,"Restoration Risk Retention Group, Inc.",2026-07-08,,2026-09-15
"Block Real Estate Services, LLC",6a5521360354bdc4ee306e32,69fded1562446148bd848ded,"Gas Equipment Company / Gas Equipment, Inc.",26-27 GLAutoWC - HUB CertSecure.pdf,,,processed,false,2026-07-15,,2027-01-01,2026-07-13,false,,,false,Swiss Re Corporate Solutions America Insurance Corporation; Liberty Insurance Corporation; Employers Insurance Company of Wausau,2026-07-13,,2026-09-15
"Block Real Estate Services, LLC",6a5e223092dc6d1e62c1b6f1,69fded1662446148bd848dff,Geotechnology LLC,"Block Real Estate Services, LLC.pdf",,,processed,false,2026-07-22,,2027-05-01,2026-07-17,false,,,false,Greenwich Insurance Company; Westchester Surplus Lines Insurance Company; Landmark American Insurance Company; Homesite Insurance Company of Florida; Convex Insurance UK Limited; Aspen Specialty Insurance Company,2026-07-20,,2026-09-15
"Block Real Estate Services, LLC",6a5fd3215c9c14b344a637a1,69fded1662446148bd848e1d,Great Rivers Associates,ACORD Form 20260721-151357.pdf,,,processed,false,2026-07-22,,2027-05-26,2026-07-14,false,,,false,United Fire & Casualty Company; AmFed National Insurance Company; HDI Global Specialty SE,2026-07-21,,2026-09-15
"Block Real Estate Services, LLC",6a29e4bb895c408da11a7ada,69fded1662446148bd848e26,"Gexpro Services / Rexel USA, Inc. (fka GS Operating, LLC )","26-27 CUMBEXCS - Lawson US, Canada & NIs - Platte Valley Investment, LLC.pdf",,,processed,false,2026-06-11,,2027-03-01,2026-06-10,false,,,false,"Federal Insurance Company; National Union Fire Insurance Company of Pittsburgh, Pa.; QBE Specialty Insurance Company",2026-06-10,,2026-09-15
"Block Real Estate Services, LLC",6a29e5c86b36130833e2f858,69fded1662446148bd848e26,"Gexpro Services / Rexel USA, Inc. (fka GS Operating, LLC )",cert_CHI_Platte Valley Investment_ LLC_10101347_15 (002)-.pdf,,,processed,false,2026-06-11,,2027-03-01,2026-06-09,false,,,false,"National Union Fire Insurance Company of Pittsburgh, Pa.; New Hampshire Insurance Company; Commerce and Industry Insurance Company; Federal Insurance Company",2026-06-10,,2026-09-15
"Block Real Estate Services, LLC",6a5a5316e01184066f4af8b1,69fded1662446148bd848e35,H M Cragg Co,"College Crossing Associates LLC_H. M. Cragg Co_26-27  GL, WC & Umb _6-30-2026_1965003679.pdf",,,processed,false,2026-07-17,,2027-07-01,2026-06-30,false,,,false,The Charter Oak Fire Insurance Company; Travelers Property Casualty Company of America,2026-07-17,,2026-09-15
"Block Real Estate Services, LLC",6a50f3b73077efcb694b72d0,69fded1762446148bd848e4d,Wright/Laird Casting / Heather Laird,BOP_ACORD_C_oBlockRealEstateServicesLLC_07_06_2026_P106419759-3800115457156.PDF,,,processed,false,2026-07-14,,2027-04-10,2026-07-06,false,,,false,Hiscox Insurance Company Inc.,2026-07-10,,2026-09-15
"Block Real Estate Services, LLC",6a26ec5acaa475a046205336,69fded1762446148bd848e59,Hensley Electric Inc,Certificate (8).pdf,,,processed,false,2026-06-10,,2026-10-09,2026-06-08,false,,,false,SECURA Insurance Company; Vela Insurance,2026-06-08,,2026-09-15
"Block Real Estate Services, LLC",6a2ac243e28f42264227168b,69fded1762446148bd848e59,Hensley Electric Inc,"2026 Hensley Electric, Inc. COI - co Block Real Estate Services, LLC.pdf",,,processed,false,2026-06-15,,2026-10-09,2026-06-11,false,,,false,SECURA Insurance Company; Vela Insurance,2026-06-11,,2026-09-15
"Block Real Estate Services, LLC",6a515d04aa8908124e4b4694,69fded1762446148bd848e68,Hoefer Welker LLC,COI FOR BLOCK REAL ESTATE SERVICES 16593527.pdf,,,processed,false,2026-07-14,,2027-02-12,2026-07-10,false,,,false,The Phoenix Insurance Company; Travelers Property Casualty Company of America; Lexington Insurance Company,2026-07-10,,2026-09-15
"Block Real Estate Services, LLC",6a301125b7970f3c499961be,69fded1762446148bd848e6e,Hot Dog Design LLC,HotDog-COI-workmans-comp.pdf,,,processed,false,2026-06-17,,2027-02-08,2026-02-07,false,,,false,National Specialty Insurance Company,2026-06-15,,2026-09-15
"Block Real Estate Services, LLC",6a63df77bf74d0d11c7f3617,69fded1762446148bd848e6e,Hot Dog Design LLC,Justin Wieners - COI for Block.pdf,,,processed,false,2026-07-27,,2027-02-24,2026-07-23,false,,,false,State Farm Fire and Casualty Company,2026-07-24,,2026-09-15
"Block Real Estate Services, LLC",6a8f0f1bc99a391274d29c00,69fded1762446148bd848e6e,Hot Dog Design LLC,Lease - 3rd202 - Hot Dog Design.pdf,,,processed,false,2026-08-26,,,,false,,,false,,2026-08-26,,2026-09-15
"Block Real Estate Services, LLC",6a3415c20f8d07d45488f201,69fded1762446148bd848e6b,"Horizon PSI / Horizon Systems, Inc.","Perg Buildings, LLC Corrected.pdf",,,processed,false,2026-06-22,,2027-03-01,2026-06-14,false,,,false,Valley Forge Insurance Company; The Continental Insurance Company; Lloyds of London,2026-06-18,,2026-09-15
"Block Real Estate Services, LLC",6a05f629ca42782ea34e9d06,69fded1762446148bd848e74,Husqvarna Construction Products North America Inc,4-29-2026COI.pdf,,,processed,false,2026-06-03,,2027-05-01,2026-04-28,false,,,false,Millhouse Insurance Company; Liberty Mutual Fire Insurance Company; LM Insurance Corporation,2026-05-14,,2026-09-15
"Block Real Estate Services, LLC",6a3d3c24035235ff667a84ae,69fded1762446148bd848e77,Hyalogic LLC,Revised Certificate.pdf,,,processed,false,2026-06-25,,2027-05-19,2026-06-25,false,,,false,Certain Underwriters at Lloyds of London; Employers Preferred Insurance Company,2026-06-25,,2026-09-15
"Block Real Estate Services, LLC",6a3d7354f08a13c0c8807031,69fded1762446148bd848e77,Hyalogic LLC,Hyalogic LLC - KCIP Riverside LLC-Platte Valley REVISED CERT.pdf,,,processed,false,2026-06-25,,2027-05-19,2026-06-25,false,,,false,CONTINENTAL CASUALTY CO; Employers Preferred Insurance Company,2026-06-25,,2026-09-15
"Block Real Estate Services, LLC",6a3d920d540c4e7a799a0485,69fded1762446148bd848e77,Hyalogic LLC,Hyalogic LLC - KCIP Riverside LLC-Platte Valley REVISED CERT.pdf,,,processed,false,2026-06-30,,2027-05-19,2026-06-25,false,,,false,CONTINENTAL CASUALTY CO; Employers Preferred Insurance Company,2026-06-25,,2026-09-15
"Block Real Estate Services, LLC",6a4bd8e6e300a9bf74f56503,69fded1762446148bd848e77,Hyalogic LLC,Hyalogic - KCIP Reissued Cert.pdf,,,processed,false,2026-07-06,,2027-05-19,2026-07-06,false,,,false,CONTINENTAL CASUALTY CO; Employers Preferred Insurance Company,2026-07-06,,2026-09-15
"Block Real Estate Services, LLC",6a05e812fe7b4a8a0361eb0a,69fded1762446148bd848e86,Infinity Fasteners Inc,rtreter.pdf,,,processed,false,2026-06-01,,2027-02-01,,false,,,false,,2026-05-14,,2026-09-15
"Block Real Estate Services, LLC",6a610ee03d7c8f1b1ccd4153,69fded1862446148bd848ea7,"Jetalum Windows & Doors / JetAlum, LLC",Block Real Estate Services LLC.pdf,,,processed,false,2026-07-27,,2027-06-15,,false,,,false,Sentry Insurance Company; Florists' Mutual Insurance Company,2026-07-22,,2026-09-15
"Block Real Estate Services, LLC",6a2333a6a234618b199e4caa,69fded1862446148bd848ebf,Kababs,Kababs COI WC.pdf,,,processed,false,2026-06-08,,2027-04-10,2026-06-05,false,,,false,Property and Casualty Insurance Company of Hartford,2026-06-05,,2026-09-15
"Block Real Estate Services, LLC",6a5a45d495f24ba6c2d723af,69fded1862446148bd848ed4,WinAir,"Block Real Estate Services, LLC_Winsupply Lenexa KS Co._2025-26 Winsupply Master_7-17-2026_1498305093.pdf",,,processed,false,2026-07-22,,2026-10-01,2026-07-17,false,,,false,Sentry Insurance Company; Sentry Casualty Company; Lexington Insurance Company,2026-07-17,,2026-09-15
"Block Real Estate Services, LLC",6a22fb07dbd3c0780a22ef57,69fded1862446148bd848ee0,Kate Smith Soiree LLC,Block Real Estate Services June 2026.pdf,,,processed,false,2026-06-08,,2026-08-15,2026-06-05,false,,,false,State Farm Fire and Casualty Company; State Farm Mutual Automobile Insurance Company,2026-06-05,,2026-09-15
"Block Real Estate Services, LLC",6a8f0cba2bd0295ea6baefd1,69fded1862446148bd848ee0,Kate Smith Soiree LLC,Lease - 3rd203 - Kate Smith Soiree LLC.pdf,,,processed,false,2026-08-26,,,,false,,,false,,2026-08-26,,2026-09-15
"Block Real Estate Services, LLC",6a92f66562dc824f0a847977,69fded1962446148bd848ee6,"Kawneer Company, Inc.",ArconicCorporation - Client Pack - 4581129.PDF,,,processed,false,2026-09-01,,2027-04-01,2026-08-25,false,,,false,"National Union Fire Insurance Company of Pittsburgh, Pa.; AIU Insurance Company",2026-08-29,,2026-09-15
"Block Real Estate Services, LLC",6a987d2bbac4878ada1ac9a8,69fded1962446148bd848ee6,"Kawneer Company, Inc.",Lease - bf3943 - Kawneer.pdf,,,processed,false,2026-09-02,,,,false,,,false,,2026-09-02,,2026-09-15
"Block Real Estate Services, LLC",6a42a7865e2a93cdf24113a2,69fded1962446148bd848ef5,"Merry Maids 391 & 604 / Khaos, Inc.",Block Real Estate Service LLC_Khaos Inc._26-27 COI_6-29-2026_783054394.pdf,,,processed,false,2026-06-30,,2027-06-01,2026-06-29,false,,,false,The Cincinnati Insurance Company; Employers Preferred Insurance Company,2026-06-29,,2026-09-15
"Block Real Estate Services, LLC",6a2c3d857ea10850bf9fee01,69fded1962446148bd848efb,Knappco LLC,cert_NYC_Block Real Estate Services_ LLC_12635590_1.pdf,,,processed,false,2026-06-15,,2027-01-01,2026-06-12,false,,,false,Liberty Mutual Fire Insurance Company; LM Insurance Corporation; American Guarantee and Liability Insurance Company; N / A,2026-06-12,,2026-09-15
"Block Real Estate Services, LLC",6a61215a8684afcc42f22520,69fded1962446148bd848f13,"LeafFilter North, LLC/Leaf Home Safety Solutions, LLC","17700490 LEAFFILTER NORTH, LLC.pdf",,,processed,false,2026-07-27,,2027-03-31,2026-07-21,false,,,false,"AIU Insurance Company; National Union Fire Insurance Company of Pittsburgh, Pa.; --- SEE ATTACHMENT",2026-07-22,,2026-09-15
"Block Real Estate Services, LLC",6aa84980690e2374a6751cbf,69fded1962446148bd848f13,"LeafFilter North, LLC/Leaf Home Safety Solutions, LLC","17700490 LeafFilter North, LLC.pdf",,,processed,false,,,2027-03-31,2026-08-28,false,,,false,"AIU Insurance Company; National Union Fire Insurance Company of Pittsburgh, Pa.; --- SEE ATTACHMENT",2026-09-14,,2026-09-15
"Block Real Estate Services, LLC",6a071d3db7c7740fe9c3532a,69fded1962446148bd848f1f,Leslie's Poolmart Inc,HillcrestPlaza-88406810.pdf,,,processed,false,2026-06-02,,2026-11-01,2025-12-19,false,,,false,"Continental Casualty Company; The Continental Insurance Company; American Casualty Company of Reading, Pennsylvania; Transportation Insurance Company; See Attached",2026-05-15,,2026-09-15
"Block Real Estate Services, LLC",6a84b66f5311e7ea5622e328,69fded1a62446148bd848f4c,"Shoot 360 / Mambas Basketball Academy, LLC",Mamba Basketball WC Renewal.pdf,,,processed,false,2026-08-24,,2027-03-28,,false,,,false,,2026-08-18,,2026-09-15
"Block Real Estate Services, LLC",6a959e723c9c612189a0b40f,69fded1a62446148bd848f4c,"Shoot 360 / Mambas Basketball Academy, LLC","LLC Building 8 Investors co Block Real Estat_Mambas Basketball Academy, LLC_2627-Landlord_8-31-2026_2032511734.pdf",,,processed,false,2026-09-09,,2027-01-29,2026-08-31,false,,,false,Philadelphia Indemnity Insurance Company,2026-08-31,,2026-09-15
"Block Real Estate Services, LLC",6aa3f656f3244169cc05144c,69fded1a62446148bd848f4c,"Shoot 360 / Mambas Basketball Academy, LLC",Information Pages.pdf,,,processed,false,,,,,false,,,false,,2026-09-11,,2026-09-15
"Block Real Estate Services, LLC",6a5663c6070863dfb4dba817,69fded1a62446148bd848f55,"Bistro / Marcie, Inc.",ai-Block Real Estate Services LLC (2).pdf,,,processed,false,2026-07-15,,,,false,,,false,,2026-07-14,,2026-09-15
"Block Real Estate Services, LLC",6a5663d307a076d99c353d47,69fded1a62446148bd848f55,"Bistro / Marcie, Inc.",wos-Block Real Estate Services LLC (1).pdf,,,processed,false,2026-07-15,,,,false,,,false,,2026-07-14,,2026-09-15
"Block Real Estate Services, LLC",6a95a2993c9c612189a0b42c,69fded1a62446148bd848f55,"Bistro / Marcie, Inc.",CERT BLOCK FOR 301-303 WESTPORT RD.pdf,,,processed,false,2026-09-09,,2027-09-01,2026-08-31,false,,,false,Spinnaker Insurance Company,2026-08-31,,2026-09-15
"Block Real Estate Services, LLC",6aa1c2714fd06b004b3fa35f,69fded1a62446148bd848f55,"Bistro / Marcie, Inc.",Lease - 3rd299 - Bistro.pdf,,,processed,false,2026-09-09,,,,false,,,false,,2026-09-09,,2026-09-15
"Block Real Estate Services, LLC",6a311d5a14a7a365eb4794db,69fded1a62446148bd848f61,"Blue Endo / Market-tiers, Inc.","Blue Endo_Market-Tiers, Inc dba Blue Endo_25-26 - 2- GL Umb WC - _6-16-2026_1930019683.pdf",,,processed,false,2026-06-17,,2026-10-06,2026-06-16,false,,,false,"Twin City Fire Insurance Company; Sentinel Insurance Company, Ltd.",2026-06-16,,2026-09-15
"Block Real Estate Services, LLC",6a454d95375e453b637982fa,69fded1a62446148bd848f61,"Blue Endo / Market-tiers, Inc.",WOS Endt for PERG $64 52WECAQ3019.pdf,,,processed,false,2026-07-06,,2026-10-06,,false,,,false,Twin City Fire Insurance Company,2026-07-01,,2026-09-15
"Block Real Estate Services, LLC",6a903fb04e1f597a804e3eef,69fded1a62446148bd848f70,"Mavs Volleyball / MAVS, LLC",Lease - tic777 - Mavs Volleyball.pdf,,,processed,false,2026-08-27,,,,false,,,false,,2026-08-27,,2026-09-15
"Block Real Estate Services, LLC",6a90971ec73b1523d2481b67,69fded1a62446148bd848f70,"Mavs Volleyball / MAVS, LLC","c_o Block Real Estate Services, Kansas City, MO, 64112, 08_27_2026.pdf",,,processed,false,2026-09-01,,2027-05-01,2026-08-27,false,,,false,Philadelphia Indemnity Insurance Company; MEM Mutual Insurance Company,2026-08-27,,2026-09-15
"Block Real Estate Services, LLC",6a22fff0a234618b199e4b66,69fded1b62446148bd848f91,Medical Technology Associates Inc,"CMP Building III, LLC - 381207.pdf",,,processed,false,2026-06-08,,2027-04-20,2026-06-05,false,,,false,The Charter Oak Fire Insurance Company; Travelers Property Casualty Company of America; Travelers Excess and Surplus Lines Company; Travelers Casualty and Surety Company,2026-06-05,,2026-09-15
"Block Real Estate Services, LLC",6a79eaea7993a3857f4967c3,69fded1b62446148bd848fa9,Midland Exteriors LLC,ACORD Form 20260810-101246.pdf,,,processed,false,2026-08-13,,2027-01-01,2026-08-05,false,,,false,The Cincinnati Insurance Company; KBIG,2026-08-10,,2026-09-15
"Block Real Estate Services, LLC",6a3dc3ce540c4e7a799a04b0,69fded1b62446148bd848fb2,Midwest Dance Center / Priscilla Lea Young,GL_ACORD_05_24_2026_P100284679-3570480145256.PDF,,,processed,false,2026-06-30,,2027-05-24,2026-04-09,false,,,false,Hiscox Insurance Company Inc.,2026-06-26,,2026-09-15
"Block Real Estate Services, LLC",6a73773d1d2a69d971607599,69fded1b62446148bd848fb2,Midwest Dance Center / Priscilla Lea Young,Lease - 3rd657 - Midwest Dance Center.pdf,,,processed,false,2026-08-05,,,,false,,,false,,2026-08-05,,2026-09-15
"Block Real Estate Services, LLC",6a5e60765cde91549298d302,69fded1b62446148bd848fc1,"Ingersol Rand / Milton Roy, LLC",Ingersoll Rand Inc - Block Real Estate Services LLC - 26071037043810 - 570121811554.pdf,,,processed,false,2026-07-22,,2027-03-01,2026-07-13,false,,,false,Zurich American Insurance Company; American Zurich Insurance Company; ACE Property and Casualty Insurance Company,2026-07-20,,2026-09-15
"Block Real Estate Services, LLC",6a18ab77e701796d85ebc1c2,69fded1b62446148bd848fca,"Wingstop / Missouri Wings XIV, LLC",NOT FOUND - Missouri Wings XIV LLC.pdf,,,processed,false,2026-06-01,,2027-01-01,2026-03-04,false,,,false,"Wesco Insurance Company; Technology Insurance Company, Inc.; Security National Insurance Company; Zurich American Insurance Company; Aspen Specialty Insurance Company",2026-05-28,,2026-09-15
"Block Real Estate Services, LLC",6a43d905c7f86ba6f2674982,69fded1c62446148bd848ff4,Netsmart Technologies Inc,"PERG BUILDINGS, LLC COI.pdf",,,processed,false,2026-06-30,,2026-11-11,2026-06-22,false,,,false,Chubb Indemnity Insurance Company; Great Northern Insurance Company; Federal Insurance Company,2026-06-30,,2026-09-15
"Block Real Estate Services, LLC",6a55038dd7a2098716cacbfe,69fded1c62446148bd848ff4,Netsmart Technologies Inc,"Netsmart COI-PERG BUILDINGS, LLC_v4.pdf",,,processed,false,2026-07-14,,2026-11-11,2026-07-01,false,,,false,Chubb Indemnity Insurance Company; Great Northern Insurance Company; Federal Insurance Company,2026-07-13,,2026-09-15
"Block Real Estate Services, LLC",6a395359d1bf38e72a670ee4,69fded1c62446148bd848ff1,Nestle Purina PetCare Co.,"Davenport Investors, LLC.pdf",,,processed,false,2026-06-22,,2027-01-01,2025-12-29,false,,,false,ACE American Insurance Company; Indemnity Insurance Company of North America; ACE Fire Underwriters Insurance Company; N / A,2026-06-22,,2026-09-15
"Block Real Estate Services, LLC",6a5f84717b7aed3fd71bfc0f,69fded1c62446148bd848ff1,Nestle Purina PetCare Co.,Davenport Investors LLC.pdf,,,processed,false,2026-07-22,,2027-01-01,2025-12-29,false,,,false,ACE American Insurance Company; Indemnity Insurance Company of North America; ACE Fire Underwriters Insurance Company; N / A,2026-07-21,,2026-09-15
"Block Real Estate Services, LLC",6a7dc8ed054fa473f0cf525a,69fded1c62446148bd848ff1,Nestle Purina PetCare Co.,Lease - dav189 - Nestle Purina PetCare Co.pdf,,,processed,false,2026-08-13,,,,false,,,false,,2026-08-13,,2026-09-15
"Block Real Estate Services, LLC",6a7b4a56b5e7f185ea4b77f0,69fded1c62446148bd848ffd,"New Cingular Wireless PCS, LLC",COI.pdf,,,processed,false,2026-08-19,,2027-06-01,2026-08-10,false,,,false,Old Republic Insurance Company,2026-08-11,,2026-09-15
"Block Real Estate Services, LLC",6a85df2b1a7afddf0425e319,69fded1c62446148bd848ffd,"New Cingular Wireless PCS, LLC","Lease - mil708 - New Cingular Wireless PCS, LLC.pdf",,,processed,false,2026-08-19,,,,false,,,false,,2026-08-19,,2026-09-15
"Block Real Estate Services, LLC",6a3957c8efaf8fc91cd0aef7,69fded1c62446148bd84900f,Nifty Promotions LLC,Nifty Block Cert.pdf,,,processed,false,2026-06-22,,2026-10-27,2026-06-22,false,,,false,"Hartford Underwriters Insurance Company; The Hartford; Fidelity and Guaranty Insurance Underwriters, Inc.",2026-06-22,,2026-09-15
"Block Real Estate Services, LLC",6a58e93eb3bfafcf16acef72,69fded1d62446148bd849030,"Walgreens / Option Care Enterprises, Inc.",Option Care Health Inc - Perg Buildings LLC - 26062536877644 - 570121335424.pdf,,,processed,false,2026-07-27,,2027-04-07,2026-06-26,true,low,<p>Lease request to BRES</p>,false,"Trumbull Insurance Company; Sentinel Insurance Company, Ltd.; Hartford Fire Insurance Company; Columbia Casualty Company",2026-07-16,,2026-09-15
"Block Real Estate Services, LLC",6a70f88600191bb5cd2018aa,69fded1d62446148bd849030,"Walgreens / Option Care Enterprises, Inc.",Lease - prg838 - Option Care Enterprises.pdf,,,processed,false,2026-08-03,,,,false,,,false,,2026-08-03,,2026-09-15
"Block Real Estate Services, LLC",6a45365948c92c2dc99f75b9,69fded1d62446148bd849039,Orscheln Farm & Home LLC,Tractor Supply Company - NorthridgeClarinda LLC - 26062936921555 - 570121557774.pdf,,,processed,false,2026-07-02,,2027-04-01,2026-06-30,false,,,false,"XL Insurance America, Inc.; Greenwich Insurance Company",2026-07-01,,2026-09-15
"Block Real Estate Services, LLC",6a748f7574e9feee631bb262,69fded1c62446148bd84902a,OneDigital Borrower LLC,Block COI.pdf,,,processed,false,2026-08-10,,2027-02-26,2026-08-06,false,,,false,Great Northern Insurance Company; Federal Insurance Company; ACE American Insurance Company; Allied World Surplus Lines Insurance Company,2026-08-06,,2026-09-15
"Block Real Estate Services, LLC",6a2c52fa8b0f9b5ef895d8a1,69fded1d62446148bd849051,"Hydro Ponics / River Market Hydro / Palm Green, LLC",COI Palm Green.pdf,,,processed,false,2026-06-15,,2026-10-19,2026-06-05,false,,,false,Owners Insurance Company,2026-06-12,,2026-09-15
"Block Real Estate Services, LLC",6a3c4bad8ac7d389f4d052de,69fded1d62446148bd849066,Paycom Payroll LLC,Block Real Estate Services LLC -  COI.pdf,,,processed,false,2026-06-25,,2027-04-15,2026-06-24,false,,,false,The Phoenix Insurance Company; Farmington Casualty Company; Travelers Property Casualty Company of America; Travelers Commercial Casualty Company,2026-06-24,,2026-09-15
"Block Real Estate Services, LLC",6a2af9099564d418934746dc,69fded1d62446148bd84906c,Pennsylvania Tool Sales and Service Inc,Block COI.pdf,,,processed,false,2026-06-15,,2026-11-22,2026-06-08,false,,,false,Monroe Guaranty Insurance Company; National Trust Insurance Company,2026-06-11,,2026-09-15
"Block Real Estate Services, LLC",6a8624d11a7afddf0425e79c,69fded1e62446148bd849096,"Pizza Hut of America, Inc.",cert_CLE_Block Real Estate Services_ LLC_7520416_1.pdf,,,processed,false,2026-08-24,,2027-03-24,2026-08-19,false,,,false,ACE American Insurance Company; ACE Fire Underwriters Insurance Company; ACE Property and Casualty Insurance Company; Indemnity Insurance Company of North America,2026-08-19,,2026-09-15
"Block Real Estate Services, LLC",6a8f47a88a1e8d967f5457e8,69fded1e62446148bd849096,"Pizza Hut of America, Inc.",Lease - 3rd074 - Pizza Hut.pdf,,,processed,false,2026-08-26,,,,false,,,false,,2026-08-26,,2026-09-15
"Block Real Estate Services, LLC",6a443de1922a2523ecdebdc9,69fded1e62446148bd84909c,"Northstar Wealth / Polaris, LLC",State Farm Office Policy (.pdf,,,processed,false,2026-07-02,,2027-06-26,,false,,,false,State Farm Fire and Casualty Company,2026-06-30,,2026-09-15
"Block Real Estate Services, LLC",6a73a428dd728886a9db53f8,69fded1e62446148bd84909c,"Northstar Wealth / Polaris, LLC",State Farm Workers Comp Po.pdf,,,processed,false,2026-08-10,,,,false,,,false,,2026-08-05,,2026-09-15
"Block Real Estate Services, LLC",6a94cc9ec059eb96ba36550d,69fded1e62446148bd84909c,"Northstar Wealth / Polaris, LLC",2026-08-17 COL Polaris.pdf,,,processed,false,2026-09-01,,2027-07-26,2026-08-17,false,,,false,State Farm Fire and Casualty Company,2026-08-31,,2026-09-15
"Block Real Estate Services, LLC",6a9982ab41d3f973352e2849,69fded1e62446148bd84909c,"Northstar Wealth / Polaris, LLC",Lease - tic663 - Polaris.pdf,,,processed,false,2026-09-03,,,,false,,,false,,2026-09-03,,2026-09-15
"Block Real Estate Services, LLC",6a9acdf230abe0dd7cd919c4,69fded1e62446148bd84909c,"Northstar Wealth / Polaris, LLC",2026-09-04 ACORD 25 - COMM COL-SIGNED.pdf,,,processed,false,,,2027-07-26,2026-09-04,false,,,false,State Farm Fire and Casualty Company,2026-09-04,,2026-09-15
"Block Real Estate Services, LLC",6a5521a221f86634e8b19b14,69fded1e62446148bd8490a8,Power Sales & Advertising Inc,Certificate.pdf,,,processed,false,2026-07-15,,2026-11-15,2026-07-13,false,,,false,The Travelers Indemnity Company of Connecticut; Travelers Property Casualty Company of America; Waypoint Mutual; Travelers Casualty and Surety Company of America,2026-07-13,,2026-09-15
"Block Real Estate Services, LLC",6a2c0d1214fe6fd29725e9a3,69fded1e62446148bd8490b7,Pro Concrete Design Inc,COI - Platte Valley Investment & Block.pdf,,,processed,false,2026-06-25,,2026-10-01,2026-03-23,false,,,false,The Cincinnati Insurance Company; The Cincinnati Casualty Company; Westchester Surplus Lines Insurance Company,2026-06-12,,2026-09-15
"Block Real Estate Services, LLC",6a4d09244fb0dfb0f428d6a1,69fded1e62446148bd8490ba,Professional Toxicology Services Inc,Name PROFESSIONAL TOXICOLOGY SERVICES INC (2).pdf,,,processed,false,2026-07-10,,2027-01-01,2026-06-19,false,,,false,State Farm Fire and Casualty Company,2026-07-07,,2026-09-15
"Block Real Estate Services, LLC",6a5e6d795cde91549298d434,69fded1e62446148bd8490ba,Professional Toxicology Services Inc,CERTIFICATE OF INSURANCE (COI).Pdf,,,processed,false,2026-07-22,,2027-06-26,2026-07-20,false,,,false,Hartford Insurance Company of the Southeast,2026-07-20,,2026-09-15
"Block Real Estate Services, LLC",6a3400fa3a28b57599a17c80,69fded1e62446148bd8490c9,"Adapt Health / Provider Plus, Inc.","SM Quivira, LLC and 9201 Associates, LLC  - Liab - 6-18.pdf",,,processed,false,2026-06-22,,2026-11-08,2026-06-18,false,,,false,Illinois Union Insurance Company; Hartford Fire Insurance Company; Hartford Underwriters Insurance Company; SEE ATTACHMENT; Twin City Fire Insurance Company; XL Specialty Insurance Company,2026-06-18,,2026-09-15
"Block Real Estate Services, LLC",6a7501d00166c7493f75e95f,69fded1e62446148bd8490cc,"Psychology Office Management, Inc.",Acord for Business.pdf,,,processed,false,2026-08-11,,2026-10-01,2026-08-06,false,,,false,State Farm Fire and Casualty Company,2026-08-06,,2026-09-15
"Block Real Estate Services, LLC",6a7c9036c197dd69b08fad50,69fded1e62446148bd8490cc,"Psychology Office Management, Inc.",Lease - tic752 - Psychology Office Management.pdf,,,processed,false,2026-08-12,,,,false,,,false,,2026-08-12,,2026-09-15
"Block Real Estate Services, LLC",6a3ea341c440b3797746b7c8,69fded1e62446148bd8490cf,Pulse Design Group,"Block Real Estate Services LLC_Pulse Design Group, Inc._26-27 GAUWP_6-26-2026_1733011510.pdf",,,processed,false,2026-06-30,,2027-01-01,2026-06-26,false,,,false,Hartford Underwriters Insurance Company; XL Specialty Insurance Company,2026-06-26,,2026-09-15
"Block Real Estate Services, LLC",6a07252eb333109abbece2a7,69fded1e62446148bd8490d2,"Q4 Industries, LLC",Q4IndustriesLLC-CertificateofLiabilityInsurance-PERGBuildingsLLCBlockRealEstatesServicesLLC1.pdf,,,processed,false,2026-06-02,,2026-11-06,2026-01-22,false,,,false,Auto-Owners Insurance Company; Owners Insurance Company,2026-05-15,,2026-09-15
"Block Real Estate Services, LLC",6a6bae3ebcce2cc2487c53a7,69fded1f62446148bd8490ea,"Regal Staffing, LLC",Block.pdf,,,processed,false,2026-08-03,,2027-07-20,2026-07-16,false,,,false,Philadelphia Indemnity Insurance Company; National Casualty Company; Twin City Fire Insurance Company,2026-07-30,,2026-09-15
"Block Real Estate Services, LLC",6a70f52900191bb5cd20188a,69fded1f62446148bd8490ea,"Regal Staffing, LLC",Lease - glo511 - Regal Staffing LLC.pdf,,,processed,false,2026-08-03,,,,false,,,false,,2026-08-03,,2026-09-15
"Block Real Estate Services, LLC",6a594825a8d82ac3668e4d88,69fded1f62446148bd849108,"Rosen's, Inc.",26-27-RDI-BlockRealEstate-COI-UPDATED.pdf,,,processed,false,2026-07-17,,2027-04-01,2026-06-19,false,,,false,ACE American Insurance Company,2026-07-16,,2026-09-15
"Block Real Estate Services, LLC",6a5a457095f24ba6c2d7238f,69fded1f62446148bd849108,"Rosen's, Inc.",Lease - 3rd497 - Rosens.pdf,,,processed,false,2026-07-22,,,,false,,,false,,2026-07-17,,2026-09-15
"Block Real Estate Services, LLC",6a907585d65478dc6cafba15,69fded1f62446148bd849123,Safari Mart,Safari Mart Insurance Policy 2026 - 2027.pdf,,,processed,false,2026-09-01,,,,false,,,false,,2026-08-27,,2026-09-15
"Block Real Estate Services, LLC",6a284c35da52b0ee99d300db,69fded2062446148bd849141,Seen Merchandising LLC,Block 2026 COI.pdf,,,processed,false,2026-06-11,,2026-08-22,2026-05-26,false,,,false,The Charter Oak Fire Insurance Company; Travelers Property Casualty Company of America; Accident Fund National Insurance Company,2026-06-09,,2026-09-15
"Block Real Estate Services, LLC",6a84b3a941c099792473ed28,69fded2062446148bd849141,Seen Merchandising LLC,5.19.26 Traveler's Policy B313486A-630.pdf,,,processed,false,2026-08-24,,,,false,,,false,,2026-08-18,,2026-09-15
"Block Real Estate Services, LLC",6a8c890ad47e831614fafb57,69fded2062446148bd849141,Seen Merchandising LLC,Lease - tic783 - Seen Merchandising LLC.pdf,,,processed,false,2026-08-24,,,,false,,,false,,2026-08-24,,2026-09-15
"Block Real Estate Services, LLC",6aa04551262fdef2f7f0fe56,69fded2062446148bd849141,Seen Merchandising LLC,block.pdf,,,processed,false,,,2027-05-14,2026-09-04,false,,,false,The Charter Oak Fire Insurance Company; Travelers Property Casualty Company of America; Accident Fund National Insurance Company,2026-09-08,,2026-09-15
"Block Real Estate Services, LLC",6a39654eefaf8fc91cd0af3a,69fded2062446148bd84915c,Sherwin Williams-SW 07526,Sherwin Williams COI.pdf,,,processed,false,2026-06-22,,2027-05-01,2026-04-23,false,,,false,ACE American Insurance Company; ACE Fire Underwriters Insurance Company; Old Republic Insurance Company; ACE Property and Casualty Insurance Company,2026-06-22,,2026-09-15
"Block Real Estate Services, LLC",6a724e057518e8c1cb905e51,69fded2062446148bd84915c,Sherwin Williams-SW 07526,"Mill Street Station, LLC-570119596606.pdf",,,processed,false,2026-08-06,,2027-05-01,2026-04-23,false,,,false,ACE American Insurance Company; ACE Fire Underwriters Insurance Company; Old Republic Insurance Company; ACE Property and Casualty Insurance Company,2026-08-04,,2026-09-15
"Block Real Estate Services, LLC",6a74eb1f0166c7493f75e909,69fded2062446148bd84915c,Sherwin Williams-SW 07526,Lease - mil708 - Sherwin Williams SW 07526.pdf,,,processed,false,2026-08-06,,,,false,,,false,,2026-08-06,,2026-09-15
"Block Real Estate Services, LLC",6a31b04314a7a365eb479595,69fded2062446148bd849171,Skechers Outlet,26-27 WC - Co Block Real Estate Services.pdf,,,processed,false,2026-06-17,,2027-06-15,2026-06-17,false,,,false,Sentry Insurance Company,2026-06-16,,2026-09-15
"Block Real Estate Services, LLC",6a57af483817dd155dae1a9b,69fded2062446148bd849171,Skechers Outlet,"#538 - co Block Real Estate Services_Skechers USA Retail, LLC_25-26 GL, Auto & UMB $5M _6-16-2026_1567621767.pdf",,,processed,false,2026-07-21,,2026-09-01,2026-06-16,false,,,false,HDI Specialty Insurance Company; AXIS Surplus Insurance Company; HDI Global Insurance Company,2026-07-15,,2026-09-15
"Block Real Estate Services, LLC",6a3981c6f214bcb869b222d5,69fded2162446148bd849189,South Western Communications Inc,Block updated 6-22-26.pdf,,,processed,false,2026-06-23,,2027-03-01,2026-06-22,false,,,false,Zurich American Insurance Company; Scottsdale Indemnity Company,2026-06-22,,2026-09-15
"Block Real Estate Services, LLC",6a28099f9f092c55a134bc63,69fded2162446148bd8491b0,Starbucks Corporation #9654,2026 Starbucks Universal MOI.pdf,,,processed,false,2026-06-11,,2026-10-01,,false,,,false,Zurich American Insurance Company; American Guarantee and Liability Insurance Company,2026-06-09,,2026-09-15
"Block Real Estate Services, LLC",6a57b3b03817dd155dae1af5,69fded2162446148bd8491b0,Starbucks Corporation #9654,Lease - 3rd543 - Starbucks.pdf,,,processed,false,2026-07-16,,,,false,,,false,,2026-07-15,,2026-09-15
"Block Real Estate Services, LLC",6a849dab37c8e331a7147d92,69fded2162446148bd8491b9,Stifel Nicolaus & Company Inc,"co Block real Estate Services, LLC_Stifel Financial Corp_(1)  26-27 GL AL WC XS ($_7-22-2026_2079188121.pdf",,,processed,false,2026-08-24,,2027-06-29,2026-07-22,false,,,false,Great Northern Insurance Company; Federal Insurance Company; ACE American Insurance Company,2026-08-18,,2026-09-15
"Block Real Estate Services, LLC",6a4fb977f0ee70bc3c455be1,69fded2262446148bd8491e3,Tech Electronics of Kansas,"College Crossing CD, LLC_Tech Electronics of Kansas,LLC_26-27 MAIN GLI CAUT CUMB_7-8-2026_63430023.pdf",,,processed,false,2026-07-14,,2027-05-17,2026-07-08,false,,,false,Amerisure Insurance Company; Amerisure Mutual Insurance Company; Twin City Fire Insurance Company,2026-07-09,,2026-09-15
"Block Real Estate Services, LLC",6a67c0cf172a897493983639,69fded2262446148bd8491e3,Tech Electronics of Kansas,Lease - tic765 - Tech Electronics.pdf,,,processed,false,2026-07-27,,,,false,,,false,,2026-07-27,,2026-09-15
"Block Real Estate Services, LLC",6a50f978c8b75240b608c3b3,69fded2162446148bd8491ce,"UDP (Unisource Document Products)/ Datamax / Sumner Group, Inc.","Block Real Estate Services_SumnerOne, Inc._26-27 MAIN GLI CAUT CUMB _7-10-2026_1095711423.pdf",,,processed,false,2026-07-14,,2027-03-01,2026-07-10,false,,,false,National Fire Insurance Company of Hartford; The Continental Insurance Company,2026-07-10,,2026-09-15
"Block Real Estate Services, LLC",6a590fffa8d82ac3668e4abd,69fded2162446148bd8491ce,"UDP (Unisource Document Products)/ Datamax / Sumner Group, Inc.","Block Real Estate Services_SumnerOne, Inc._26-27 MAIN GLI CAUT CUMB _7-16-2026_778999326.pdf",,,processed,false,2026-07-17,,2027-03-01,2026-07-16,false,,,false,National Fire Insurance Company of Hartford; The Continental Insurance Company,2026-07-16,,2026-09-15
"Block Real Estate Services, LLC",6a5910b8f442c47073c4b7f8,69fded2162446148bd8491ce,"UDP (Unisource Document Products)/ Datamax / Sumner Group, Inc.","Block Real Estate Services_SumnerOne, Inc._26-27 MAIN GLI CAUT CUMB _7-16-2026_1487703881.pdf",,,processed,false,2026-07-17,,2027-03-01,2026-07-16,false,,,false,National Fire Insurance Company of Hartford; The Continental Insurance Company,2026-07-16,,2026-09-15
"Block Real Estate Services, LLC",6a591175f442c47073c4b82b,69fded2162446148bd8491ce,"UDP (Unisource Document Products)/ Datamax / Sumner Group, Inc.","Block Real Estate Services_SumnerOne, Inc._26-27 MAIN GLI CAUT CUMB _7-16-2026_1163487283.pdf",,,processed,false,2026-07-17,,2027-03-01,2026-07-16,false,,,false,National Fire Insurance Company of Hartford; The Continental Insurance Company,2026-07-16,,2026-09-15
"Block Real Estate Services, LLC",6a39b077d1bf38e72a670fc9,69fded2262446148bd8491e9,Temp-Con,BLOCK REAL ESTATE TEMP CON REVISED COI.pdf,,,processed,false,2026-06-23,,2027-04-01,2026-06-22,false,,,false,National Fire Insurance Company of Hartford; The Continental Insurance Company; Travelers Property Casualty Company of America,2026-06-22,,2026-09-15
"Block Real Estate Services, LLC",6a3c4568d4e980e942308a27,69fded2262446148bd8491e0,TeamSmile Inc,Certificate.pdf,,,processed,false,2026-06-25,,2027-03-15,2026-06-11,false,,,false,Ohio Security Insurance Company; The Ohio Casualty Insurance Company; SFM Mutual Insurance Company; R - T Specialty LLC,2026-06-24,,2026-09-15
"Block Real Estate Services, LLC",6a3d85dd540c4e7a799a0467,69fded2262446148bd8491ef,Test & Measurement Inc,"High Tech Associates, LLC_Test & Measurement, Inc._PLA GLHNOAUMWC 26-27_6-25-2026_1402058661.pdf",,,processed,false,2026-06-30,,2027-06-01,2026-06-25,false,,,false,The Cincinnati Casualty Company; The Cincinnati Insurance Company,2026-06-25,,2026-09-15
"Block Real Estate Services, LLC",6a34323e5d3c141fe2a9f0d1,69fded2262446148bd8491fb,Thai Chili Cuisine,Thai Chili Cuisine Dec.pdf,,,processed,false,2026-06-25,,,,false,,,false,,2026-06-18,,2026-09-15
"Block Real Estate Services, LLC",6a3bd8799af3fe11c9429684,69fded2262446148bd849210,The Peavey Corporation,8YL_The Peavey Corpo_Block Real Estate Service_167769326.pdf,,,processed,false,2026-06-25,,2027-07-01,2026-06-24,false,,,false,New Hampshire Insurance Company,2026-06-24,,2026-09-15
"Block Real Estate Services, LLC",6a512a129a50c31614a8c58f,69fded2262446148bd849210,The Peavey Corporation,Block Real Estate Services LLC_The Peavey Corporation_25-26 GAU_6-26-2026_1213003751. updated.pdf,,,processed,false,2026-07-14,,2026-09-27,2026-06-26,false,,,false,The Cincinnati Insurance Company; Kinsale Insurance Company,2026-07-10,,2026-09-15
"Block Real Estate Services, LLC",6a39a0ef56c92b305022f694,69fded2362446148bd849231,"Johnson County Davita / Total Renal Care, Inc.",cert_SEA_C_o Block Real Estate Services_4236816_1.pdf,,,processed,false,2026-06-25,,2026-10-01,2026-06-23,false,,,false,Federal Way Assurance Inc.; N / A; AIU Insurance Company,2026-06-22,,2026-09-15
"Block Real Estate Services, LLC",6a5149ba44bf0e811f8238fa,69fded2262446148bd84920a,"The Hairem / The Hairem of Olathe, LLC","The Hairem of Olathe, LLC - BOP.pdf",,,processed,false,2026-07-14,,2026-09-27,,false,,,false,,2026-07-10,,2026-09-15
"Block Real Estate Services, LLC",6a92291feabdbcdc763329ae,69fded2362446148bd84924c,"Once Upon A Smile / UB Dental, LLC",Cert_Proof_of_Coverage_57146992.pdf,,,processed,false,2026-09-01,,2027-04-22,2026-03-23,false,,,true,Allmerica Financial Benefit Insurance Company,2026-08-29,,2026-09-15
"Block Real Estate Services, LLC",6a3995fc72d1657c15f9dcac,69fded2362446148bd849255,Unified Door & Hardware Group LLC,"26-27-Foundation Building Materials, Inc-COI-co Block Real Estate Services, LLC-22634581.pdf",,,processed,false,2026-06-23,,2027-06-01,2026-06-22,false,,,true,"National Union Fire Insurance Company of Pittsburgh, Pa.; ACE Property and Casualty Insurance Company; AIU Insurance Company",2026-06-22,,2026-09-15
"Block Real Estate Services, LLC",6a062146b65dbfe9916d4fbe,69fded2362446148bd84925e,"Triton Stone Group/Triton Stone of Kansas City / Unique Stone Concepts, LLC",570118801739.pdf,,,processed,false,2026-06-02,,2027-04-01,2026-03-26,false,,,false,Zurich American Insurance Company; American Guarantee and Liability Insurance Company,2026-05-14,,2026-09-15
"Block Real Estate Services, LLC",6a7c70bb6e9b75f254994558,69fded2262446148bd849222,Titan Built LLC,CO BLOCK REAL ESTATE SERVICES 23857026.pdf,,,processed,false,2026-08-17,,2027-01-01,2026-08-11,false,,,true,The Travelers Indemnity Company of America; The Phoenix Insurance Company; The Travelers Indemnity Company of Connecticut; Travelers Property Casualty Company of America,2026-08-12,,2026-09-15
"Block Real Estate Services, LLC",6a837357fe6e043d430021da,69fded2262446148bd849222,Titan Built LLC,Lease - prg815 - Titan Built LLC.pdf,,,processed,false,2026-08-17,,,,false,,,false,,2026-08-17,,2026-09-15
"Block Real Estate Services, LLC",6a2c168c30f44d51aca8dcc6,69fded2362446148bd849261,Unistrut Corporation,"Block Real Estate Services, LLC-570116719994.pdf",,,processed,false,2026-06-15,,2026-12-01,2025-11-18,false,,,false,"National Union Fire Insurance Company of Pittsburgh, Pa.; AIU Insurance Company",2026-06-12,,2026-09-15
"Block Real Estate Services, LLC",6a59728e0b03d2d2c5b657fc,69fded2362446148bd849264,"United Access of KC, LLC",COI - Evidence of Insurance 26-27.pdf,,,processed,false,2026-07-21,,2027-07-01,2026-06-26,false,,,false,Hartford Fire Insurance Company; Hartford Casualty Insurance Company; Wesco Insurance Company,2026-07-17,,2026-09-15
"Block Real Estate Services, LLC",6a67a23c72e3a2f582038b7f,69fded2462446148bd84927f,Var City Maintenance LLC,LEASE - prg802 - Var City Maintenance LLC.pdf,,,processed,false,2026-07-27,,,,false,,,false,,2026-07-27,,2026-09-15
"Block Real Estate Services, LLC",6a8dc82d6297a64f442c088f,69fded2462446148bd84927f,Var City Maintenance LLC,"26-27 Master Certificate - PERG BUILDINGS, LLC.pdf",,,processed,false,2026-08-26,,2027-02-22,2026-08-25,false,,,false,"General Insurance Company of America; The Ohio Casualty Insurance Company; American Casualty Company of Reading, Pennsylvania",2026-08-25,,2026-09-15
"Block Real Estate Services, LLC",6a985431f166b4b41a817a93,69fded2362446148bd849273,Unopenedpackman Sportscards and Collectibles LLC,Proof of coverage_Unopenedpackman Sports Cards_Master 2627_9-2-2026_1657570393.pdf,,,processed,false,,,2027-02-14,2026-09-02,false,,,false,The Cincinnati Insurance Company,2026-09-02,,2026-09-15
"Block Real Estate Services, LLC",6a556848501b8361b0e98501,69fded2462446148bd849282,Verizon / Cellular Sales,"Verizon  Cellular Sales_Steven G. Kremer, as Trustee of the.pdf",,,processed,false,2026-07-15,,2026-09-17,2026-07-13,false,,,false,Hartford Underwriters Insurance Company,2026-07-13,,2026-09-15
"Block Real Estate Services, LLC",6a5117faa37aba637389fef8,69fded2462446148bd849297,Vortex Industries LLC,"Block Real Estate Services, LLC_Nexus Holding LLC; Vortex Industrie_ 26-27 GL(ai-pnc-ws-noc_6-23-2026_1761681646.pdf",,,processed,false,2026-07-14,,2027-07-01,2026-06-23,false,,,false,Old Republic Insurance Company; Great American Insurance Company,2026-07-10,,2026-09-15
"Block Real Estate Services, LLC",6a3ecbacf2ac6f34a3c56b58,69fded2462446148bd8492c1,World Acceptance Corporation / World Finance,1162-World coi 3-1-27.pdf,,,processed,false,2026-06-26,,2027-03-01,2026-02-27,false,,,false,Zurich American Insurance Company; Travelers Property Casualty Company of America,2026-06-26,,2026-09-15
"Block Real Estate Services, LLC",6a55205a21f86634e8b19ad4,69fded2462446148bd8492c1,World Acceptance Corporation / World Finance,Lease - 3rd979 - World Acceptance Corp.pdf,,,processed,false,2026-07-13,,,,false,,,false,,2026-07-13,,2026-09-15
"Block Real Estate Services, LLC",6a8db56d6297a64f442c07b7,6a175a7bee5ef0b8dc066236,"PropertyRate, LLC",Deficiencies Explanation - Please Clear.pdf,,,processed,false,2026-08-26,,,,true,low,<p>Lease requested from BRES</p>,false,,2026-08-25,,2026-09-15
"Block Real Estate Services, LLC",6a8f2bf413b7b9a9d3fde86a,6a175a7bee5ef0b8dc066236,"PropertyRate, LLC",BlockRealEstateServicesLLC_W47719118.pdf,,,processed,false,2026-09-01,,2027-01-01,2026-08-26,false,,,true,Hartford Underwriters Insurance Company; Valley Forge Insurance Company,2026-08-26,,2026-09-15
"Block Real Estate Services, LLC",6a9ae04a24fe7bff135a1620,6a175a7bee5ef0b8dc066236,"PropertyRate, LLC","LEASE - -3rd867 - PropertyRate, LLC.pdf",,,processed,false,2026-09-04,,,,false,,,false,,2026-09-04,,2026-09-15
"Block Real Estate Services, LLC",6a4537c1375e453b637982b8,6a184f4af8f612ef094c4c00,PharMerica / Pharmacy Corporation of America,Pharmerica Corporation_Lenexa-570121440137.pdf,,,processed,false,2026-07-02,,2027-07-01,2026-06-29,false,,,false,ACE American Insurance Company; Indemnity Insurance Company of North America; Illinois Union Insurance Company; Arch Specialty Insurance Company,2026-07-01,,2026-09-15
"Block Real Estate Services, LLC",6a7a1211585d916fef6cd744,6a18630f5a886bcac1399a34,"Westside Grill and Bar / Cheers 221, LLC",Master 2026 Liability - 25.pdf,,,processed,false,2026-08-19,,2027-08-15,2026-08-05,false,,,false,United Fire & Casualty Company; United Fire & Casualty Company,2026-08-10,,2026-09-15
"Block Real Estate Services, LLC",6a70a1f3638998dcd2d99fe4,6a186650b517ae25a87c5643,Kansas City Vascular & General Surgery Group / HCA Midwest Health,2026 COI KS.pdf,,,processed,false,2026-08-04,,2027-01-01,,false,,,false,,2026-08-03,,2026-09-15
"Block Real Estate Services, LLC",6a737945b4a93d6da7e4226f,6a186650b517ae25a87c5643,Kansas City Vascular & General Surgery Group / HCA Midwest Health,Lease - rmc764 - KC Vascual & General Surgery Group 1.pdf,,,processed,false,2026-08-05,,,,false,,,false,,2026-08-05,,2026-09-15
"Block Real Estate Services, LLC",6aa7e15e3633d98d564fffce,6a18663117ab90e8a02f12a9,Midwest Heart & Vascular and KCHRI (Kansas City Heart Rhythm Institute),2026 COI KS.pdf,,,processed,false,,,,,false,,,false,,2026-09-14,,2026-09-15
"Block Real Estate Services, LLC",6a733b4273ba69b8573854f4,6a1869cab517ae25a87d2e2e,"Metro Elevator Kansas City, Inc.","co Block Real Estate Services, LLC_Metro Elevator Kansas City, Inc._8-4-2026 (1).pdf",,,processed,false,2026-08-10,,2027-05-31,2026-08-04,false,,,false,Old Republic Insurance Company; Pennsylvania Manufacturers Indemnity Company; QBE Specialty Insurance Company; Westfield Specialty Insurance Company; The Continental Insurance Company of New Jersey,2026-08-05,,2026-09-15
"Block Real Estate Services, LLC",6a3aacffcf85b61f730f4249,6a187263e701796d85de7c91,"LVT Trucking, Inc.","Block Real Estate Services, LLC_LVT Trucking, Inc._2627 Main Cert_6-22-2026_2083858035.pdf",,,processed,false,2026-06-23,,2027-07-01,2026-06-22,false,,,false,Northland Insurance Company,2026-06-23,,2026-09-15
"Block Real Estate Services, LLC",6a8f06339d440c509f07f791,6a1dceb25e529bb0fc8a0f0a,"Integrated Opening Solutions, LLC","8.19.26 COI - Block Real Estate Services, LLC.pdf",,,processed,false,2026-09-01,,2027-01-01,2026-08-19,false,,,false,The Phoenix Insurance Company; Travelers Property Casualty Company of America; Travelers Casualty and Surety Company,2026-08-26,,2026-09-15
"Block Real Estate Services, LLC",6a987149b1d045f7b45daa14,6a1dceb25e529bb0fc8a0f0a,"Integrated Opening Solutions, LLC",Lease - len462 - Integrated Opening Solutions.pdf,,,processed,false,2026-09-02,,,,false,,,false,,2026-09-02,,2026-09-15
"Block Real Estate Services, LLC",6aa15f093585eb8119322438,6a1dceb25e529bb0fc8a0f0a,"Integrated Opening Solutions, LLC","8.19.26 COI - Block Real Estate Services, LLC (1).pdf",,,processed,false,,,2027-01-01,2026-08-19,false,,,false,The Phoenix Insurance Company; Travelers Property Casualty Company of America; Travelers Casualty and Surety Company,2026-09-09,,2026-09-15
"Block Real Estate Services, LLC",6aa190f4d9757cfdf5429495,6a1dceb25e529bb0fc8a0f0a,"Integrated Opening Solutions, LLC","9.9.26 COI -- Block Real Estate Services, LLC.pdf",,,processed,false,,,,,false,,,false,,2026-09-09,,2026-09-15
"Block Real Estate Services, LLC",6a5fd6f43d7c8f1b1ccd3d20,6a1ddffd98a3fac93a1cc908,"DPTRE, LLC (fka Fleming Advisors, LLC)",LititzB.Poly3.26-3.27.pdf,,,processed,false,2026-07-22,,,,false,,,false,,2026-07-21,,2026-09-15
"Block Real Estate Services, LLC",6a71f6315d1c88bd9bf67d51,6a1ddffd98a3fac93a1cc908,"DPTRE, LLC (fka Fleming Advisors, LLC)",ECR - 3rd307 - Parkway 134.pdf,,,processed,false,2026-08-04,,,,false,,,false,,2026-08-04,,2026-09-15
"Block Real Estate Services, LLC",6a590c5be8caaf78715d0ab7,6a1ddfeea0ed8c51ab1fa0c7,Jeff Thomson Orthodontics,c-o Block Real Estate Services- LLC - Liability.pdf,,,processed,false,2026-07-21,,2026-11-15,2026-07-13,false,,,false,Sentry Insurance Company,2026-07-16,,2026-09-15
"Block Real Estate Services, LLC",6a71f5961b820e87c8d2da0a,6a1ddfeea0ed8c51ab1fa0c7,Jeff Thomson Orthodontics,ECR - 3rd307 - Parkway 134.pdf,,,processed,false,2026-08-04,,,,false,,,false,,2026-08-04,,2026-09-15
"Block Real Estate Services, LLC",6a98340f61141e376b0634e0,6a1dec8ab9a647219f2d816b,"The Andersons, Inc.",24011397 - Block Real Estate Services LLC.pdf,,,processed,false,,,2027-07-01,2026-09-02,false,,,false,AIU Insurance Company; Landmark American Insurance Company; RSUI Indemnity Company; Allied World National Assurance Company,2026-09-02,,2026-09-15
"Block Real Estate Services, LLC",6a8df92ce7db0abbe7e59f36,6a1df84165d51d7aa5739d4e,Protective Animal Welfare Society / Sandra L. Outlaw f/k/a A Dogs' Fun Playce,2026-27 COI - Block Real Estate Services.pdf,,,processed,false,2026-08-26,,2027-09-01,2026-08-25,false,,,false,Travelers Casualty Insurance Company of Americ; Standard Fire Insurance Company,2026-08-25,,2026-09-15
"Block Real Estate Services, LLC",6a8f49438a1e8d967f545809,6a1df84165d51d7aa5739d4e,Protective Animal Welfare Society / Sandra L. Outlaw f/k/a A Dogs' Fun Playce,Lease - 3rd487 - Sandra Outlaw.pdf,,,processed,false,2026-08-26,,,,false,,,false,,2026-08-26,,2026-09-15
"Block Real Estate Services, LLC",6a7f7ce2ebdd5742363beb3d,6a46a9fa881712769bd59542,"GuideTech, LLC","GuideTech LLC_co Block Real Estate Services, LLC.pdf",,,processed,false,2026-08-21,,2027-06-01,2026-08-14,false,,,false,"Continental Casualty Company; Valley Forge Insurance Company; The Continental Insurance Company; American Casualty Company of Reading, Pennsylvania; Arch Specialty Insurance Company",2026-08-14,,2026-09-15
"Block Real Estate Services, LLC",6aa45f9c220465b8ce89257e,6a71fb111df1817c9d71e47a,Wholesale Electric Supply Co.,Wholesale.pdf,,,processed,false,,,2027-01-01,2026-09-11,false,,,false,United Fire & Casualty Company,2026-09-11,,2026-09-15
"Block Real Estate Services, LLC",6a720442c03914110d1b6deb,6a71fe9c1df1817c9d72a945,"Thrift World, Inc.",Lease - tic827 - Thrift World Inc..pdf,,,processed,false,2026-08-04,,,,false,,,false,,2026-08-04,,2026-09-15
"Block Real Estate Services, LLC",6a7de875239c6a6fae245998,6a7de8128ae97a448204bb45,LRIco Services LLC,Lease - tic220 - LRico.pdf,,,processed,false,2026-08-13,,,,false,,,false,,2026-08-13,,2026-09-15
"Block Real Estate Services, LLC",6a7ded35d92bcdc7b8e9c799,6a7de8128ae97a448204bb45,LRIco Services LLC,"Pinnacle Corporate Centre, LLC_LRICO Services LLC_26-27 GL, AL, $1M UMB, WC_8-13-2026_1067994790.pdf",,,processed,false,2026-08-14,,2027-06-01,2026-08-13,false,,,false,Great Northern Insurance Company; Federal Insurance Company,2026-08-13,,2026-09-15
"Block Real Estate Services, LLC",6a9af50edf004f6028b2b276,6a9af48732939092ea863a26,Daley & Fey,Lease - tic220 - Daley and Fey.pdf,,,processed,false,2026-09-10,,,,false,,,false,,2026-09-04,,2026-09-15
QTS Data Centers,6a42e4c304ca7701e3da6802,69f0f3c4beb6279e947be0d0,"AP Gulf States, Inc.",Please OPEN_HUB CerSecure Non-Compliance.pdf,,,processed,false,2026-07-09,,,,false,,,false,,2026-06-29,,2026-09-15
QTS Data Centers,6a42e4de5f810130a0de0b53,69f0f3c4beb6279e947be0d0,"AP Gulf States, Inc.",REVISED QTS 6.29.26.pdf,,,processed,false,2026-07-09,,2027-03-01,2026-06-29,false,,,false,"Continental Casualty Company; The Continental Insurance Company; American Casualty Company of Reading, Pennsylvania; XL Insurance America, Inc.; Transportation Insurance Company; Starr Indemnity & Liability Company; Berkley Assurance Company",2026-06-29,,2026-09-15
QTS Data Centers,6a6132d93d7c8f1b1ccd42fa,69f0f3c4beb6279e947be0d0,"AP Gulf States, Inc.",REVISED QTS 7.22.26.pdf,,,processed,false,2026-07-28,,2027-03-01,2026-07-22,false,,,false,"Continental Casualty Company; The Continental Insurance Company; American Casualty Company of Reading, Pennsylvania; Berkley Assurance Company; Transportation Insurance Company; Starr Indemnity & Liability Company",2026-07-22,,2026-09-15
QTS Data Centers,6a889529c9ce1bf59e6a8c70,69f0f3c4beb6279e947be0d0,"AP Gulf States, Inc.",QualityTechnologyServicesLLC_W47699410.pdf,,,processed,false,2026-08-25,,2027-03-01,2026-08-20,false,,,false,"Continental Casualty Company; The Continental Insurance Company; American Casualty Company of Reading, Pennsylvania; Berkley Assurance Company; Transportation Insurance Company; Starr Indemnity & Liability Company",2026-08-21,,2026-09-15
QTS Data Centers,6a396245dcd485b7faaa32de,69f0f3c4beb6279e947be0d5,Brasfield & Gorrie L.L.C.,"COI - 2627 - QTS Fayetteville I DC3, LLC.pdf",,,processed,false,2026-07-08,,2027-07-01,2026-06-22,false,,,false,The Travelers Indemnity Company; The Travelers Indemnity Company of Connecticut; * See Attachment for Schedule of Companies; Travelers Commercial Casualty Company; Steadfast Insurance Company; Old Republic Insurance Company,2026-06-22,,2026-09-15
QTS Data Centers,6a621a020a4315bb2509b106,69f0f3c4beb6279e947be0d5,Brasfield & Gorrie L.L.C.,"COI - 2627 - Quality Technology Services, LLC #30819.pdf",,,processed,false,2026-07-28,,2027-07-01,2026-07-22,false,,,false,The Travelers Indemnity Company; The Travelers Indemnity Company of Connecticut; * See Attachment for Schedule of Companies; Travelers Commercial Casualty Company; Steadfast Insurance Company; Old Republic Insurance Company,2026-07-23,,2026-09-15
QTS Data Centers,6aa2c4bf2fbcc7100320094c,69f0f3c4beb6279e947be0d5,Brasfield & Gorrie L.L.C.,"COI - 2627 - Quality Technology Services, LLC #30819.pdf",,,processed,false,2026-09-11,,2027-07-01,2026-09-10,true,low,<p>review with larry</p>,false,The Travelers Indemnity Company; The Travelers Indemnity Company of Connecticut; * See Attachment for Schedule of Companies; Travelers Commercial Casualty Company; Steadfast Insurance Company; Old Republic Insurance Company; Travelers Property Casualty Company of America,2026-09-10,,2026-09-15
QTS Data Centers,6aa2c4d3f3244169cc050c25,69f0f3c4beb6279e947be0d5,Brasfield & Gorrie L.L.C.,"COI - 2627 - Quality Technology Services, LLC #31344.pdf",,,processed,false,2026-09-11,,2027-07-01,2026-09-10,true,low,<p>review w larry</p>,false,"The Travelers Indemnity Company; The Travelers Indemnity Company of Connecticut; * See Attachment for Schedule of Companies; Travelers Commercial Casualty Company; Steadfast Insurance Company; Old Republic Insurance Company; Travelers Property Casualty Company of America; QBE Specialty Insurance Company; XL Insurance America, Inc.; BETA Healthcare Group Risk Management Authority; Berkley Specialty Insurance Company",2026-09-10,,2026-09-15
QTS Data Centers,6a3d49ec55eedc21633b2bb6,69f0f3c4beb6279e947be0da,"Clayco, Inc.",Quality Technology Services 101-07427.pdf,,,processed,false,2026-07-06,,2027-06-30,2026-06-25,false,,,false,"Zurich American Insurance Company; American Guarantee and Liability Insurance Company; XL Insurance America, Inc.; Steadfast Insurance Company",2026-06-25,,2026-09-15
QTS Data Centers,6a4ce0a76c479ddbf83cc3c1,69f0f3c4beb6279e947be0da,"Clayco, Inc.",Quality Technology Services 101-07427.pdf,,,processed,false,2026-07-09,,2027-06-30,2026-06-25,false,,,false,"Zurich American Insurance Company; American Guarantee and Liability Insurance Company; XL Insurance America, Inc.; Steadfast Insurance Company",2026-07-07,,2026-09-15
QTS Data Centers,6a4d114cbe83c795bff515ce,69f0f3c4beb6279e947be0da,"Clayco, Inc.",101-08424 Quality Technology Services LLC.pdf,,,processed,false,2026-07-09,,2027-06-30,2026-07-07,false,,,false,"Zurich American Insurance Company; American Guarantee and Liability Insurance Company; XL Insurance America, Inc.; Steadfast Insurance Company",2026-07-07,,2026-09-15
QTS Data Centers,6a736a35dd728886a9db51d5,69f0f3c4beb6279e947be0e4,Gilbane Building Company,"Quality Technology Services, LLC_Gilbane Building Company_26-27  Master WC GL Auto _8-5-2026.pdf",,,processed,false,2026-08-05,,2027-06-30,2026-08-05,false,,,false,The Travelers Indemnity Company; Starr Indemnity & Liability Company; Travelers Property Casualty Company of America; The Charter Oak Fire Insurance Company; Steadfast Insurance Company,2026-08-05,,2026-09-15
QTS Data Centers,6a742350b81618015c009779,69f0f3c4beb6279e947be0e4,Gilbane Building Company,"Quality Technology Services, LLC_Gilbane Building Company_26-27  Master WC GL Auto _8-5-2026.pdf",,,processed,false,2026-08-06,,2027-06-30,2026-08-05,false,,,true,The Travelers Indemnity Company; Starr Indemnity & Liability Company; Travelers Property Casualty Company of America; The Charter Oak Fire Insurance Company; Steadfast Insurance Company,2026-08-06,,2026-09-15
QTS Data Centers,6a7e250d054fa473f0cf53e3,69f0f3c4beb6279e947be0e4,Gilbane Building Company,"Quality Technology Services, LLC_Gilbane Building Company_26-27  Master WC GL Auto _8-13-2026.pdf",,,processed,false,2026-08-14,,2027-06-30,2026-08-13,false,,,false,The Travelers Indemnity Company; Starr Indemnity & Liability Company; Travelers Property Casualty Company of America; The Charter Oak Fire Insurance Company; Steadfast Insurance Company; American Guarantee and Liability Insurance Company,2026-08-13,,2026-09-15
QTS Data Centers,6a86062b989ba4ce042c7744,69f0f3c4beb6279e947be0e4,Gilbane Building Company,Binder1.pdf,,,processed,false,2026-08-19,,2027-06-30,2026-08-14,false,,,false,The Travelers Indemnity Company; Starr Indemnity & Liability Company; Travelers Property Casualty Company of America; The Charter Oak Fire Insurance Company; Steadfast Insurance Company,2026-08-19,,2026-09-15
QTS Data Centers,6a860e686ed318e76bd919cc,69f0f3c4beb6279e947be0e4,Gilbane Building Company,Binder1.pdf,,,processed,false,2026-08-19,,2027-06-30,2026-08-14,false,,,false,The Travelers Indemnity Company; Starr Indemnity & Liability Company; Travelers Property Casualty Company of America; The Charter Oak Fire Insurance Company; Steadfast Insurance Company,2026-08-19,,2026-09-15
QTS Data Centers,6a98881f77d8403f7c1fb431,69f0f3c4beb6279e947be0e4,Gilbane Building Company,"Quality Technology Services, LLC_Gilbane Building Company_26-27 Master WC GL Auto X_9-2-2026.pdf",,,processed,false,2026-09-03,,2027-06-30,2026-09-02,false,,,false,The Travelers Indemnity Company; Starr Indemnity & Liability Company; Travelers Property Casualty Company of America; The Charter Oak Fire Insurance Company; Steadfast Insurance Company,2026-09-02,,2026-09-15
QTS Data Centers,6a15b7a99f12b4035e23bc10,69f0f3c5beb6279e947be0f8,"Layton Construction Company, LLC",Bank of America NA ISAOA ATIMA _.pdf,,,processed,false,2026-06-25,,2027-01-01,2026-04-14,false,,,false,"Arch Insurance Company; XL Insurance America, Inc.; Starr Indemnity & Liability Company; Great American Spirit Insurance Company; General Security National Insurance Company; Arch Indemnity Insurance Company; Indian Harbor Insurance Company",2026-05-26,,2026-09-15
QTS Data Centers,6a15b7cc616ed871febaf33c,69f0f3c5beb6279e947be0f8,"Layton Construction Company, LLC",47600114 - LCC COI - 2027.01.01 (2).pdf,,,processed,false,2026-06-25,,2027-01-01,2026-04-02,false,,,false,"Arch Insurance Company; XL Insurance America, Inc.; Starr Indemnity & Liability Company; Indian Harbor Insurance Company; Arch Indemnity Insurance Company",2026-05-26,,2026-09-15
QTS Data Centers,6a15b7f2dd0160cb0b25e6c2,69f0f3c5beb6279e947be0f8,"Layton Construction Company, LLC",47600116 - LCC COI - 2027.01.01.pdf,,,processed,false,2026-06-25,,2027-01-01,2026-04-02,false,,,false,"Arch Insurance Company; XL Insurance America, Inc.; Starr Indemnity & Liability Company; Indian Harbor Insurance Company; Arch Indemnity Insurance Company",2026-05-26,,2026-09-15
QTS Data Centers,6a3d713e33271757c8c681a4,69f0f3c4beb6279e947be0e9,"Gray Construction, Inc.",Gray Co -- New Albany GL AU UM 40 WC.pdf,,,processed,false,2026-06-29,,2026-10-01,2026-02-23,false,,,false,Zurich American Insurance Company; --- SEE ATTACHMENT --,2026-06-25,,2026-09-15
QTS Data Centers,6a22cf08b90159c7f52c9bf8,69f0f3c5beb6279e947be0fd,M. A. Mortenson Company,MAMortensonCompany - Client Pack - 4464544.PDF,,,processed,false,2026-06-15,,2027-05-01,2026-05-28,false,,,false,"Arch Insurance Company; XL Insurance America, Inc.; Arch Indemnity Insurance Company",2026-06-05,,2026-09-15
QTS Data Centers,6a5e4b9a47fe3eedd09ae8c9,69f0f3c5beb6279e947be0fd,M. A. Mortenson Company,QualityTechnologyServicesLLC_W47258852.pdf,,,processed,false,2026-07-21,,2027-05-01,2026-07-13,false,,,false,"Arch Insurance Company; XL Insurance America, Inc.; Arch Indemnity Insurance Company; Starr Indemnity & Liability Company; QBE Specialty Insurance Company; Indian Harbor Insurance Company",2026-07-20,,2026-09-15
QTS Data Centers,6a394c48d382314fdae2fe3e,69f0f3c5beb6279e947be0ee,"HITT Contracting, Inc.","Quality Technology Services, LLC - Liab.pdf",,,processed,false,2026-06-25,,2027-05-01,2026-06-22,false,,,false,Liberty Insurance Corporation; Liberty Mutual Fire Insurance Company; LM Insurance Corporation; Berkley Assurance Company; American Guarantee and Liability Insurance Company,2026-06-22,,2026-09-15
QTS Data Centers,6a394ce2efaf8fc91cd0ae1e,69f0f3c5beb6279e947be0ee,"HITT Contracting, Inc.","Quality Technology Services, LLC - Liab - 2.pdf",,,processed,false,2026-06-25,,2027-05-01,2026-06-22,false,,,false,Liberty Mutual Fire Insurance Company; LM Insurance Corporation; Liberty Insurance Corporation,2026-06-22,,2026-09-15
QTS Data Centers,6a394d70accacb8cab636db9,69f0f3c5beb6279e947be0ee,"HITT Contracting, Inc.","Quality Technology Services, LLC - Liab - 3.pdf",,,processed,false,2026-06-25,,2027-05-01,2026-06-22,false,,,false,Liberty Insurance Corporation; Liberty Mutual Fire Insurance Company; LM Insurance Corporation; Berkley Assurance Company; American Guarantee and Liability Insurance Company,2026-06-22,,2026-09-15
QTS Data Centers,6a394db4accacb8cab636e1f,69f0f3c5beb6279e947be0ee,"HITT Contracting, Inc.","Quality Technology Services, LLC - Liab - 4.pdf",,,processed,false,2026-06-25,,2027-05-01,2026-06-22,false,,,false,Liberty Insurance Corporation; Liberty Mutual Fire Insurance Company; LM Insurance Corporation; Berkley Assurance Company; American Guarantee and Liability Insurance Company,2026-06-22,,2026-09-15
QTS Data Centers,6a394e00597e3570daab6088,69f0f3c5beb6279e947be0ee,"HITT Contracting, Inc.","Quality Technology Services, LLC - Liab - 5.pdf",,,processed,false,2026-06-25,,2027-05-01,2026-06-22,false,,,false,Liberty Insurance Corporation; Liberty Mutual Fire Insurance Company; LM Insurance Corporation; Berkley Assurance Company; American Guarantee and Liability Insurance Company,2026-06-22,,2026-09-15
QTS Data Centers,6a394e38accacb8cab636e54,69f0f3c5beb6279e947be0ee,"HITT Contracting, Inc.","Quality Technology Services, LLC - Liab - 6.pdf",,,processed,false,2026-06-25,,2027-05-01,2026-06-22,false,,,false,Liberty Insurance Corporation; Liberty Mutual Fire Insurance Company; LM Insurance Corporation; Berkley Assurance Company; American Guarantee and Liability Insurance Company,2026-06-22,,2026-09-15
QTS Data Centers,6a394e75d382314fdae2fe74,69f0f3c5beb6279e947be0ee,"HITT Contracting, Inc.","Quality Technology Services, LLC - Liab - 7.pdf",,,processed,false,2026-06-25,,2027-05-01,2026-06-22,false,,,false,Liberty Insurance Corporation; Liberty Mutual Fire Insurance Company; LM Insurance Corporation; Berkley Assurance Company; American Guarantee and Liability Insurance Company,2026-06-22,,2026-09-15
QTS Data Centers,6a394eb1d382314fdae2feda,69f0f3c5beb6279e947be0ee,"HITT Contracting, Inc.","Quality Technology Services, LLC - Liab - 8.pdf",,,processed,false,2026-06-25,,2027-05-01,2026-06-22,false,,,false,Liberty Insurance Corporation; Liberty Mutual Fire Insurance Company; LM Insurance Corporation; Berkley Assurance Company; American Guarantee and Liability Insurance Company,2026-06-22,,2026-09-15
QTS Data Centers,6a394ef4597e3570daab60ee,69f0f3c5beb6279e947be0ee,"HITT Contracting, Inc.","Quality Technology Services, LLC - Liab - 9.pdf",,,processed,false,2026-06-25,,2027-05-01,2026-06-22,false,,,false,Liberty Insurance Corporation; Liberty Mutual Fire Insurance Company; LM Insurance Corporation; Berkley Assurance Company; American Guarantee and Liability Insurance Company,2026-06-22,,2026-09-15
QTS Data Centers,6a394f2f597e3570daab6123,69f0f3c5beb6279e947be0ee,"HITT Contracting, Inc.","Quality Technology Services, LLC - Liab - 10.pdf",,,processed,false,2026-06-25,,2027-05-01,2026-06-22,false,,,false,Liberty Insurance Corporation; Liberty Mutual Fire Insurance Company; LM Insurance Corporation; Berkley Assurance Company; American Guarantee and Liability Insurance Company,2026-06-22,,2026-09-15
QTS Data Centers,6a394f61accacb8cab636e88,69f0f3c5beb6279e947be0ee,"HITT Contracting, Inc.","Quality Technology Services, LLC - Liab - 11.pdf",,,processed,false,2026-06-25,,2027-05-01,2026-06-22,false,,,false,Liberty Insurance Corporation; Liberty Mutual Fire Insurance Company; LM Insurance Corporation; Berkley Assurance Company; American Guarantee and Liability Insurance Company,2026-06-22,,2026-09-15
QTS Data Centers,6a394f8fefaf8fc91cd0ae84,69f0f3c5beb6279e947be0ee,"HITT Contracting, Inc.","Quality Technology Services, LLC - Liab - 12.pdf",,,processed,false,2026-06-25,,2027-05-01,2026-06-22,false,,,false,Liberty Insurance Corporation; Liberty Mutual Fire Insurance Company; LM Insurance Corporation; Berkley Assurance Company; American Guarantee and Liability Insurance Company,2026-06-22,,2026-09-15
QTS Data Centers,6a394fc2597e3570daab6158,69f0f3c5beb6279e947be0ee,"HITT Contracting, Inc.","Quality Technology Services, LLC - Liab - 13.pdf",,,processed,false,2026-06-24,,2027-05-01,2026-06-22,false,,,false,Liberty Insurance Corporation; Liberty Mutual Fire Insurance Company; LM Insurance Corporation; Berkley Assurance Company; American Guarantee and Liability Insurance Company,2026-06-22,,2026-09-15
QTS Data Centers,6a395000accacb8cab636eed,69f0f3c5beb6279e947be0ee,"HITT Contracting, Inc.","Quality Technology Services, LLC - Liab - 14.pdf",,,processed,false,2026-06-24,,2027-05-01,2026-06-22,false,,,false,Liberty Insurance Corporation; Liberty Mutual Fire Insurance Company; LM Insurance Corporation; Berkley Assurance Company; American Guarantee and Liability Insurance Company,2026-06-22,,2026-09-15
QTS Data Centers,6a281ed8f967f903d2245dab,69f0f3c5beb6279e947be102,Rogers-O-Brien Construction Company Ltd.,"Quality Technology Services, LLC_Rogers-O'Brien Construction Company_2627 Master $35M Total  _6-9-2026_1492795193.pdf",,,processed,false,2026-06-29,,2027-06-01,2026-06-09,false,,,false,"American Contractors Insurance Company Risk Retention Group; Valley Forge Insurance Company; The Continental Insurance Company; XL Insurance America, Inc.; ACIG Insurance Company; Arch Specialty Insurance Company",2026-06-09,,2026-09-15
QTS Data Centers,6a281fcdda52b0ee99d2ea74,69f0f3c5beb6279e947be102,Rogers-O-Brien Construction Company Ltd.,2026 Auto Forms.pdf,,,processed,false,2026-06-15,,2027-06-01,,false,,,false,,2026-06-09,,2026-09-15
QTS Data Centers,6a281fcdda52b0ee99d2eaac,69f0f3c5beb6279e947be102,Rogers-O-Brien Construction Company Ltd.,Casualty Endt Forms 2026.pdf,,,processed,false,2026-06-15,,2027-06-01,,false,,,false,,2026-06-09,,2026-09-15
QTS Data Centers,6a281fd0da52b0ee99d2eb54,69f0f3c5beb6279e947be102,Rogers-O-Brien Construction Company Ltd.,"Quality Technology Services, LLC_Rogers-O'Brien Construction Company_2627 Master $35M Total  _6-9-2026_565622844.pdf",,,processed,false,2026-06-15,,2027-06-01,,false,,,false,American Contractors Insurance Company Risk Retention Group; Valley Forge Insurance Company; The Continental Insurance Company; ACIG Insurance Company; Arch Specialty Insurance Company,2026-06-09,,2026-09-15
QTS Data Centers,6a4ba0a55cdf4704ae0efea1,69f0f3c5beb6279e947be102,Rogers-O-Brien Construction Company Ltd.,QTS DFW2 DC3.pdf,,,processed,false,2026-07-06,,2027-06-01,2026-05-28,false,,,false,"American Contractors Insurance Company Risk Retention Group; The Continental Insurance Company; XL Insurance America, Inc.; ACIG Insurance Company; National Fire Insurance Company of Hartford",2026-07-06,,2026-09-15
QTS Data Centers,6a4ba0cd5cdf4704ae0efed6,69f0f3c5beb6279e947be102,Rogers-O-Brien Construction Company Ltd.,QTS DFW1 DC5.pdf,,,processed,false,2026-07-06,,2027-06-01,2026-05-28,false,,,false,Endurance American Insurance Company; XL Specialty Insurance Company; American Contractors Insurance Company Risk Retention Group; ACIG Insurance Company; Valley Forge Insurance Company; Arch Specialty Insurance Company,2026-07-06,,2026-09-15
QTS Data Centers,6a551635aca92682f523a808,69f0f3c5beb6279e947be102,Rogers-O-Brien Construction Company Ltd.,"Quality Technology Services, LLC_Rogers-O'Brien Construction Company_2627 Master $35M Total  _7-13-2026_410370863.pdf",,,processed,false,2026-07-22,,2027-06-01,2026-07-13,false,,,false,"American Contractors Insurance Company Risk Retention Group; Valley Forge Insurance Company; The Continental Insurance Company; XL Insurance America, Inc.; ACIG Insurance Company; Arch Specialty Insurance Company",2026-07-13,,2026-09-15
QTS Data Centers,6a5517684a3538cc4162daa1,69f0f3c5beb6279e947be102,Rogers-O-Brien Construction Company Ltd.,"Quality Technology Services, LLC_Rogers-O'Brien Construction Company_2627 Master $35M Total  _7-13-2026_1297897474.pdf",,,processed,false,2026-07-16,,2027-06-01,2026-07-13,false,,,false,"American Contractors Insurance Company Risk Retention Group; Valley Forge Insurance Company; The Continental Insurance Company; XL Insurance America, Inc.; ACIG Insurance Company; Arch Specialty Insurance Company",2026-07-13,,2026-09-15
QTS Data Centers,6a622372293db0c1319f2a7d,69f0f3c5beb6279e947be102,Rogers-O-Brien Construction Company Ltd.,GL - NOC.pdf,,,processed,false,2026-07-24,,2027-06-01,,false,,,false,,2026-07-23,,2026-09-15
QTS Data Centers,6a63805897891638931c8f4e,69f0f3c5beb6279e947be102,Rogers-O-Brien Construction Company Ltd.,Rogers AM Best Exception.pdf,,,processed,false,2026-07-24,,,,false,,,true,,2026-07-24,,2026-09-15
QTS Data Centers,6a6a732b2304dcb106a5cfa5,69f0f3c5beb6279e947be102,Rogers-O-Brien Construction Company Ltd.,ROGERS O'BRIEN CONSTRUCTION COMPANY redo.pdf,,,processed,false,2026-08-05,,2027-06-01,,false,,,false,,2026-07-29,,2026-09-15
QTS Data Centers,6a15b99a616ed871febaf3ac,69f0f3c5beb6279e947be107,"Structure Tone, LLC",QTS LHTX1 26-27 STSW COI.pdf,,,processed,false,2026-06-15,,2027-01-01,2026-01-05,false,,,false,"Arch Insurance Company; XL Insurance America, Inc.; Starr Indemnity & Liability Company; Arch Indemnity Insurance Company",2026-05-26,,2026-09-15
QTS Data Centers,6a15ba41c09b3811a2868845,69f0f3c5beb6279e947be107,"Structure Tone, LLC","SOCIÉTÉ GÉNÉRALE, AS ADMINISTRATIVE.pdf",,,processed,false,2026-06-15,,2027-01-01,2026-01-22,false,,,false,"Arch Insurance Company; XL Insurance America, Inc.; Great American Insurance Company of New York; Starr Indemnity & Liability Company; Arch Indemnity Insurance Company",2026-05-26,,2026-09-15
QTS Data Centers,6a15ba4abeee935b1af439c4,69f0f3c5beb6279e947be107,"Structure Tone, LLC","SOCIÉTÉ GÉNÉRALE, AS ADMINISTRATIVE.pdf",,,processed,false,2026-06-15,,2027-01-01,2026-01-22,false,,,false,"Arch Insurance Company; XL Insurance America, Inc.; Great American Insurance Company of New York; Starr Indemnity & Liability Company; Arch Indemnity Insurance Company",2026-05-26,,2026-09-15
QTS Data Centers,6a318c9db5244123cf62b9c7,69f0f3c5beb6279e947be107,"Structure Tone, LLC",cert_NYC_QUALITY TECHNOLOGY SERVICES_ LLC_12413867_9.pdf,,,processed,false,2026-06-29,,2027-01-01,2026-06-16,false,,,false,"Arch Insurance Company; XL Insurance America, Inc.; Great American Insurance Company of New York; Starr Indemnity & Liability Company; Arch Indemnity Insurance Company",2026-06-16,,2026-09-15
QTS Data Centers,6a318ec5421d720267e63c74,69f0f3c5beb6279e947be107,"Structure Tone, LLC",STO Building Group Inc. - 14WCI8925117 (WC - AOS).pdf,,,processed,false,2026-06-29,,,,false,,,false,,2026-06-16,,2026-09-15
QTS Data Centers,6a318ed7b5244123cf62b9ff,69f0f3c5beb6279e947be107,"Structure Tone, LLC",STO Building Group Inc. - 14WCI8925117 (WC - AOS).pdf,,,processed,false,2026-06-29,,,,false,,,false,,2026-06-16,,2026-09-15
QTS Data Centers,6a31b374b5244123cf62ba91,69f0f3c5beb6279e947be107,"Structure Tone, LLC",cert_NYC_QUALITY TECHNOLOGY SERVICES_ LLC_12413867_10.pdf,,,processed,false,2026-06-29,,2027-01-01,2026-06-17,false,,,false,"Arch Insurance Company; XL Insurance America, Inc.; Great American Insurance Company of New York; Starr Indemnity & Liability Company; Arch Indemnity Insurance Company; Indian Harbor Insurance Company",2026-06-16,,2026-09-15
QTS Data Centers,6a887de0565549cbdc999b8e,69f0f3c5beb6279e947be107,"Structure Tone, LLC",DFW2 DC2 QTS COI.pdf,,,processed,false,2026-09-04,,2027-01-01,2026-08-17,true,medium,<p>Do not review: Awaiting confirmation from QTS. StructureTone requested exception for Exclusions because they carry Pollution Liability. Larry reached out to QTS 26.08.21.</p>,false,"Arch Insurance Company; XL Insurance America, Inc.; Great American Insurance Company of New York; Starr Indemnity & Liability Company; Arch Indemnity Insurance Company",2026-08-21,,2026-09-15
QTS Data Centers,6a887de1565549cbdc999bc1,69f0f3c5beb6279e947be107,"Structure Tone, LLC",Evidence of Coverage 26-27 STSW.pdf,,,processed,false,2026-09-04,,2027-01-01,2026-01-05,true,medium,<p>Do not review: Awaiting confirmation from QTS. StructureTone requested exception for Exclusions because they carry Pollution Liability. Larry reached out to QTS 26.08.21.</p>,true,"Arch Insurance Company; XL Insurance America, Inc.; Starr Indemnity & Liability Company; Arch Indemnity Insurance Company; Indian Harbor Insurance Company",2026-08-21,,2026-09-15
QTS Data Centers,6a887df0565549cbdc999bf4,69f0f3c5beb6279e947be107,"Structure Tone, LLC",DFW2 DC4- QUALITY TECHNOLOGY SERVICES_ LLC_COI.pdf,,,processed,false,2026-09-04,,2027-01-01,2026-08-13,true,medium,<p>Do not review: Awaiting confirmation from QTS. StructureTone requested exception for Exclusions because they carry Pollution Liability. Larry reached out to QTS 26.08.21.</p>,false,"Arch Insurance Company; XL Insurance America, Inc.; Great American Insurance Company of New York; Starr Indemnity & Liability Company; Arch Indemnity Insurance Company",2026-08-21,,2026-09-15
QTS Data Centers,6aa80ab52947094034f3eded,69f0f3c5beb6279e947be107,"Structure Tone, LLC",cert_NYC_QUALITY TECHNOLOGY SERVICES_ LLC_12413867_13.pdf,,,processed,false,2026-09-14,,2027-01-01,,false,,,false,"Arch Insurance Company; XL Insurance America, Inc.; Great American Insurance Company of New York; Starr Indemnity & Liability Company; Arch Indemnity Insurance Company",2026-09-14,,2026-09-15
QTS Data Centers,6aa813682947094034f3f731,69f0f3c5beb6279e947be107,"Structure Tone, LLC",DFW2 DC2 QTS COI 9.14.2026.pdf,,,processed,false,2026-09-14,,2027-01-01,2026-09-11,false,,,false,"Arch Insurance Company; XL Insurance America, Inc.; Great American Insurance Company of New York; Starr Indemnity & Liability Company; Arch Indemnity Insurance Company",2026-09-14,,2026-09-15
QTS Data Centers,6a15b820beee935b1af43971,69f0f3c5beb6279e947be10c,"Suffolk Construction Company, Inc.","Sumitomo Mitsui Banking Corporation, as Admin_Suffolk Construction Company, Inc._25-26 Master GL Auto WC U_4-13-2026.pdf",,,processed,false,2026-06-15,,2026-08-31,2026-04-13,false,,,false,"Liberty Mutual Fire Insurance Company; Starr Indemnity & Liability Company; XL Insurance America, Inc.; General Security National Insurance Company; Berkley Regional Insurance Company; Ironshore Specialty Insurance Company; Indian Harbor Insurance Company",2026-05-26,,2026-09-15
QTS Data Centers,6a5fd2c3751b67ad6976f006,69f0f3c5beb6279e947be10c,"Suffolk Construction Company, Inc.","Quality Technology Services, LLC_Suffolk Construction Company, Inc._25-26 Master GL Auto WC U_7-17-2026.pdf",,,processed,false,2026-07-22,,2026-08-31,2026-07-17,false,,,false,"Liberty Mutual Fire Insurance Company; Starr Indemnity & Liability Company; XL Insurance America, Inc.; General Security National Insurance Company; Berkley Regional Insurance Company",2026-07-21,,2026-09-15
QTS Data Centers,6a5fd2c4751b67ad6976f03f,69f0f3c5beb6279e947be10c,"Suffolk Construction Company, Inc.","Quality Technology Services, LLC_Suffolk Construction Company, Inc._25-26 Drone Liability_7-15-2026_2.pdf",,,processed,false,2026-07-22,,2026-08-31,2026-07-15,false,,,false,C&T Insurance Company,2026-07-21,,2026-09-15
QTS Data Centers,6a5fd2e9b4df9ca70600c23b,69f0f3c5beb6279e947be10c,"Suffolk Construction Company, Inc.","Quality Technology Services, LLC_Suffolk Construction Company, Inc._25-26 Master GL Auto WC U_7-17-2026_2.pdf",,,processed,false,2026-07-22,,2026-08-31,2026-07-17,false,,,false,"Liberty Mutual Fire Insurance Company; Starr Indemnity & Liability Company; XL Insurance America, Inc.; General Security National Insurance Company; Berkley Regional Insurance Company",2026-07-21,,2026-09-15
QTS Data Centers,6a5fd2ebb4df9ca70600c2a7,69f0f3c5beb6279e947be10c,"Suffolk Construction Company, Inc.","Quality Technology Services, LLC_Suffolk Construction Company, Inc._25-26 Drone Liability_7-15-2026.pdf",,,processed,false,2026-07-22,,2026-08-31,2026-07-15,false,,,false,C&T Insurance Company,2026-07-21,,2026-09-15
QTS Data Centers,6a5fd30b5c9c14b344a636c9,69f0f3c5beb6279e947be10c,"Suffolk Construction Company, Inc.","Quality Technology Services, LLC_Suffolk Construction Company, Inc._25-26 Master GL Auto WC U_7-17-2026_1.pdf",,,processed,false,2026-07-22,,2026-08-31,2026-07-17,false,,,false,"Liberty Mutual Fire Insurance Company; Starr Indemnity & Liability Company; XL Insurance America, Inc.; General Security National Insurance Company; Berkley Regional Insurance Company; Indian Harbor Insurance Company; Ironshore Specialty Insurance Company",2026-07-21,,2026-09-15
QTS Data Centers,6a5fd30d5c9c14b344a63768,69f0f3c5beb6279e947be10c,"Suffolk Construction Company, Inc.","Quality Technology Services, LLC_Suffolk Construction Company, Inc._25-26 Drone Liability_7-15-2026_1.pdf",,,processed,false,2026-07-22,,2026-08-31,2026-07-15,false,,,false,C&T Insurance Company,2026-07-21,,2026-09-15
QTS Data Centers,6aa2d1c92fbcc71003200a32,69f0f3c5beb6279e947be10c,"Suffolk Construction Company, Inc.","QualityTech, LP and its officers, directors, _Suffolk Construction Company, Inc._26-27 Master GL Auto WC U_9-10-2026.pdf",,,processed,false,2026-09-10,,2027-08-31,2026-09-10,false,,,false,"Liberty Mutual Fire Insurance Company; Starr Indemnity & Liability Company; XL Insurance America, Inc.; Berkley Regional Insurance Company; Liberty Insurance Underwriters, Inc.; Ironshore Specialty Insurance Company; Indian Harbor Insurance Company",2026-09-10,,2026-09-15
QTS Data Centers,6a74dd0e377d9d1f5c7eabac,69f0f3c5beb6279e947be111,Whitting-Turner Contracting Company,020340.DH1 WT GLI (08.01.2026 thru 08.01.2027).pdf,,,processed,false,2026-08-06,,2027-08-01,2026-08-06,false,,,false,The Travelers Indemnity Company of Connecticut; Travelers Casualty and Surety Company; The Charter Oak Fire Insurance Company; Travelers Property Casualty Company of America,2026-08-06,,2026-09-15
QTS Data Centers,6a74dd12377d9d1f5c7eac13,69f0f3c5beb6279e947be111,Whitting-Turner Contracting Company,020340.DH1 WT GLI 2026 (08.01.2026 thru 08.01.2027)_Wells Fargo.pdf,,,processed,false,2026-08-06,,2027-08-01,2026-08-06,false,,,false,The Travelers Indemnity Company of Connecticut; Travelers Casualty and Surety Company; The Charter Oak Fire Insurance Company; Travelers Property Casualty Company of America,2026-08-06,,2026-09-15