client,id,vendor_id,vendor_name,name,types,policy_number,status,processing,reviewed_at,archived_at,expiration_date,issue_date,flagged,flag_level,flag_notes,applies_to_all,insurer_names,created_at,updated_at,sync_date
"Block Real Estate Services, LLC",6a2c73107ea10850bf9fee8e,69fded0c62446148bd848aff,"1-800-Pack Rat, LLC","Block Real Estate Services, LLC_1-800-Pack-Rat, LLC_25-26 Master_6-12-2026_531717594.pdf",,,processed,false,2026-06-15,,2026-10-01,2026-06-12,false,,,false,Arch Insurance Company; Arch Indemnity Insurance Company; Scottsdale Insurance Company; Allied World Assurance Company (U.S.) Inc.,2026-06-12,,2026-10-04
"Block Real Estate Services, LLC",6a2599e5781c6c479f910adb,69fded0c62446148bd848afc,1248 Holdings LLC,1248 Holdings COI.pdf,,,processed,false,2026-06-08,,2027-04-01,,false,,,false,,2026-06-07,,2026-10-04
"Block Real Estate Services, LLC",6a3e916bc35829c634df586f,69fded0c62446148bd848afc,1248 Holdings LLC,1248 COI - Block - 4.26-4.27-updated.pdf,,,processed,false,2026-06-30,,2027-06-25,2026-06-22,false,,,false,Stonington Insurance Company,2026-06-26,,2026-10-04
"Block Real Estate Services, LLC",6a282910da52b0ee99d2eb99,69fded0c62446148bd848b05,"Big Biscuit / 27 Biscuits, LLC",Big Biscuit Industries LLC_Block Real Estate Services.pdf,,,processed,false,2026-06-11,,2027-05-01,2026-06-08,false,,,false,American Guarantee and Liability Insurance Company; Zurich American Insurance Company,2026-06-09,,2026-10-04
"Block Real Estate Services, LLC",6a625a41293db0c1319f2be1,69fded0c62446148bd848af9,"1&1 Internet / IONOS, Inc.","co Block Real Estate Services_IONOS, INC_2627 GLAutoUmbWCProp_7-23-2026_1213674639.pdf",,,processed,false,2026-07-27,,2027-01-01,2026-07-23,false,,,false,"National Union Fire Insurance Company of Pittsburgh, Pa.; Allianz Global Risks US Insurance Company; Chubb Indemnity Insurance Company; Federal Insurance Company",2026-07-23,,2026-10-04
"Block Real Estate Services, LLC",6a67c08497397b0cc4d78d5d,69fded0c62446148bd848af9,"1&1 Internet / IONOS, Inc.",Lease - tic765 - 1&1 Internet.pdf,,,processed,false,2026-07-27,,,,false,,,false,,2026-07-27,,2026-10-04
"Block Real Estate Services, LLC",6a05e6f6fe7b4a8a036194e9,69fded0c62446148bd848b02,24 Hour Check Cashing,CERT_Block_Real_Estate_Services_LLC_218628_179011.pdf,,,processed,false,2026-06-01,,2027-04-16,2026-03-23,false,,,false,"Acuity, A Mutual Insurance Company",2026-05-14,,2026-10-04
"Block Real Estate Services, LLC",6a7dec4a6798c591b2cd67ed,69fded0c62446148bd848b14,Academy Bank,COI.pdf,,,processed,false,2026-08-21,,2027-08-18,2026-07-22,false,,,false,Travelers Property Casualty Company of America; The Charter Oak Fire Insurance Company,2026-08-13,,2026-10-04
"Block Real Estate Services, LLC",6aa04bfc7a58e9868bb0e0cb,69fded0c62446148bd848b1a,Actuarial Resources Corporation (ARC),c_oBlockRealEstateServicesLLC_W47837952.pdf,,,processed,false,2026-09-09,,2027-08-31,2026-09-08,false,,,false,American Guarantee and Liability Insurance Company; American Zurich Insurance Company,2026-09-08,,2026-10-04
"Block Real Estate Services, LLC",6a394c69accacb8cab636d9b,69fded0c62446148bd848b0e,A.N.D. Design Studio LLC,COI FOR KCG.pdf,,,processed,false,2026-06-30,,2027-04-01,,false,,,false,ACE Property and Casualty Insurance Company,2026-06-22,,2026-10-04
"Block Real Estate Services, LLC",6a57aafa22af1dedc09c94be,69fded0c62446148bd848b0e,A.N.D. Design Studio LLC,Lease - 3rd657 - AND Design Studio.pdf,,,processed,false,2026-07-15,,,,false,,,false,,2026-07-15,,2026-10-04
"Block Real Estate Services, LLC",6a7351e21d2a69d97160738b,69fded0c62446148bd848b17,"Pertronix (Aeromotive) / Accelerate Auto Works Intermediate, LLC",Block Real Estate Services - COI.pdf,,,processed,false,2026-08-10,,2026-12-31,2026-08-05,false,,,false,Continental Casualty Company; Continental Casualty Company,2026-08-05,,2026-10-04
"Block Real Estate Services, LLC",6a26f800caa475a04620536a,69fded0c62446148bd848b1d,"Adams Cable Equipment, Inc.",Updated COI 16200.pdf,,,processed,false,2026-06-11,,2025-09-01,2026-03-31,false,,,false,Liberty Mutual Fire Insurance Company; Liberty Insurance Corporation; Evanston Insurance Company,2026-06-08,,2026-10-04
"Block Real Estate Services, LLC",6aad4a7a6d940b16438f71b5,69fded0c62446148bd848b1d,"Adams Cable Equipment, Inc.",Lease - lle449 - Adams Cable Equipment Inc.pdf,,,processed,false,2026-09-18,,,,false,,,false,,2026-09-18,,2026-10-04
"Block Real Estate Services, LLC",6a67aede72e3a2f582038caa,69fded0c62446148bd848b23,"ADI (Ademco Distribution, Inc.) / Honeywell International, Inc.",Lease - prg841 - ADI.pdf,,,processed,false,2026-07-27,,,,false,,,false,,2026-07-27,,2026-10-04
"Block Real Estate Services, LLC",6a8319f11a2ab413a24db924,69fded0c62446148bd848b29,Advanced Pharmaceuticals LLC,Lease - prg841 - Advanced Pharmaceuticals LLC.pdf,,,processed,false,2026-08-17,,,,false,,,false,,2026-08-17,,2026-10-04
"Block Real Estate Services, LLC",6aa44ac5dfb189ee83b93840,69fded0c62446148bd848b29,Advanced Pharmaceuticals LLC,"Cert 26-27 - CO Block Real Estate Services, LLC.pdf",,,processed,false,2026-09-15,,2027-09-08,2026-09-11,false,,,false,Nautilus Insurance Company; Kinsale Insurance Company; Markel American Insurance Company,2026-09-11,,2026-10-04
"Block Real Estate Services, LLC",6a199b589d7340e121a98009,69fded0c62446148bd848b26,"Advanced Auto / Advanced Stores Co., Inc.",cert_CLE_ALLEN and GLORIA BLOCK FAMILY LIMITED_6889424_9.pdf,,,processed,false,2026-06-01,,2027-06-01,2026-05-28,false,,,true,ACE American Insurance Company; ACE Property and Casualty Insurance Company; SEE ACORD 101,2026-05-29,,2026-10-04
"Block Real Estate Services, LLC",6a67d7fb72e3a2f582038ccb,69fded0c62446148bd848b2c,Advanced Turf Solutions Inc,Platte Investments.pdf,,,processed,false,2026-07-28,,2027-07-01,2026-07-02,false,,,false,Allied Insurance Company of America; Nationwide Mutual Insurance Company; Nationwide General Insurance Company; Nationwide Property and Casualty Insurance Company,2026-07-27,,2026-10-04
"Block Real Estate Services, LLC",6aad4b16b48c522ebbb3e285,69fded0c62446148bd848b2f,"Daymon / Advantage Sales & Marketing, LLC",Lease - llc449 - Daymon  Advantage Sales and Marketing (1).pdf,,,processed,false,2026-09-22,,,,false,,,false,,2026-09-18,,2026-10-04
"Block Real Estate Services, LLC",6aad4b18b48c522ebbb3e2a5,69fded0c62446148bd848b2f,"Daymon / Advantage Sales & Marketing, LLC",Lease - llc449 - Daymon  Advantage Sales and Marketing (2).pdf,,,processed,false,2026-09-22,,,,false,,,false,,2026-09-18,,2026-10-04
"Block Real Estate Services, LLC",6a3beb8e9af3fe11c94296ce,69fded0c62446148bd848b32,Advocate Construction Inc,block wc.pdf,,,processed,false,2026-06-25,,2026-10-01,2025-09-23,false,,,false,SUNZ Insurance Company,2026-06-24,,2026-10-04
"Block Real Estate Services, LLC",6a3c3a3a471d21bbc95f6cc3,69fded0c62446148bd848b32,Advocate Construction Inc,BlockRealEstateServicesLLC.pdf,,,processed,false,2026-06-25,,2027-04-01,2026-06-24,false,,,false,Admiral Insurance Company,2026-06-24,,2026-10-04
"Block Real Estate Services, LLC",6a07267b7ee88c9e36194d1a,69fded0d62446148bd848b35,"Aircraft Electrical / AEE-EMF, Inc.",BlockRealEstateServicesLLC.pdf,,,processed,false,2026-06-02,,2026-12-16,,false,,,false,,2026-05-15,,2026-10-04
"Block Real Estate Services, LLC",6a358e981f6b786b44770062,69fded0d62446148bd848b3b,Agape Montessori School/Pulliam Properties LLC,Certificate - 2026-06-19T134625.722.pdf,,,processed,false,2026-06-22,,2027-06-21,2026-06-19,false,,,false,West Bend Insurance Company,2026-06-19,,2026-10-04
"Block Real Estate Services, LLC",6a3011df85085468184506f6,69fded0d62446148bd848b3e,AgForce Transport Services / Consolidated Grain and Barge Co.,"HLBT Associates, LLC.pdf",,,processed,false,2026-06-15,,2027-05-01,2026-06-15,false,,,false,Nationwide Agribusiness Insurance Company; Westfield Specialty Insurance Company,2026-06-15,,2026-10-04
"Block Real Estate Services, LLC",6a569d0e117f21962232fbe7,69fded0d62446148bd848b44,All Access Garage Doors,All Access Block Cert.pdf,,,processed,false,2026-07-15,,2026-12-05,2026-07-14,false,,,false,OWNERS INS CO; AUTO OWNERS INS CO; Travelers Property Casualty Company of America,2026-07-14,,2026-10-04
"Block Real Estate Services, LLC",6a57f12be8caaf78715d08d3,69fded0d62446148bd848b44,All Access Garage Doors,All Access Block Cert.pdf,,,processed,false,2026-07-20,,2026-12-05,2026-07-15,false,,,false,OWNERS INS CO; AUTO OWNERS INS CO; Travelers Property Casualty Company of America,2026-07-15,,2026-10-04
"Block Real Estate Services, LLC",6a4bd0b2c8e29468b5d94158,69fded0d62446148bd848b4d,Allstate Insurance,CERTIFICATE OF INSURANCE (COI) Reinhart agency.Pdf,,,processed,false,2026-07-06,,2027-04-09,2026-07-06,false,,,false,Property and Casualty Insurance Company of Hartford,2026-07-06,,2026-10-04
"Block Real Estate Services, LLC",6a848ed5b4b01fa929ac33c1,69fded0d62446148bd848b56,"Amazon / Amazon.com Services, LLC (MCI5)",marshdigital.marsh.com_marshconnect_viewMOI.pdf,,,processed,false,2026-08-24,,2027-04-01,,true,low,<p>Lease and exceptions for MOI requested from BRES</p>,false,Zurich American Insurance Company; Fireman's Fund Indemnity Corporation; American Zurich Insurance Company; LM Insurance Corporation,2026-08-18,,2026-10-04
"Block Real Estate Services, LLC",6a8db36987c4cd6f5728e8d4,69fded0d62446148bd848b56,"Amazon / Amazon.com Services, LLC (MCI5)",Lease - 3rd464 - Amazon (1).pdf,,,processed,false,2026-08-25,,,,false,,,false,,2026-08-25,,2026-10-04
"Block Real Estate Services, LLC",6a8db36987c4cd6f5728e8f3,69fded0d62446148bd848b56,"Amazon / Amazon.com Services, LLC (MCI5)",Lease - 3rd464 - Amazon (2).pdf,,,processed,false,2026-08-25,,,,false,,,false,,2026-08-25,,2026-10-04
"Block Real Estate Services, LLC",6a984ca8bac4878ada1ac685,69fded0d62446148bd848b5c,"Earth Brands, Inc. subtenant of  American West Worldwide Express, Inc. / Renew",co Block Real Estate Services_American West Worldwide Express Inc_2026-27 Master Template_9-1-2026_2034661035.pdf,,,processed,false,2026-09-15,,2027-04-01,2026-09-01,false,,,false,Great West Casualty Company; Travelers Property Casualty Company of America; Homesite Insurance Company,2026-09-02,,2026-10-04
"Block Real Estate Services, LLC",6aad4d4f1eb773ddb295859c,69fded0d62446148bd848b5c,"Earth Brands, Inc. subtenant of  American West Worldwide Express, Inc. / Renew",Sublease - kc2703 - Earth Brands - American West Worldwide Ex.pdf,,,processed,false,2026-09-18,,,,false,,,false,,2026-09-18,,2026-10-04
"Block Real Estate Services, LLC",6aad4db3bf49e206e9cf1aae,69fded0d62446148bd848b5c,"Earth Brands, Inc. subtenant of  American West Worldwide Express, Inc. / Renew",Lease - kc2703 - American West Worldwide Express.pdf,,,processed,false,2026-09-18,,,,false,,,false,,2026-09-18,,2026-10-04
"Block Real Estate Services, LLC",6ab2eda8052204b27aa6de28,69fded0d62446148bd848b5c,"Earth Brands, Inc. subtenant of  American West Worldwide Express, Inc. / Renew",Block Real Estate -MCI - LIA Insurance.pdf,,,processed,false,2026-09-28,,2027-04-01,2026-09-18,false,,,false,Great West Casualty Company; Travelers Property Casualty Company of America; Homesite Insurance Company,2026-09-22,,2026-10-04
"Block Real Estate Services, LLC",6abad38e52de1c00f5d4e1cd,69fded0d62446148bd848b5c,"Earth Brands, Inc. subtenant of  American West Worldwide Express, Inc. / Renew",MCI - Block Real Estate Services_Insurance.pdf,,,processed,false,,,2027-04-01,2026-09-28,false,,,false,Great West Casualty Company; Travelers Property Casualty Company of America; Homesite Insurance Company; Palomar Excess and Surplus Insurance Company,2026-09-28,,2026-10-04
"Block Real Estate Services, LLC",6a319dfe14a7a365eb479528,69fded0d62446148bd848b62,"AMSCO Supply / Flegler Investment Co., Inc.",cert_ATL_BLOCK REAL ESTATE SERVICES LLC_6189400_2.pdf,,,processed,false,2026-06-17,,2026-10-01,2026-06-16,false,,,false,Zurich American Insurance Company; Zurich Insurance Europe AG,2026-06-16,,2026-10-04
"Block Real Estate Services, LLC",6a6b8935c80f6330bac03b9a,69fded0d62446148bd848b62,"AMSCO Supply / Flegler Investment Co., Inc.",previewliabilityholder.pdf,,,processed,false,2026-07-31,,2027-07-30,2026-07-23,false,,,false,The Travelers Indemnity Company of Connecticut; Travelers Property Casualty Company of America; Travelers Casualty and Surety Company,2026-07-30,,2026-10-04
"Block Real Estate Services, LLC",6a8f35687d198e284f2871c0,69fded0d62446148bd848b65,Amsted Rail Company Inc,Lease - tic765 Amsted Rail.pdf,,,processed,false,2026-08-26,,,,false,,,false,,2026-08-26,,2026-10-04
"Block Real Estate Services, LLC",6a9a663089b0ae819600fd9f,69fded0d62446148bd848b65,Amsted Rail Company Inc,CollegeCrossingCDLLCandMarleyCollegeCrossingCDLLC_W47819192.pdf,,,processed,false,2026-09-15,,2027-03-31,2026-09-03,false,,,true,Liberty Mutual Fire Insurance Company; AIG Specialty Insurance Company; LM Insurance Corporation; Liberty Insurance Corporation,2026-09-04,,2026-10-04
"Block Real Estate Services, LLC",6a5691bef6533cf6aa2dd79b,69fded0d62446148bd848b6b,Anixter Inc,Lease - rl2877 - Anixter Inc.pdf,,,processed,false,2026-07-14,,,,false,,,false,,2026-07-14,,2026-10-04
"Block Real Estate Services, LLC",6a75e3a1729ed242a920cf95,69fded0d62446148bd848b6b,Anixter Inc,26-27 Per Location Agg - Block Real Estate Services.pdf,,,processed,false,2026-08-11,,2027-06-04,2026-08-07,false,,,false,Travelers Property Casualty Company of America,2026-08-07,,2026-10-04
"Block Real Estate Services, LLC",6aa02a7a979cd9e609c43732,69fded0e62446148bd848b7d,"APLOS, Inc.","College Crossing CD, LLC_APLOS Inc._2627 GL Premises_9-2-2026_1041539954.pdf",,,processed,false,2026-09-15,,2027-08-31,2026-09-02,false,,,false,The Cincinnati Specialty Underwriters Insurance Company,2026-09-08,,2026-10-04
"Block Real Estate Services, LLC",6a9839a477d8403f7c1fadbc,69fded0e62446148bd848b80,"Applebee's Bar & Grill / Apple Central, LLC",AFH - HMO  LLC Certificate.PDF,,,processed,false,2026-09-15,,2027-08-01,2026-09-02,false,,,false,Pennsylvania Manufacturers' Association Insurance Company; Manufacturers Alliance Insurance Company; Aspen American Insurance Company,2026-09-02,,2026-10-04
"Block Real Estate Services, LLC",6a5a60efb260d1d902908e4c,69fded0e62446148bd848b83,Applied Industrial Technologies Inc,KCIP Riverside LLC-570120212995.pdf,,,processed,false,2026-07-20,,2027-06-01,2026-05-27,false,,,false,ACE American Insurance Company; ACE Property and Casualty Insurance Company,2026-07-17,,2026-10-04
"Block Real Estate Services, LLC",6a399e75a17b73c16bc35db9,69fded0e62446148bd848b9b,Aspire Wealth Management LLC,ASPIRE WEALTH_BLOCK RE_COI.pdf,,,processed,false,2026-06-23,,2027-03-20,2026-06-22,false,,,false,Hartford Underwriters Insurance Company,2026-06-22,,2026-10-04
"Block Real Estate Services, LLC",6a627b77f4a44f9d273a53f9,69fded0e62446148bd848ba4,Asurion UBIF,OAK PARK KS - 18610780.pdf,,,processed,false,2026-07-27,,2027-04-30,2026-07-23,false,,,false,Liberty Insurance Corporation; Liberty Mutual Fire Insurance Company; LM Insurance Corporation,2026-07-23,,2026-10-04
"Block Real Estate Services, LLC",6a2ab748071d75e4ccfca1a1,69fded0e62446148bd848ba1,Asurion LLC,GL Waiver of Subro Endorsement.pdf,,,processed,false,2026-06-15,,2027-04-30,,false,,,false,,2026-06-11,,2026-10-04
"Block Real Estate Services, LLC",6a7b52dc237c8f7b2b31ea24,69fded0e62446148bd848ba1,Asurion LLC,Updated COI - 11460 Tomahawk.pdf,,,processed,false,2026-08-19,,2027-04-30,2026-07-08,false,,,false,Liberty Insurance Corporation; Liberty Mutual Fire Insurance Company; LM Insurance Corporation,2026-08-11,,2026-10-04
"Block Real Estate Services, LLC",6a18aa1b9ef1cffe57d01607,69fded0e62446148bd848bb0,AVI-SPL LLC,NOT FOUND - AVI-SPL LLC.pdf,,,processed,false,2026-06-02,,2027-04-17,2026-04-08,false,,,false,Zurich American Insurance Company; American Guarantee and Liability Insurance Company; American Zurich Insurance Company; Federal Insurance Company; Allied World Assurance Company (U.S.) Inc.; Crum & Forster Specialty Insurance Company,2026-05-28,,2026-10-04
"Block Real Estate Services, LLC",6a6a651f59ffecf14d6ee16e,69fded0e62446148bd848bc2,Bank of America,cert_ATL_Fountain Building Missouri_ LLC_4434370_77.pdf,,,processed,false,2026-07-29,,2027-03-15,2026-07-27,false,,,false,"Greenwich Insurance Company; National Union Fire Insurance Company of Pittsburgh, Pa.",2026-07-29,,2026-10-04
"Block Real Estate Services, LLC",6a6ba761bcce2cc2487c525d,69fded0e62446148bd848bc2,Bank of America,Lease - 3rd497 - Bank of America Ammend.pdf,,,processed,false,2026-07-30,,,,false,,,false,,2026-07-30,,2026-10-04
"Block Real Estate Services, LLC",6a6ba762bcce2cc2487c527e,69fded0e62446148bd848bc2,Bank of America,Lease - 3rd497 - Bank Of America.pdf,,,processed,false,2026-07-30,,,,false,,,false,,2026-07-30,,2026-10-04
"Block Real Estate Services, LLC",6a39895ed1bf38e72a670fab,69fded0e62446148bd848bbc,Bachelor Controls Inc,"Perg Building LLC co Block Real Estate Servi_Bachelor Controls, Inc._2026 - 2027 Master - Bach_6-22-2026_120642820.pdf",,,processed,false,2026-06-23,,2027-03-01,2026-06-22,false,,,false,Liberty Insurance Corporation; Travelers Property Casualty Company of America; Accelerant Specialty Insurance Company; Continental Casualty Company,2026-06-22,,2026-10-04
"Block Real Estate Services, LLC",6a34433b3a28b57599a17d33,69fded0f62446148bd848bcb,"Banner Logistics, Inc",1600 Vernon Street XXS Certificate.pdf,,,processed,false,2026-06-24,,2026-11-29,2026-06-17,false,,,false,"Service American Indemnity Company; Nautilus Insurance Company; TRANSGUARD INSURANCE COMPANY OF AMERICA, INC.",2026-06-18,,2026-10-04
"Block Real Estate Services, LLC",6a32e2a7081d3b93fbe8b135,69fded0e62446148bd848bbf,Baking With A Bass / Kayla Bass,CERTIFICATE OF INSURANCE (COI).Pdf,,,processed,false,2026-06-17,,2027-03-06,2026-06-17,false,,,false,Hartford Underwriters Insurance Company; Hartford Fire Insurance Company,2026-06-17,,2026-10-04
"Block Real Estate Services, LLC",6a6113223d7c8f1b1ccd4171,69fded0e62446148bd848bbf,Baking With A Bass / Kayla Bass,Revised CERTIFICATE OF INSURANCE (COI).Pdf,,,processed,false,2026-07-27,,2027-03-06,2026-07-22,false,,,false,Hartford Underwriters Insurance Company,2026-07-22,,2026-10-04
"Block Real Estate Services, LLC",6a68c663ec6ff7df668510aa,69fded0e62446148bd848bbf,Baking With A Bass / Kayla Bass,Lease - 3rd657 - Baking with a Bass.pdf,,,processed,false,2026-07-28,,,,false,,,false,,2026-07-28,,2026-10-04
"Block Real Estate Services, LLC",6a359462430d502f7f7fb4ca,69fded0f62446148bd848bd4,Costa Vida Fresh Mexican Grill / BB Magical Fruit,"Block Real Estate Services, LLC_BB Magical Fruit Two LLC_2627 Master COI_6-19-2026_2147481711.pdf",,,processed,false,2026-06-22,,2027-05-01,2026-06-19,false,,,false,St. Paul Fire and Marine Insurance Company; Travelers Property Casualty Company of America; The Travelers Indemnity Company of Connecticut,2026-06-19,,2026-10-04
"Block Real Estate Services, LLC",6a7a756471b7f73d797dcba6,69fded0f62446148bd848bda,Bella's Italian Restaurant Inc,Fire Declaration Pages - 08.10.26.pdf,,,processed,false,2026-08-13,,,,false,,,false,,2026-08-11,,2026-10-04
"Block Real Estate Services, LLC",6a7a75aa5968381300256b9c,69fded0f62446148bd848bda,Bella's Italian Restaurant Inc,Fire Declaration Pages - 08.10.26.pdf,,,processed,false,2026-08-13,,,,false,,,false,,2026-08-11,,2026-10-04
"Block Real Estate Services, LLC",6a4be2cf5cdf4704ae0effad,69fded0f62446148bd848bd7,BDM Inc,Block Cert.pdf,,,processed,false,2026-07-08,,2027-05-01,2026-07-06,false,,,false,SECURA Insurance Company; The Travelers Indemnity Company,2026-07-06,,2026-10-04
"Block Real Estate Services, LLC",6a75d4d74751e5023f3a9519,69fded0f62446148bd848bd7,BDM Inc,Lease - bf3944 - BDM Inc.pdf,,,processed,false,2026-08-07,,,,false,,,false,,2026-08-07,,2026-10-04
"Block Real Estate Services, LLC",6a516f849a50c31614a8c7d1,69fded0f62446148bd848c01,BluSky Restoration Contractors LLC,"Block Real Estate Services, LLC - Aon.pdf",,,processed,false,2026-07-14,,2027-04-01,2026-03-27,false,,,false,Zurich American Insurance Company,2026-07-10,,2026-10-04
"Block Real Estate Services, LLC",6aa44b48f72d9cd97556e2ce,69fded0f62446148bd848c01,BluSky Restoration Contractors LLC,Lease - prg831 - BluSky Restoration Contractors LLC.pdf,,,processed,false,2026-09-11,,,,false,,,false,,2026-09-11,,2026-10-04
"Block Real Estate Services, LLC",6aa460467880ec8756e02802,69fded0f62446148bd848c01,BluSky Restoration Contractors LLC,"26 - 27 - BluSky Restoration Contractors LLC - COI - Block Real Estate Services, LLC - Holder ID 23209503.pdf",,,processed,false,2026-09-11,,2027-04-01,2026-09-11,false,,,false,Capitol Specialty Insurance Corporation,2026-09-11,,2026-10-04
"Block Real Estate Services, LLC",6a3a993a59011af6e27dbda3,69fded0f62446148bd848c07,"BMO Harris Commercial Banking / BMO Harris Bank, NA",BMO Bank NA - Block Real Estate Services - 26062236825910 - 570121047321.pdf,,,processed,false,2026-06-23,,2027-04-30,2026-06-22,false,,,false,Zurich American Insurance Company; ACE American Insurance Company,2026-06-23,,2026-10-04
"Block Real Estate Services, LLC",6a551e28ba1f441b3e41026b,69fded0f62446148bd848c19,"Kitchen and Bath by Briggs / Briggs, Inc.",Lease - tic681 - Kitchen and Bath by Briggs.pdf,,,processed,false,2026-07-13,,,,false,,,false,,2026-07-13,,2026-10-04
"Block Real Estate Services, LLC",6ab402995426ac2f56f9e1f5,69fded0f62446148bd848c19,"Kitchen and Bath by Briggs / Briggs, Inc.",Briggs Inc. COI BRES.pdf,,,processed,false,2026-09-29,,2027-09-01,2026-09-01,false,,,false,EMCASCO Insurance Company; Employers Mutual Casualty Company,2026-09-23,,2026-10-04
"Block Real Estate Services, LLC",6a05e7defeb0a066655c2944,69fded1062446148bd848c1f,The Professional Group / Bryan Torez,CorrectedCOI3-11-26.pdf,,,processed,false,2026-06-01,,2026-11-01,2026-03-11,false,,,false,State Farm Fire and Casualty Company,2026-05-14,,2026-10-04
"Block Real Estate Services, LLC",6a5a471fe01184066f4af829,69fded1062446148bd848c1f,The Professional Group / Bryan Torez,Editable COI.pdf,,,processed,false,2026-07-17,,2026-11-01,2026-03-11,false,,,false,State Farm Fire and Casualty Company,2026-07-17,,2026-10-04
"Block Real Estate Services, LLC",6a300e6a85085468184506d8,69fded1062446148bd848c22,Bryght Labs,COI Bryght Labs 11053 general liability.pdf,,,processed,false,2026-06-17,,2027-05-01,2026-05-28,false,,,false,Evanston Insurance Company,2026-06-15,,2026-10-04
"Block Real Estate Services, LLC",6a3af8d2cf85b61f730f436a,69fded1062446148bd848c28,Builder Direct LLC,Work Comp Policy - Builder Direct LLC.pdf,,,processed,false,2026-06-24,,2027-07-01,2026-06-23,false,,,false,NCCI Assigned Risk,2026-06-23,,2026-10-04
"Block Real Estate Services, LLC",6a3b0162aa3f3f10db520d40,69fded1062446148bd848c28,Builder Direct LLC,PROGRESSIVE BUSINESS OWNERS - Builder Direct LLC.pdf,,,processed,false,2026-06-24,,2026-11-13,2026-06-22,false,,,false,United Financial Casualty Company,2026-06-23,,2026-10-04
"Block Real Estate Services, LLC",6a552a638f343040b1a1b4b0,69fded1062446148bd848c28,Builder Direct LLC,Lease - prg805 - Builder Direct.pdf,,,processed,false,2026-07-13,,,,false,,,false,,2026-07-13,,2026-10-04
"Block Real Estate Services, LLC",6a68c5511dee97f2db546d11,69fded1062446148bd848c28,Builder Direct LLC,Exception Per Location - Builders Direct.pdf,,,processed,false,2026-07-28,,,,false,,,true,,2026-07-28,,2026-10-04
"Block Real Estate Services, LLC",6a690c9ad10d78c99b90cffd,69fded1062446148bd848c28,Builder Direct LLC,COI - Builder Direct LLC for PERG - BLOCK 2026-2027.pdf,,,processed,false,2026-08-03,,2027-08-02,2026-08-02,false,,,false,Next Insurance US Company,2026-07-28,,2026-10-04
"Block Real Estate Services, LLC",6a18af68587aecae706a4b40,69fded1062446148bd848c31,"Equipment Preference, Inc. (fka Burlis-Lawson Group, Inc.)",NOT FOUND - The Burlis Lawson Group.pdf,,,processed,false,2026-06-01,,,,false,,,false,,2026-05-28,,2026-10-04
"Block Real Estate Services, LLC",6aa4447f220465b8ce8921a9,69fded1062446148bd848c31,"Equipment Preference, Inc. (fka Burlis-Lawson Group, Inc.)",Block certificate.pdf,,,processed,false,2026-09-11,,2027-04-05,2026-08-24,true,low,<p>Lease requested from BRES</p>,false,"Utica Lloyd's of Texas; Utica Mutual Insurance Company; Technology Insurance Company, Inc.",2026-09-11,,2026-10-04
"Block Real Estate Services, LLC",6a2750fa7f54c7a808caeb66,69fded1062446148bd848c37,Butler Suppy Inc,"Butler Supply, Inc._College Crossing IJ LLC_12-29-2025.pdf",,,processed,false,2026-06-11,,2027-01-01,,false,,,false,Zurich American Insurance Company; Great American Insurance Company; American Zurich Insurance Company,2026-06-08,,2026-10-04
"Block Real Estate Services, LLC",6a75e60d69a049b0a9e5e170,69fded1062446148bd848c40,"APEX / KC Orthopedic Institute (fka Carondelet Orthopedic Surgeons, PA)",proof of ins.pdf,,,processed,false,2026-08-11,,2027-01-01,2026-08-06,false,,,false,The Travelers Indemnity Company; Travelers Property Casualty Company of America,2026-08-07,,2026-10-04
"Block Real Estate Services, LLC",6a7b6c75c76aff26495682ac,69fded1062446148bd848c40,"APEX / KC Orthopedic Institute (fka Carondelet Orthopedic Surgeons, PA)",Lease - cm2757 - APEX.pdf,,,processed,false,2026-08-11,,,,false,,,false,,2026-08-11,,2026-10-04
"Block Real Estate Services, LLC",6a2b18d9181480923538cb46,69fded1062446148bd848c46,CarStar Riverside (fka Autobody on the Run),Certificate.pdf,,,processed,false,2026-06-15,,2026-11-24,2026-06-09,false,,,false,United Fire Group,2026-06-11,,2026-10-04
"Block Real Estate Services, LLC",6a28ca69da52b0ee99d30284,69fded1062446148bd848c43,Carrier Corporation,cert_NYC_Perg Bldgs_ LLC dba_12629267_2.pdf,,,processed,false,2026-06-11,,2027-04-01,,false,,,false,AIU Insurance Company; Old Republic Insurance Company,2026-06-10,,2026-10-04
"Block Real Estate Services, LLC",6a2c33de4096067a7a7bad25,69fded1062446148bd848c5b,"Challenger Sports, Inc.","CAL-VENT GROUP, LTD_ PROM MOTOR HOTEL, INC__Challenger Teamwear LLC Dba Challen_2627 COI_6-9-2026_2147481167 (1).pdf",,,processed,false,2026-06-25,,2027-03-01,2026-06-09,false,,,false,Travelers Property Casualty Insurance Company; EMCASCO Insurance Company; Employers Mutual Casualty Company; * Amtrust Financial Group,2026-06-12,,2026-10-04
"Block Real Estate Services, LLC",6a2ae3c2dd45710ae6ad6466,69fded1062446148bd848c5e,Champion Supply Company LLC,"COI 1-1-26 - CAL-VENT GROUP, LTD; PROM MOTOR HOTEL, INC; JAMS INDUSTRIAL, LLC; MELVILLE, LLC.pdf",,,processed,false,2026-06-15,,2027-01-01,,false,,,false,EMC Property & Casualty Company; Employers Mutual Casualty Company; Travelers Casualty and Surety Company,2026-06-11,,2026-10-04
"Block Real Estate Services, LLC",6a577bbfd0fc4e2363910f23,69fded1062446148bd848c55,Central Power Systems & Services LLC,"2627 Master COI - Block Real Estate Services, LLC.pdf",,,processed,false,2026-07-15,,2027-07-01,2026-07-15,false,,,false,Twin City Fire Insurance Company; The Phoenix Insurance Company; Travelers Property Casualty Company of America,2026-07-15,,2026-10-04
"Block Real Estate Services, LLC",6a43f95fc7f86ba6f2674d02,69fded1162446148bd848c76,"Chrysalis Center, LLC",Liability Insurance 2026to2027.pdf,,,processed,false,2026-07-02,,2027-07-04,,false,,,false,"American Casualty Company of Reading, Pennsylvania",2026-06-30,,2026-10-04
"Block Real Estate Services, LLC",6a0725bd9839a89d50e8c4d5,69fded1162446148bd848c88,Clopay Building Products,PlatteValleyIndustrialCenter8_W45240625.pdf,,,processed,false,2026-06-02,,2027-02-28,2026-03-31,false,,,false,Zurich American Insurance Company; American Guarantee and Liability Insurance Company; Factory Mutual Insurance Company,2026-05-15,,2026-10-04
"Block Real Estate Services, LLC",6a301f2d09f375dfb856f241,69fded1162446148bd848c82,Clarivate Analytics LLC,HLBTAssociatesLLC_W46436397.pdf,,,processed,false,2026-06-17,,2026-12-01,2026-06-08,false,,,false,American Guarantee and Liability Insurance Company; Zurich American Insurance Company; American Zurich Insurance Company,2026-06-15,,2026-10-04
"Block Real Estate Services, LLC",6a455cf3d293d5dfa850a8fe,69fded1162446148bd848c82,Clarivate Analytics LLC,HLBTAssociatesLLC_W46906080.pdf,,,processed,false,2026-07-06,,2026-12-01,2026-06-29,false,,,false,American Guarantee and Liability Insurance Company; Zurich American Insurance Company; American Zurich Insurance Company,2026-07-01,,2026-10-04
"Block Real Estate Services, LLC",6a512f0aed23c7eb7f9922f5,69fded1162446148bd848c9d,Concrete Strategies LLC,Block Real Estate Services - CSLLC.pdf,,,processed,false,2026-07-14,,2027-06-30,2026-07-10,false,,,false,Zurich American Insurance Company; American Guarantee and Liability Insurance Company,2026-07-10,,2026-10-04
"Block Real Estate Services, LLC",6a6394560a4315bb2509b333,69fded1162446148bd848c9a,Companion Protect Agency,Companion Protect LLC - Management Liability Chubb Binder.PDF,,,processed,false,2026-07-27,,,,false,,,false,,2026-07-24,,2026-10-04
"Block Real Estate Services, LLC",6a6394580a4315bb2509b351,69fded1162446148bd848c9a,Companion Protect Agency,26-27 CP WC Policy.PDF,,,processed,false,2026-07-27,,,,false,,,false,,2026-07-24,,2026-10-04
"Block Real Estate Services, LLC",6a6394590a4315bb2509b36e,69fded1162446148bd848c9a,Companion Protect Agency,26-27 CP PKG Policy.PDF,,,processed,false,2026-07-27,,,,false,,,false,,2026-07-24,,2026-10-04
"Block Real Estate Services, LLC",6a550209d7a2098716cacbe0,69fded1162446148bd848ca9,Core Adventures LLC,Block Real Estate Services.pdf.pdf,,,processed,false,2026-07-14,,2026-09-17,2026-02-20,false,,,false,Hartford Underwriters Insurance Company; Rated by Multiple Companies; Travelers Excess and Surplus Lines Company,2026-07-13,,2026-10-04
"Block Real Estate Services, LLC",6ab13168c87e3a8b6c42c65d,69fded1162446148bd848ca9,Core Adventures LLC,PinnacleCorporateCentreV.pdf,,,processed,false,2026-09-28,,2027-09-17,2026-09-17,false,,,false,Hartford Underwriters Insurance Company; Rated by Multiple Companies; Travelers Excess and Surplus Lines Company,2026-09-21,,2026-10-04
"Block Real Estate Services, LLC",6ab2cad9c58e9828be70fa42,69fded1162446148bd848ca9,Core Adventures LLC,co Block Real Estate.pdf,,,processed,false,2026-09-28,,2027-09-17,2026-09-17,false,,,false,Hartford Underwriters Insurance Company; Rated by Multiple Companies; Travelers Excess and Surplus Lines Company,2026-09-22,,2026-10-04
"Block Real Estate Services, LLC",6a2ffcae1ead0ab2cbe17b8f,69fded1162446148bd848cb2,Corporate Flooring Inc,Block Real Estate COI.pdf,,,processed,false,2026-06-17,,2027-02-27,2026-04-17,false,,,false,Auto - Owners,2026-06-15,,2026-10-04
"Block Real Estate Services, LLC",6a8d9af187c4cd6f5728e54b,69fded1162446148bd848cb5,Cort Furniture Rental / Cort Business Services Corporation,1083 - Insurance Policy dtd 11Aug2026.pdf,,,processed,false,2026-08-26,,2026-12-31,2026-08-11,false,,,false,Sentry Insurance Company; Federal Insurance Company; Sentry Casualty Company,2026-08-25,,2026-10-04
"Block Real Estate Services, LLC",6ab5293287224ff14a4c290a,69fded1162446148bd848cb5,Cort Furniture Rental / Cort Business Services Corporation,Lease - tic714 - Cort Furniture Rental.pdf,,,processed,false,2026-09-24,,,,false,,,false,,2026-09-24,,2026-10-04
"Block Real Estate Services, LLC",6a42a46f62bbed81ea5611a1,69fded1162446148bd848cbb,"Cosentino, Group, Inc. / Associated Wholesale Grocers, Inc.",Cosentino Group COI Mill Street Station LLC.pdf,,,processed,false,2026-06-30,,2027-05-01,2026-05-01,false,,,false,"Sentry Insurance Company; XL Specialty Insurance Company; Fireman's Fund Insurance Company; National Union Fire Insurance Company of Pittsburgh, Pa.; Sentry Casualty Company; National Union Fire Insurance Company of Louisiana",2026-06-29,,2026-10-04
"Block Real Estate Services, LLC",6a330a0eca0531aad700c5a0,69fded1262446148bd848cc7,Creative Consumer Concepts Inc,"Updated CO BLOCK REAL ESTATE SERVICES, LLC.pdf",,,processed,false,2026-06-18,,2026-12-01,2025-11-25,false,,,true,Great American E & S Insurance Company; Trumbull Insurance Company; Twin City Fire Insurance Company; Hartford Fire Insurance Company,2026-06-17,,2026-10-04
"Block Real Estate Services, LLC",6a3a99d1dd0b293e54c0c507,69fded1262446148bd848cd6,Cruise Marketing Inc,Block Real Estate.pdf,,,processed,false,2026-06-23,,2027-05-01,2026-06-19,false,,,false,United Fire & Casualty Company,2026-06-23,,2026-10-04
"Block Real Estate Services, LLC",6a7556d41f9b181bb42f7dee,69fded1262446148bd848cd6,Cruise Marketing Inc,QL7_Cruise Marketing_Block Real Estate Service_168982245.pdf,,,processed,false,2026-08-11,,2027-07-01,2026-08-06,false,,,false,New Hampshire Insurance Company,2026-08-07,,2026-10-04
"Block Real Estate Services, LLC",6a42ab395e2a93cdf24113c0,69fded1262446148bd848ce8,Dairy Farmers Of America,cert_HOU_Prom Motor Hotel_ Inc._4432714_4.pdf,,,processed,false,2026-06-30,,2026-10-01,2026-06-29,false,,,false,"National Union Fire Insurance Co. Of Pittsburgh , PA; AIU Insurance Company",2026-06-29,,2026-10-04
"Block Real Estate Services, LLC",6abfffa531889a46e44bb4fd,69fded1262446148bd848ce8,Dairy Farmers Of America,"Prom Motor Hotel, Inc .pdf",,,processed,false,,,,,false,,,false,,2026-10-02,,2026-10-04
"Block Real Estate Services, LLC",6a42eeb21125d252a5949b70,69fded1262446148bd848ce5,"Thermal Mechanics, Inc. (TMI)",cert_CLE_PERG 26 27 SPE L.L.C. And Springs 26_6787879_37.pdf,,,processed,false,2026-06-30,,2027-01-01,2026-06-29,false,,,false,LM Insurance Corporation; Liberty Insurance Corporation; Mitsui Sumitomo Insurance USA Inc.; See Acord 101 for Carrier Participation,2026-06-29,,2026-10-04
"Block Real Estate Services, LLC",6a4bb782c8e29468b5d94083,69fded1262446148bd848ce5,"Thermal Mechanics, Inc. (TMI)",cert_CLE_PERG 26 27 SPE L.L.C. And Springs 26_6787879_38.pdf,,,processed,false,2026-07-06,,2027-01-01,2026-07-02,false,,,false,LM Insurance Corporation; Liberty Insurance Corporation; Mitsui Sumitomo Insurance USA Inc.; See Acord 101 for Carrier Participation,2026-07-06,,2026-10-04
"Block Real Estate Services, LLC",6a4eb1f0c4f53220af8d6a52,69fded1262446148bd848ceb,Dairy Farmers of America Inc,DFA Lenexa Warehouse - COI (Updated).pdf,,,processed,false,2026-07-13,,2026-10-01,2026-07-09,false,,,false,"National Union Fire Insurance Co. Of Pittsburgh , PA; AIU Insurance Company",2026-07-08,,2026-10-04
"Block Real Estate Services, LLC",6abd1559276e5f3a62e62e2d,69fded1262446148bd848ceb,Dairy Farmers of America Inc,DFA COI - Block Real Estate Services 9-30-26.pdf,,,processed,false,,,,,false,,,false,,2026-09-30,,2026-10-04
"Block Real Estate Services, LLC",6a3e99f685fd97a7c8d426e2,69fded1262446148bd848cf1,"Retail Data Systems of KC (RDS) / Data Systems, Inc.","PERG BUILDINGS, LLC c_o Block Real Estate Services- COI.pdf",,,processed,false,2026-06-30,,2027-06-15,2026-06-24,false,,,false,The Phoenix Insurance Company; Travelers Property Casualty Company of America; Travelers Casualty and Surety Company of America; At-Bay Specialty Insurance Company; The Charter Oak Fire Insurance Company,2026-06-26,,2026-10-04
"Block Real Estate Services, LLC",6aa1be9b7880ec8756e00bb4,69fded1262446148bd848cf1,"Retail Data Systems of KC (RDS) / Data Systems, Inc.",Lease - prg843 - Retail Data Systems of KC.pdf,,,processed,false,2026-09-09,,,,false,,,false,,2026-09-09,,2026-10-04
"Block Real Estate Services, LLC",6a272f6a723912a81456948a,69fded1262446148bd848cf7,DataLocker Inc,"DATALOCKER INC.-6081400-MO COI 25-26-BLOCK REAL ESTATE SERVICES, LLC.pdf",,,processed,false,2026-06-08,,2026-10-01,2026-06-08,false,,,false,Indemnity Insurance Company of North America,2026-06-08,,2026-10-04
"Block Real Estate Services, LLC",6a298c5c6b36130833e2f76c,69fded1262446148bd848cf7,DataLocker Inc,Block Real Estate Services LLC.pdf,,,processed,false,2026-06-10,,2026-12-15,,false,,,false,ACE Property and Casualty Insurance Company; Bankers Standard Insurance Company,2026-06-10,,2026-10-04
"Block Real Estate Services, LLC",6a8e2aa7e7db0abbe7e5a221,69fded1262446148bd848d00,Daylight Donuts-Olathe LLC,Daylight COI Mur-Len location.pdf,,,processed,false,2026-08-26,,2027-07-29,2026-08-25,false,,,false,State Farm Fire and Casualty Company,2026-08-25,,2026-10-04
"Block Real Estate Services, LLC",6a903bbac73b1523d24815e2,69fded1262446148bd848d00,Daylight Donuts-Olathe LLC,Lease - 3rd654 - Daylight Donuts.pdf,,,processed,false,2026-08-27,,,,false,,,false,,2026-08-27,,2026-10-04
"Block Real Estate Services, LLC",6a845edc67ba47495a83619c,69fded1262446148bd848d09,Dentek Inc DBA Sokolov Dental Laboratory Inc,dentek block cert.pdf,,,processed,false,2026-08-19,,2027-09-07,2026-08-18,false,,,false,"Sentinel Insurance Company, Ltd.; AmTrust Insurance Company; Security National Insurance Company",2026-08-18,,2026-10-04
"Block Real Estate Services, LLC",6a85ba57c9d99eef6a3a06d1,69fded1262446148bd848d09,Dentek Inc DBA Sokolov Dental Laboratory Inc,Lease - wes705 - Dentek Inc.pdf,,,processed,false,2026-08-19,,,,false,,,false,,2026-08-19,,2026-10-04
"Block Real Estate Services, LLC",6a88b4acc165663dff4f5ba5,69fded1262446148bd848d09,Dentek Inc DBA Sokolov Dental Laboratory Inc,26-27 - co Block Real Estate Services LLC.pdf,,,processed,false,2026-08-21,,2027-09-07,2026-08-18,false,,,false,"Sentinel Insurance Company, Ltd.; AmTrust Insurance Company; Security National Insurance Company",2026-08-21,,2026-10-04
"Block Real Estate Services, LLC",6a67bf17172a8974939835cc,69fded1262446148bd848d0c,Dermatology Consultants,Lease - cm2757 - Dermatology Consultants (1).pdf,,,processed,false,2026-07-27,,,,false,,,false,,2026-07-27,,2026-10-04
"Block Real Estate Services, LLC",6a67bf17172a8974939835ec,69fded1262446148bd848d0c,Dermatology Consultants,Lease - cm2757 - Dermatology Consultants (2).pdf,,,processed,false,2026-07-27,,,,false,,,false,,2026-07-27,,2026-10-04
"Block Real Estate Services, LLC",6a6909a22d2064e3c79eac8a,69fded1262446148bd848d0c,Dermatology Consultants,Dermatology Consultant Midwest COI.pdf,,,processed,false,2026-08-03,,2027-06-29,2026-07-27,false,,,false,ACE Prop & Cas Ins CO; Bankers Standard Insurance Company; Chubb National Insurance Company; ACE American Insurance Company,2026-07-28,,2026-10-04
"Block Real Estate Services, LLC",6a47af6708adbeeac4a4754b,69fded1362446148bd848d15,Green Leaf Dispensary / DineShkumar P. Patel & Jingeshkumar D. Patel,GRC_Moberly_LLC_dba_Amaze_Cannabis_Green_Releaf_Dispensary_-_PL_-_25-26_-_PEQSPL001710-00 (1).pdf,,,processed,false,2026-07-06,,2026-11-21,,false,,,false,Palomar Excess and Surplus Insurance Company,2026-07-03,,2026-10-04
"Block Real Estate Services, LLC",6a621acef4a44f9d273a51d2,69fded1362446148bd848d24,Dollar Tree #03352,"cert_NYC_Belton MO Properties, LLC_12010508.pdf",,,processed,false,2026-07-27,,2026-09-01,2026-07-23,false,,,false,"National Union Fire Insurance Company of Pittsburgh, Pa.; National Union Fire Insurance Company of Pittsburgh, Pa.; AIU Insurance Company",2026-07-23,,2026-10-04
"Block Real Estate Services, LLC",6a70f31800191bb5cd20186a,69fded1362446148bd848d24,Dollar Tree #03352,Lease - 3rd979 - Dollar Tree #03352.pdf,,,processed,false,2026-08-03,,,,false,,,false,,2026-08-03,,2026-10-04
"Block Real Estate Services, LLC",6a830fb8fe7735c1f5f552ff,69fded1362446148bd848d24,Dollar Tree #03352,cert_NYC_Belton MO Properties_ LLC_12010508_10.pdf,,,processed,false,2026-08-21,,2027-09-01,2026-08-14,false,,,false,"National Union Fire Insurance Company of Pittsburgh, Pa.; National Union Fire Insurance Company of Pittsburgh, Pa.; AIU Insurance Company",2026-08-17,,2026-10-04
"Block Real Estate Services, LLC",6a7b70c9237c8f7b2b31ec31,69fded1362446148bd848d33,DTG Medical Electronics,DTG Commercial Insurance AMFAM.pdf,,,processed,false,2026-08-13,,,,false,,,false,,2026-08-11,,2026-10-04
"Block Real Estate Services, LLC",6a7b70ca237c8f7b2b31ec4e,69fded1362446148bd848d33,DTG Medical Electronics,Travelers Workers Comp DTG.pdf,,,processed,false,2026-08-13,,,,false,,,false,,2026-08-11,,2026-10-04
"Block Real Estate Services, LLC",6a4e7415210017bbbe93fbc4,69fded1362446148bd848d36,DaVita Dialysis / DVA Renal Healthcare,cert_SEA_c_o Block Real Estate Services_ LLC_4242598_1.pdf,,,processed,false,2026-07-08,,2026-10-01,2026-07-08,false,,,false,"Federal Way Assurance Inc.; National Union Fire Insurance Company of Pittsburgh, Pa.; AIU Insurance Company",2026-07-08,,2026-10-04
"Block Real Estate Services, LLC",6a6229bbf4a44f9d273a527d,69fded1362446148bd848d36,DaVita Dialysis / DVA Renal Healthcare,Davita 6th Amendment.pdf,,,processed,false,2026-07-27,,,,false,,,false,,2026-07-23,,2026-10-04
"Block Real Estate Services, LLC",6a6229bcf4a44f9d273a529d,69fded1362446148bd848d36,DaVita Dialysis / DVA Renal Healthcare,DVA_Base Lease.pdf,,,processed,false,2026-07-27,,,,false,,,false,,2026-07-23,,2026-10-04
"Block Real Estate Services, LLC",6abe66d17cc817ed0a3e6103,69fded1362446148bd848d36,DaVita Dialysis / DVA Renal Healthcare,cert_SEA_c_o Block Real Estate Services_ LLC_4242598_4.pdf,,,processed,false,,,2026-10-31,2026-09-30,false,,,false,"Federal Way Assurance Inc.; National Union Fire Insurance Company of Pittsburgh, Pa.; AIU Insurance Company",2026-10-01,,2026-10-04
"Block Real Estate Services, LLC",6a17120f7619b097e7760301,69fded1362446148bd848d42,EcoShield Pest Solutions,KANA GL COI 10142026.pdf,,,processed,false,2026-06-02,,2026-10-14,2026-05-05,false,,,true,West Bend Insurance Company,2026-05-27,,2026-10-04
"Block Real Estate Services, LLC",6a6222f1293db0c1319f2a5c,69fded1362446148bd848d42,EcoShield Pest Solutions,Lease - wes705 - EcoShield Pest Solutions.pdf,,,processed,false,2026-07-23,,,,false,,,false,,2026-07-23,,2026-10-04
"Block Real Estate Services, LLC",6a628b060a4315bb2509b2f5,69fded1362446148bd848d42,EcoShield Pest Solutions,"Westbrook I-II KC Partners, LLC and Guaranty _The Shield Companies, LLC_26-27 Workers' Compensati_7-1-2026_674568597.pdf",,,processed,false,2026-07-27,,2027-04-07,2026-07-01,false,,,false,Wesco Insurance Company,2026-07-23,,2026-10-04
"Block Real Estate Services, LLC",6a0631d467de4ed821df2873,69fded1362446148bd848d48,Edward Jones,cert_CHI_PinnacleCorporateCenter_LLC_7422379_534.pdf,,,processed,false,2026-06-02,,2027-05-01,2026-05-01,false,,,false,Hartford Fire Insurance Company; Twin City Fire Insurance Company; American Home Assurance Company; Hartford Accident and Indemnity Company,2026-05-14,,2026-10-04
"Block Real Estate Services, LLC",6a301779d5730a708692ac0f,69fded1362446148bd848d51,Electrical Investments Inc,ACORD Form 20260615-101533.pdf,,,processed,false,2026-06-17,,2027-01-01,2026-06-15,false,,,false,EMCASCO Insurance Company; Employers Mutual Casualty Company; Accident Fund National Insurance Company,2026-06-15,,2026-10-04
"Block Real Estate Services, LLC",6a32b07ab3b624685430d02e,69fded1362446148bd848d51,Electrical Investments Inc,Electrical Investments.pdf,,,processed,false,2026-06-17,,2027-01-01,2026-06-17,false,,,false,EMCASCO Insurance Company; Employers Mutual Casualty Company; Accident Fund National Insurance Company,2026-06-17,,2026-10-04
"Block Real Estate Services, LLC",6a270099caa475a0462053d1,69fded1362446148bd848d4e,Einstein Bros Bagels #3961,"Oak Park KS, LLC.pdf",,,processed,false,2026-06-11,,2026-10-01,,false,,,false,Liberty Mutual Fire Insurance Company; Liberty Insurance Corporation; LM Insurance Corporation,2026-06-08,,2026-10-04
"Block Real Estate Services, LLC",6a5e713955d8ca225c22f14f,69fded1362446148bd848d57,"NTR Metals / Elemental Direct USA, LLC","KCIP Riverside LLC Riverside Industrial Cent_Elemetal Direct USA, LLC_25 26 - GLIA, POLL, BAUT,_10-17-2025_202370295.pdf",,,processed,false,2026-07-22,,2026-09-01,2025-10-17,false,,,false,"Commerce and Industry Insurance Company; National Union Fire Insurance Company of Pittsburgh, Pa.; Granite State Insurance Company; AIG Specialty Insurance Company",2026-07-20,,2026-10-04
"Block Real Estate Services, LLC",6abe6b73be389a99f49f060e,69fded1362446148bd848d57,"NTR Metals / Elemental Direct USA, LLC","KCIP Riverside LLC Riverside Industrial Cent_Elemetal Direct USA, LLC_26 27 - GLIA, POLL, BAUT,_9-30-2026_1814117814.pdf",,,processed,false,,,2027-09-01,2026-09-30,false,,,false,"Commerce and Industry Insurance Company; National Union Fire Insurance Company of Pittsburgh, Pa.; Granite State Insurance Company; AIG Specialty Insurance Company",2026-10-01,,2026-10-04
"Block Real Estate Services, LLC",6a28545e0b231d12238089c1,69fded1362446148bd848d5d,Elysian Salon and Spa LLC,Updated Certificate 2026.pdf,,,processed,false,2026-06-10,,2026-12-05,2026-06-09,false,,,false,State Farm Fire and Casualty Company,2026-06-09,,2026-10-04
"Block Real Estate Services, LLC",6a29b9f66b36130833e2f81c,69fded1362446148bd848d5d,Elysian Salon and Spa LLC,Updated Certificate 2026.pdf,,,processed,false,2026-06-10,,2026-12-05,2026-06-09,false,,,false,State Farm Fire and Casualty Company; INSURER D,2026-06-10,,2026-10-04
"Block Real Estate Services, LLC",6a550602501b8361b0e98221,69fded1362446148bd848d5a,Elliott Electric Supply Inc,co Block Real Estate Services_Elliott Electric Supply Inc._2526 Master_7-13-2026_1538430327.pdf,,,processed,false,2026-07-15,,2026-12-25,2026-07-13,false,,,false,Hartford Underwriters Insurance Company; Hartford Fire Insurance Company; Hartford Casualty Insurance Company; Trumbull Insurance Company,2026-07-13,,2026-10-04
"Block Real Estate Services, LLC",6a5a4c9575cf58525d542476,69fded1362446148bd848d5a,Elliott Electric Supply Inc,Oxford Kansas Project COI.pdf,,,processed,false,2026-07-17,,2026-12-25,2026-03-20,false,,,false,"Hartford Fire Insurance Company
One Hartford Plaza
Hartford , CT 06155-0001",2026-07-17,,2026-10-04
"Block Real Estate Services, LLC",6a42b04462bbed81ea5611f6,69fded1362446148bd848d60,Emerson Ecologics LLC,"Block Real Estate Services, LLC_Fullscript, Inc._26-27 GL, Products, CUM, _6-29-2026_279567711.pdf",,,processed,false,2026-06-30,,2027-03-01,2026-06-29,false,,,false,Federal Insurance Company; Chubb National Insurance Company,2026-06-29,,2026-10-04
"Block Real Estate Services, LLC",6a470236b96533e35defdba9,69fded1462446148bd848d78,Erin McCandless Massage,ABMP.pdf,,,processed,false,2026-07-06,,2026-11-22,,false,,,false,,2026-07-03,,2026-10-04
"Block Real Estate Services, LLC",6a3948b6d382314fdae2fe20,69fded1462446148bd848d81,Excel Automation Inc.,COI Block Real Estate.pdf,,,processed,false,2026-06-23,,2026-11-30,2026-06-22,false,,,false,Ohio Security Insurance Company,2026-06-22,,2026-10-04
"Block Real Estate Services, LLC",6a0720bfc367c496881c46b5,69fded1462446148bd848d8d,Faith Technologies Inc,FaithTechnologiesInc-ClientPack-4432637.PDF,,,processed,false,2026-06-03,,2027-01-01,2026-05-04,false,,,false,The Travelers Indemnity Company; Travelers Property Casualty Company of America; The Travelers Indemnity Company of Connecticut,2026-05-15,,2026-10-04
"Block Real Estate Services, LLC",6a0720c2206702aac8607324,69fded1462446148bd848d8d,Faith Technologies Inc,COLLEGECROSSINGEFGHLLCAND_W43121750.pdf,,,processed,false,2026-06-03,,2027-01-01,2025-12-23,false,,,false,The Travelers Indemnity Company; Travelers Property Casualty Company of America; The Travelers Indemnity Company of Connecticut,2026-05-15,,2026-10-04
"Block Real Estate Services, LLC",6a0720c59839a89d50e80d73,69fded1462446148bd848d8d,Faith Technologies Inc,FaithTechnologiesInc-ClientPack-43883636.PDF,,,processed,false,2026-06-03,,2027-01-01,2026-04-01,false,,,false,The Travelers Indemnity Company; Travelers Property Casualty Company of America; The Travelers Indemnity Company of Connecticut,2026-05-15,,2026-10-04
"Block Real Estate Services, LLC",6a4e5efbbc03800db2d4e648,69fded1462446148bd848d99,FedEx/Kinko's,"0002-Brixmor Property Group Inc. &_4381321_FedEx Office and Print Services, Inc. (1).pdf",,,processed,false,2026-07-08,,2026-10-01,2025-09-24,false,,,false,Old Republic Insurance Company; ACE American Insurance Company; Indemnity Insurance Company of North America,2026-07-08,,2026-10-04
"Block Real Estate Services, LLC",6a5532e221f86634e8b19b7b,69fded1462446148bd848d99,FedEx/Kinko's,Lease - tic827 - FedEx Kinkos.PDF,,,processed,false,2026-07-14,,,,false,,,false,,2026-07-13,,2026-10-04
"Block Real Estate Services, LLC",6a304a96646087042c34d918,69fded1562446148bd848db7,Fisher & Phillips LLP,46 PC Investors LLC REVISED COI.pdf,,,processed,false,2026-06-17,,2026-12-31,2026-06-15,false,,,false,Great Northern Insurance Company; Federal Insurance Company; Executive Risk Indemnity Inc.,2026-06-15,,2026-10-04
"Block Real Estate Services, LLC",6a5fadd37b7aed3fd71c008b,69fded1562446148bd848dbd,"FleetPride, Inc",Cal-Vent Group Ltd 23250499.pdf,,,processed,false,2026-07-22,,2027-04-01,2026-03-30,false,,,false,The Travelers Indemnity Company of Connecticut; Travelers Property Casualty Company of America; Great American Insurance Company,2026-07-21,,2026-10-04
"Block Real Estate Services, LLC",6a3acb91cf85b61f730f42f0,69fded1562446148bd848dcc,"Freirich & Katz, L.C. and JD Rosen CPA, PA / Freirich & Company, LLC",25 (2016-03) Certificate of Liability Insurance.pdf,,,processed,false,2026-06-23,,2026-11-15,2026-06-18,false,,,false,Valley Forge Insurance Company; Continental Casualty Company; Valley Forge Insurance Company,2026-06-23,,2026-10-04
"Block Real Estate Services, LLC",6a79e8f87993a3857f496753,69fded1562446148bd848dcf,Frey Commodities USA Inc,COI - Frey at 4001 W 114th Suite 120 - 2026.pdf,,,processed,false,2026-08-13,,2027-01-01,2026-02-12,false,,,false,Zurich American Insurance Company; Liberty Mutual Insurance Company; Zurich Insurance Company Ltd. ( UK Branch ),2026-08-10,,2026-10-04
"Block Real Estate Services, LLC",6a847bb1d33f07cb58815983,69fded1562446148bd848dd2,Friends of the Johnson County Library,Certificate of Liability Insurance 070126.pdf,,,processed,false,2026-08-24,,2027-01-16,2026-07-07,false,,,false,Auto-Owners Insurance Company; Markel Insurance Company,2026-08-18,,2026-10-04
"Block Real Estate Services, LLC",6a42914c04ca7701e3da658d,69fded1562446148bd848ddb,"Servpro / G&C Restoration, LLC",Team jones - WC Block Real Estate Services.pdf,,,processed,false,2026-06-30,,2026-11-01,2026-06-26,false,,,false,"Firemen's Insurance Company of Washington, D.C.; Accident Fund Insurance Company of America",2026-06-29,,2026-10-04
"Block Real Estate Services, LLC",6a4ec221bc03800db2d4ec8d,69fded1562446148bd848ddb,"Servpro / G&C Restoration, LLC",Team Jones - GL with Location marked - Block Real Estate Services.pdf,,,processed,false,2026-07-14,,2027-01-06,2026-07-08,false,,,false,"Restoration Risk Retention Group, Inc.",2026-07-08,,2026-10-04
"Block Real Estate Services, LLC",6a91c25900391ff2e6084db7,69fded1562446148bd848dea,"Garage Experts of Kansas City / Win-Win Concrete & Storage, LLC",Lease - kci893 - Garage Experts of KC (1).pdf,,,processed,false,2026-08-28,,,,false,,,false,,2026-08-28,,2026-10-04
"Block Real Estate Services, LLC",6a91c25a00391ff2e6084dd6,69fded1562446148bd848dea,"Garage Experts of Kansas City / Win-Win Concrete & Storage, LLC",Lease - kci893 - Garage Experts of KC (2).pdf,,,processed,false,2026-08-28,,,,false,,,false,,2026-08-28,,2026-10-04
"Block Real Estate Services, LLC",6a983019bac4878ada1ac0ba,69fded1562446148bd848dea,"Garage Experts of Kansas City / Win-Win Concrete & Storage, LLC",26-27 COI - co Block Real Estate Services.pdf,,,processed,false,2026-09-02,,2027-05-10,2026-08-28,false,,,false,SECURA Insurance Company,2026-09-02,,2026-10-04
"Block Real Estate Services, LLC",6a98301abac4878ada1ac0da,69fded1562446148bd848dea,"Garage Experts of Kansas City / Win-Win Concrete & Storage, LLC",Win WIn.pdf,,,processed,false,2026-09-02,,2027-04-03,2026-09-01,false,,,false,Farmers Insurance Exchange,2026-09-02,,2026-10-04
"Block Real Estate Services, LLC",6ab55751524d95f35c5fc509,69fded1662446148bd848e17,Sni Valley Academy / Dr. Warren L. Moss - Grain Valley School District,Block Real Estate Requests.pdf,,,processed,false,2026-09-29,,2026-12-31,2026-05-25,false,,,false,"Missouri United School Insurance ( MUSIC ) , a self i; Safety National Casualty Corporation",2026-09-24,,2026-10-04
"Block Real Estate Services, LLC",6a05e5a1d9aed916f09c2e7c,69fded1662446148bd848e1a,"Patio Enclosures / Great Day Improvements, LLC",2026PineRidgeLiabilityCOI.pdf,,,processed,false,2026-06-01,,2027-01-01,2026-01-05,false,,,false,Liberty Mutual Insurance Company; Indemnity National Insurance Company,2026-05-14,,2026-10-04
"Block Real Estate Services, LLC",6a29e4bb895c408da11a7ada,69fded1662446148bd848e26,"Gexpro Services / Rexel USA, Inc. (fka GS Operating, LLC )","26-27 CUMBEXCS - Lawson US, Canada & NIs - Platte Valley Investment, LLC.pdf",,,processed,false,2026-06-11,,2027-03-01,2026-06-10,false,,,false,"Federal Insurance Company; National Union Fire Insurance Company of Pittsburgh, Pa.; QBE Specialty Insurance Company",2026-06-10,,2026-10-04
"Block Real Estate Services, LLC",6a29e5c86b36130833e2f858,69fded1662446148bd848e26,"Gexpro Services / Rexel USA, Inc. (fka GS Operating, LLC )",cert_CHI_Platte Valley Investment_ LLC_10101347_15 (002)-.pdf,,,processed,false,2026-06-11,,2027-03-01,2026-06-09,false,,,false,"National Union Fire Insurance Company of Pittsburgh, Pa.; New Hampshire Insurance Company; Commerce and Industry Insurance Company; Federal Insurance Company",2026-06-10,,2026-10-04
"Block Real Estate Services, LLC",6a7cd797a0bd2d02e2d8b138,69fded1662446148bd848e2c,Guardian Water & Air Systems LLC,Guardian Water & Air.pdf,,,processed,false,2026-08-19,,2026-09-01,2026-08-12,false,,,false,State Farm Fire and Casualty Company,2026-08-12,,2026-10-04
"Block Real Estate Services, LLC",6a87085f2b1ab79f9ba7f93c,69fded1662446148bd848e2c,Guardian Water & Air Systems LLC,Lease - hig143 - Guardian Water & Air Systems LLC.pdf,,,processed,false,2026-08-20,,,,false,,,false,,2026-08-20,,2026-10-04
"Block Real Estate Services, LLC",6a05f60e3b391be9f4c26f51,69fded1662446148bd848e32,H & R Block Enterprises LLC,MeghasaiLLCcoBlockRealEstateServices_HRBlockInc_26-27HRCorpUSProper_4-24-2026_20161000043.pdf,,,processed,false,2026-06-01,,2027-05-01,2026-04-24,false,,,false,Continental Casualty Company; Liberty Mutual Fire Insurance Company; Liberty Insurance Corporation,2026-05-14,,2026-10-04
"Block Real Estate Services, LLC",6aa41d4c7880ec8756e0241d,69fded1662446148bd848e3e,"Harbor Freight Tools USA, Inc",0574 Belton MO - Liability.pdf,,,processed,false,2026-09-15,,2027-09-01,2026-08-31,false,,,false,ACE American Insurance Company; ACE Property and Casualty Insurance Company,2026-09-11,,2026-10-04
"Block Real Estate Services, LLC",6a50f3b73077efcb694b72d0,69fded1762446148bd848e4d,Wright/Laird Casting / Heather Laird,BOP_ACORD_C_oBlockRealEstateServicesLLC_07_06_2026_P106419759-3800115457156.PDF,,,processed,false,2026-07-14,,2027-04-10,2026-07-06,false,,,false,Hiscox Insurance Company Inc.,2026-07-10,,2026-10-04
"Block Real Estate Services, LLC",6a3415c20f8d07d45488f201,69fded1762446148bd848e6b,"Horizon PSI / Horizon Systems, Inc.","Perg Buildings, LLC Corrected.pdf",,,processed,false,2026-06-22,,2027-03-01,2026-06-14,false,,,false,Valley Forge Insurance Company; The Continental Insurance Company; Lloyds of London,2026-06-18,,2026-10-04
"Block Real Estate Services, LLC",6a97222879fbc6f0cadb0940,69fded1762446148bd848e62,Hoambrecker Enterprises LLC,"COI - Hoambrecker Enterprises, LLC -  Block Real Estate Services, LLC.pdf",,,processed,false,2026-09-09,,2026-10-13,2026-09-01,false,,,false,FCCI Insurance Company; Waypoint Mutual,2026-09-01,,2026-10-04
"Block Real Estate Services, LLC",6a5514483d632943fbf440bc,69fded1762446148bd848e71,Hughes Machinery Company,PERG Building LLC-570120214537.pdf,,,processed,false,2026-07-14,,2027-06-01,2026-05-27,false,,,false,ACE American Insurance Company; ACE Property and Casualty Insurance Company,2026-07-13,,2026-10-04
"Block Real Estate Services, LLC",6ab2926ec58e9828be70e782,69fded1762446148bd848e7d,Hy-Vee Inc,"Westchester 87 Investors, LLC_Hy-Vee, Inc., incl All Subsidiaries_G - 2627_9-21-2026_1289574942.pdf",,,processed,false,2026-09-22,,2027-09-27,2026-09-21,false,,,false,EMCASCO Insurance Company,2026-09-22,,2026-10-04
"Block Real Estate Services, LLC",6ab2b1fb86cab77b80e5de07,69fded1762446148bd848e7d,Hy-Vee Inc,Lease - tic827 - Hy-Vee.PDF,,,processed,false,2026-09-22,,,,false,,,false,,2026-09-22,,2026-10-04
"Block Real Estate Services, LLC",6a57f7880b9ad2deddc2976e,69fded1762446148bd848e83,"Xerox / Image Quest, Inc.",c_oBlockRealEstateServices_W47275736.pdf,,,processed,false,2026-07-21,,2027-01-01,2026-07-15,false,,,false,ACE American Insurance Company; ACE Property and Casualty Insurance Company,2026-07-15,,2026-10-04
"Block Real Estate Services, LLC",6a60f6f65801cfb60ca31af6,69fded1762446148bd848e83,"Xerox / Image Quest, Inc.",Lease - cck640 - Xerox Image Quest.pdf,,,processed,false,2026-07-22,,,,false,,,false,,2026-07-22,,2026-10-04
"Block Real Estate Services, LLC",6a3d3c24035235ff667a84ae,69fded1762446148bd848e77,Hyalogic LLC,Revised Certificate.pdf,,,processed,false,2026-06-25,,2027-05-19,2026-06-25,false,,,false,Certain Underwriters at Lloyds of London; Employers Preferred Insurance Company,2026-06-25,,2026-10-04
"Block Real Estate Services, LLC",6a3d7354f08a13c0c8807031,69fded1762446148bd848e77,Hyalogic LLC,Hyalogic LLC - KCIP Riverside LLC-Platte Valley REVISED CERT.pdf,,,processed,false,2026-06-25,,2027-05-19,2026-06-25,false,,,false,CONTINENTAL CASUALTY CO; Employers Preferred Insurance Company,2026-06-25,,2026-10-04
"Block Real Estate Services, LLC",6a3d920d540c4e7a799a0485,69fded1762446148bd848e77,Hyalogic LLC,Hyalogic LLC - KCIP Riverside LLC-Platte Valley REVISED CERT.pdf,,,processed,false,2026-06-30,,2027-05-19,2026-06-25,false,,,false,CONTINENTAL CASUALTY CO; Employers Preferred Insurance Company,2026-06-25,,2026-10-04
"Block Real Estate Services, LLC",6a4bd8e6e300a9bf74f56503,69fded1762446148bd848e77,Hyalogic LLC,Hyalogic - KCIP Reissued Cert.pdf,,,processed,false,2026-07-06,,2027-05-19,2026-07-06,false,,,false,CONTINENTAL CASUALTY CO; Employers Preferred Insurance Company,2026-07-06,,2026-10-04
"Block Real Estate Services, LLC",6a3d78e5f08a13c0c880704e,69fded1762446148bd848e89,Inspire Therapy LLC,Amtrust COI.pdf,,,processed,false,2026-06-30,,2027-02-12,,false,,,false,"Technology Insurance Company, Inc.",2026-06-25,,2026-10-04
"Block Real Estate Services, LLC",6a3d78e7f08a13c0c8807089,69fded1762446148bd848e89,Inspire Therapy LLC,AICertificate_Block Real Estate Services LLC 1.pdf,,,processed,false,2026-06-30,,2027-03-28,,false,,,false,Philadelphia Indemnity Insurance Company,2026-06-25,,2026-10-04
"Block Real Estate Services, LLC",6a2c0de40628b2237ea885d8,69fded1862446148bd848e9e,"Janette Brown Insurance Agency, LLC (Farmer's Insurance)",Tyler Brown Agency_Certificate of Liability Insurance.pdf,,,processed,false,2026-06-15,,2027-03-19,2026-06-12,false,,,false,Truck Insurance Exchange; Farmers Insurance Exchange; Mid-Century Insurance Company; Fire Insurance Exchange,2026-06-12,,2026-10-04
"Block Real Estate Services, LLC",6a26c5b57f54c7a808caeac2,69fded1862446148bd848e98,"JACO / JACO General Contractor, Inc.","BLOCK REAL ESTATE SERVICES, LLC 23603386.pdf",,,processed,false,2026-06-08,,2026-11-01,2026-06-05,false,,,false,Hartford Casualty Insurance Company; Trumbull Insurance Company; National Fire Insurance Company of Hartford; Hartford Accident and Indemnity Company,2026-06-08,,2026-10-04
"Block Real Estate Services, LLC",6a22feb5b0c1404bfda217e1,69fded1862446148bd848ead,"Pinches / JLJ Holdings, LLC",Insurance COI JLJ.pdf,,,processed,false,2026-06-08,,2026-10-01,2026-06-05,false,,,false,Hartford Insurance Company of the Southeast,2026-06-05,,2026-10-04
"Block Real Estate Services, LLC",6a22ff2cb0c1404bfda217ff,69fded1862446148bd848ead,"Pinches / JLJ Holdings, LLC",PT Liability.pdf,,,processed,false,2026-06-08,,2026-11-26,2025-11-26,false,,,false,Starr Indemnity & Liability Company,2026-06-05,,2026-10-04
"Block Real Estate Services, LLC",6a661a35a553156736e08ec7,69fded1862446148bd848ead,"Pinches / JLJ Holdings, LLC",EOI_Pinches.pdf,,,processed,false,2026-07-28,,,2026-07-25,false,,,false,"Grinnell Mutual Reinsurance Company, SI",2026-07-26,,2026-10-04
"Block Real Estate Services, LLC",6a7b6f7bb5e7f185ea4b79b2,69fded1862446148bd848ead,"Pinches / JLJ Holdings, LLC",Excess Liability_JLJ.pdf,,,processed,false,2026-08-13,,,2026-08-01,false,,,false,"Grinnell Mutual Reinsurance Company, SI",2026-08-11,,2026-10-04
"Block Real Estate Services, LLC",6a2333a6a234618b199e4caa,69fded1862446148bd848ebf,Kababs,Kababs COI WC.pdf,,,processed,false,2026-06-08,,2027-04-10,2026-06-05,false,,,false,Property and Casualty Insurance Company of Hartford,2026-06-05,,2026-10-04
"Block Real Estate Services, LLC",6a87635d4a619083f3b121a4,69fded1862446148bd848ec5,Kansas City Bone & Joint Clinic,2026-2027 Certs - co Block Real Estate Services.pdf,,,processed,false,2026-08-24,,2027-01-02,2026-08-20,false,,,false,"Sentinel Insurance Company, Ltd.",2026-08-20,,2026-10-04
"Block Real Estate Services, LLC",6a298792895c408da11a7a5d,69fded1862446148bd848ece,Kansas City Urology Care,"CMP Building I, LLC_Kansas City Urology Care, PA_OP Loc GLAUUMWC 26-27_6-10-2026_1963756796.pdf",,,processed,false,2026-06-10,,2027-01-01,2026-06-10,false,,,false,"MMIC Insurance, Inc.; Travelers Property Casualty Company of America; The Charter Oak Fire Insurance Company",2026-06-10,,2026-10-04
"Block Real Estate Services, LLC",6a29a6c7956b00da7750c044,69fded1862446148bd848ece,Kansas City Urology Care,"CMP Building I, LLC_Kansas City Urology Care, PA_OP Loc GLAUUMWC 26-27_6-10-2026_671274195.pdf",,,processed,false,2026-06-10,,2027-01-01,2026-06-10,false,,,false,"MMIC Insurance, Inc.; Travelers Property Casualty Company of America; The Charter Oak Fire Insurance Company",2026-06-10,,2026-10-04
"Block Real Estate Services, LLC",6a5a45d495f24ba6c2d723af,69fded1862446148bd848ed4,WinAir,"Block Real Estate Services, LLC_Winsupply Lenexa KS Co._2025-26 Winsupply Master_7-17-2026_1498305093.pdf",,,processed,false,2026-07-22,,2026-10-01,2026-07-17,false,,,false,Sentry Insurance Company; Sentry Casualty Company; Lexington Insurance Company,2026-07-17,,2026-10-04
"Block Real Estate Services, LLC",6abbf99977c376611b6d997f,69fded1862446148bd848ed4,WinAir,co Block Real Estate Services_Winsupply Lenexa KS Co._26-27 Winsupply Master-$_9-29-2026_769104184.pdf,,,processed,false,,,2027-10-01,2026-09-29,false,,,false,Sentry Insurance Company; Sentry Casualty Company; Lexington Insurance Company,2026-09-29,,2026-10-04
"Block Real Estate Services, LLC",6abbf9a48a6bfac0bfe3f4bd,69fded1862446148bd848ed4,WinAir,co Block Real Estate Services_Winsupply Lenexa KS Co._26-27 Winsupply Master-$_9-29-2026_769104184.pdf,,,processed,false,,,2027-10-01,2026-09-29,false,,,false,Sentry Insurance Company; Sentry Casualty Company; Lexington Insurance Company,2026-09-29,,2026-10-04
"Block Real Estate Services, LLC",6a22fb07dbd3c0780a22ef57,69fded1862446148bd848ee0,Kate Smith Soiree LLC,Block Real Estate Services June 2026.pdf,,,processed,false,2026-06-08,,2026-08-15,2026-06-05,false,,,false,State Farm Fire and Casualty Company; State Farm Mutual Automobile Insurance Company,2026-06-05,,2026-10-04
"Block Real Estate Services, LLC",6a8f0cba2bd0295ea6baefd1,69fded1862446148bd848ee0,Kate Smith Soiree LLC,Lease - 3rd203 - Kate Smith Soiree LLC.pdf,,,processed,false,2026-08-26,,,,false,,,false,,2026-08-26,,2026-10-04
"Block Real Estate Services, LLC",6a457acff92324cf4d222cae,69fded1962446148bd848ee9,"KC Classic Auto, LLC",KC Classic.pdf,,,processed,false,2026-07-15,,2026-12-09,,false,,,false,,2026-07-01,,2026-10-04
"Block Real Estate Services, LLC",6a57bc52e8caaf78715d0129,69fded1962446148bd848ee9,"KC Classic Auto, LLC",Lease - tic785 - KC Classic Auto Amend.pdf,,,processed,false,2026-07-15,,,,false,,,false,,2026-07-15,,2026-10-04
"Block Real Estate Services, LLC",6a57bc53e8caaf78715d0149,69fded1962446148bd848ee9,"KC Classic Auto, LLC",Lease - tic785 - KC Classic Auto.pdf,,,processed,false,2026-07-15,,,,false,,,false,,2026-07-15,,2026-10-04
"Block Real Estate Services, LLC",6a42a7865e2a93cdf24113a2,69fded1962446148bd848ef5,"Merry Maids 391 & 604 / Khaos, Inc.",Block Real Estate Service LLC_Khaos Inc._26-27 COI_6-29-2026_783054394.pdf,,,processed,false,2026-06-30,,2027-06-01,2026-06-29,false,,,false,The Cincinnati Insurance Company; Employers Preferred Insurance Company,2026-06-29,,2026-10-04
"Block Real Estate Services, LLC",6a8f11219d440c509f07fc3c,69fded1962446148bd848ef8,Salon Expose / Kim Medina,Lease - 3rd202 - Salon Expose.pdf,,,processed,false,2026-08-26,,,,false,,,false,,2026-08-26,,2026-10-04
"Block Real Estate Services, LLC",6a8f4e205fc468e35d4355f8,69fded1962446148bd848ef8,Salon Expose / Kim Medina,Block Real Estate Services LLC_Salon Expose' LLC_2526 Cert_8-26-2026_47462989.pdf,,,processed,false,2026-09-01,,2026-10-28,2026-08-26,false,,,false,West Bend Insurance Company,2026-08-26,,2026-10-04
"Block Real Estate Services, LLC",6a56ac9cf6533cf6aa2dd8be,69fded1962446148bd848f01,"KTI / Kruger Technologies, Inc.",Kruger - waiver - WC.pdf,,,processed,false,2026-07-15,,2027-08-12,,false,,,false,,2026-07-14,,2026-10-04
"Block Real Estate Services, LLC",6aa1bbcbaec08381f4031665,69fded1962446148bd848f01,"KTI / Kruger Technologies, Inc.","c_o Block Real Estate Services, LLC, 4622 Pennsylvania Ave., Kansas City, MO, 64112, Method of Distribution_ Email.pdf",,,processed,false,2026-09-10,,2027-08-12,2026-08-11,false,,,false,Colony Insurance Company; Hartford Underwriters Insurance Company; MEM Mutual Insurance Company; Admiral Insurance Company,2026-09-09,,2026-10-04
"Block Real Estate Services, LLC",6aa2c38b2fbcc710032008f4,69fded1962446148bd848f01,"KTI / Kruger Technologies, Inc.",Lease - prg803 - KTI.pdf,,,processed,false,2026-09-10,,,,false,,,false,,2026-09-10,,2026-10-04
"Block Real Estate Services, LLC",6a3031b109f375dfb856f27f,69fded1962446148bd848f07,LabCorp / Laboratory Corporation of America Holdings,"COI 2025-2026 (Liability)_LCAH - PERG Buildings, LLC.pdf",,,processed,false,2026-06-17,,2026-11-01,2026-06-11,false,,,false,Westchester Surplus Lines Insurance Company; ACE American Insurance Company; Indemnity Insurance Company of North America; ACE Fire Underwriters Insurance Company,2026-06-15,,2026-10-04
"Block Real Estate Services, LLC",6a3be88333fe3726a48fa14e,69fded1962446148bd848f07,LabCorp / Laboratory Corporation of America Holdings,"COI 2025-2026 (liability)_LCAH - CMP Building II, LLC.pdf",,,processed,false,2026-06-25,,2026-11-01,2026-06-11,false,,,false,Westchester Surplus Lines Insurance Company; ACE American Insurance Company; Indemnity Insurance Company of North America; ACE Fire Underwriters Insurance Company,2026-06-24,,2026-10-04
"Block Real Estate Services, LLC",6aa84980690e2374a6751cbf,69fded1962446148bd848f13,"LeafFilter North, LLC/Leaf Home Safety Solutions, LLC","17700490 LeafFilter North, LLC.pdf",,,processed,false,2026-09-15,,2027-03-31,2026-08-28,false,,,false,"AIU Insurance Company; National Union Fire Insurance Company of Pittsburgh, Pa.; --- SEE ATTACHMENT",2026-09-14,,2026-10-04
"Block Real Estate Services, LLC",6a4c19645bdbb873e90ba519,69fded1962446148bd848f1c,Lenexa Manufacturing Company LLC,Lenexa Manufacturing Company LLC-Block Real Estate Services LLC-COI (2).pdf,,,processed,false,2026-07-10,,2027-01-14,,false,,,false,Travelers Casualty and Surety Company of America; Continental Casualty Company,2026-07-06,,2026-10-04
"Block Real Estate Services, LLC",6a5934a71d9ce7620fc2608e,69fded1a62446148bd848f3a,"Lynk, Inc.",26-27 Block Real Estate Services.pdf,,,processed,false,2026-07-21,,2027-05-17,,false,,,false,ACE Property and Casualty Insurance Company; Bankers Standard Insurance Company,2026-07-16,,2026-10-04
"Block Real Estate Services, LLC",6a68dc308f74d235aa07ce8e,69fded1a62446148bd848f3a,"Lynk, Inc.",76WEGDR6753 subrogation.pdf,,,processed,false,2026-07-29,,2027-05-17,2026-07-28,false,,,false,Hartford Accident and Indemnity Company,2026-07-28,,2026-10-04
"Block Real Estate Services, LLC",6a4bba455bdbb873e90ba26d,69fded1a62446148bd848f43,Magnum Systems Inc,"26-27 EOP - Block Real Estate Services, LLC.pdf",,,processed,false,2026-07-09,,2027-01-31,2026-07-06,false,,,false,"Hartford Fire Insurance Company
One Hartford Plaza
Hartford , CT 06155-0001",2026-07-06,,2026-10-04
"Block Real Estate Services, LLC",6a509a2267ec7d66154090e2,69fded1a62446148bd848f43,Magnum Systems Inc,"26-27 Master - Block Real Estate Services, LLC.pdf",,,processed,false,2026-07-13,,2027-01-31,2026-07-06,false,,,true,Hartford Fire Insurance Company; Trumbull Insurance Company; Hartford Casualty Insurance Company; Rated By Multiple Companies ( Hartford Fire & Its P & C Affiliates ); Navigators Specialty Insurance Company,2026-07-10,,2026-10-04
"Block Real Estate Services, LLC",6a57a938eeb1683e9a61a0ef,69fded1a62446148bd848f58,Marcon Marketing Concepts Inc,"Block Real Estate Services, LLC_MarCon Marketing Concepts, Inc._26-27 MASTER_7-15-2026_284676009.pdf",,,processed,false,2026-07-21,,2027-05-01,2026-07-15,false,,,false,West Bend Insurance Company; Accident Fund National Insurance Company,2026-07-15,,2026-10-04
"Block Real Estate Services, LLC",6ab52a02ae9609a8dd6c01a2,69fded1a62446148bd848f67,Massage Envy,Lease - tic827 - Massage Envy.PDF,,,processed,false,2026-09-24,,,,false,,,false,,2026-09-24,,2026-10-04
"Block Real Estate Services, LLC",6ab5462956925c0b262adad1,69fded1a62446148bd848f67,Massage Envy,COI.pdf,,,processed,false,2026-09-29,,2027-01-19,2026-09-15,false,,,false,Fidelity and Guaranty Insurance Company; AmTrust Insurance Company; Coverys Specialty Insurance Company,2026-09-24,,2026-10-04
"Block Real Estate Services, LLC",6a311d5a14a7a365eb4794db,69fded1a62446148bd848f61,"Blue Endo / Market-tiers, Inc.","Blue Endo_Market-Tiers, Inc dba Blue Endo_25-26 - 2- GL Umb WC - _6-16-2026_1930019683.pdf",,,processed,false,2026-06-17,,2026-10-06,2026-06-16,false,,,false,"Twin City Fire Insurance Company; Sentinel Insurance Company, Ltd.",2026-06-16,,2026-10-04
"Block Real Estate Services, LLC",6a454d95375e453b637982fa,69fded1a62446148bd848f61,"Blue Endo / Market-tiers, Inc.",WOS Endt for PERG $64 52WECAQ3019.pdf,,,processed,false,2026-07-06,,2026-10-06,,false,,,false,Twin City Fire Insurance Company,2026-07-01,,2026-10-04
"Block Real Estate Services, LLC",6a2aca90071d75e4ccfca200,69fded1a62446148bd848f82,McQuaid Brothers Remodeling,"14275500- High Tech Associates, LLC.pdf",,,processed,false,2026-06-11,,2026-10-01,2026-06-08,false,,,false,The Cincinnati Insurance Company,2026-06-11,,2026-10-04
"Block Real Estate Services, LLC",6abd7df5c3172799e9b9367f,69fded1a62446148bd848f82,McQuaid Brothers Remodeling,High Tech COI.pdf,,,processed,false,,,2027-10-01,2026-09-22,false,,,false,The Cincinnati Insurance Company,2026-09-30,,2026-10-04
"Block Real Estate Services, LLC",6a3b9c3c9354dca6165d2507,69fded1b62446148bd848f97,"Melcher Investment Company, LP","co Block Real Estate Services, LLC_MELCHER INVESTMENT COMPANY, LP_26-27 COI_6-23-2026_1989300139.pdf",,,processed,false,2026-06-25,,2027-01-15,2026-06-23,false,,,false,Travelers Property Casualty Company of America; The Phoenix Insurance Company,2026-06-24,,2026-10-04
"Block Real Estate Services, LLC",6a3dc3ce540c4e7a799a04b0,69fded1b62446148bd848fb2,Midwest Dance Center / Priscilla Lea Young,GL_ACORD_05_24_2026_P100284679-3570480145256.PDF,,,processed,false,2026-06-30,,2027-05-24,2026-04-09,false,,,false,Hiscox Insurance Company Inc.,2026-06-26,,2026-10-04
"Block Real Estate Services, LLC",6a73773d1d2a69d971607599,69fded1b62446148bd848fb2,Midwest Dance Center / Priscilla Lea Young,Lease - 3rd657 - Midwest Dance Center.pdf,,,processed,false,2026-08-05,,,,false,,,false,,2026-08-05,,2026-10-04
"Block Real Estate Services, LLC",6a0631e3fe7b4a8a037fa418,69fded1b62446148bd848fa6,MicroProtein Technologies Inc,COIofLiability24-25.pdf,,,processed,false,2026-07-06,,2025-02-01,2024-02-08,false,,,true,Hartford Underwriters Insurance; Trumbull Insurance Company,2026-05-14,,2026-10-04
"Block Real Estate Services, LLC",6a2c120ded413f13b3f8eb0f,69fded1b62446148bd848fa6,MicroProtein Technologies Inc,Certificate-of-liability-insurance-May-2026.pdf,,,processed,false,2026-06-25,,2027-02-01,2026-05-13,false,,,false,Hartford Underwriters Insurance Company; Trumbull Insurance Company,2026-06-12,,2026-10-04
"Block Real Estate Services, LLC",6a2c193dbca350ce6aca1f0a,69fded1b62446148bd848fa6,MicroProtein Technologies Inc,worker-compensation-policy-2026-37WECCD1082.pdf,,,processed,false,2026-06-25,,2027-02-12,2026-06-12,false,,,false,Trumbull Insurance Company,2026-06-12,,2026-10-04
"Block Real Estate Services, LLC",6a318f9122a44c46b7f11041,69fded1b62446148bd848fbb,"Midwest Vacuums / Cast, Inc.",CertificateOfInsurance.pdf,,,processed,false,2026-06-17,,2027-02-15,2026-06-16,false,,,false,Employers Preferred Insurance Company; -,2026-06-16,,2026-10-04
"Block Real Estate Services, LLC",6a7a755059c9a7bf89d7456b,69fded1b62446148bd848fbb,"Midwest Vacuums / Cast, Inc.",Cast for Block Real Estate Revised 6.17.26.pdf,,,processed,false,2026-08-13,,2026-07-17,2026-06-16,false,,,false,State Farm Fire and Casualty Company,2026-08-11,,2026-10-04
"Block Real Estate Services, LLC",6a3d733ef08a13c0c8807013,69fded1b62446148bd848fc4,"Mindful Child Wellness + Aeriel Yoga, LLC",Mindful Child and Welness and Aerial Yoga - COI - Block Realestate Services LLC.pdf,,,processed,false,2026-06-25,,2027-05-12,2026-06-24,false,,,false,State Farm Fire and Casualty Company,2026-06-25,,2026-10-04
"Block Real Estate Services, LLC",6a2857893f91c94eefb0cb5a,69fded1b62446148bd848fbe,"Mills Record Company / Mills Records, LLC",Mills Record Company Policy.pdf,,,processed,false,2026-06-11,,,,false,,,false,,2026-06-09,,2026-10-04
"Block Real Estate Services, LLC",6a05f6caf58fd13c8835e194,69fded1b62446148bd848fd3,"Dal Tile / Mohawk Carpet Distribution, Inc.","BKPROPERTIES,LLC_MohawkIndustries,Inc..pdf",,,processed,false,2026-06-01,,2026-10-01,2025-11-21,false,,,false,Zurich American Insurance Company; American Zurich Insurance Company; American Guarantee and Liability Insurance Company,2026-05-14,,2026-10-04
"Block Real Estate Services, LLC",6a30287a7828333b350b9d9c,69fded1b62446148bd848fd0,"Pride Cleaners / MJV-A, LLC",HUB Cert Secure c.o Block Real Estate - Revision.pdf,,,processed,false,2026-06-15,,2026-09-01,2026-06-12,false,,,false,Fidelity and Guaranty Insurance Company; Travelers Casualty Insurance Company of America; Travelers Property Casualty Company of America; Travelers - Standard Ins . Co,2026-06-15,,2026-10-04
"Block Real Estate Services, LLC",6a8da6a387c4cd6f5728e825,69fded1b62446148bd848fd0,"Pride Cleaners / MJV-A, LLC",HUB Cert Secure co Block Real Estate 26-27 Updated.pdf,,,processed,false,2026-08-26,,2027-09-01,2026-08-25,false,,,false,Fidelity and Guaranty Insurance Company; Travelers Casualty Insurance Company of America; Travelers Property Casualty Company of America; The Standard Fire Insurance Company,2026-08-25,,2026-10-04
"Block Real Estate Services, LLC",6a43d905c7f86ba6f2674982,69fded1c62446148bd848ff4,Netsmart Technologies Inc,"PERG BUILDINGS, LLC COI.pdf",,,processed,false,2026-06-30,,2026-11-11,2026-06-22,false,,,false,Chubb Indemnity Insurance Company; Great Northern Insurance Company; Federal Insurance Company,2026-06-30,,2026-10-04
"Block Real Estate Services, LLC",6a55038dd7a2098716cacbfe,69fded1c62446148bd848ff4,Netsmart Technologies Inc,"Netsmart COI-PERG BUILDINGS, LLC_v4.pdf",,,processed,false,2026-07-14,,2026-11-11,2026-07-01,false,,,false,Chubb Indemnity Insurance Company; Great Northern Insurance Company; Federal Insurance Company,2026-07-13,,2026-10-04
"Block Real Estate Services, LLC",6ab132fd6a4703cfe0d33358,69fded1c62446148bd848ffa,New China Super Buffet,Lease - 3rd989 - New China Super Buffet (1).pdf,,,processed,false,2026-09-21,,,,false,,,false,,2026-09-21,,2026-10-04
"Block Real Estate Services, LLC",6ab132fd6a4703cfe0d33378,69fded1c62446148bd848ffa,New China Super Buffet,Lease - 3rd989 - New China Super Buffet (2).pdf,,,processed,false,2026-09-21,,,,false,,,false,,2026-09-21,,2026-10-04
"Block Real Estate Services, LLC",6ab132ff6a4703cfe0d33397,69fded1c62446148bd848ffa,New China Super Buffet,Lease - 3rd989 - New China Super Buffet (3).pdf,,,processed,false,2026-09-21,,,,false,,,false,,2026-09-21,,2026-10-04
"Block Real Estate Services, LLC",6ab133006a4703cfe0d333b6,69fded1c62446148bd848ffa,New China Super Buffet,Lease - 3rd989 - New China Super Buffet (4).pdf,,,processed,false,2026-09-21,,,,false,,,false,,2026-09-21,,2026-10-04
"Block Real Estate Services, LLC",6ab133026a4703cfe0d333d5,69fded1c62446148bd848ffa,New China Super Buffet,Lease - 3rd989 - New China Super Buffet (5).pdf,,,processed,false,2026-09-21,,,,false,,,false,,2026-09-21,,2026-10-04
"Block Real Estate Services, LLC",6a3d5f76540c4e7a799a0404,69fded1c62446148bd848ff7,New Century Dodge Chrysler Wholesale Parts,work comp coc.pdf,,,processed,false,2026-07-08,,2027-01-01,,false,,,false,,2026-06-25,,2026-10-04
"Block Real Estate Services, LLC",6a440959d1b03a7ae56a1465,69fded1c62446148bd848ff7,New Century Dodge Chrysler Wholesale Parts,Block Real Estate Services.pdf,,,processed,false,2026-06-30,,2027-02-01,2026-06-30,false,,,false,Auto-Owners Insurance Company,2026-06-30,,2026-10-04
"Block Real Estate Services, LLC",6a85e0b1989ba4ce042c74d0,69fded1c62446148bd848ff7,New Century Dodge Chrysler Wholesale Parts,Lease - tic785 - New Century Dodge Chrysler Wholesale Parts.pdf,,,processed,false,2026-08-19,,,,false,,,false,,2026-08-19,,2026-10-04
"Block Real Estate Services, LLC",6a748f7574e9feee631bb262,69fded1c62446148bd84902a,OneDigital Borrower LLC,Block COI.pdf,,,processed,false,2026-08-10,,2027-02-26,2026-08-06,false,,,false,Great Northern Insurance Company; Federal Insurance Company; ACE American Insurance Company; Allied World Surplus Lines Insurance Company,2026-08-06,,2026-10-04
"Block Real Estate Services, LLC",6aba866952de1c00f5d4d5bc,69fded1c62446148bd84902a,OneDigital Borrower LLC,Block Real Estate COI.pdf,,,processed,false,2026-10-02,,2027-06-06,2026-09-25,false,,,false,Great Northern Insurance Company; Federal Insurance Company; ACE American Insurance Company; Allied World Surplus Lines Insurance Company,2026-09-28,,2026-10-04
"Block Real Estate Services, LLC",6abaaf5bdeaefd4c1e6d3b37,69fded1c62446148bd84902a,OneDigital Borrower LLC,Lease - ccc268 - OneDigital Borrower.pdf,,,processed,false,2026-09-28,,,,false,,,false,,2026-09-28,,2026-10-04
"Block Real Estate Services, LLC",6ab5914eae9609a8dd6c0eeb,69fded1c62446148bd849024,Ollie's Bargain Outlet Inc,"Block Real Estate Services, LLC - COI.pdf",,,processed,false,2026-09-29,,2026-11-01,2026-09-24,false,,,false,National Fire & Marine Insurance Company; Berkley Insurance Company; Twin City Fire Insurance Company; Hartford Fire Insurance Company; Hartford Accident and Indemnity Company,2026-09-24,,2026-10-04
"Block Real Estate Services, LLC",6ab59164524d95f35c5fcf76,69fded1c62446148bd849024,Ollie's Bargain Outlet Inc,"Block Real Estate Services, LLC - COI..pdf",,,processed,false,2026-09-29,,2026-11-01,2026-09-24,false,,,false,National Fire & Marine Insurance Company; Berkley Insurance Company; Twin City Fire Insurance Company; Hartford Fire Insurance Company; Hartford Accident and Indemnity Company,2026-09-24,,2026-10-04
"Block Real Estate Services, LLC",6a737abffda47045c8c9d96f,69fded1d62446148bd849048,"P1 Group / P1 Service, LLC",23833525 COI FOR BLOCK REAL ESTATE SERVICES exp2026.pdf,,,processed,false,2026-08-10,,2026-10-01,2026-08-05,false,,,false,National Fire Insurance Company of Hartford; Valley Forge Insurance Company; The Continental Insurance Company,2026-08-05,,2026-10-04
"Block Real Estate Services, LLC",6a6cd95021dc5f0a73d4ae28,69fded1d62446148bd84904e,Pack3000 LLC,Pages from 26-27 Certificates of Insurance.pdf,,,processed,false,2026-08-03,,2027-08-01,2026-07-31,false,,,false,Travelers Property Casualty Company of America; The Travelers Indemnity Company of America; The Travelers Indemnity Company; Travelers Casualty and Surety Company,2026-07-31,,2026-10-04
"Block Real Estate Services, LLC",6a52a617b2c1b4e26a703439,69fded1d62446148bd84905a,Park Hill Alano Club,Park Hill Alano Club Certificate 7.2.26 (2).pdf,,,processed,false,2026-07-14,,2027-03-12,2026-07-02,false,,,false,State Farm Fire and Casualty Company,2026-07-11,,2026-10-04
"Block Real Estate Services, LLC",6a18ac02462ef1e78eb4fadf,69fded1d62446148bd849072,People First Network of Kansas LLC,NOT FOUND - Peoples First Netweork of KS LLC.pdf,,,processed,false,2026-06-01,,2026-02-20,2026-02-23,false,,,false,West Bend Insurance Company; FirstComp Insurance Company,2026-05-28,,2026-10-04
"Block Real Estate Services, LLC",6a831c93fe7735c1f5f55400,69fded1d62446148bd84907b,Petfolk Real Estate Holdings LLC,COI - Overland Park - Liability.pdf,,,processed,false,2026-08-21,,2027-02-16,2026-03-10,false,,,false,Hartford Underwriters Insurance Company,2026-08-17,,2026-10-04
"Block Real Estate Services, LLC",6a8476c6be849ef01a1b638a,69fded1d62446148bd84907b,Petfolk Real Estate Holdings LLC,Galleria 115 Investors LLC_Petfolk Inc._2026-2027 PetFolk Inc WC _3-11-2026_59420544.pdf,,,processed,false,2026-08-21,,2027-01-01,2026-03-11,false,,,false,Hartford Casualty Insurance Company,2026-08-18,,2026-10-04
"Block Real Estate Services, LLC",6a05e8421f712c628e42e3a0,69fded1d62446148bd849081,"ICON / PRA Health Sciences / Pharmaceutical Research Associates, Inc.",CollegeCrossingJ154723.pdf,,,processed,false,2026-06-01,,2026-06-01,2025-05-30,false,,,false,Federal Insurance Company; Great Northern Insurance Company; ACE American Insurance Company,2026-05-14,,2026-10-04
"Block Real Estate Services, LLC",6a8624d11a7afddf0425e79c,69fded1e62446148bd849096,"Pizza Hut of America, Inc.",cert_CLE_Block Real Estate Services_ LLC_7520416_1.pdf,,,processed,false,2026-08-24,,2027-03-24,2026-08-19,false,,,false,ACE American Insurance Company; ACE Fire Underwriters Insurance Company; ACE Property and Casualty Insurance Company; Indemnity Insurance Company of North America,2026-08-19,,2026-10-04
"Block Real Estate Services, LLC",6a8f47a88a1e8d967f5457e8,69fded1e62446148bd849096,"Pizza Hut of America, Inc.",Lease - 3rd074 - Pizza Hut.pdf,,,processed,false,2026-08-26,,,,false,,,false,,2026-08-26,,2026-10-04
"Block Real Estate Services, LLC",6aad748c34a2d6bc23e82c11,69fded1e62446148bd849096,"Pizza Hut of America, Inc.",cert_CLE_Block Real Estate Services_ LLC_7520416_2.pdf,,,processed,false,2026-09-28,,2027-03-24,2026-09-14,false,,,false,ACE American Insurance Company; ACE Fire Underwriters Insurance Company; ACE Property and Casualty Insurance Company; Indemnity Insurance Company of North America,2026-09-18,,2026-10-04
"Block Real Estate Services, LLC",6a9982ab41d3f973352e2849,69fded1e62446148bd84909c,"Northstar Wealth / Polaris, LLC",Lease - tic663 - Polaris.pdf,,,processed,false,2026-09-03,,,,false,,,false,,2026-09-03,,2026-10-04
"Block Real Estate Services, LLC",6a9acdf230abe0dd7cd919c4,69fded1e62446148bd84909c,"Northstar Wealth / Polaris, LLC",2026-09-04 ACORD 25 - COMM COL-SIGNED.pdf,,,processed,false,2026-09-15,,2027-07-26,2026-09-04,false,,,false,State Farm Fire and Casualty Company,2026-09-04,,2026-10-04
"Block Real Estate Services, LLC",6a5521a221f86634e8b19b14,69fded1e62446148bd8490a8,Power Sales & Advertising Inc,Certificate.pdf,,,processed,false,2026-07-15,,2026-11-15,2026-07-13,false,,,false,The Travelers Indemnity Company of Connecticut; Travelers Property Casualty Company of America; Waypoint Mutual; Travelers Casualty and Surety Company of America,2026-07-13,,2026-10-04
"Block Real Estate Services, LLC",6a441f5cc7f86ba6f2674d22,69fded1e62446148bd8490b1,"Prime Source Building Products, Inc.",cert_LOS_Prime Source Associates_ LLC_2692705_15.pdf,,,processed,false,2026-06-30,,2027-06-30,2026-06-30,false,,,false,"National Union Fire Insurance Company of Pittsburgh, Pa.; AIU Insurance Company; Endurance Assurance Corporation; Indemnity Insurance Company of North America; Steadfast Insurance Company; QBE Specialty Insurance Company",2026-06-30,,2026-10-04
"Block Real Estate Services, LLC",6a2c0d1214fe6fd29725e9a3,69fded1e62446148bd8490b7,Pro Concrete Design Inc,COI - Platte Valley Investment & Block.pdf,,,processed,false,2026-06-25,,2026-10-01,2026-03-23,false,,,false,The Cincinnati Insurance Company; The Cincinnati Casualty Company; Westchester Surplus Lines Insurance Company,2026-06-12,,2026-10-04
"Block Real Estate Services, LLC",6abfabc75bb9566faaabe0a5,69fded1e62446148bd8490b7,Pro Concrete Design Inc,COI - Platte Valley Investment (Block) 10.1.2026.pdf,,,processed,false,,,2027-10-01,2026-09-29,false,,,false,The Cincinnati Insurance Company; MEM Secure Insurance Company; Westchester Surplus Lines Insurance Company,2026-10-02,,2026-10-04
"Block Real Estate Services, LLC",6a07252eb333109abbece2a7,69fded1e62446148bd8490d2,"Q4 Industries, LLC",Q4IndustriesLLC-CertificateofLiabilityInsurance-PERGBuildingsLLCBlockRealEstatesServicesLLC1.pdf,,,processed,false,2026-06-02,,2026-11-06,2026-01-22,false,,,false,Auto-Owners Insurance Company; Owners Insurance Company,2026-05-15,,2026-10-04
"Block Real Estate Services, LLC",6a7501d00166c7493f75e95f,69fded1e62446148bd8490cc,"Psychology Office Management, Inc.",Acord for Business.pdf,,,processed,false,2026-08-11,,2026-10-01,2026-08-06,false,,,false,State Farm Fire and Casualty Company,2026-08-06,,2026-10-04
"Block Real Estate Services, LLC",6a7c9036c197dd69b08fad50,69fded1e62446148bd8490cc,"Psychology Office Management, Inc.",Lease - tic752 - Psychology Office Management.pdf,,,processed,false,2026-08-12,,,,false,,,false,,2026-08-12,,2026-10-04
"Block Real Estate Services, LLC",6a958bcaee4aad1167657a61,69fded1f62446148bd8490e7,Reeves-Wiedeman Co,"CO BLOCK REAL ESTATE SERVICES, LLC COI.pdf",,,processed,false,2026-09-09,,2027-04-01,2026-03-31,false,,,false,"National Fire Insurance Company of Hartford; The Continental Insurance Company; American Casualty Company of Reading, Pennsylvania",2026-08-31,,2026-10-04
"Block Real Estate Services, LLC",6aba721a688f07052fdb7d64,69fded1f62446148bd8490f6,"Ambius / Rentokil North America, Inc. (fka JC Ehrlich Company)","PERG Buildings co Block Real Estate Services_Rentokil North America, Inc. dba Am_2026-2027 Standard.pdf",,,processed,false,2026-10-02,,2027-10-01,2026-09-23,false,,,false,ACE American Insurance Company; AXIS Insurance Company; Old Republic Insurance Company; ACE Property and Casualty Insurance Company,2026-09-28,,2026-10-04
"Block Real Estate Services, LLC",6a594825a8d82ac3668e4d88,69fded1f62446148bd849108,"Rosen's, Inc.",26-27-RDI-BlockRealEstate-COI-UPDATED.pdf,,,processed,false,2026-07-17,,2027-04-01,2026-06-19,false,,,false,ACE American Insurance Company,2026-07-16,,2026-10-04
"Block Real Estate Services, LLC",6a5a457095f24ba6c2d7238f,69fded1f62446148bd849108,"Rosen's, Inc.",Lease - 3rd497 - Rosens.pdf,,,processed,false,2026-07-22,,,,false,,,false,,2026-07-17,,2026-10-04
"Block Real Estate Services, LLC",6a8dcd34b20aab8071f9e6da,69fded1f62446148bd849114,"Royal Gyros (Royal Donuts, LLC) / Ahed Kalifa",Royal Donuts LLC Renewal Certificate 25-26-Belton MO Properties LLC 8 25 26.pdf,,,processed,false,2026-08-26,,2026-11-02,2026-08-25,false,,,false,United States Liability Insurance Company,2026-08-25,,2026-10-04
"Block Real Estate Services, LLC",6a903abfc4431ee03cf43f16,69fded1f62446148bd849114,"Royal Gyros (Royal Donuts, LLC) / Ahed Kalifa",Lease - 3rd979 - Royal Donuts.pdf,,,processed,false,2026-08-27,,,,false,,,false,,2026-08-27,,2026-10-04
"Block Real Estate Services, LLC",6a907585d65478dc6cafba15,69fded1f62446148bd849123,Safari Mart,Safari Mart Insurance Policy 2026 - 2027.pdf,,,processed,false,2026-09-01,,,,false,,,false,,2026-08-27,,2026-10-04
"Block Real Estate Services, LLC",6a99c85530abe0dd7cd903ee,69fded2062446148bd84912f,Salvation Army Family Store / The Salvation Army,Lease - 3rd989 - Salvation Army.pdf,,,processed,false,2026-09-15,,,,false,,,false,,2026-09-03,,2026-10-04
"Block Real Estate Services, LLC",6a4682b98e74644248e059d5,69fded2062446148bd849138,Scheels All Sports Inc,"Block Real Estate Services, LLC_Scheels All Sports Inc._26-27 GL AL WC UL ($10M)_7-2-2026_2025524538.pdf",,,processed,false,2026-07-08,,2027-07-01,2026-07-02,false,,,false,Zurich American Insurance Company; Allied World Assurance Company (U.S.) Inc.,2026-07-02,,2026-10-04
"Block Real Estate Services, LLC",6a566542920c7c777ab3acec,69fded2062446148bd84913e,Security Data Supply,Certificate of Insurance.pdf,,,processed,false,2026-07-14,,2027-01-30,2026-07-14,false,,,false,Hartford Underwriters Insurance Company; Nutmeg Insurance Company,2026-07-14,,2026-10-04
"Block Real Estate Services, LLC",6a8c890ad47e831614fafb57,69fded2062446148bd849141,Seen Merchandising LLC,Lease - tic783 - Seen Merchandising LLC.pdf,,,processed,false,2026-08-24,,,,false,,,false,,2026-08-24,,2026-10-04
"Block Real Estate Services, LLC",6aa9803a0ebc99a0f47162af,69fded2062446148bd849141,Seen Merchandising LLC,26-27 Seen Merchandising COI - Block Real Estate Services LLC.pdf,,,processed,false,2026-09-15,,2027-05-14,2026-09-15,false,,,false,The Charter Oak Fire Insurance Company; The Travelers Indemnity Company; Travelers Property Casualty Company of America; Accident Fund National Insurance Company,2026-09-15,,2026-10-04
"Block Real Estate Services, LLC",6a18b0a5515bd6b00b4d77cd,69fded2062446148bd84914a,"Senior Day KC / The Respite House, LLC",NOT FOUND - The Respite House LLC.pdf,,,processed,false,2026-06-01,,2026-08-14,2025-08-14,false,,,false,"Beazley Insurance Company, Inc.",2026-05-28,,2026-10-04
"Block Real Estate Services, LLC",6a05f72d3b391be9f4c2b307,69fded2062446148bd849147,Select Physical Therapy / Healthsouth Corp,SelectMedicalCorporationCOIMidwestKetterInvestmentsLLC3.pdf,,,processed,false,2026-06-01,,2026-12-31,2026-03-26,false,,,false,"Liberty Mutual Fire Insurance Company; Allied World Assurance Company , AG; National Fire & Marine Insurance Company; American Guarantee and Liability Insurance Company; LM Insurance Corporation; Ironshore Specialty Insurance Company",2026-05-14,,2026-10-04
"Block Real Estate Services, LLC",6a553cdc0354bdc4ee306ef5,69fded2062446148bd849156,"Echo Electric / Springfield Electric Supply Company, LLC (fka Shaw Supply Company)",Lease - pas771 - Springfield Electric Company.pdf,,,processed,false,2026-07-13,,,,false,,,false,,2026-07-13,,2026-10-04
"Block Real Estate Services, LLC",6a75f833729ed242a920d049,69fded2062446148bd849156,"Echo Electric / Springfield Electric Supply Company, LLC (fka Shaw Supply Company)",Paseo Industrial.pdf,,,processed,false,2026-08-11,,2027-01-01,2026-08-06,false,,,false,Hartford Fire Insurance Company; ACE Property and Casualty Insurance Company,2026-08-07,,2026-10-04
"Block Real Estate Services, LLC",6a8d86e987c4cd6f5728e3ab,69fded2062446148bd84915f,"Shoe Sensation, Inc.","co Block Real Estate Services, LLC_Shoe Sensation, Inc._26-27 Main Certificate_8-25-2026_7124135.pdf",,,processed,false,2026-08-26,,2027-07-31,2026-08-25,false,,,false,The Standard Fire Insurance Company; Travelers Property Casualty Insurance Company; The Travelers Indemnity Company; The Phoenix Insurance Company,2026-08-25,,2026-10-04
"Block Real Estate Services, LLC",6aa1bc61aec08381f4031682,69fded2062446148bd84915f,"Shoe Sensation, Inc.",Lease - tic873 - Shoe Sensation (1).pdf,,,processed,false,2026-09-09,,,,false,,,false,,2026-09-09,,2026-10-04
"Block Real Estate Services, LLC",6aa1bc62aec08381f40316a1,69fded2062446148bd84915f,"Shoe Sensation, Inc.",Lease - tic873 - Shoe Sensation (2).pdf,,,processed,false,2026-09-09,,,,false,,,false,,2026-09-09,,2026-10-04
"Block Real Estate Services, LLC",6a3d7b3c540c4e7a799a0422,69fded2062446148bd849162,"Show Me State Vital Care / Show Me State Infusion Pharmacy, LLC",Worker's Comp_Show Me_Cert of Insurance Liability_Policy UB-B1092529-26-42_03.07.26 through 03.07.27_Riverside_Block Real Estate Services.pdf,,,processed,false,2026-06-26,,2027-03-07,2026-06-25,false,,,false,TRAVELERS CASUALTY INSURANCE COMPANY OF AMERICA,2026-06-25,,2026-10-04
"Block Real Estate Services, LLC",6a43f19f04ca7701e3da6a21,69fded2062446148bd849162,"Show Me State Vital Care / Show Me State Infusion Pharmacy, LLC",Pharmacist Mutual_Block Real Estate Doc.pdf,,,processed,false,2026-06-30,,2027-05-14,2026-05-28,false,,,false,Pharmacists Insurance Company; Chiron Insurance Company,2026-06-30,,2026-10-04
"Block Real Estate Services, LLC",6a6ba4ae1883c81e7bc778c8,69fded2062446148bd849162,"Show Me State Vital Care / Show Me State Infusion Pharmacy, LLC",Lease - kci893 - Show Me State Vital Care.pdf,,,processed,false,2026-07-30,,,,false,,,false,,2026-07-30,,2026-10-04
"Block Real Estate Services, LLC",6a837672d00ce33ba8a1b474,69fded2062446148bd84916e,SJK Global LLC,COI - Block Real Estate (1).pdf,,,processed,false,2026-08-17,,2027-01-23,2026-07-24,false,,,false,"Sentinel Insurance Company, Ltd.; Trumbull Insurance Company",2026-08-17,,2026-10-04
"Block Real Estate Services, LLC",6a8376b0fe7735c1f5f55741,69fded2062446148bd84916e,SJK Global LLC,Lease - tic680 - SJK Clobal LLC.pdf,,,processed,false,2026-08-17,,,,false,,,false,,2026-08-17,,2026-10-04
"Block Real Estate Services, LLC",6a32d114106a7c71e356808a,69fded2062446148bd849174,Slim 4 Life Weight Loss Centers Inc,"Midwest Ketter Investments, LLC_4 Life Weight Loss Centers, Inc._Master 26-27_6-16-2026_2059136014.pdf",,,processed,false,2026-06-17,,2026-11-13,,false,,,false,Hartford Casualty Insurance Company,2026-06-17,,2026-10-04
"Block Real Estate Services, LLC",6abd4ad2c3172799e9b92edd,69fded2062446148bd849174,Slim 4 Life Weight Loss Centers Inc,Block-Real-Estate-Services-LLC_Master-26-27-(WCOM-26- 093026.pdf,,,processed,false,,,2027-02-02,2026-09-30,false,,,false,"Travelers Casualty and Surety Company of America; Sentinel Insurance Company, Ltd.",2026-09-30,,2026-10-04
"Block Real Estate Services, LLC",6abe74838a6bfac0bfe445a3,69fded2062446148bd849174,Slim 4 Life Weight Loss Centers Inc,"Block Real Estate Services, LLC_4 Life Weight Loss Centers, Inc._Master 26-27_9-30-2026_1432944954.pdf",,,processed,false,,,2027-02-02,2026-09-30,false,,,false,"Sentinel Insurance Company, Ltd.; Travelers Casualty Insurance Company of America",2026-10-01,,2026-10-04
"Block Real Estate Services, LLC",6a2c1a679bc55938cfee9dba,69fded2162446148bd84917a,"Church's Chicken / SNSA, Inc.",scan0001.pdf,,,processed,false,2026-06-15,,2027-03-06,2026-04-21,false,,,false,MIDWEST INSURANCE COMPANY,2026-06-12,,2026-10-04
"Block Real Estate Services, LLC",6abe716f8a6bfac0bfe44552,69fded2162446148bd84917a,"Church's Chicken / SNSA, Inc.",snsa.pdf,,,processed,false,,,,,false,,,false,,2026-10-01,,2026-10-04
"Block Real Estate Services, LLC",6a870cb7ad5262fbc69871dd,69fded2162446148bd849180,Sobriety First,Lease - 3rd654 - Sobriety First.pdf,,,new,false,2026-08-20,,,,false,,,false,,2026-08-20,,2026-10-04
"Block Real Estate Services, LLC",6a8756374679691826ed9f2f,69fded2162446148bd849180,Sobriety First,COI_AUG2026.pdf,,,processed,false,2026-08-24,,2027-01-13,2026-08-11,false,,,false,"Acuity, A Mutual Insurance Company",2026-08-20,,2026-10-04
"Block Real Estate Services, LLC",6a2c2c15c38059b01dfb2fa5,69fded2162446148bd849198,"Sports Rehab and Physical Therapy Associates, Inc. (sublease from Kansas City Bone & Joint)",26-27 OfficePac Policy - SR.pdf,,,processed,false,2026-06-25,,2027-01-15,,false,,,false,,2026-06-12,,2026-10-04
"Block Real Estate Services, LLC",6a58c61e2ff1568432c9255f,69fded2162446148bd849198,"Sports Rehab and Physical Therapy Associates, Inc. (sublease from Kansas City Bone & Joint)",COI - Block.pdf,,,processed,false,2026-07-21,,2027-01-15,2026-07-16,false,,,false,Amercian Casualty Co. of Reading PA; Hartford Casualty Insurance Company; TRAVELERS INDEMNITY COMPANY,2026-07-16,,2026-10-04
"Block Real Estate Services, LLC",6a562548f701fa0e9775e549,69fded2162446148bd849195,Sports Rehab & Physical Therapy Inc,COI - CMP II LLC.pdf,,,processed,false,2026-07-15,,2027-01-15,2026-07-14,false,,,false,Amercian Casualty Co. of Reading PA; Hartford Casualty Insurance Company; TRAVELERS INDEMNITY COMPANY,2026-07-14,,2026-10-04
"Block Real Estate Services, LLC",6aa862cc2947094034f400d6,69fded2162446148bd849195,Sports Rehab & Physical Therapy Inc,Lease - cm3758 - Sports Rehab and Physical Therapy.pdf,,,processed,false,2026-09-14,,,,false,,,false,,2026-09-14,,2026-10-04
"Block Real Estate Services, LLC",6a17742d6f7e352b1797b241,69fded2162446148bd8491a7,"Staples, Inc.","Block Income Fund III, LP co Block Real Esta_Staples, Inc._26-27 All Lines $10M - St_5-27-2026_29969952.pdf",,,processed,false,2026-06-02,,2027-06-01,2026-05-27,false,,,false,Travelers Property Casualty Company of America; Indemnity Insurance Company of North America; ACE Fire Underwriters Insurance Company; ACE American Insurance Company,2026-05-27,,2026-10-04
"Block Real Estate Services, LLC",6a6226680548cd9193c1f7d2,69fded2162446148bd8491a7,"Staples, Inc.","Lease - tic949 - Staples, Inc.pdf",,,processed,false,2026-07-27,,,,false,,,false,,2026-07-23,,2026-10-04
"Block Real Estate Services, LLC",6a28099f9f092c55a134bc63,69fded2162446148bd8491b0,Starbucks Corporation #9654,2026 Starbucks Universal MOI.pdf,,,processed,false,2026-06-11,,2026-10-01,,false,,,false,Zurich American Insurance Company; American Guarantee and Liability Insurance Company,2026-06-09,,2026-10-04
"Block Real Estate Services, LLC",6a57b3b03817dd155dae1af5,69fded2162446148bd8491b0,Starbucks Corporation #9654,Lease - 3rd543 - Starbucks.pdf,,,processed,false,2026-07-16,,,,false,,,false,,2026-07-15,,2026-10-04
"Block Real Estate Services, LLC",6a3415063a28b57599a17cd8,69fded2162446148bd8491bc,Stratus Surfaces LLC,"26-27 Master COI - Block Real Estate Services, LLC.pdf",,,processed,false,2026-06-22,,2027-05-01,2026-06-18,false,,,false,Employers Mutual Casualty Company,2026-06-18,,2026-10-04
"Block Real Estate Services, LLC",6a6247fe0a4315bb2509b1fe,69fded2162446148bd8491cb,Summit Heating & Cooling LLC,195.1 Blcok Real Estate.pdf,,,processed,false,2026-07-27,,2027-04-07,2026-07-23,false,,,false,Federated Mutual Insurance Company,2026-07-23,,2026-10-04
"Block Real Estate Services, LLC",6a85bb9dc19367ed238c74ba,69fded2162446148bd8491c8,"Subway Real Estate, LLC",ACORD Form 20260817-132942.pdf,,,processed,false,2026-08-24,,2027-05-01,2026-05-08,false,,,false,Allmerica Financial Benefit Insurance Company,2026-08-19,,2026-10-04
"Block Real Estate Services, LLC",6a3bea879af3fe11c94296b0,69fded2262446148bd8491d4,"Sunflower Food Company / Sunflower Hills, Inc.",Certificate Of Liability Insurance (55).pdf,,,processed,false,2026-06-30,,2027-01-01,,false,,,false,Sentry Insurance Company; Middlesex Insurance Company,2026-06-24,,2026-10-04
"Block Real Estate Services, LLC",6a9adf99df004f6028b2b176,69fded2262446148bd8491fe,The American National Red Cross,40358 - COI Certificate 2026-2027.pdf,,,processed,false,2026-09-04,,2027-07-01,2026-08-29,false,,,false,Old Republic Insurance Company; Factory Mutual Insurance Company,2026-09-04,,2026-10-04
"Block Real Estate Services, LLC",6a9af29424fe7bff135a17f5,69fded2262446148bd8491fe,The American National Red Cross,Lease - prg845 - The American National Red Cross.pdf,,,processed,false,2026-09-04,,,,false,,,false,,2026-09-04,,2026-10-04
"Block Real Estate Services, LLC",6a3c11ee471d21bbc95f6c8f,69fded2262446148bd84920d,Argosy Casino & Hotel / The Missouri Gaming Company,6-24-26 Block Income Fund COI.pdf,,,processed,false,2026-06-25,,2027-04-01,2026-06-24,false,,,false,Zurich American Insurance Company; American Guarantee and Liability Insurance Company; American Zurich Insurance Company,2026-06-24,,2026-10-04
"Block Real Estate Services, LLC",6a3eaec4c35829c634df588f,69fded2262446148bd84920d,Argosy Casino & Hotel / The Missouri Gaming Company,6-26-2026 Block Income Fund COI.pdf,,,processed,false,2026-06-30,,2027-04-01,2026-06-26,false,,,false,Zurich American Insurance Company; American Guarantee and Liability Insurance Company; American Zurich Insurance Company,2026-06-26,,2026-10-04
"Block Real Estate Services, LLC",6a55207e4a3538cc4162dae0,69fded2262446148bd84920d,Argosy Casino & Hotel / The Missouri Gaming Company,Lease - bf3944 - Argosy Casino & Hotel.pdf,,,processed,false,2026-07-13,,,,false,,,false,,2026-07-13,,2026-10-04
"Block Real Estate Services, LLC",6a6233138684afcc42f2267a,69fded2262446148bd849207,"Rogers Labs (fka P&C Next) / The Compatibility Center, LLC",acord25 - 2026-07-23T102758.209.pdf,,,processed,false,2026-07-27,,2026-09-14,2026-07-23,false,,,false,State Farm Fire and Casualty Company,2026-07-23,,2026-10-04
"Block Real Estate Services, LLC",6a71ed355d1c88bd9bf67cb6,69fded2262446148bd849207,"Rogers Labs (fka P&C Next) / The Compatibility Center, LLC",Lease - prg835 - Rogers Labs.pdf,,,processed,false,2026-08-04,,,,false,,,false,,2026-08-04,,2026-10-04
"Block Real Estate Services, LLC",6aa1b0d4aec08381f4031536,69fded2262446148bd849213,The Sunderland Foundation,CERTIFICATE OF INSURANCE (COI).Pdf.pdf,,,processed,false,2026-09-15,,2027-05-21,2026-08-05,false,,,false,Twin City Fire Insurance Company,2026-09-09,,2026-10-04
"Block Real Estate Services, LLC",6aa1b0d6aec08381f4031553,69fded2262446148bd849213,The Sunderland Foundation,CERTIFICATE OF INSURANCE WC.Pdf,,,processed,false,2026-09-15,,2027-05-21,2026-08-05,false,,,false,Trumbull Insurance Company,2026-09-09,,2026-10-04
"Block Real Estate Services, LLC",6a7c70bb6e9b75f254994558,69fded2262446148bd849222,Titan Built LLC,CO BLOCK REAL ESTATE SERVICES 23857026.pdf,,,processed,false,2026-08-17,,2027-01-01,2026-08-11,false,,,true,The Travelers Indemnity Company of America; The Phoenix Insurance Company; The Travelers Indemnity Company of Connecticut; Travelers Property Casualty Company of America,2026-08-12,,2026-10-04
"Block Real Estate Services, LLC",6a837357fe6e043d430021da,69fded2262446148bd849222,Titan Built LLC,Lease - prg815 - Titan Built LLC.pdf,,,processed,false,2026-08-17,,,,false,,,false,,2026-08-17,,2026-10-04
"Block Real Estate Services, LLC",6a8712bc0e0411c58935fed2,69fded2362446148bd849234,"DaVita Dialysis / Total Renal Care, Inc.",Lease - cm3758 - DaVita Dialysis.pdf,,,processed,false,2026-08-20,,,,false,,,false,,2026-08-20,,2026-10-04
"Block Real Estate Services, LLC",6a87517457179b53adb1c04d,69fded2362446148bd849234,"DaVita Dialysis / Total Renal Care, Inc.",cert_SEA_Block Real Estate Services_ LLC_4251572_1.pdf,,,processed,false,2026-08-21,,2026-10-01,2026-08-20,false,,,false,"Federal Way Assurance Inc.; National Union Fire Insurance Company of Pittsburgh, Pa.; AIU Insurance Company",2026-08-20,,2026-10-04
"Block Real Estate Services, LLC",6abd8735c3172799e9b93796,69fded2362446148bd849234,"DaVita Dialysis / Total Renal Care, Inc.",cert_SEA_C_o Block Real Estate Services_4236816_4.pdf,,,processed,false,,,,,false,,,false,,2026-09-30,,2026-10-04
"Block Real Estate Services, LLC",6ac178ae8ac6612a4416d8c9,69fded2362446148bd849234,"DaVita Dialysis / Total Renal Care, Inc.",cert_SEA_c_o Block Real Estate Services_ LLC_4277286_3.pdf,,,processed,false,,,2026-10-31,2026-10-02,false,,,false,Federal Way Assurance Inc.; N / A; AIU Insurance Company,2026-10-03,,2026-10-04
"Block Real Estate Services, LLC",6ac178ba31889a46e44bc479,69fded2362446148bd849234,"DaVita Dialysis / Total Renal Care, Inc.",cert_SEA_c_o Block Real Estate Services_ LLC_4277286_3.pdf,,,processed,false,,,2026-10-31,2026-10-02,false,,,false,Federal Way Assurance Inc.; N / A; AIU Insurance Company,2026-10-03,,2026-10-04
"Block Real Estate Services, LLC",6a92291feabdbcdc763329ae,69fded2362446148bd84924c,"Once Upon A Smile / UB Dental, LLC",Cert_Proof_of_Coverage_57146992.pdf,,,processed,false,2026-09-01,,2027-04-22,2026-03-23,false,,,true,Allmerica Financial Benefit Insurance Company,2026-08-29,,2026-10-04
"Block Real Estate Services, LLC",6a3eacfca83126525e69621f,69fded2362446148bd849252,UMB Bank N.A.,previewliabilityholder (3).pdf,,,processed,false,2026-06-30,,2027-07-01,2026-06-25,false,,,false,American Zurich Insurance Company; Zurich American Insurance Company; American Guarantee and Liability Insurance Company,2026-06-26,,2026-10-04
"Block Real Estate Services, LLC",6a59728e0b03d2d2c5b657fc,69fded2362446148bd849264,"United Access of KC, LLC",COI - Evidence of Insurance 26-27.pdf,,,processed,false,2026-07-21,,2027-07-01,2026-06-26,false,,,false,Hartford Fire Insurance Company; Hartford Casualty Insurance Company; Wesco Insurance Company,2026-07-17,,2026-10-04
"Block Real Estate Services, LLC",6a556848501b8361b0e98501,69fded2462446148bd849282,Verizon / Cellular Sales,"Verizon  Cellular Sales_Steven G. Kremer, as Trustee of the.pdf",,,processed,false,2026-07-15,,2026-09-17,2026-07-13,false,,,false,Hartford Underwriters Insurance Company,2026-07-13,,2026-10-04
"Block Real Estate Services, LLC",6aae05379a5cd239c5ac0d53,69fded2462446148bd849282,Verizon / Cellular Sales,IMG_0613.png,,,processed,false,2026-09-28,,2027-09-17,,false,,,false,,2026-09-19,,2026-10-04
"Block Real Estate Services, LLC",6a85e9811a7afddf0425e3c0,69fded2462446148bd84928b,Vintage Stock,Block EPI.pdf,,,processed,false,2026-08-24,,2027-07-11,2026-08-19,false,,,false,EMCASCO Insurance Company,2026-08-19,,2026-10-04
"Block Real Estate Services, LLC",6a8f47255fc468e35d4354b1,69fded2462446148bd84928b,Vintage Stock,Lease - 3rd989 - Vintage Stock.pdf,,,processed,false,2026-08-27,,,,false,,,false,,2026-08-26,,2026-10-04
"Block Real Estate Services, LLC",6a904c93c4d6cc128e209669,69fded2462446148bd84928b,Vintage Stock,Lease - 3rd989 - Vintage Stock 1.pdf,,,processed,false,2026-08-27,,,,false,,,false,,2026-08-27,,2026-10-04
"Block Real Estate Services, LLC",6a57bfece8caaf78715d0169,69fded2462446148bd84929a,"VRC Companies, LLC (fka T2 Holdings, LLC/Redishred Kansas, Inc. dba Proshred Security)",VRC BLOCK Real Estate Services LLC (003) - 2026-2027 COI.pdf,,,processed,false,2026-07-21,,2027-07-01,2026-07-15,false,,,false,Federal Insurance Company,2026-07-15,,2026-10-04
"Block Real Estate Services, LLC",6a57d78d0ff069ab41ffc46d,69fded2462446148bd84929a,"VRC Companies, LLC (fka T2 Holdings, LLC/Redishred Kansas, Inc. dba Proshred Security)","BLOCK Real Estate Services, LLC.pdf",,,processed,false,2026-07-21,,2027-07-01,2026-07-15,false,,,false,Federal Insurance Company,2026-07-15,,2026-10-04
"Block Real Estate Services, LLC",6a22ecb5e73a40141679f0b6,69fded2462446148bd8492a6,Wayfair LLC,"College IJ, LLC.pdf",,,processed,false,2026-06-08,,2026-12-31,2026-01-07,false,,,false,ACE American Insurance Company; ACE Property and Casualty Insurance Company; Indemnity Insurance Company of North America; ACE Fire Underwriters Insurance Company,2026-06-05,,2026-10-04
"Block Real Estate Services, LLC",6aa31093f232d23aff6afb1c,69fded2462446148bd8492a6,Wayfair LLC,"College IK, LLC and 4120 Rainbow Associates LLC_1172969_19_001.pdf",,,processed,false,2026-09-15,,2027-09-01,,false,,,false,,2026-09-10,,2026-10-04
"Block Real Estate Services, LLC",6a469d32797dbac10da8c63f,69fded2462446148bd8492af,"Satellite Engineering / WESCO Distribution, Inc.",26-27 WESCO Landlords - Block Real Estate Services.pdf,,,processed,false,2026-07-09,,2027-06-04,2026-07-01,false,,,false,Travelers Property Casualty Company of America,2026-07-02,,2026-10-04
"Block Real Estate Services, LLC",6a563f5f68ef626ef3e04450,69fded2462446148bd8492af,"Satellite Engineering / WESCO Distribution, Inc.","Lease - bkp363 - Wesco Distribution, Inc.pdf",,,processed,false,2026-07-14,,,,false,,,false,,2026-07-14,,2026-10-04
"Block Real Estate Services, LLC",6a625c030548cd9193c1f8c7,6a171003ee5ef0b8dcf522cf,"Pop! Vintage Furniture & Accessories, LLC",Lease - 3rd312 - Pop Vintage Furniture & Accessories.pdf,,,processed,false,2026-07-23,,,,false,,,false,,2026-07-23,,2026-10-04
"Block Real Estate Services, LLC",6a862550989ba4ce042c8143,6a171003ee5ef0b8dcf522cf,"Pop! Vintage Furniture & Accessories, LLC","Lee Van Dyne - 310,312 Westport COI Updated.pdf",,,processed,false,2026-08-24,,2027-08-10,2026-08-19,false,,,false,State Farm Fire and Casualty Company,2026-08-19,,2026-10-04
"Block Real Estate Services, LLC",6a60edc50a4315bb2509af45,6a1757dbf2985118876d7f9a,Afrah Event Center / Astro Ventures,CERTIFICATE OF INSURANCE.Pdf,,,processed,false,2026-07-27,,2027-03-01,2026-02-11,false,,,false,Property and Casualty Insurance Company of Hartford,2026-07-22,,2026-10-04
"Block Real Estate Services, LLC",6a75fd50c90f9fbf1a4881d2,6a17544d68ca7e9989502900,Spurgeon Chiropractic / Dr. Ryan Spurgeon Healing Neck & Joints,Workers_Comp_COI_2027.pdf,,,processed,false,2026-08-11,,2027-08-20,2026-07-22,false,,,false,"Technology Insurance Company, Inc.",2026-08-07,,2026-10-04
"Block Real Estate Services, LLC",6a7b67cec76aff2649568290,6a17544d68ca7e9989502900,Spurgeon Chiropractic / Dr. Ryan Spurgeon Healing Neck & Joints,Lease - tic827 - Dr. Ryan Spurgeon Healing Neck & Joints.PDF,,,processed,false,2026-08-11,,,,false,,,false,,2026-08-11,,2026-10-04
"Block Real Estate Services, LLC",6a7f16dd00717d6a731c235f,6a17544d68ca7e9989502900,Spurgeon Chiropractic / Dr. Ryan Spurgeon Healing Neck & Joints,Waiver of Transfer of Rights.pdf,,,processed,false,2026-08-14,,2027-02-05,,false,,,false,,2026-08-14,,2026-10-04
"Block Real Estate Services, LLC",6a7f16de00717d6a731c237c,6a17544d68ca7e9989502900,Spurgeon Chiropractic / Dr. Ryan Spurgeon Healing Neck & Joints,Spurgeon Chiropractic COI for Block Real Estate LLC.pdf,,,processed,false,2026-08-14,,2027-02-05,2026-07-13,false,,,false,State Farm Fire and Casualty Company,2026-08-14,,2026-10-04
"Block Real Estate Services, LLC",6a7f16df00717d6a731c2398,6a17544d68ca7e9989502900,Spurgeon Chiropractic / Dr. Ryan Spurgeon Healing Neck & Joints,Additional Insured.pdf,,,processed,false,2026-08-14,,2027-02-05,,false,,,false,,2026-08-14,,2026-10-04
"Block Real Estate Services, LLC",6a6226dd8684afcc42f225a6,6a1862ef17ab90e8a02e444c,Fire House Subs,Manifest 42 cert Block Real Estate rev 7-23-2026.pdf,,,processed,false,2026-07-27,,2027-04-12,2026-07-23,false,,,false,Hartford Underwriters Insurance Company; Hartford Insurance Company of the Southeast,2026-07-23,,2026-10-04
"Block Real Estate Services, LLC",6aa7e15e3633d98d564fffce,6a18663117ab90e8a02f12a9,Midwest Heart & Vascular and KCHRI (Kansas City Heart Rhythm Institute),2026 COI KS.pdf,,,processed,false,2026-09-15,,2027-01-01,,false,,,false,,2026-09-14,,2026-10-04
"Block Real Estate Services, LLC",6abbc9e877c376611b6d8a7b,6a18663117ab90e8a02f12a9,Midwest Heart & Vascular and KCHRI (Kansas City Heart Rhythm Institute),Lease - rmc764 - Midwest Heart & Vascular.pdf,,,processed,false,2026-09-29,,,,false,,,false,,2026-09-29,,2026-10-04
"Block Real Estate Services, LLC",6a70a1f3638998dcd2d99fe4,6a186650b517ae25a87c5643,Kansas City Vascular & General Surgery Group / HCA Midwest Health,2026 COI KS.pdf,,,processed,false,2026-08-04,,2027-01-01,,false,,,false,,2026-08-03,,2026-10-04
"Block Real Estate Services, LLC",6a737945b4a93d6da7e4226f,6a186650b517ae25a87c5643,Kansas City Vascular & General Surgery Group / HCA Midwest Health,Lease - rmc764 - KC Vascual & General Surgery Group 1.pdf,,,processed,false,2026-08-05,,,,false,,,false,,2026-08-05,,2026-10-04
"Block Real Estate Services, LLC",6a70a189638998dcd2d99fc6,6a18663d462ef1e78ea4b046,HCA-OPRMC,2026 COI KS.pdf,,,processed,false,2026-08-04,,2027-01-01,,false,,,false,,2026-08-03,,2026-10-04
"Block Real Estate Services, LLC",6abbc7588a6bfac0bfe3dfe7,6a18663d462ef1e78ea4b046,HCA-OPRMC,Lease - rmc764 - HCA-OPRMC.pdf,,,processed,false,2026-09-29,,,,false,,,false,,2026-09-29,,2026-10-04
"Block Real Estate Services, LLC",6a861480989ba4ce042c8104,6a18721753ab917b1e649498,"Critical Facilities Technology, LLC",CFT - Block Real Estate Services 26-27 Revised 8.19.26.pdf,,,processed,false,2026-08-24,,2027-06-01,2026-08-10,false,,,false,Central Insurance Company; Pinnacol Assurance; Allied World Surplus Lines Ins; Travelers Casualty and Surety Company of America,2026-08-19,,2026-10-04
"Block Real Estate Services, LLC",6a3aacffcf85b61f730f4249,6a187263e701796d85de7c91,"LVT Trucking, Inc.","Block Real Estate Services, LLC_LVT Trucking, Inc._2627 Main Cert_6-22-2026_2083858035.pdf",,,processed,false,2026-06-23,,2027-07-01,2026-06-22,false,,,false,Northland Insurance Company,2026-06-23,,2026-10-04
"Block Real Estate Services, LLC",6a199dcab590b85877cccd3e,6a199d6fabae685b1c514ece,CB Smoothie Supps LLC,CB Smoothie Supps LLC COI.pdf,,,processed,false,2026-06-01,,2027-04-21,,false,,,false,Midvale Indemnity Company,2026-05-29,,2026-10-04
"Block Real Estate Services, LLC",6a85e6b4451d3079018061c8,6a1dcea405955276b691e1da,Regal Distributing Co.,Lease - len462 - Regal Distributing Co.pdf,,,new,false,2026-08-19,,,,false,,,false,,2026-08-19,,2026-10-04
"Block Real Estate Services, LLC",6a863b02c9d99eef6a3a0c06,6a1dcea405955276b691e1da,Regal Distributing Co.,"Block Real Estate Services LLC_Regal Distributing Co., Inc._26 GAUW Regal_8-19-2026_135634014.pdf",,,processed,false,2026-08-24,,2027-01-01,2026-08-19,false,,,false,The Travelers Indemnity Company of America; Travelers Casualty Company of Connecticut; Travelers Property Casualty Company of America; The Standard Fire Insurance Company,2026-08-19,,2026-10-04
"Block Real Estate Services, LLC",6a0619021f712c628e549e8c,6a1dd913a0ed8c51ab1dfbe5,"Hercules Industries, Inc. (fka National Sales Company)",LenexaCOI.pdf,,,processed,false,2026-06-02,,2026-09-01,2026-01-09,false,,,false,"Acuity, A Mutual Insurance Company; Crum and Forster Insurance Company",2026-05-14,,2026-10-04
"Block Real Estate Services, LLC",6a5fd6f43d7c8f1b1ccd3d20,6a1ddffd98a3fac93a1cc908,"DPTRE, LLC (fka Fleming Advisors, LLC)",LititzB.Poly3.26-3.27.pdf,,,processed,false,2026-07-22,,,,false,,,false,,2026-07-21,,2026-10-04
"Block Real Estate Services, LLC",6a71f6315d1c88bd9bf67d51,6a1ddffd98a3fac93a1cc908,"DPTRE, LLC (fka Fleming Advisors, LLC)",ECR - 3rd307 - Parkway 134.pdf,,,processed,false,2026-08-04,,,,false,,,false,,2026-08-04,,2026-10-04
"Block Real Estate Services, LLC",6a679e7bba4848e2d365b274,6a1de0072575f4fed44847a8,Home Cleaning Center of America,Home Cleaning Centers COI Block.pdf,,,processed,false,2026-07-28,,2026-11-23,2026-07-27,false,,,false,St. Paul Fire and Marine Insurance Company; Travelers Property Casualty Company of America,2026-07-27,,2026-10-04
"Block Real Estate Services, LLC",6a71f5dc1b820e87c8d2da29,6a1de0072575f4fed44847a8,Home Cleaning Center of America,ECR - 3rd307 - Parkway 134.pdf,,,processed,false,2026-08-04,,,,false,,,false,,2026-08-04,,2026-10-04
"Block Real Estate Services, LLC",6a6a0beef16a4e9a3ad255a4,6a1de01f98a3fac93a1cd31d,Leawood Cosmetic and Family Dentistry,Master Liability Certificate for 12.26.24 to 07.03.pdf,,,processed,false,2026-08-03,,2027-07-03,2026-07-29,false,,,false,The Cincinnati Casualty Company,2026-07-29,,2026-10-04
"Block Real Estate Services, LLC",6a71f610518949c68e492ab1,6a1de01f98a3fac93a1cd31d,Leawood Cosmetic and Family Dentistry,ECR - 3rd307 - Parkway 134.pdf,,,processed,false,2026-08-04,,,,false,,,false,,2026-08-04,,2026-10-04
"Block Real Estate Services, LLC",6a7a10f46d6016985be9c4c0,6a1de01f98a3fac93a1cd31d,Leawood Cosmetic and Family Dentistry,Master Liability Certificate for 12.26.24 to 07.03.pdf,,,processed,false,2026-08-18,,2027-07-03,2026-08-10,false,,,false,The Cincinnati Casualty Company,2026-08-10,,2026-10-04
"Block Real Estate Services, LLC",6a7230a8e5708dbb0ec4a311,6a1dfcd80a51a0db79c1dfba,JRJ Partners - Condo Owners (Clancey Design Distributor),"Block Real Estate Services, LLC_RJR, Inc., Dba Clancey Company_1061303447.pdf",,,processed,false,2026-08-05,,2027-01-01,2026-08-04,false,,,false,The Travelers Indemnity Company of America; Travelers Property Casualty Company of America,2026-08-04,,2026-10-04
"Block Real Estate Services, LLC",6a70fde73b6c6f3737b70891,6a70fd6dfbd38db02fd82322,"Decker Integrated Orthotics and Prosthetics, LLC",Lease - prg808 - Decker Integrated Ortho.pdf,,,processed,false,2026-08-03,,,,false,,,false,,2026-08-03,,2026-10-04
"Block Real Estate Services, LLC",6a907f927d31c6c59b4b7f11,6a70fd6dfbd38db02fd82322,"Decker Integrated Orthotics and Prosthetics, LLC",Certificate of Insurance - Integrated Orthotics + Prosthetics LLC.pdf,,,processed,false,2026-09-01,,2027-07-01,2026-08-27,false,,,false,Benchmark Insurance Company; CHUBB,2026-08-27,,2026-10-04
"Block Real Estate Services, LLC",6aa45f9c220465b8ce89257e,6a71fb111df1817c9d71e47a,Wholesale Electric Supply Co.,Wholesale.pdf,,,processed,false,2026-09-15,,2027-01-01,2026-09-11,false,,,false,United Fire & Casualty Company,2026-09-11,,2026-10-04
"Block Real Estate Services, LLC",6aad4faea96cfe211e5752ec,6a71fb111df1817c9d71e47a,Wholesale Electric Supply Co.,Lease - lne432 - Wholesale Electric Supply CO.pdf,,,processed,false,2026-09-18,,,,false,,,false,,2026-09-18,,2026-10-04
"Block Real Estate Services, LLC",6aad59d2bf49e206e9cf1b0b,6a71fb111df1817c9d71e47a,Wholesale Electric Supply Co.,LLN6.pdf,,,processed,false,2026-09-28,,2027-01-01,2026-09-11,false,,,false,United Fire & Casualty Company,2026-09-18,,2026-10-04
"Block Real Estate Services, LLC",6a720442c03914110d1b6deb,6a71fe9c1df1817c9d72a945,"Thrift World, Inc.",Lease - tic827 - Thrift World Inc..pdf,,,processed,false,2026-08-04,,,,false,,,false,,2026-08-04,,2026-10-04
"Block Real Estate Services, LLC",6a7c939f645847c3a31fd97a,6a7c9366ee0b08ce4f040184,Halbrook Wood PC,Lease - tic220 - Halbrook Wood.pdf,,,processed,false,2026-08-13,,,,false,,,false,,2026-08-12,,2026-10-04
"Block Real Estate Services, LLC",6a9af50edf004f6028b2b276,6a9af48732939092ea863a26,Daley & Fey,Lease - tic220 - Daley and Fey.pdf,,,processed,false,2026-09-10,,,,false,,,false,,2026-09-04,,2026-10-04
"Block Real Estate Services, LLC",6aa860d4c243c0ef72120522,6aa85fceac91ff43d2d77bcb,MHC Group / McElroy's Inc,Lease - tic921 - MHC Group.pdf,,,processed,false,2026-09-14,,,,false,,,false,,2026-09-14,,2026-10-04
"Block Real Estate Services, LLC",6aaae5828007d1ded3365416,6aa85fceac91ff43d2d77bcb,MHC Group / McElroy's Inc,MHC Group LLC_co Block Real Estate Services.pdf,,,processed,false,2026-09-22,,2027-09-01,2026-09-16,false,,,false,Arch Insurance Company; Travelers Property Casualty Company of America,2026-09-16,,2026-10-04
"Block Real Estate Services, LLC",6ab2ffb486cab77b80e5e5fb,6aa85fceac91ff43d2d77bcb,MHC Group / McElroy's Inc,MHC Group LLC_co Block Real Estate Services (004).pdf,,,processed,false,2026-09-28,,2027-09-01,2026-09-22,false,,,false,Arch Insurance Company; Travelers Property Casualty Company of America,2026-09-22,,2026-10-04
"Block Real Estate Services, LLC",6aa864f0ece1accdc21f4627,6aa86494ac91ff43d2d86f38,Direct Impact Logistics INC,Lease - tic630 - Direct Impact Logistics.pdf,,,processed,false,2026-09-15,,,,false,,,false,,2026-09-14,,2026-10-04
"Block Real Estate Services, LLC",6aad90c9a96cfe211e5757f6,6aad904d55224622f2d2f233,Empower Gymnastics LLC,Lease - col720 - Empower Gymnastics.pdf,,,processed,false,2026-09-22,,,,false,,,false,,2026-09-18,,2026-10-04
"Block Real Estate Services, LLC",6ab2a0dcd2700c5af3592946,6aad904d55224622f2d2f233,Empower Gymnastics LLC,Empower Gymnastics - COI.pdf,,,processed,false,2026-09-22,,2027-11-09,2026-09-22,false,,,false,SiriusPoint America Insurance Company,2026-09-22,,2026-10-04
"Block Real Estate Services, LLC",6ab2a1010d6bc044bd7e1eef,6aad904d55224622f2d2f233,Empower Gymnastics LLC,Empower Gymnastics PHSA-BAMH-30137-26.pdf,,,processed,false,2026-09-22,,,,false,,,false,,2026-09-22,,2026-10-04
"Block Real Estate Services, LLC",6ab2a1030d6bc044bd7e1f0e,6aad904d55224622f2d2f233,Empower Gymnastics LLC,Empower Gymnastics Property BFS71074614.pdf,,,processed,false,2026-09-22,,,,false,,,false,,2026-09-22,,2026-10-04
"Block Real Estate Services, LLC",6ab2a1050d6bc044bd7e1f2d,6aad904d55224622f2d2f233,Empower Gymnastics LLC,Empower Gymnastics Workers XWS71074614.pdf,,,processed,false,2026-09-22,,,,false,,,false,,2026-09-22,,2026-10-04