client,id,vendor_id,vendor_name,name,types,policy_number,status,processing,reviewed_at,archived_at,expiration_date,issue_date,flagged,flag_level,flag_notes,applies_to_all,insurer_names,created_at,updated_at,sync_date
"Block Real Estate Services, LLC",6a2c73107ea10850bf9fee8e,69fded0c62446148bd848aff,"1-800-Pack Rat, LLC","Block Real Estate Services, LLC_1-800-Pack-Rat, LLC_25-26 Master_6-12-2026_531717594.pdf",,,processed,false,2026-06-15,,2026-10-01,2026-06-12,false,,,false,Arch Insurance Company; Arch Indemnity Insurance Company; Scottsdale Insurance Company; Allied World Assurance Company (U.S.) Inc.,2026-06-12,,2026-07-02
"Block Real Estate Services, LLC",6a05e6f6fe7b4a8a036194e9,69fded0c62446148bd848b02,24 Hour Check Cashing,CERT_Block_Real_Estate_Services_LLC_218628_179011.pdf,,,processed,false,2026-06-01,,2027-04-16,2026-03-23,false,,,false,"Acuity, A Mutual Insurance Company",2026-05-14,,2026-07-02
"Block Real Estate Services, LLC",6a282910da52b0ee99d2eb99,69fded0c62446148bd848b05,"Big Biscuit / 27 Biscuits, LLC",Big Biscuit Industries LLC_Block Real Estate Services.pdf,,,processed,false,2026-06-11,,2027-05-01,2026-06-08,false,,,false,American Guarantee and Liability Insurance Company; Zurich American Insurance Company,2026-06-09,,2026-07-02
"Block Real Estate Services, LLC",6a2599e5781c6c479f910adb,69fded0c62446148bd848afc,1248 Holdings LLC,1248 Holdings COI.pdf,,,processed,false,2026-06-08,,2027-04-01,,false,,,false,,2026-06-07,,2026-07-02
"Block Real Estate Services, LLC",6a3e916bc35829c634df586f,69fded0c62446148bd848afc,1248 Holdings LLC,1248 COI - Block - 4.26-4.27-updated.pdf,,,processed,false,2026-06-30,,2027-06-25,2026-06-22,false,,,false,Stonington Insurance Company,2026-06-26,,2026-07-02
"Block Real Estate Services, LLC",6a394c69accacb8cab636d9b,69fded0c62446148bd848b0e,A.N.D. Design Studio LLC,COI FOR KCG.pdf,,,processed,false,2026-06-30,,2027-04-01,,false,,,false,ACE Property and Casualty Insurance Company,2026-06-22,,2026-07-02
"Block Real Estate Services, LLC",6a3960fbaccacb8cab636f22,69fded0c62446148bd848b14,Academy Bank,Updated COI.pdf,,,processed,false,2026-06-23,,2026-08-18,2026-06-18,false,,,false,Travelers Property Casualty Company of America; The Charter Oak Fire Insurance Company,2026-06-22,,2026-07-02
"Block Real Estate Services, LLC",6a26f800caa475a04620536a,69fded0c62446148bd848b1d,"Adams Cable Equipment, Inc.",Updated COI 16200.pdf,,,processed,false,2026-06-11,,2025-09-01,2026-03-31,false,,,false,Liberty Mutual Fire Insurance Company; Liberty Insurance Corporation; Evanston Insurance Company,2026-06-08,,2026-07-02
"Block Real Estate Services, LLC",6a315fda77799616d66ce2b5,69fded0c62446148bd848b1a,Actuarial Resources Corporation (ARC),c_oBlockRealEstateServicesLLC_W46698189.pdf,,,processed,false,2026-06-17,,2026-08-31,2026-06-15,false,,,false,"Greenwich Insurance Company; XL Insurance America, Inc.",2026-06-16,,2026-07-02
"Block Real Estate Services, LLC",6a3d8232900a41a58c79428f,69fded0c62446148bd848b29,Advanced Pharmaceuticals LLC,"Cert 26-27 - PERG Buildings, LLC.pdf",,,processed,false,2026-06-30,,2026-09-08,2026-06-19,false,,,false,Nautilus Insurance Company; Markel American Insurance Company,2026-06-25,,2026-07-02
"Block Real Estate Services, LLC",6a199b589d7340e121a98009,69fded0c62446148bd848b26,"Advanced Auto / Advanced Stores Co., Inc.",cert_CLE_ALLEN and GLORIA BLOCK FAMILY LIMITED_6889424_9.pdf,,,processed,false,2026-06-01,,2027-06-01,2026-05-28,false,,,true,ACE American Insurance Company; ACE Property and Casualty Insurance Company; SEE ACORD 101,2026-05-29,,2026-07-02
"Block Real Estate Services, LLC",6a283a433f91c94eefb0cb18,69fded0c62446148bd848b2c,Advanced Turf Solutions Inc,"Advanced Turf Solutions, Inc. - Block Real Estate Services, LLC.pdf",,,processed,false,2026-06-11,,2026-07-01,,false,,,false,Allied Insurance Company of America; Nationwide Mutual Insurance Company; Nationwide General Insurance Company,2026-06-09,,2026-07-02
"Block Real Estate Services, LLC",6a3beb8e9af3fe11c94296ce,69fded0c62446148bd848b32,Advocate Construction Inc,block wc.pdf,,,processed,false,2026-06-25,,2026-10-01,2025-09-23,false,,,false,SUNZ Insurance Company,2026-06-24,,2026-07-02
"Block Real Estate Services, LLC",6a3c3a3a471d21bbc95f6cc3,69fded0c62446148bd848b32,Advocate Construction Inc,BlockRealEstateServicesLLC.pdf,,,processed,false,2026-06-25,,2027-04-01,2026-06-24,false,,,false,Admiral Insurance Company,2026-06-24,,2026-07-02
"Block Real Estate Services, LLC",6a07267b7ee88c9e36194d1a,69fded0d62446148bd848b35,"Aircraft Electrical / AEE-EMF, Inc.",BlockRealEstateServicesLLC.pdf,,,processed,false,2026-06-02,,2026-12-16,,false,,,false,,2026-05-15,,2026-07-02
"Block Real Estate Services, LLC",6a358e981f6b786b44770062,69fded0d62446148bd848b3b,Agape Montessori School/Pulliam Properties LLC,Certificate - 2026-06-19T134625.722.pdf,,,processed,false,2026-06-22,,2027-06-21,2026-06-19,false,,,false,West Bend Insurance Company,2026-06-19,,2026-07-02
"Block Real Estate Services, LLC",6a3011df85085468184506f6,69fded0d62446148bd848b3e,AgForce Transport Services / Consolidated Grain and Barge Co.,"HLBT Associates, LLC.pdf",,,processed,false,2026-06-15,,2027-05-01,2026-06-15,false,,,false,Nationwide Agribusiness Insurance Company; Westfield Specialty Insurance Company,2026-06-15,,2026-07-02
"Block Real Estate Services, LLC",6a2c6b4c4096067a7a7bad82,69fded0d62446148bd848b59,"Hamilton Plumbing / Roger The Plumber / American Residential Services, LLC (ARS)",8425 Hamilton COI for Block 12JUN2026.pdf,,,processed,false,2026-06-15,,2026-10-01,2025-09-24,false,,,false,Liberty Mutual Fire Insurance Company; Twin City Fire Insurance Company; Liberty Insurance Corporation,2026-06-12,,2026-07-02
"Block Real Estate Services, LLC",6a22fd479bc28d99e321a29a,69fded0d62446148bd848b62,"AMSCO Supply / Flegler Investment Co., Inc.","BLOCK REAL ESTATE SERVICES, LLC.pdf",,,processed,false,2026-06-08,,2026-07-30,2026-06-05,false,,,false,Great Northern Insurance Company; The Travelers Indemnity Company; The Travelers Indemnity Company of America; Travelers Property Casualty Company of America; ACE American Insurance Company,2026-06-05,,2026-07-02
"Block Real Estate Services, LLC",6a319dfe14a7a365eb479528,69fded0d62446148bd848b62,"AMSCO Supply / Flegler Investment Co., Inc.",cert_ATL_BLOCK REAL ESTATE SERVICES LLC_6189400_2.pdf,,,processed,false,2026-06-17,,2026-10-01,2026-06-16,false,,,false,Zurich American Insurance Company; Zurich Insurance Europe AG,2026-06-16,,2026-07-02
"Block Real Estate Services, LLC",6a06215b1f712c628e56646c,69fded0d62446148bd848b65,Amsted Rail Company Inc,CollegeCrossingCDLLCandMarleyCollegeCrossingCDLLC_W45275293.pdf,,,processed,false,2026-06-02,,2027-03-31,2026-03-31,true,low,"<p>GL limits are low and umbrella does not follow form, is my assessment correct?</p>
<p><br></p>
<p>You are correct <span data-entityid=""6939ca46ef5dc7a165ca2078"" data-entityname=""@AbbeyRobinson"" data-entitytype=""mention"">@AbbeyRobinson</span>, but DOO and page 2 states they have another GL policy, but it's a SIR. We would need to contact Block to see if that is acceptable.</p>",false,Liberty Mutual Fire Insurance Company; AIG Specialty Insurance Company; LM Insurance Corporation; Liberty Insurance Corporation,2026-05-14,,2026-07-02
"Block Real Estate Services, LLC",6a399fb6accacb8cab637009,69fded0e62446148bd848b7d,"APLOS, Inc.",Aplós COI 2026.pdf,,,processed,false,2026-06-23,,2026-07-17,2026-03-12,false,,,false,Nautilus Insurance Company; AmTrust Insurance Company; Evanston Insurance Company; Old Republic Professional Liability Inc,2026-06-22,,2026-07-02
"Block Real Estate Services, LLC",6a2c707c7ea10850bf9fee54,69fded0e62446148bd848b86,ARC Physical Therapy Plus,COI 1318 Belton Block real Estate Umbrella 9.30.25 - 9.30.26.pdf,,,processed,false,2026-06-15,,2026-09-30,2026-05-08,false,,,false,Lexington Insurance Company,2026-06-12,,2026-07-02
"Block Real Estate Services, LLC",6a32eb9c4f89dc4a36d328c0,69fded0e62446148bd848b86,ARC Physical Therapy Plus,COI 1318 Belton Block Real Estate Services LLC - 3.15.26 - 3.15.27.pdf,,,processed,false,2026-06-18,,2027-03-15,2026-06-17,false,,,false,The Insurance Company of the State of Pennsylvania,2026-06-17,,2026-07-02
"Block Real Estate Services, LLC",6a452872d293d5dfa850a871,69fded0e62446148bd848b8f,Arrowhead Forensics,COI 2026.pdf,,,processed,false,,,2026-11-01,2025-11-13,false,,,false,Atlantic Specialty Insurance Company,2026-07-01,,2026-07-02
"Block Real Estate Services, LLC",6a2727d38f5f15a8835c79d5,69fded0e62446148bd848b92,Arthur J Gallagher Risk Management Services Inc,"46 PC Investors, LLC_Arthur J. Gallagher, LLC_25-26 Landlord Casualty C_6-8-2026_1568910419.pdf",,,processed,false,2026-06-11,,2026-10-01,,false,,,true,Arch Insurance Company; The Continental Insurance Company,2026-06-08,,2026-07-02
"Block Real Estate Services, LLC",6a27280d540f27b382a1ed5f,69fded0e62446148bd848b92,Arthur J Gallagher Risk Management Services Inc,"46 PC Investors, LLC_Arthur J. Gallagher, LLC_25-26 Landlord Property C_6-8-2026_1111070370.pdf",,,processed,false,2026-06-11,,2026-10-01,2026-06-08,false,,,true,"XL Insurance America, Inc.",2026-06-08,,2026-07-02
"Block Real Estate Services, LLC",6a2327b9fe918aea40160ac1,69fded0e62446148bd848b98,Aspen Properties Group,Policy 3.7 2026 to 3.7 2027.pdf,,,processed,false,2026-06-08,,2027-03-07,,false,,,false,United Wisconsin Insurance Company,2026-06-05,,2026-07-02
"Block Real Estate Services, LLC",6a3efffe57a0d280997f8d45,69fded0e62446148bd848b98,Aspen Properties Group,Aspen_Properties_Group_Nationwide_Commercial_Umbrella_Renewal_2025-2026.pdf.pdf,,,processed,false,2026-06-30,,,,false,,,false,,2026-06-26,,2026-07-02
"Block Real Estate Services, LLC",6a3f00ebc35829c634df634e,69fded0e62446148bd848b98,Aspen Properties Group,Aspen_Properties_Group_Nationwide_Businessowners_Policy_Renewal_2025-2026.pdf.pdf,,,processed,false,2026-06-30,,,,false,,,false,,2026-06-26,,2026-07-02
"Block Real Estate Services, LLC",6a399e75a17b73c16bc35db9,69fded0e62446148bd848b9b,Aspire Wealth Management LLC,ASPIRE WEALTH_BLOCK RE_COI.pdf,,,processed,false,2026-06-23,,2027-03-20,2026-06-22,false,,,false,Hartford Underwriters Insurance Company,2026-06-22,,2026-07-02
"Block Real Estate Services, LLC",6a2ab748071d75e4ccfca1a1,69fded0e62446148bd848ba1,Asurion LLC,GL Waiver of Subro Endorsement.pdf,,,processed,false,2026-06-15,,2027-04-30,,false,,,false,,2026-06-11,,2026-07-02
"Block Real Estate Services, LLC",6a3010d17828333b350b9ce5,69fded0e62446148bd848ba1,Asurion LLC,COI - Pinnacle Corporate.pdf,,,processed,false,2026-06-17,,2027-04-30,2026-06-15,false,,,false,Liberty Insurance Corporation; Liberty Mutual Fire Insurance Company; LM Insurance Corporation,2026-06-15,,2026-07-02
"Block Real Estate Services, LLC",6a3aab84fc287516f387ea8c,69fded0e62446148bd848bad,Recognition Plus Audio Video Graphics,Certificate of Insurance.pdf,,,processed,false,2026-06-23,,2027-02-01,2026-06-23,false,,,false,Twin City Fire Insurance Company,2026-06-23,,2026-07-02
"Block Real Estate Services, LLC",6a18aa1b9ef1cffe57d01607,69fded0e62446148bd848bb0,AVI-SPL LLC,NOT FOUND - AVI-SPL LLC.pdf,,,processed,false,2026-06-02,,2027-04-17,2026-04-08,false,,,false,Zurich American Insurance Company; American Guarantee and Liability Insurance Company; American Zurich Insurance Company; Federal Insurance Company; Allied World Assurance Company (U.S.) Inc.; Crum & Forster Specialty Insurance Company,2026-05-28,,2026-07-02
"Block Real Estate Services, LLC",6a39520bd382314fdae2ff3f,69fded0e62446148bd848bb3,Axiom Strategies LLC,COBLOC~1.PDF,,,processed,false,2026-06-22,,2026-08-07,2026-06-22,false,,,false,Evanston Insurance Company,2026-06-22,,2026-07-02
"Block Real Estate Services, LLC",6a26fc7c723912a814569421,69fded0e62446148bd848bb9,"Pet Supplies Plus / B&B Pet Products, LLC",Block Real Estate Services_Lenexa Property 25-26.pdf,,,processed,false,2026-06-11,,2026-12-01,2026-06-08,false,,,false,Selective Insurance Company of the Southeast,2026-06-08,,2026-07-02
"Block Real Estate Services, LLC",6a39895ed1bf38e72a670fab,69fded0e62446148bd848bbc,Bachelor Controls Inc,"Perg Building LLC co Block Real Estate Servi_Bachelor Controls, Inc._2026 - 2027 Master - Bach_6-22-2026_120642820.pdf",,,processed,false,2026-06-23,,2027-03-01,2026-06-22,false,,,false,Liberty Insurance Corporation; Travelers Property Casualty Company of America; Accelerant Specialty Insurance Company; Continental Casualty Company,2026-06-22,,2026-07-02
"Block Real Estate Services, LLC",6a32e2a7081d3b93fbe8b135,69fded0e62446148bd848bbf,Baking With A Bass / Kayla Bass,CERTIFICATE OF INSURANCE (COI).Pdf,,,processed,false,2026-06-17,,2027-03-06,2026-06-17,false,,,false,Hartford Underwriters Insurance Company; Hartford Fire Insurance Company,2026-06-17,,2026-07-02
"Block Real Estate Services, LLC",6a316395b12134bfb4442095,69fded0e62446148bd848bc2,Bank of America,COI MO8-118 3.15.26-3.15.27.pdf,,,processed,false,2026-06-17,,2026-08-01,2026-03-25,false,,,false,"Greenwich Insurance Company; National Union Fire Insurance Company of Pittsburgh, Pa.",2026-06-16,,2026-07-02
"Block Real Estate Services, LLC",6a34433b3a28b57599a17d33,69fded0f62446148bd848bcb,"Banner Logistics, Inc",1600 Vernon Street XXS Certificate.pdf,,,processed,false,2026-06-24,,2026-11-29,2026-06-17,false,,,false,"Service American Indemnity Company; Nautilus Insurance Company; TRANSGUARD INSURANCE COMPANY OF AMERICA, INC.",2026-06-18,,2026-07-02
"Block Real Estate Services, LLC",6a2312a4b0c1404bfda218b5,69fded0f62446148bd848bce,"Saturday Morning Bazaar / Bazaar Collectibles, LLC",bf8a85b4-12d3-48b8-a03c-f3a2e0e4812d.pdf,,,processed,false,2026-06-08,,,,false,,,false,,2026-06-05,,2026-07-02
"Block Real Estate Services, LLC",6a2312a5b0c1404bfda218d3,69fded0f62446148bd848bce,"Saturday Morning Bazaar / Bazaar Collectibles, LLC",08009efebab55ee1.pdf,,,processed,false,2026-06-08,,2027-04-16,2026-03-07,false,,,false,Property and Casualty Insurance Company of Hartford,2026-06-05,,2026-07-02
"Block Real Estate Services, LLC",6a359462430d502f7f7fb4ca,69fded0f62446148bd848bd4,Costa Vida Fresh Mexican Grill / BB Magical Fruit,"Block Real Estate Services, LLC_BB Magical Fruit Two LLC_2627 Master COI_6-19-2026_2147481711.pdf",,,processed,false,2026-06-22,,2027-05-01,2026-06-19,false,,,false,St. Paul Fire and Marine Insurance Company; Travelers Property Casualty Company of America; The Travelers Indemnity Company of Connecticut,2026-06-19,,2026-07-02
"Block Real Estate Services, LLC",6a3054029d4377187d370919,69fded0f62446148bd848bd7,BDM Inc,2026-2027 Certs - Block.pdf,,,processed,false,2026-06-17,,2027-05-01,2026-03-31,false,,,false,SECURA Supreme Insurance Company; SECURA Insurance Company; The Travelers Indemnity Company,2026-06-15,,2026-07-02
"Block Real Estate Services, LLC",6a2809a7188eff3d9a5a4c53,69fded0f62446148bd848be0,Beltone Hearing Aid Center,Independence COI 2026.pdf,,,processed,false,2026-06-11,,2027-01-01,2026-06-08,false,,,false,Owners Insurance Company; Markel Insurance Company,2026-06-09,,2026-07-02
"Block Real Estate Services, LLC",6a3a993a59011af6e27dbda3,69fded0f62446148bd848c07,"BMO Harris Commercial Banking / BMO Harris Bank, NA",BMO Bank NA - Block Real Estate Services - 26062236825910 - 570121047321.pdf,,,processed,false,2026-06-23,,2027-04-30,2026-06-22,false,,,false,Zurich American Insurance Company; ACE American Insurance Company,2026-06-23,,2026-07-02
"Block Real Estate Services, LLC",6a1894afe701796d85e6590d,69fded0f62446148bd848c10,"Sono Bello / Body Contour Centers, LLC","Corporate Medical Plaza III (BKWG Assoc), CMP_Body Contour Centers, LLC_2526 COI_5-15-2026_1709078656.pdf",,,processed,false,2026-06-01,,2026-10-01,,false,,,false,,2026-05-28,,2026-07-02
"Block Real Estate Services, LLC",6a42a4965e2a93cdf2411384,69fded0f62446148bd848c10,"Sono Bello / Body Contour Centers, LLC",Body Contour Centers LLC COI Corporate Medical Plaza III.pdf,,,processed,false,2026-06-30,,2026-10-01,2026-05-15,false,,,false,Hartford Fire Insurance Company; Trumbull Insurance Company; Hartford Accident and Indemnity Company; Everest National Insurance Company,2026-06-29,,2026-07-02
"Block Real Estate Services, LLC",6a3afcb2cf85b61f730f43a6,69fded0f62446148bd848c19,"Kitchen and Bath by Briggs / Briggs, Inc.","co Block Real Estate Services, LLC_Briggs, Inc. of Omaha_2526 GAUW w Personal Pr_6-23-2026_1233478184.pdf",,,processed,false,2026-06-24,,2026-09-01,2026-06-23,false,,,false,Dakota Truck Underwriters; Middlesex Insurance Company,2026-06-23,,2026-07-02
"Block Real Estate Services, LLC",6a4520f65c7205454995dd54,69fded0f62446148bd848c19,"Kitchen and Bath by Briggs / Briggs, Inc.","co Block Real Estate Services, LLC_Briggs, Inc. of Omaha_2526 GAUW w Personal Pr_6-23-2026_1233478184.pdf",,,processed,false,,,2026-09-01,2026-06-23,false,,,true,Dakota Truck Underwriters; Middlesex Insurance Company,2026-07-01,,2026-07-02
"Block Real Estate Services, LLC",6a05e7defeb0a066655c2944,69fded1062446148bd848c1f,The Professional Group / Bryan Torez,CorrectedCOI3-11-26.pdf,,,processed,false,2026-06-01,,2026-11-01,2026-03-11,false,,,false,State Farm Fire and Casualty Company,2026-05-14,,2026-07-02
"Block Real Estate Services, LLC",6a300e6a85085468184506d8,69fded1062446148bd848c22,Bryght Labs,COI Bryght Labs 11053 general liability.pdf,,,processed,false,2026-06-17,,2027-05-01,2026-05-28,false,,,false,Evanston Insurance Company,2026-06-15,,2026-07-02
"Block Real Estate Services, LLC",6a2afcdb9564d418934746fa,69fded1062446148bd848c25,"Buckeye Cleaning Center KC / Buckeye International, Inc.","Riverside Business Center 3_Buckeye International, Inc._26-27 MAIN GLI CAUT WCO E_6-11-2026_1889719103.pdf",,,processed,false,2026-06-25,,2027-03-01,2026-06-11,false,,,false,Old Republic Insurance Company; Westfield Specialty Insurance Company; Endurance American Specialty Insurance Company,2026-06-11,,2026-07-02
"Block Real Estate Services, LLC",6a3040437828333b350b9de5,69fded1062446148bd848c28,Builder Direct LLC,updated insurance for BUILDER DIRECT LLC 6-15-2026.pdf,,,processed,false,2026-06-17,,2026-08-02,2026-06-11,false,,,false,"State National Insurance Company, Inc.",2026-06-15,,2026-07-02
"Block Real Estate Services, LLC",6a3af8d2cf85b61f730f436a,69fded1062446148bd848c28,Builder Direct LLC,Work Comp Policy - Builder Direct LLC.pdf,,,processed,false,2026-06-24,,2027-07-01,2026-06-23,false,,,false,NCCI Assigned Risk,2026-06-23,,2026-07-02
"Block Real Estate Services, LLC",6a3b0162aa3f3f10db520d40,69fded1062446148bd848c28,Builder Direct LLC,PROGRESSIVE BUSINESS OWNERS - Builder Direct LLC.pdf,,,processed,false,2026-06-24,,2026-11-13,2026-06-22,false,,,false,United Financial Casualty Company,2026-06-23,,2026-07-02
"Block Real Estate Services, LLC",6a3b0173f87efbd22dc90413,69fded1062446148bd848c28,Builder Direct LLC,GENERAL LIABILITY INS-Next First - Builder Direct LLC.pdf,,,processed,false,2026-06-24,,2026-08-02,2026-06-11,false,,,false,"State National Insurance Company, Inc.",2026-06-23,,2026-07-02
"Block Real Estate Services, LLC",6a18af68587aecae706a4b40,69fded1062446148bd848c31,Burlis Lawson Group Inc,NOT FOUND - The Burlis Lawson Group.pdf,,,processed,false,2026-06-01,,,,false,,,false,,2026-05-28,,2026-07-02
"Block Real Estate Services, LLC",6a2750fa7f54c7a808caeb66,69fded1062446148bd848c37,Butler Suppy Inc,"Butler Supply, Inc._College Crossing IJ LLC_12-29-2025.pdf",,,processed,false,2026-06-11,,2027-01-01,,false,,,false,Zurich American Insurance Company; Great American Insurance Company; American Zurich Insurance Company,2026-06-08,,2026-07-02
"Block Real Estate Services, LLC",6a07265ab7c7740fe9c4c5d4,69fded1062446148bd848c3d,"Corbion / Caravan Ingredients, Inc.",CaravanIngredientsCOIPERGBlockIncomeFundsIII1.pdf,,,processed,false,2026-06-02,,2027-01-01,2026-01-14,false,,,false,"Travelers Property Casualty Company of America; The Travelers Indemnity Company of Connecticut; National Union Fire Insurance Company of Pittsburgh, Pa.",2026-05-15,,2026-07-02
"Block Real Estate Services, LLC",6a3e86c25f58e73b8f4f1e8f,69fded1062446148bd848c3a,BWI Companies Inc,25-26 GL CAU WC UMB Liability - 25 College Crossing Associates.pdf,,,processed,false,2026-06-30,,2026-11-01,2025-11-03,false,,,false,Travelers Property Casualty Company of America; AXIS Surplus Insurance Company; The Standard Fire Insurance Company; The Charter Oak Fire Insurance Company; Everest Indemnity Insurance Company,2026-06-26,,2026-07-02
"Block Real Estate Services, LLC",6a453d05da024f5dca5c5cc3,69fded1062446148bd848c3a,BWI Companies Inc,ACORD Form 20260701-083950-1.pdf,,,processed,false,,,2026-11-01,2026-07-01,false,,,false,Travelers Property Casualty Company of America; AXIS Surplus Insurance Company; The Standard Fire Insurance Company; The Charter Oak Fire Insurance Company; Everest Indemnity Insurance Company,2026-07-01,,2026-07-02
"Block Real Estate Services, LLC",6a28ca69da52b0ee99d30284,69fded1062446148bd848c43,Carrier Corporation,cert_NYC_Perg Bldgs_ LLC dba_12629267_2.pdf,,,processed,false,2026-06-11,,2027-04-01,,false,,,false,AIU Insurance Company; Old Republic Insurance Company,2026-06-10,,2026-07-02
"Block Real Estate Services, LLC",6a2b18d9181480923538cb46,69fded1062446148bd848c46,CarStar Riverside (fka Autobody on the Run),Certificate.pdf,,,processed,false,2026-06-15,,2026-11-24,2026-06-09,false,,,false,United Fire Group,2026-06-11,,2026-07-02
"Block Real Estate Services, LLC",6a457850375e453b63798372,69fded1062446148bd848c52,"Sunflower Health Plan / Centene Management Company, LLC",SSR Capital LLC_Centene Management Company LLC_Liability_6.1.2026.pdf,,,processed,false,,,2027-06-01,2026-05-28,false,,,false,"Old Republic Insurance Company; XL Insurance America, Inc.",2026-07-01,,2026-07-02
"Block Real Estate Services, LLC",6a45785b48c92c2dc99f76b2,69fded1062446148bd848c52,"Sunflower Health Plan / Centene Management Company, LLC",SSR Capital LLC_Centene Management Company LLC_Property_6.1.2026.pdf,,,processed,false,,,,2026-05-29,false,,,false,"Allianz Global Risks US Insurance Company; Starr Surplus Lines Insurance Company; Steadfast Insurance Company; AIG Specialty Insurance Company; XL Insurance America, Inc.; Aviva Insurance Ltd",2026-07-01,,2026-07-02
"Block Real Estate Services, LLC",6a2c1571181480923538cbeb,69fded1062446148bd848c55,Central Power Systems & Services LLC,"2526 Master - Block Real Estate Services, LLC.pdf",,,processed,false,2026-06-25,,2026-07-01,2026-06-12,false,,,false,The Charter Oak Fire Insurance Company; The Phoenix Insurance Company; Travelers Property Casualty Company of America; Travelers Casualty and Surety Company,2026-06-12,,2026-07-02
"Block Real Estate Services, LLC",6a455a2fda024f5dca5c5d2f,69fded1062446148bd848c58,"The Retirement Planning Group / Cetera Financial Group, Inc.","co Block Real Estate Services, LLC_Cetera Financial Group, Inc_26-27 GL-AL-EX-WC_6-15-2026_1056662614.pdf",,,processed,false,,,2027-01-31,2026-06-15,false,,,false,"The Continental Insurance Company; American Casualty Company of Reading, Pennsylvania; Valley Forge Insurance Company",2026-07-01,,2026-07-02
"Block Real Estate Services, LLC",6a2c33de4096067a7a7bad25,69fded1062446148bd848c5b,"Challenger Sports, Inc.","CAL-VENT GROUP, LTD_ PROM MOTOR HOTEL, INC__Challenger Teamwear LLC Dba Challen_2627 COI_6-9-2026_2147481167 (1).pdf",,,processed,false,2026-06-25,,2027-03-01,2026-06-09,false,,,false,Travelers Property Casualty Insurance Company; EMCASCO Insurance Company; Employers Mutual Casualty Company; * Amtrust Financial Group,2026-06-12,,2026-07-02
"Block Real Estate Services, LLC",6a2ae3c2dd45710ae6ad6466,69fded1062446148bd848c5e,Champion Supply Company LLC,"COI 1-1-26 - CAL-VENT GROUP, LTD; PROM MOTOR HOTEL, INC; JAMS INDUSTRIAL, LLC; MELVILLE, LLC.pdf",,,processed,false,2026-06-15,,2027-01-01,,false,,,false,EMC Property & Casualty Company; Employers Mutual Casualty Company; Travelers Casualty and Surety Company,2026-06-11,,2026-07-02
"Block Real Estate Services, LLC",6a22f244a234618b199e4b1f,69fded1062446148bd848c67,Check Into Cash,21046-1778-35009 COI 10-15-26.pdf,,,processed,false,2026-06-08,,2026-10-15,2026-01-20,false,,,false,Travelers Property Casualty Company of America; The Continental Insurance Company; Travelers Casualty Insurance Company of America,2026-06-05,,2026-07-02
"Block Real Estate Services, LLC",6a43f95fc7f86ba6f2674d02,69fded1162446148bd848c76,"Chrysalis Center, LLC",Liability Insurance 2026to2027.pdf,,,processed,false,,,,,false,,,false,,2026-06-30,,2026-07-02
"Block Real Estate Services, LLC",6a2c76ed4096067a7a7bada0,69fded1162446148bd848c85,ClassOneModelWorks.com LLC,Class One COI for Block Real Estate LLC.pdf,,,processed,false,2026-06-15,,2027-03-14,,false,,,false,Evanston Insurance Company; The Travelers Indemnity Company of America,2026-06-12,,2026-07-02
"Block Real Estate Services, LLC",6a2c05fde294f24a402e1e39,69fded1162446148bd848c7f,CJ Industries LLC,22284994-PLATTE-CJ COI.pdf,,,processed,false,2026-06-15,,2027-03-02,2026-02-19,false,,,false,"Transportation Insurance Company; Valley Forge Insurance Company; Illinois Union Insurance Company; The Continental Insurance Company; American Casualty Company of Reading, Pennsylvania",2026-06-12,,2026-07-02
"Block Real Estate Services, LLC",6a0725bd9839a89d50e8c4d5,69fded1162446148bd848c88,Clopay Building Products,PlatteValleyIndustrialCenter8_W45240625.pdf,,,processed,false,2026-06-02,,2027-02-28,2026-03-31,false,,,false,Zurich American Insurance Company; American Guarantee and Liability Insurance Company; Factory Mutual Insurance Company,2026-05-15,,2026-07-02
"Block Real Estate Services, LLC",6a301f2d09f375dfb856f241,69fded1162446148bd848c82,Clarivate Analytics LLC,HLBTAssociatesLLC_W46436397.pdf,,,processed,false,2026-06-17,,2026-12-01,2026-06-08,false,,,false,American Guarantee and Liability Insurance Company; Zurich American Insurance Company; American Zurich Insurance Company,2026-06-15,,2026-07-02
"Block Real Estate Services, LLC",6a455cf3d293d5dfa850a8fe,69fded1162446148bd848c82,Clarivate Analytics LLC,HLBTAssociatesLLC_W46906080.pdf,,,processed,false,,,2026-12-01,2026-06-29,false,,,false,American Guarantee and Liability Insurance Company; Zurich American Insurance Company; American Zurich Insurance Company,2026-07-01,,2026-07-02
"Block Real Estate Services, LLC",6a2afc33181480923538caf4,69fded1162446148bd848c8b,CNR Construction KC LLC,BlockCNR.pdf,,,processed,false,2026-06-15,,2027-03-09,,false,,,false,Patrons Insurance Company,2026-06-11,,2026-07-02
"Block Real Estate Services, LLC",6a30409c09f375dfb856f2e6,69fded1162446148bd848c8b,CNR Construction KC LLC,EFA_CNR CONSTRUCTION_Block Real Estate Service_167304808.pdf,,,processed,false,2026-06-17,,2027-07-01,2026-06-15,false,,,false,New Hampshire Insurance Company,2026-06-15,,2026-07-02
"Block Real Estate Services, LLC",6a06315454ab644e7ef7ef76,69fded1162446148bd848c91,CMA / Colarelli Meyer & Associates,WCCOI.pdf,,,processed,false,2026-06-03,,2026-07-01,2025-06-09,false,,,false,New Hampshire Insurance Company,2026-05-14,,2026-07-02
"Block Real Estate Services, LLC",6a35af3f56a52ac77dac41e8,69fded1162446148bd848c97,"Commercial Industrial Supply, LLC","co Block Real Estate Services_Commercial Industrial Supply, LLC_26 GAUW_6-19-2026_32299229.pdf",,,processed,false,2026-06-22,,2027-01-01,2026-06-19,false,,,false,The Cincinnati Insurance Company,2026-06-19,,2026-07-02
"Block Real Estate Services, LLC",6a2ab20f071d75e4ccfca183,69fded1162446148bd848c9d,Concrete Strategies LLC,"Block Real Estate Services, LLC - CONCRETE STRATEGIES LLC.pdf",,,processed,false,2026-06-15,,2026-06-30,2026-06-11,false,,,false,Zurich American Insurance Company; American Guarantee and Liability Insurance Company,2026-06-11,,2026-07-02
"Block Real Estate Services, LLC",6a3d1c6b50f01d8ee58bda0c,69fded1162446148bd848c9d,Concrete Strategies LLC,Block Real Estate Services - CSLLC.pdf,,,processed,false,2026-06-25,,2027-06-30,2026-06-22,false,,,false,Zurich American Insurance Company; American Guarantee and Liability Insurance Company,2026-06-25,,2026-07-02
"Block Real Estate Services, LLC",6a2b2ff74137abcbd837f66a,69fded1162446148bd848ca0,"CKF / Consolidated Supply, Inc.","Flint 1, LLC_Consolidated Supply Co., Inc. dba_26-27 Master_6-11-2026_1489907594.pdf",,,processed,false,2026-06-15,,2027-05-01,2026-06-11,false,,,false,Waypoint Mutual; Continental Western Insurance Company,2026-06-11,,2026-07-02
"Block Real Estate Services, LLC",6a36d92356a52ac77dac42f7,69fded1162446148bd848ca3,Converge LLC,Endorsement_Endor_2_AddAI.pdf,,,processed,false,2026-06-22,,,,false,,,false,,2026-06-20,,2026-07-02
"Block Real Estate Services, LLC",6a36d92456a52ac77dac4314,69fded1162446148bd848ca3,Converge LLC,AIEndorsement_Block Real Estate Services LLC 1.pdf,,,processed,false,2026-06-22,,,,false,,,false,,2026-06-20,,2026-07-02
"Block Real Estate Services, LLC",6a36d92456a52ac77dac4331,69fded1162446148bd848ca3,Converge LLC,AICertificate_Block Real Estate Services LLC 1.pdf,,,processed,false,2026-06-22,,2027-06-06,,false,,,false,Philadelphia Indemnity Insurance Company,2026-06-20,,2026-07-02
"Block Real Estate Services, LLC",6a396c7f597e3570daab61a7,69fded1162446148bd848ca6,Convergint Technologies LLC,"Block Real Estate Services, LLC.pdf",,,processed,false,2026-06-23,,2027-04-01,2026-06-22,false,,,false,ACE American Insurance Company; Federal Insurance Company; ACE Fire Underwriters Insurance Company,2026-06-22,,2026-07-02
"Block Real Estate Services, LLC",6a0620deca42782ea35f1888,69fded1162446148bd848ca9,Core Adventures LLC,BlockRealEstateServices(Revised).pdf,,,processed,false,2026-06-03,,2026-09-17,2026-02-20,false,,,false,Hartford Underwriters Insurance Company; Rated by Multiple Companies; Travelers Excess and Surplus Lines Company,2026-05-14,,2026-07-02
"Block Real Estate Services, LLC",6a2ffcae1ead0ab2cbe17b8f,69fded1162446148bd848cb2,Corporate Flooring Inc,Block Real Estate COI.pdf,,,processed,false,2026-06-17,,2027-02-27,2026-04-17,false,,,false,Auto - Owners,2026-06-15,,2026-07-02
"Block Real Estate Services, LLC",6a42781795bcb4d172ad56e5,69fded1162446148bd848cb8,CorVel Healthcare Corporation,CityPlace Corporate Centre 1 Investors - CorVel HC 26-27 COI.pdf,,,processed,false,2026-06-30,,2027-04-30,2026-06-19,false,,,false,Travelers Property Casualty Company of America; N / A; Zurich American Insurance Company,2026-06-29,,2026-07-02
"Block Real Estate Services, LLC",6a42a46f62bbed81ea5611a1,69fded1162446148bd848cbb,"Cosentino, Group, Inc. / Associated Wholesale Grocers, Inc.",Cosentino Group COI Mill Street Station LLC.pdf,,,processed,false,2026-06-30,,2027-05-01,2026-05-01,false,,,false,"Sentry Insurance Company; XL Specialty Insurance Company; Fireman's Fund Insurance Company; National Union Fire Insurance Company of Pittsburgh, Pa.; Sentry Casualty Company; National Union Fire Insurance Company of Louisiana",2026-06-29,,2026-07-02
"Block Real Estate Services, LLC",6a42d16b95bcb4d172ad598b,69fded1262446148bd848cc1,"Covisian CTX, LLC (fka RGMI Consultant / Centrinex, LLC)","c_o Block Real Estate Services, LLC, Kansas City, MO, 64112, 06_29_2026(1).pdf",,,processed,false,2026-06-30,,2027-06-01,2026-06-29,false,,,false,Cincinnati Insurance Company; Convex Insurance UK Limited,2026-06-29,,2026-07-02
"Block Real Estate Services, LLC",6a42d16d95bcb4d172ad59a9,69fded1262446148bd848cc1,"Covisian CTX, LLC (fka RGMI Consultant / Centrinex, LLC)","c_o Block Real Estate Services, LLC, Kansas City, MO, 64112, 06_29_2026.pdf",,,processed,false,2026-06-30,,2027-06-01,2026-06-29,false,,,false,Cincinnati Insurance Company; Convex Insurance UK Limited,2026-06-29,,2026-07-02
"Block Real Estate Services, LLC",6a3c297da903d57194cee9b6,69fded1262446148bd848cc4,"Ameriprise Financial Services, LLC / Respective Wealth / Schenck, Thompson & Associates, LLC (fka Creative Collaboration)",CERTIFICATE OF INSURANCE (COI) 26.6.24.pdf,,,processed,false,2026-06-25,,2027-06-08,2026-06-24,false,,,false,Hartford Underwriters Insurance Company; Hartford Insurance Company of the Southeast,2026-06-24,,2026-07-02
"Block Real Estate Services, LLC",6a43d54504ca7701e3da69e3,69fded1262446148bd848cc4,"Ameriprise Financial Services, LLC / Respective Wealth / Schenck, Thompson & Associates, LLC (fka Creative Collaboration)",Cert of Ins - Block '26 renewal.pdf,,,processed,false,2026-06-30,,2027-06-08,2026-06-30,false,,,false,Hartford Underwriters Insurance Company; Hartford Insurance Company of the Southeast,2026-06-30,,2026-07-02
"Block Real Estate Services, LLC",6a330a0eca0531aad700c5a0,69fded1262446148bd848cc7,Creative Consumer Concepts Inc,"Updated CO BLOCK REAL ESTATE SERVICES, LLC.pdf",,,processed,false,2026-06-18,,2026-12-01,2025-11-25,false,,,true,Great American E & S Insurance Company; Trumbull Insurance Company; Twin City Fire Insurance Company; Hartford Fire Insurance Company,2026-06-17,,2026-07-02
"Block Real Estate Services, LLC",6a3a88ea1174d1adb3015007,69fded1262446148bd848cca,"Crescent Electric Supply Company, Inc.",Block Real Estate Services_Crescent Electric Supply Company_2526 REGULAR_6-22-2026_1834036507.pdf,,,processed,false,2026-06-23,,2026-10-01,2026-06-22,false,,,false,Amerisure Mutual Insurance Company; Amerisure Mutual Insurance Company; Great American Insurance Company; Homeland Insurance Company of New York; Amerisure Insurance Company; Lloyd's,2026-06-23,,2026-07-02
"Block Real Estate Services, LLC",6a22e69f495ae87f70df3503,69fded1262446148bd848cd3,Crown MedRealty Partners LLC,Certificate (12).pdf,,,processed,false,2026-06-08,,2027-01-01,2026-06-05,false,,,false,The Continental Insurance Company of New Jersey; The Continental Insurance Company; National Fire Insurance Company of Hartford; Fireman's Fund Insurance Company,2026-06-05,,2026-07-02
"Block Real Estate Services, LLC",6a05ea6fca42782ea34bdf81,69fded1262446148bd848cd0,Crossroads Courier Inc,KCIPRiversideLLCRiversideIndustrialCent_CrossroadsCourierInc_25-26GLHNOUMBMTC_7-30-2025_13670150163.pdf,,,processed,false,2026-06-02,,2026-07-30,2025-07-30,false,,,false,Ohio Security Insurance Company; TT Club Mutual Insurance Limited; Progressive Casualty Insurance Company; James River Insurance Company,2026-05-14,,2026-07-02
"Block Real Estate Services, LLC",6a3a99d1dd0b293e54c0c507,69fded1262446148bd848cd6,Cruise Marketing Inc,Block Real Estate.pdf,,,processed,false,2026-06-23,,2027-05-01,2026-06-19,false,,,false,United Fire & Casualty Company,2026-06-23,,2026-07-02
"Block Real Estate Services, LLC",6a303a237828333b350b9dc7,69fded1262446148bd848cdc,"DL Smith Electrical Construction, Inc.",DL Smith Electrical Construction I_Block Real Estate Services LLC (1).pdf,,,processed,false,2026-06-17,,2027-06-01,2026-06-15,false,,,false,Amerisure Partners Insurance Company; Amerisure Insurance Company; Amerisure Mutual Insurance Company,2026-06-15,,2026-07-02
"Block Real Estate Services, LLC",6a42ab395e2a93cdf24113c0,69fded1262446148bd848ce8,Dairy Farmers Of America,cert_HOU_Prom Motor Hotel_ Inc._4432714_4.pdf,,,processed,false,2026-06-30,,2026-10-01,2026-06-29,false,,,false,"National Union Fire Insurance Co. Of Pittsburgh , PA; AIU Insurance Company",2026-06-29,,2026-07-02
"Block Real Estate Services, LLC",6a42e9865e2a93cdf241159c,69fded1262446148bd848ceb,Dairy Farmers of America Inc,cert_HOU_Prom Motor Hotel_ Inc._4432714_4.pdf,,,processed,false,2026-06-30,,2026-10-01,2026-06-29,false,,,false,"National Union Fire Insurance Co. Of Pittsburgh , PA; AIU Insurance Company",2026-06-29,,2026-07-02
"Block Real Estate Services, LLC",6a3aaff6c1a4a2315d540546,69fded1262446148bd848cee,"Dark Horse Coffee / Dark Horse Collective, LLC",Dark Horse Cert.pdf,,,processed,false,2026-06-23,,2026-12-10,,false,,,false,Truck Insurance Exchange; Mid-Century Insurance Company,2026-06-23,,2026-07-02
"Block Real Estate Services, LLC",6a42eeb21125d252a5949b70,69fded1262446148bd848ce5,"Thermal Mechanics, Inc. (TMI)",cert_CLE_PERG 26 27 SPE L.L.C. And Springs 26_6787879_37.pdf,,,processed,false,2026-06-30,,2027-01-01,2026-06-29,false,,,false,LM Insurance Corporation; Liberty Insurance Corporation; Mitsui Sumitomo Insurance USA Inc.; See Acord 101 for Carrier Participation,2026-06-29,,2026-07-02
"Block Real Estate Services, LLC",6a3e99f685fd97a7c8d426e2,69fded1262446148bd848cf1,"Retail Data Systems of KC (RDS) / Data Systems, Inc.","PERG BUILDINGS, LLC c_o Block Real Estate Services- COI.pdf",,,processed,false,2026-06-30,,2027-06-15,2026-06-24,false,,,false,The Phoenix Insurance Company; Travelers Property Casualty Company of America; Travelers Casualty and Surety Company of America; At-Bay Specialty Insurance Company; The Charter Oak Fire Insurance Company,2026-06-26,,2026-07-02
"Block Real Estate Services, LLC",6a3560af56a52ac77dac41ac,69fded1262446148bd848cf4,Data Systems International/ Nextworld / Cloud Inventory,Workers Compensation Policy eff 11.01.25.pdf,,,processed,false,2026-06-25,,,,false,,,false,,2026-06-19,,2026-07-02
"Block Real Estate Services, LLC",6a3560fb305b7089c6ed590a,69fded1262446148bd848cf4,Data Systems International/ Nextworld / Cloud Inventory,Umbrella Policy eff 11.01.2025.pdf,,,processed,false,2026-06-25,,,,false,,,false,,2026-06-19,,2026-07-02
"Block Real Estate Services, LLC",6a3009147828333b350b9cc8,69fded1262446148bd848cfa,B-Envied Salon / David M & Lisa Walla,B-Envied Salon - signed COI - Block Real Estate Services - 06.11.26.pdf,,,processed,false,2026-06-15,,2027-01-20,2026-06-11,false,,,false,State Farm Fire and Casualty Company,2026-06-15,,2026-07-02
"Block Real Estate Services, LLC",6a272f6a723912a81456948a,69fded1262446148bd848cf7,DataLocker Inc,"DATALOCKER INC.-6081400-MO COI 25-26-BLOCK REAL ESTATE SERVICES, LLC.pdf",,,processed,false,2026-06-08,,2026-10-01,2026-06-08,false,,,false,Indemnity Insurance Company of North America,2026-06-08,,2026-07-02
"Block Real Estate Services, LLC",6a298c5c6b36130833e2f76c,69fded1262446148bd848cf7,DataLocker Inc,Block Real Estate Services LLC.pdf,,,processed,false,2026-06-10,,2026-12-15,,false,,,false,ACE Property and Casualty Insurance Company; Bankers Standard Insurance Company,2026-06-10,,2026-07-02
"Block Real Estate Services, LLC",6a454cd7375e453b637982dc,69fded1262446148bd848d00,Daylight Donuts-Olathe LLC,Certificate of Liability Insurance PDF.pdf,,,processed,false,,,,,false,,,false,,2026-07-01,,2026-07-02
"Block Real Estate Services, LLC",6a454d0732bd98d9bcfcb38e,69fded1262446148bd848d00,Daylight Donuts-Olathe LLC,Certificate of Liability Insurance PDF.pdf,,,processed,false,,,,,false,,,false,,2026-07-01,,2026-07-02
"Block Real Estate Services, LLC",6a26ecba1b3591a22e40cf22,69fded1262446148bd848d0c,Dermatology Consultants,Dermatology Consultant Midwest COI (1).pdf,,,processed,false,2026-06-08,,2026-08-01,,false,,,false,ACE Property and Casualty Insurance Company; Bankers Standard Insurance Company; Chubb National Insurance Company,2026-06-08,,2026-07-02
"Block Real Estate Services, LLC",6a3d9e09900a41a58c7942cb,69fded1362446148bd848d18,Discover Church,COI revised note Gen Agg is per Policy.pdf,,,processed,false,2026-06-30,,2027-01-01,2026-06-25,false,,,false,GuideOne Insurance; GuideOne Specialty Insurance,2026-06-25,,2026-07-02
"Block Real Estate Services, LLC",6a0720af9945fee35b85225b,69fded1362446148bd848d1e,"Dollar General / Dolgencorp, Inc.",dollargeneral.pdf,,,processed,false,2026-06-02,,2027-02-10,2026-02-06,false,,,false,ACE American Insurance Company; Indemnity Insurance Company of North America; ACE Property and Casualty Insurance Company; ACE Fire Underwriters Insurance Company,2026-05-15,,2026-07-02
"Block Real Estate Services, LLC",6a05e7a7ca42782ea34b17d6,69fded1362446148bd848d21,Dollar Tree,cert_NYC_K7KansasInvestors_LLC_12011339_56.pdf,,,processed,false,2026-06-01,,2026-09-01,2025-08-25,false,,,true,"National Union Fire Insurance Company of Pittsburgh, Pa.; National Union Fire Insurance Company of Pittsburgh, Pa.; AIU Insurance Company",2026-05-14,,2026-07-02
"Block Real Estate Services, LLC",6a297f008d4f64d9c23ab0a5,69fded1362446148bd848d27,Dollar Tree #4044,cert_NYC_K7 Kansas Investors_ LLC_12631635_1.pdf,,,processed,false,2026-06-10,,2026-09-01,2026-06-09,false,,,false,"National Union Fire Insurance Company of Pittsburgh, Pa.; National Union Fire Insurance Company of Pittsburgh, Pa.; AIU Insurance Company",2026-06-10,,2026-07-02
"Block Real Estate Services, LLC",6a3a9e13f87efbd22dc9034a,69fded1362446148bd848d2a,Dollar Tree #8462,cert_NYC_Hillcrest MO_ LLC_12640703_1.pdf,,,processed,false,2026-06-25,,2026-09-01,2026-06-23,false,,,false,"National Union Fire Insurance Company of Pittsburgh, Pa.; National Union Fire Insurance Company of Pittsburgh, Pa.; AIU Insurance Company",2026-06-23,,2026-07-02
"Block Real Estate Services, LLC",6a0725319839a89d50e8ac80,69fded1362446148bd848d2d,"Perry Plaza Dental / Dr. Darren Perry, DDS",AUTOMATICRENEWALCERTIFICATE15.Pdf,,,processed,false,2026-06-02,,2026-09-27,,false,,,false,,2026-05-15,,2026-07-02
"Block Real Estate Services, LLC",6a30491709f375dfb856f304,69fded1362446148bd848d3c,E2 Optics LLC,"Platte Valley Investment, LLC - COI.pdf",,,processed,false,2026-06-17,,2027-03-01,2026-06-15,false,,,false,Hartford Fire Insurance Company; Twin City Fire Insurance Company; Hartford Casualty Insurance Company; Trumbull Insurance Company,2026-06-15,,2026-07-02
"Block Real Estate Services, LLC",6a17120eda8b4807522775ff,69fded1362446148bd848d42,EcoShield Pest Solutions,KANA WC COI 04072027.pdf,,,processed,false,2026-06-03,,2027-04-07,2026-05-05,false,,,false,Wesco Insurance Company,2026-05-27,,2026-07-02
"Block Real Estate Services, LLC",6a17120f7619b097e7760301,69fded1362446148bd848d42,EcoShield Pest Solutions,KANA GL COI 10142026.pdf,,,processed,false,2026-06-02,,2026-10-14,2026-05-05,false,,,true,West Bend Insurance Company,2026-05-27,,2026-07-02
"Block Real Estate Services, LLC",6a0631d467de4ed821df2873,69fded1362446148bd848d48,Edward Jones,cert_CHI_PinnacleCorporateCenter_LLC_7422379_534.pdf,,,processed,false,2026-06-02,,2027-05-01,2026-05-01,false,,,false,Hartford Fire Insurance Company; Twin City Fire Insurance Company; American Home Assurance Company; Hartford Accident and Indemnity Company,2026-05-14,,2026-07-02
"Block Real Estate Services, LLC",6a18a69192942c733aca7aae,69fded1362446148bd848d4b,Edward D Jones & Co LP,Edward D Jones & Co. -  11300 Tomahawk Creek Parkway Suite 150.pdf,,,processed,false,2026-06-02,,2027-05-01,2026-05-01,false,,,false,Hartford Fire Insurance Company; Twin City Fire Insurance Company; American Home Assurance Company; Hartford Accident and Indemnity Company,2026-05-28,,2026-07-02
"Block Real Estate Services, LLC",6a270099caa475a0462053d1,69fded1362446148bd848d4e,Einstein Bros Bagels #3961,"Oak Park KS, LLC.pdf",,,processed,false,2026-06-11,,2026-10-01,,false,,,false,Liberty Mutual Fire Insurance Company; Liberty Insurance Corporation; LM Insurance Corporation,2026-06-08,,2026-07-02
"Block Real Estate Services, LLC",6a301779d5730a708692ac0f,69fded1362446148bd848d51,Electrical Investments Inc,ACORD Form 20260615-101533.pdf,,,processed,false,2026-06-17,,2027-01-01,2026-06-15,false,,,false,EMCASCO Insurance Company; Employers Mutual Casualty Company; Accident Fund National Insurance Company,2026-06-15,,2026-07-02
"Block Real Estate Services, LLC",6a32b07ab3b624685430d02e,69fded1362446148bd848d51,Electrical Investments Inc,Electrical Investments.pdf,,,processed,false,2026-06-17,,2027-01-01,2026-06-17,false,,,false,EMCASCO Insurance Company; Employers Mutual Casualty Company; Accident Fund National Insurance Company,2026-06-17,,2026-07-02
"Block Real Estate Services, LLC",6a429153c527ba56b6243391,69fded1362446148bd848d54,Electronics for Imaging / EFI Ink Jet Solutions,cert_NYC_PROM MOTOR HOTEL_ INC._10917280_18.pdf,,,processed,false,2026-06-30,,2027-06-30,2026-06-29,false,,,false,Travelers Property Casualty Company of America,2026-06-29,,2026-07-02
"Block Real Estate Services, LLC",6a28545e0b231d12238089c1,69fded1362446148bd848d5d,Elysian Salon and Spa LLC,Updated Certificate 2026.pdf,,,processed,false,2026-06-10,,2026-12-05,2026-06-09,false,,,false,State Farm Fire and Casualty Company,2026-06-09,,2026-07-02
"Block Real Estate Services, LLC",6a29b9f66b36130833e2f81c,69fded1362446148bd848d5d,Elysian Salon and Spa LLC,Updated Certificate 2026.pdf,,,processed,false,2026-06-10,,2026-12-05,2026-06-09,false,,,false,State Farm Fire and Casualty Company; INSURER D,2026-06-10,,2026-07-02
"Block Real Estate Services, LLC",6a457286f92324cf4d222c91,69fded1362446148bd848d5d,Elysian Salon and Spa LLC,Elysian Salon & Spa LLC COI 06.2026.pdf,,,processed,false,,,,,false,,,false,,2026-07-01,,2026-07-02
"Block Real Estate Services, LLC",6a42b04462bbed81ea5611f6,69fded1362446148bd848d60,Emerson Ecologics LLC,"Block Real Estate Services, LLC_Fullscript, Inc._26-27 GL, Products, CUM, _6-29-2026_279567711.pdf",,,processed,false,2026-06-30,,2027-03-01,2026-06-29,false,,,false,Federal Insurance Company; Chubb National Insurance Company,2026-06-29,,2026-07-02
"Block Real Estate Services, LLC",6a3016a8b7970f3c499961dc,69fded1362446148bd848d63,Employers Mutual Casualty Company (EMC Insurance),Cert of Ins HLBT Associates LLC and Cooper Brown Properties LLC.pdf,,,processed,false,2026-06-17,,2027-04-01,2026-03-18,false,,,false,EMPLOYERS MUTUAL CASUALTY COMPANY,2026-06-15,,2026-07-02
"Block Real Estate Services, LLC",6a26cc125a6d7806dad0ff07,69fded1462446148bd848d69,"Engaged Athletics Training Center / Engaged Holdings, LLC","Block Income Fund III, LP.pdf",,,processed,false,2026-06-08,,2027-02-08,,false,,,false,West Bend Insurance Company,2026-06-08,,2026-07-02
"Block Real Estate Services, LLC",6a26cc1f8169e64a814f52ee,69fded1462446148bd848d69,"Engaged Athletics Training Center / Engaged Holdings, LLC",Block WC.pdf,,,processed,false,2026-06-08,,2026-11-05,,false,,,false,,2026-06-08,,2026-07-02
"Block Real Estate Services, LLC",6a3948b6d382314fdae2fe20,69fded1462446148bd848d81,Excel Automation Inc.,COI Block Real Estate.pdf,,,processed,false,2026-06-23,,2026-11-30,2026-06-22,false,,,false,Ohio Security Insurance Company,2026-06-22,,2026-07-02
"Block Real Estate Services, LLC",6a3ea13ca83126525e6961fb,69fded1462446148bd848d8a,F & M Traders LLC,37SBAAM9TZ9.pdf,,,processed,false,2026-06-30,,2026-09-01,2026-06-26,false,,,false,Hartford Underwriters Insurance Company,2026-06-26,,2026-07-02
"Block Real Estate Services, LLC",6a0720bfc367c496881c46b5,69fded1462446148bd848d8d,Faith Technologies Inc,FaithTechnologiesInc-ClientPack-4432637.PDF,,,processed,false,2026-06-03,,2027-01-01,2026-05-04,false,,,false,The Travelers Indemnity Company; Travelers Property Casualty Company of America; The Travelers Indemnity Company of Connecticut,2026-05-15,,2026-07-02
"Block Real Estate Services, LLC",6a0720c2206702aac8607324,69fded1462446148bd848d8d,Faith Technologies Inc,COLLEGECROSSINGEFGHLLCAND_W43121750.pdf,,,processed,false,2026-06-03,,2027-01-01,2025-12-23,false,,,false,The Travelers Indemnity Company; Travelers Property Casualty Company of America; The Travelers Indemnity Company of Connecticut,2026-05-15,,2026-07-02
"Block Real Estate Services, LLC",6a0720c59839a89d50e80d73,69fded1462446148bd848d8d,Faith Technologies Inc,FaithTechnologiesInc-ClientPack-43883636.PDF,,,processed,false,2026-06-03,,2027-01-01,2026-04-01,false,,,false,The Travelers Indemnity Company; Travelers Property Casualty Company of America; The Travelers Indemnity Company of Connecticut,2026-05-15,,2026-07-02
"Block Real Estate Services, LLC",6a28308fda52b0ee99d2ebb7,69fded1462446148bd848d9c,"Daley & Fey, LLP",26-27 Renewal - Insureds Copy.pdf,,,processed,false,2026-06-11,,2027-01-01,,false,,,false,,2026-06-09,,2026-07-02
"Block Real Estate Services, LLC",6a07250e9945fee35b85dcff,69fded1462446148bd848da5,Fireplace & Bar-B-Q Center Inc,4146_0012.pdf,,,processed,false,2026-06-02,,2026-07-01,,false,,,false,,2026-05-15,,2026-07-02
"Block Real Estate Services, LLC",6a4590f5d293d5dfa850a957,69fded1462446148bd848da5,Fireplace & Bar-B-Q Center Inc,26-27 Certs - Block Real Estate - RIV.pdf,,,processed,false,,,2027-07-01,2026-06-30,false,,,false,The Travelers Indemnity Company of Connecticut; Travelers Property Casualty Company of America; Travelers Casualty and Surety Company,2026-07-01,,2026-07-02
"Block Real Estate Services, LLC",6a060dff05b2d4f997434d0e,69fded1462446148bd848da8,"InfuSystem / First Biomedical, Inc.",FirstBioMedicalCOI2026.pdf,,,processed,false,2026-06-03,,2027-01-01,2025-12-29,false,,,false,Sompo America Insurance Company; Sompo America Fire & Marine Insurance Company; Endurance Assurance Corporation,2026-05-14,,2026-07-02
"Block Real Estate Services, LLC",6a062136ca42782ea35f2404,69fded1562446148bd848db4,First Watch,WoSCert26-27.pdf,,,processed,false,2026-06-02,,2027-03-01,2026-04-14,false,,,false,Starr Indemnity & Liability Company,2026-05-14,,2026-07-02
"Block Real Estate Services, LLC",6a304a96646087042c34d918,69fded1562446148bd848db7,Fisher & Phillips LLP,46 PC Investors LLC REVISED COI.pdf,,,processed,false,2026-06-17,,2026-12-31,2026-06-15,false,,,false,Great Northern Insurance Company; Federal Insurance Company; Executive Risk Indemnity Inc.,2026-06-15,,2026-07-02
"Block Real Estate Services, LLC",6a42a3a595bcb4d172ad586b,69fded1562446148bd848dba,"Helen Jon / Five Clothes, LLC",Five Clothes LLC dba Helen Jon COI Pine Ridge Bld B PERG.pdf,,,processed,false,2026-06-30,,2027-05-01,2026-04-24,false,,,false,"Sentinel Insurance Company, Ltd.; Hartford Accident and Indemnity Company; Technology Insurance Company, Inc.",2026-06-29,,2026-07-02
"Block Real Estate Services, LLC",6a05ea571f712c628e4371ea,69fded1562446148bd848dc3,"Fresenius Medical Care - Pittsburg Midwest Dialysis / Fort Scott Regional Dialysis Center, Inc.",5701171733901.pdf,,,processed,false,2026-06-01,,2026-12-31,2025-12-22,false,,,false,"The Continental Insurance Company; American Casualty Company of Reading, Pennsylvania; Transportation Insurance Company; Continental Casualty Company; Fresenius Medical Care Risk Mgmt . Group ,",2026-05-14,,2026-07-02
"Block Real Estate Services, LLC",6a2c83c428f2c8379af569cc,69fded1562446148bd848dc6,Foxx Equipment Company,BlockRealEstateServicesLLC_W46684597.pdf,,,processed,false,2026-06-15,,2026-12-31,2026-06-12,false,,,false,Great Northern Insurance Company; Federal Insurance Company; Chubb Indemnity Insurance Company,2026-06-12,,2026-07-02
"Block Real Estate Services, LLC",6a32d4ebe3e42bf274f19085,69fded1562446148bd848dc6,Foxx Equipment Company,BlockRealEstateServicesLLC_W46724457.pdf,,,processed,false,2026-06-17,,2026-12-31,2026-06-17,false,,,false,Great Northern Insurance Company; Federal Insurance Company; Chubb Indemnity Insurance Company,2026-06-17,,2026-07-02
"Block Real Estate Services, LLC",6a355800d7f00783d9b50699,69fded1562446148bd848dc9,Freightsnap LLC,Freightsnap COI Umbrella and WC 2026_2027.pdf,,,processed,false,2026-06-22,,2027-04-10,2026-04-08,false,,,false,Evanston Insurance Company; The Pie Insurance Company,2026-06-19,,2026-07-02
"Block Real Estate Services, LLC",6a35600deabc8fc9ff473659,69fded1562446148bd848dc9,Freightsnap LLC,Block COI.pdf,,,processed,false,2026-06-30,,2027-04-10,2026-06-19,false,,,false,Truck Insurance Exchange; Farmers Insurance Exchange; Mid-Century Insurance Company,2026-06-19,,2026-07-02
"Block Real Estate Services, LLC",6a3acb91cf85b61f730f42f0,69fded1562446148bd848dcc,"Freirich & Katz, L.C. and JD Rosen CPA, PA / Freirich & Company, LLC",25 (2016-03) Certificate of Liability Insurance.pdf,,,processed,false,2026-06-23,,2026-11-15,2026-06-18,false,,,false,Valley Forge Insurance Company; Continental Casualty Company; Valley Forge Insurance Company,2026-06-23,,2026-07-02
"Block Real Estate Services, LLC",6a42914c04ca7701e3da658d,69fded1562446148bd848ddb,"Servpro / G&C Restoration, LLC",Team jones - WC Block Real Estate Services.pdf,,,processed,false,2026-06-30,,2026-11-01,2026-06-26,false,,,false,"Firemen's Insurance Company of Washington, D.C.; Accident Fund Insurance Company of America",2026-06-29,,2026-07-02
"Block Real Estate Services, LLC",6a443566922a2523ecdebd42,69fded1562446148bd848ddb,"Servpro / G&C Restoration, LLC",Team Jones - GL - Block Real Estate Services.pdf,,,processed,false,,,2027-01-06,2026-06-29,false,,,false,"Restoration Risk Retention Group, Inc.",2026-06-30,,2026-07-02
"Block Real Estate Services, LLC",6a3045238970d898b890a0a8,69fded1562446148bd848dd8,"Future Foam, Inc","Block Real Estate Services, LLC_Future Foam, Inc._2526 COI_6-15-2026_1759053426.pdf",,,processed,false,2026-06-17,,2026-12-01,2026-06-15,false,,,true,Colony Specialty Insurance Company; Sentry Insurance Company; Allied World Assurance Company (U.S.) Inc.; MMA NON CONTROLLED,2026-06-15,,2026-07-02
"Block Real Estate Services, LLC",6a3eb1a05f58e73b8f4f1f0d,69fded1562446148bd848de1,G5 Enterprises Inc,"G5 - co Block Real Estate Services, LLC - 2026-27 - COI.pdf",,,processed,false,2026-06-30,,2027-07-01,2026-06-11,false,,,false,QBE Specialty Insurance Company; Safety National Casualty Corporation; Steadfast Insurance Company; Navigators Specialty Insurance Company; Landmark American Insurance Company,2026-06-26,,2026-07-02
"Block Real Estate Services, LLC",6a3448394a605d250e469c78,69fded1562446148bd848de7,"Triad Capital Advisors, Inc. / Gantry, Inc.",Gantry COI 26-27.pdf,,,processed,false,2026-06-22,,2026-08-23,2026-03-27,false,,,false,Hartford Underwriters Insurance Company; Hartford - Rated by Multiple Cos,2026-06-18,,2026-07-02
"Block Real Estate Services, LLC",6a3d7bdbf08a13c0c88070a6,69fded1562446148bd848df0,Gateway Spine & Joint LLC,"Block Real Estate COI, June 2025.pdf",,,processed,false,2026-06-30,,2026-07-27,2026-06-25,false,,,false,State Farm Fire and Casualty Company; State Farm Mutual Automobile Insurance Company,2026-06-25,,2026-07-02
"Block Real Estate Services, LLC",6a32c6724f89dc4a36d32885,69fded1662446148bd848e02,"Pizza Hut / GMRG ACQ 1, LLC #0359","Block Real Estate Services, LLC_(13903)_Acord25.pdf",,,processed,false,2026-06-17,,2027-01-28,2026-06-17,false,,,false,Intrepid Insurance Company; Intrepid Specialty Insurance Company,2026-06-17,,2026-07-02
"Block Real Estate Services, LLC",6a060efbfe7b4a8a0378bb6b,69fded1662446148bd848e08,GNC (Store #581-02),MillStreetStationLLC_W438656582.pdf,,,processed,false,2026-06-03,,2027-01-31,2026-01-29,false,,,false,Sentry Insurance Company; Sentry Casualty Company,2026-05-14,,2026-07-02
"Block Real Estate Services, LLC",6a16f18d25fcd1060cf28971,69fded1662446148bd848e17,Sni Valley Academy / Dr. Warren L. Moss - Grain Valley School District,Block Real Estates_Grain Valley R-V School District_25-26 GL(ai-ws) AL(ai) AP_5-25-2026_509088148.pdf,,,processed,false,2026-06-02,,2026-12-31,2026-05-25,false,,,false,"Missouri United School Insurance ( MUSIC ) , a self i; Safety National Casualty Corporation",2026-05-27,,2026-07-02
"Block Real Estate Services, LLC",6a3c048c03eed54b41182048,69fded1662446148bd848e1d,Great Rivers Associates,ACORD Form 20260624-111943.pdf,,,processed,false,2026-06-25,,2026-07-14,2026-06-24,false,,,false,United Fire & Casualty Company; ProAssurance National Capital Insurance Company; HDI Global Specialty SE,2026-06-24,,2026-07-02
"Block Real Estate Services, LLC",6a05e5a1d9aed916f09c2e7c,69fded1662446148bd848e1a,"Patio Enclosures / Great Day Improvements, LLC",2026PineRidgeLiabilityCOI.pdf,,,processed,false,2026-06-01,,2027-01-01,2026-01-05,false,,,false,Liberty Mutual Insurance Company; Indemnity National Insurance Company,2026-05-14,,2026-07-02
"Block Real Estate Services, LLC",6a29e4bb895c408da11a7ada,69fded1662446148bd848e26,"Gexpro Services / Rexel USA, Inc. (fka GS Operating, LLC )","26-27 CUMBEXCS - Lawson US, Canada & NIs - Platte Valley Investment, LLC.pdf",,,processed,false,2026-06-11,,2027-03-01,2026-06-10,false,,,false,"Federal Insurance Company; National Union Fire Insurance Company of Pittsburgh, Pa.; QBE Specialty Insurance Company",2026-06-10,,2026-07-02
"Block Real Estate Services, LLC",6a29e5c86b36130833e2f858,69fded1662446148bd848e26,"Gexpro Services / Rexel USA, Inc. (fka GS Operating, LLC )",cert_CHI_Platte Valley Investment_ LLC_10101347_15 (002)-.pdf,,,processed,false,2026-06-11,,2027-03-01,2026-06-09,false,,,false,"National Union Fire Insurance Company of Pittsburgh, Pa.; New Hampshire Insurance Company; Commerce and Industry Insurance Company; Federal Insurance Company",2026-06-10,,2026-07-02
"Block Real Estate Services, LLC",6a05f60e3b391be9f4c26f51,69fded1662446148bd848e32,H & R Block Enterprises LLC,MeghasaiLLCcoBlockRealEstateServices_HRBlockInc_26-27HRCorpUSProper_4-24-2026_20161000043.pdf,,,processed,false,2026-06-01,,2027-05-01,2026-04-24,false,,,false,Continental Casualty Company; Liberty Mutual Fire Insurance Company; Liberty Insurance Corporation,2026-05-14,,2026-07-02
"Block Real Estate Services, LLC",6a18a7bc53ab917b1e71ccc9,69fded1662446148bd848e38,"H&R Block Eastern Tax Svc., Inc. / H&R Block 24167","H&R BLOCK EASTERN TAX SVC., INC. H&R BLOCK 24167 - 1811 E. North Avenue, Belton.pdf",,,processed,false,2026-06-02,,2027-05-01,2026-04-24,false,,,false,Continental Casualty Company; Liberty Mutual Fire Insurance Company; Liberty Insurance Corporation,2026-05-28,,2026-07-02
"Block Real Estate Services, LLC",6a287e3c3f91c94eefb0cc18,69fded1662446148bd848e3b,"Discount Tire / Halle Properties, Inc.",6.9.26 COI - KSK 00.pdf,,,processed,false,2026-06-11,,2027-03-01,2026-06-09,false,,,false,Old Republic Insurance Company; Allied World Assurance Company (U.S.) Inc.,2026-06-09,,2026-07-02
"Block Real Estate Services, LLC",6a31c9cc77799616d66ce396,69fded1662446148bd848e3e,"Harbor Freight Tools USA, Inc",574 COI.pdf,,,processed,false,2026-06-17,,2026-09-01,2025-09-03,false,,,false,ACE American Insurance Company; ACE Property and Casualty Insurance Company,2026-06-16,,2026-07-02
"Block Real Estate Services, LLC",6a3d88ecf08a13c0c880710d,69fded1762446148bd848e4a,Healthy Meals Inc,Healthy Meals Block 2026(1).pdf,,,processed,false,2026-06-30,,2026-02-06,2026-06-12,false,,,false,Next Insurance US Company; Progressive Advanced Insurance Company,2026-06-25,,2026-07-02
"Block Real Estate Services, LLC",6a26ec5acaa475a046205336,69fded1762446148bd848e59,Hensley Electric Inc,Certificate (8).pdf,,,processed,false,2026-06-10,,2026-10-09,2026-06-08,false,,,false,SECURA Insurance Company; Vela Insurance,2026-06-08,,2026-07-02
"Block Real Estate Services, LLC",6a2ac243e28f42264227168b,69fded1762446148bd848e59,Hensley Electric Inc,"2026 Hensley Electric, Inc. COI - co Block Real Estate Services, LLC.pdf",,,processed,false,2026-06-15,,2026-10-09,2026-06-11,false,,,false,SECURA Insurance Company; Vela Insurance,2026-06-11,,2026-07-02
"Block Real Estate Services, LLC",6a3bf41b33fe3726a48fa1dd,69fded1762446148bd848e5f,"Hibbett Sports / Hibbett Retail, Inc.",cert_ATL_Northgate Associates_ LLC_6175629_3.pdf,,,processed,false,2026-06-25,,2026-09-01,2026-06-20,false,,,false,Arch Insurance Company; Arch Indemnity Insurance Company; Affiliated FM Insurance Company,2026-06-24,,2026-07-02
"Block Real Estate Services, LLC",6a05ea88374041e2bb9670e4,69fded1762446148bd848e53,Henderson Engineers Inc,865363031.pdf,,,processed,false,2026-06-01,,2028-08-01,2025-07-31,false,,,false,"National Union Fire Insurance Company of Pittsburgh, Pa.; The Continental Insurance Company; New Hampshire Insurance Company",2026-05-14,,2026-07-02
"Block Real Estate Services, LLC",6a31a166421d720267e63cac,69fded1762446148bd848e56,Hennessy Enterprises LLC,"Block Real Estate Services, LLC, WOS, 4622 Pennsylvania St., Kansas City, MO, 64112.pdf",,,processed,false,2026-06-17,,2027-05-01,2026-06-05,false,,,false,West Bend Insurance Company; Capitol Specialty Insurance Corp; AmTrust Insurance Company,2026-06-16,,2026-07-02
"Block Real Estate Services, LLC",6a0721339839a89d50e81a51,69fded1762446148bd848e68,Hoefer Welker LLC,46PCINVESTORSLLC.pdf,,,processed,false,2026-06-02,,2027-02-12,2026-02-11,false,,,false,The Phoenix Insurance Company; Travelers Property Casualty Company of America,2026-05-15,,2026-07-02
"Block Real Estate Services, LLC",6a301125b7970f3c499961be,69fded1762446148bd848e6e,Hot Dog Design LLC,HotDog-COI-workmans-comp.pdf,,,processed,false,2026-06-17,,2027-02-08,2026-02-07,false,,,false,National Specialty Insurance Company,2026-06-15,,2026-07-02
"Block Real Estate Services, LLC",6a30114e09f375dfb856f224,69fded1762446148bd848e6e,Hot Dog Design LLC,State-Farm-Binder of Insurance.pdf,,,processed,false,2026-06-17,,2027-02-24,,false,,,false,State Farm Fire and Casualty Company,2026-06-15,,2026-07-02
"Block Real Estate Services, LLC",6a3415c20f8d07d45488f201,69fded1762446148bd848e6b,"Horizon PSI / Horizon Systems, Inc.","Perg Buildings, LLC Corrected.pdf",,,processed,false,2026-06-22,,2027-03-01,2026-06-14,false,,,false,Valley Forge Insurance Company; The Continental Insurance Company; Lloyds of London,2026-06-18,,2026-07-02
"Block Real Estate Services, LLC",6a05f629ca42782ea34e9d06,69fded1762446148bd848e74,Husqvarna Construction Products North America Inc,4-29-2026COI.pdf,,,processed,false,2026-06-03,,2027-05-01,2026-04-28,false,,,false,Millhouse Insurance Company; Liberty Mutual Fire Insurance Company; LM Insurance Corporation,2026-05-14,,2026-07-02
"Block Real Estate Services, LLC",6a3d3c24035235ff667a84ae,69fded1762446148bd848e77,Hyalogic LLC,Revised Certificate.pdf,,,processed,false,2026-06-25,,2027-05-19,2026-06-25,false,,,false,Certain Underwriters at Lloyds of London; Employers Preferred Insurance Company,2026-06-25,,2026-07-02
"Block Real Estate Services, LLC",6a3d7354f08a13c0c8807031,69fded1762446148bd848e77,Hyalogic LLC,Hyalogic LLC - KCIP Riverside LLC-Platte Valley REVISED CERT.pdf,,,processed,false,2026-06-25,,2027-05-19,2026-06-25,false,,,false,CONTINENTAL CASUALTY CO; Employers Preferred Insurance Company,2026-06-25,,2026-07-02
"Block Real Estate Services, LLC",6a3d920d540c4e7a799a0485,69fded1762446148bd848e77,Hyalogic LLC,Hyalogic LLC - KCIP Riverside LLC-Platte Valley REVISED CERT.pdf,,,processed,false,2026-06-30,,2027-05-19,2026-06-25,false,,,false,CONTINENTAL CASUALTY CO; Employers Preferred Insurance Company,2026-06-25,,2026-07-02
"Block Real Estate Services, LLC",6a3d78e5f08a13c0c880704e,69fded1762446148bd848e89,Inspire Therapy LLC,Amtrust COI.pdf,,,processed,false,2026-06-30,,2027-02-12,,false,,,false,"Technology Insurance Company, Inc.",2026-06-25,,2026-07-02
"Block Real Estate Services, LLC",6a3d78e7f08a13c0c8807089,69fded1762446148bd848e89,Inspire Therapy LLC,AICertificate_Block Real Estate Services LLC 1.pdf,,,processed,false,2026-06-30,,2027-03-28,,false,,,false,Philadelphia Indemnity Insurance Company,2026-06-25,,2026-07-02
"Block Real Estate Services, LLC",6a05e812fe7b4a8a0361eb0a,69fded1762446148bd848e86,Infinity Fasteners Inc,rtreter.pdf,,,processed,false,2026-06-01,,2027-02-01,,false,,,false,,2026-05-14,,2026-07-02
"Block Real Estate Services, LLC",6a26c5b57f54c7a808caeac2,69fded1862446148bd848e98,"JACO / JACO General Contractor, Inc.","BLOCK REAL ESTATE SERVICES, LLC 23603386.pdf",,,processed,false,2026-06-08,,2026-11-01,2026-06-05,false,,,false,Hartford Casualty Insurance Company; Trumbull Insurance Company; National Fire Insurance Company of Hartford; Hartford Accident and Indemnity Company,2026-06-08,,2026-07-02
"Block Real Estate Services, LLC",6a2c0de40628b2237ea885d8,69fded1862446148bd848e9e,"Janette Brown Insurance Agency, LLC (Farmer's Insurance)",Tyler Brown Agency_Certificate of Liability Insurance.pdf,,,processed,false,2026-06-15,,2027-03-19,2026-06-12,false,,,false,Truck Insurance Exchange; Farmers Insurance Exchange; Mid-Century Insurance Company; Fire Insurance Exchange,2026-06-12,,2026-07-02
"Block Real Estate Services, LLC",6a28344f1b3591a22e40d141,69fded1862446148bd848ea4,"Proforma Idology Marketing Group / JES Business Solutions, LLC",JES Block 2025-2026.PDF,,,processed,false,2026-06-11,,2026-11-01,2026-06-09,false,,,false,USLI - United States Liability Insurance,2026-06-09,,2026-07-02
"Block Real Estate Services, LLC",6a2c134e14fe6fd29725e9c7,69fded1862446148bd848ea4,"Proforma Idology Marketing Group / JES Business Solutions, LLC",EIG141064114-Endorsement Issued - Chg Billing Plan.pdf,,,processed,false,2026-06-15,,2026-11-01,,false,,,false,,2026-06-12,,2026-07-02
"Block Real Estate Services, LLC",6a3d7af9919a57cb6c1f875d,69fded1862446148bd848eaa,Jimmy John's,"Oak Park KS, LLC_(34485)_Acord25.pdf",,,processed,false,2026-06-25,,2027-05-27,2026-06-25,false,,,false,Intrepid Insurance Company; Intrepid Specialty Insurance Company,2026-06-25,,2026-07-02
"Block Real Estate Services, LLC",6a22feb5b0c1404bfda217e1,69fded1862446148bd848ead,"Pinches / JLJ Holdings, LLC",Insurance COI JLJ.pdf,,,processed,false,2026-06-08,,2026-10-01,2026-06-05,false,,,false,Hartford Insurance Company of the Southeast,2026-06-05,,2026-07-02
"Block Real Estate Services, LLC",6a22ff2cb0c1404bfda217ff,69fded1862446148bd848ead,"Pinches / JLJ Holdings, LLC",PT Liability.pdf,,,processed,false,2026-06-08,,2026-11-26,2025-11-26,false,,,false,Starr Indemnity & Liability Company,2026-06-05,,2026-07-02
"Block Real Estate Services, LLC",6a43f7a9922a2523ecdebc5d,69fded1862446148bd848eb3,Johnson Granite Supply Inc,Cert Rev.pdf,,,processed,false,2026-06-30,,2027-05-01,2026-06-26,false,,,false,The Travelers Indemnity Company; Travelers Property Casualty Insurance Company; Accident Fund Insurance Company of America; St. Paul Mercury Insurance Company,2026-06-30,,2026-07-02
"Block Real Estate Services, LLC",6a2333a6a234618b199e4caa,69fded1862446148bd848ebf,Kababs,Kababs COI WC.pdf,,,processed,false,2026-06-08,,2027-04-10,2026-06-05,false,,,false,Property and Casualty Insurance Company of Hartford,2026-06-05,,2026-07-02
"Block Real Estate Services, LLC",6a302fa614a7a365eb47940a,69fded1862446148bd848ec8,Central Links Golf / Kansas City Golf Association (fka KCGA),Insurance Policy.pdf,,,processed,false,2026-06-25,,,,false,,,false,,2026-06-15,,2026-07-02
"Block Real Estate Services, LLC",6a298792895c408da11a7a5d,69fded1862446148bd848ece,Kansas City Urology Care,"CMP Building I, LLC_Kansas City Urology Care, PA_OP Loc GLAUUMWC 26-27_6-10-2026_1963756796.pdf",,,processed,false,2026-06-10,,2027-01-01,2026-06-10,false,,,false,"MMIC Insurance, Inc.; Travelers Property Casualty Company of America; The Charter Oak Fire Insurance Company",2026-06-10,,2026-07-02
"Block Real Estate Services, LLC",6a29a6c7956b00da7750c044,69fded1862446148bd848ece,Kansas City Urology Care,"CMP Building I, LLC_Kansas City Urology Care, PA_OP Loc GLAUUMWC 26-27_6-10-2026_671274195.pdf",,,processed,false,2026-06-10,,2027-01-01,2026-06-10,false,,,false,"MMIC Insurance, Inc.; Travelers Property Casualty Company of America; The Charter Oak Fire Insurance Company",2026-06-10,,2026-07-02
"Block Real Estate Services, LLC",6a2985536b36130833e2f74e,69fded1862446148bd848ed1,"Kansas City Urology Care, PA","2025 WILSHIRE WERBO, LLC_Kansas City Urology Care, PA_Lenexa Loc GLAUUMWC 2_6-10-2026_1486083803.pdf",,,processed,false,2026-06-10,,2027-01-01,2026-06-10,false,,,false,"MMIC Insurance, Inc.; Travelers Property Casualty Company of America; The Charter Oak Fire Insurance Company",2026-06-10,,2026-07-02
"Block Real Estate Services, LLC",6a29a77d6b36130833e2f7ff,69fded1862446148bd848ed1,"Kansas City Urology Care, PA","2025 WILSHIRE WERBO, LLC_Kansas City Urology Care, PA_Lenexa Loc GLAUUMWC 2_6-10-2026_1020333311.pdf",,,processed,false,2026-06-10,,2027-01-01,2026-06-10,false,,,false,"MMIC Insurance, Inc.; Travelers Property Casualty Company of America; The Charter Oak Fire Insurance Company",2026-06-10,,2026-07-02
"Block Real Estate Services, LLC",6a391dec5d98f744785919e8,69fded1862446148bd848ed7,Kansas Gas Co,26-27 Property Renewal Certificate - 3737 Investors.pdf,,,processed,false,2026-06-22,,2027-05-01,2026-05-01,false,,,false,SEE ATTACHMENT ---,2026-06-22,,2026-07-02
"Block Real Estate Services, LLC",6a2b623e4137abcbd837f688,69fded1962446148bd848ee9,"KC Classic Auto, LLC",IMG_7096.png,,,processed,false,2026-06-30,,2026-12-09,,false,,,false,,2026-06-12,,2026-07-02
"Block Real Estate Services, LLC",6a4579eb48c92c2dc99f7708,69fded1962446148bd848ee9,"KC Classic Auto, LLC",KC Classic COI.pdf,,,processed,false,,,,,false,,,false,,2026-07-01,,2026-07-02
"Block Real Estate Services, LLC",6a457acff92324cf4d222cae,69fded1962446148bd848ee9,"KC Classic Auto, LLC",KC Classic.pdf,,,processed,false,,,,,false,,,false,,2026-07-01,,2026-07-02
"Block Real Estate Services, LLC",6a31897677799616d66ce31a,69fded1962446148bd848f19,Legacy Restaurant Group LLC,Legacy Restaurant COI - Block & Company.pdf,,,processed,false,2026-06-17,,2027-04-01,2026-03-23,false,,,false,Greenwich Insurance Company; XL Specialty Insurance Company; Markel American Insurance Company; Houston Casualty Company,2026-06-16,,2026-07-02
"Block Real Estate Services, LLC",6a071d3db7c7740fe9c3532a,69fded1962446148bd848f1f,Leslie's Poolmart Inc,HillcrestPlaza-88406810.pdf,,,processed,false,2026-06-02,,2026-11-01,2025-12-19,false,,,false,"Continental Casualty Company; The Continental Insurance Company; American Casualty Company of Reading, Pennsylvania; Transportation Insurance Company; See Attached",2026-05-15,,2026-07-02
"Block Real Estate Services, LLC",6a397ad3efaf8fc91cd0af97,69fded1962446148bd848f22,Life Assist Inc,"College IJ LLC and 4120 Rainbow Associates, L_Life Assist, Inc._202627 Master Cert_6-22-2026_546659189.pdf",,,processed,false,2026-06-23,,2027-01-01,2026-06-22,false,,,false,"Admiral Insurance Company; Associated Industries Insurance Company, Inc.; Travelers Property Casualty Insurance Company",2026-06-22,,2026-07-02
"Block Real Estate Services, LLC",6a311d5a14a7a365eb4794db,69fded1a62446148bd848f61,"Blue Endo / Market-tiers, Inc.","Blue Endo_Market-Tiers, Inc dba Blue Endo_25-26 - 2- GL Umb WC - _6-16-2026_1930019683.pdf",,,processed,false,2026-06-17,,2026-10-06,2026-06-16,false,,,false,"Twin City Fire Insurance Company; Sentinel Insurance Company, Ltd.",2026-06-16,,2026-07-02
"Block Real Estate Services, LLC",6a454d95375e453b637982fa,69fded1a62446148bd848f61,"Blue Endo / Market-tiers, Inc.",WOS Endt for PERG $64 52WECAQ3019.pdf,,,processed,false,,,,,false,,,false,,2026-07-01,,2026-07-02
"Block Real Estate Services, LLC",6a26f2a5b28b74540bd9d9aa,69fded1a62446148bd848f58,Marcon Marketing Concepts Inc,Block Real Estate Services LLC_MarCon Marketing Concepts Inc._26-27 MASTER_6-8-2026_2088469243 (1).pdf,,,processed,false,2026-06-10,,2027-05-01,2026-06-08,false,,,false,West Bend Insurance Company; Accident Fund National Insurance Company,2026-06-08,,2026-07-02
"Block Real Estate Services, LLC",6a29ad1a895c408da11a7a9f,69fded1a62446148bd848f58,Marcon Marketing Concepts Inc,"Block Real Estate Services, LLC_MarCon Marketing Concepts, Inc._26-27 MASTER_6-8-2026_2088469243 (1).pdf",,,processed,false,2026-06-10,,2027-05-01,2026-06-08,false,,,false,West Bend Insurance Company; Accident Fund National Insurance Company,2026-06-10,,2026-07-02
"Block Real Estate Services, LLC",6a2adcac071d75e4ccfca21e,69fded1a62446148bd848f67,Massage Envy,Block Real Estate Services COI.pdf,,,processed,false,2026-06-15,,2026-09-19,2026-06-08,false,,,false,Fidelity and Guaranty Insurance Company; AmTrust Insurance Company; Coverys Specialty Insurance Company,2026-06-11,,2026-07-02
"Block Real Estate Services, LLC",6a272864da52b0ee99d2e8b5,69fded1a62446148bd848f79,MC Flooring LLC,25-26 MC Flooring LLC - COI - LLCS Building 8 Investors LLC.pdf,,,processed,false,2026-06-08,,2026-09-15,2026-06-08,false,,,false,Federated Mutual Insurance Company; Federated Reserve Insurance Company,2026-06-08,,2026-07-02
"Block Real Estate Services, LLC",6a2aca90071d75e4ccfca200,69fded1a62446148bd848f82,McQuaid Brothers Remodeling,"14275500- High Tech Associates, LLC.pdf",,,processed,false,2026-06-11,,2026-10-01,2026-06-08,false,,,false,The Cincinnati Insurance Company,2026-06-11,,2026-07-02
"Block Real Estate Services, LLC",6a22fff0a234618b199e4b66,69fded1b62446148bd848f91,Medical Technology Associates Inc,"CMP Building III, LLC - 381207.pdf",,,processed,false,2026-06-08,,2027-04-20,2026-06-05,false,,,false,The Charter Oak Fire Insurance Company; Travelers Property Casualty Company of America; Travelers Excess and Surplus Lines Company; Travelers Casualty and Surety Company,2026-06-05,,2026-07-02
"Block Real Estate Services, LLC",6a3000e6b7970f3c4999616c,69fded1b62446148bd848f94,"Mr. Handy Man / Melcar Enterprises (fka Stagg Enterprises, LLC)","CERT_Block_Real_Estate_Services,_LLC_c_o_Block_Real_Estate_Services,_LLC_988483.pdf",,,processed,false,2026-06-15,,2027-03-01,2026-06-09,false,,,false,Property and Casualty Insurance Company of Hartford; Nutmeg Insurance Company; Hartford Casualty Insurance Company,2026-06-15,,2026-07-02
"Block Real Estate Services, LLC",6a3b9c3c9354dca6165d2507,69fded1b62446148bd848f97,"Melcher Investment Company, LP","co Block Real Estate Services, LLC_MELCHER INVESTMENT COMPANY, LP_26-27 COI_6-23-2026_1989300139.pdf",,,processed,false,2026-06-25,,2027-01-15,2026-06-23,false,,,false,Travelers Property Casualty Company of America; The Phoenix Insurance Company,2026-06-24,,2026-07-02
"Block Real Estate Services, LLC",6a2853581b3591a22e40d1a6,69fded1b62446148bd848fa9,Midland Exteriors LLC,1.01.26_1.1.27.pdf,,,processed,false,2026-06-11,,,,false,,,false,,2026-06-09,,2026-07-02
"Block Real Estate Services, LLC",6a319b6777799616d66ce35a,69fded1b62446148bd848fc1,"Ingersol Rand / Milton Roy, LLC",Ingersoll Rand Inc - Block Real Estate Services LLC - 26061636753280 - 570120973283.pdf,,,processed,false,2026-06-17,,2027-03-01,2026-06-16,false,,,false,Zurich American Insurance Company; American Zurich Insurance Company; ACE Property and Casualty Insurance Company,2026-06-16,,2026-07-02
"Block Real Estate Services, LLC",6a26f0fc1b3591a22e40cf40,69fded1b62446148bd848fcd,Mitchell Capital Management Company,Pinnacle Certificate of Liability 2026.pdf,,,processed,false,2026-06-10,,2027-01-01,,false,,,false,,2026-06-08,,2026-07-02
"Block Real Estate Services, LLC",6a3adff0cf85b61f730f434c,69fded1c62446148bd849000,New Lawn LLC,BlockRealEstateServicesLLC23591074.pdf,,,processed,false,2026-06-24,,2026-08-28,2026-06-23,false,,,false,Hartford Underwriters Insurance Company; Travelers Casualty Insurance Company of America; The Travelers Indemnity Company; Property and Casualty Insurance Company of Hartford,2026-06-23,,2026-07-02
"Block Real Estate Services, LLC",6a3957c8efaf8fc91cd0aef7,69fded1c62446148bd84900f,Nifty Promotions LLC,Nifty Block Cert.pdf,,,processed,false,2026-06-22,,2026-10-27,2026-06-22,false,,,false,"Hartford Underwriters Insurance Company; The Hartford; Fidelity and Guaranty Insurance Underwriters, Inc.",2026-06-22,,2026-07-02
"Block Real Estate Services, LLC",6a30242e5435e5ae094b2e28,69fded1d62446148bd849030,"Walgreens / Option Care Enterprises, Inc.",16589 COI 4.7.2026 - 4.7.2027 Revised(1).pdf,,,processed,false,2026-06-17,,2027-04-07,2026-06-09,false,,,false,"Trumbull Insurance Company; Sentinel Insurance Company, Ltd.; Hartford Fire Insurance Company; Columbia Casualty Company",2026-06-15,,2026-07-02
"Block Real Estate Services, LLC",6a45308bf68dfd7f9eebb3b1,69fded1d62446148bd849030,"Walgreens / Option Care Enterprises, Inc.",Option Care Health Inc - Perg Buildings LLC - 26062536877644 - 570121335424.pdf,,,processed,false,,,2027-04-07,2026-06-26,false,,,false,"Trumbull Insurance Company; Sentinel Insurance Company, Ltd.; Hartford Fire Insurance Company; Columbia Casualty Company",2026-07-01,,2026-07-02
"Block Real Estate Services, LLC",6a05f6d9374041e2bb9959be,69fded1d62446148bd849039,Orscheln Farm & Home LLC,TractorSupplyCompanyCOINorthridgeClarindaLLC1.pdf,,,processed,false,2026-06-03,,2027-04-01,2026-03-25,false,,,false,"Greenwich Insurance Company; XL Insurance America, Inc.",2026-05-14,,2026-07-02
"Block Real Estate Services, LLC",6a45365948c92c2dc99f75b9,69fded1d62446148bd849039,Orscheln Farm & Home LLC,Tractor Supply Company - NorthridgeClarinda LLC - 26062936921555 - 570121557774.pdf,,,processed,false,,,2027-04-01,2026-06-30,false,,,false,"XL Insurance America, Inc.; Greenwich Insurance Company",2026-07-01,,2026-07-02
"Block Real Estate Services, LLC",6a3576951f6b786b44770021,69fded1d62446148bd849042,"Oz Accommodations, Inc.",Certificate - 2026-06-19T120411.656.pdf,,,processed,false,2026-06-22,,2027-04-22,2026-06-19,false,,,false,The Cincinnati Insurance Company; The Cincinnati Indemnity Company,2026-06-19,,2026-07-02
"Block Real Estate Services, LLC",6a300d7685085468184506ba,69fded1d62446148bd84904e,Pack3000 LLC,"Platte Valley Investment, LLC_Pack3000, LLC_25-26 Master_8-21-2025_888327702.pdf",,,processed,false,2026-06-17,,2026-08-01,2025-08-21,false,,,false,Travelers Property Casualty Company of America; The Travelers Indemnity Company of America; The Travelers Indemnity Company; Travelers Casualty and Surety Company,2026-06-15,,2026-07-02
"Block Real Estate Services, LLC",6a2c52fa8b0f9b5ef895d8a1,69fded1d62446148bd849051,"Hydro Ponics / River Market Hydro / Palm Green, LLC",COI Palm Green.pdf,,,processed,false,2026-06-15,,2026-10-19,2026-06-05,false,,,false,Owners Insurance Company,2026-06-12,,2026-07-02
"Block Real Estate Services, LLC",6a3e998757a0d280997f8322,69fded1d62446148bd84905d,Nitto Denko Automotive / Parkers America,Block Real Estate Services LLC_COI.pdf,,,processed,false,2026-06-30,,2027-04-03,2026-03-27,false,,,false,Liberty Mutual Fire Insurance Company; Liberty Insurance Corporation,2026-06-26,,2026-07-02
"Block Real Estate Services, LLC",6a43fb78d1b03a7ae56a13e1,69fded1d62446148bd84905d,Nitto Denko Automotive / Parkers America,Block Real Estate Services LLC_Parker Americas Inc._26-27 GL BAUT UMBR_6-29-2026_2023086823.pdf,,,processed,false,2026-06-30,,2027-04-03,2026-06-29,false,,,false,Liberty Mutual Fire Insurance Company; Liberty Insurance Corporation,2026-06-30,,2026-07-02
"Block Real Estate Services, LLC",6a2b52bb181480923538cb90,69fded1e62446148bd8490a8,Power Sales & Advertising Inc,Block COI.pdf,,,processed,false,2026-06-15,,2026-11-15,2026-06-10,false,,,false,The Travelers Indemnity Company of Connecticut; Travelers Property Casualty Company of America; Waypoint Mutual; Travelers Casualty and Surety Company of America,2026-06-12,,2026-07-02
"Block Real Estate Services, LLC",6a3e956f85fd97a7c8d4268f,69fded1e62446148bd8490b4,Principal Life Insurance Company,co Block Real Estate Services - WC.pdf,,,processed,false,2026-06-30,,2027-05-01,2026-06-24,false,,,false,Accident Fund Insurance Company of America,2026-06-26,,2026-07-02
"Block Real Estate Services, LLC",6a3e962ec440b3797746b7ab,69fded1e62446148bd8490b4,Principal Life Insurance Company,"Block Real Estate Services, LLC - GL.pdf",,,processed,false,2026-06-30,,2027-05-01,2026-06-24,false,,,false,Endurance Assurance Corporation; ACE Property and Casualty Insurance Company; The Cincinnati Insurance Company,2026-06-26,,2026-07-02
"Block Real Estate Services, LLC",6a2c0d1214fe6fd29725e9a3,69fded1e62446148bd8490b7,Pro Concrete Design Inc,COI - Platte Valley Investment & Block.pdf,,,processed,false,2026-06-25,,2026-10-01,2026-03-23,false,,,false,The Cincinnati Insurance Company; The Cincinnati Casualty Company; Westchester Surplus Lines Insurance Company,2026-06-12,,2026-07-02
"Block Real Estate Services, LLC",6a3400fa3a28b57599a17c80,69fded1e62446148bd8490c9,Provider Plus Inc,"SM Quivira, LLC and 9201 Associates, LLC  - Liab - 6-18.pdf",,,processed,false,2026-06-22,,2026-11-08,2026-06-18,false,,,false,Illinois Union Insurance Company; Hartford Fire Insurance Company; Hartford Underwriters Insurance Company; SEE ATTACHMENT; Twin City Fire Insurance Company; XL Specialty Insurance Company,2026-06-18,,2026-07-02
"Block Real Estate Services, LLC",6a3ea341c440b3797746b7c8,69fded1e62446148bd8490cf,Pulse Design Group,"Block Real Estate Services LLC_Pulse Design Group, Inc._26-27 GAUWP_6-26-2026_1733011510.pdf",,,processed,false,2026-06-30,,2027-01-01,2026-06-26,false,,,false,Hartford Underwriters Insurance Company; XL Specialty Insurance Company,2026-06-26,,2026-07-02
"Block Real Estate Services, LLC",6a071d25b333109abbebacc8,69fded1f62446148bd8490e1,"RBC Capital Markets, LLC / Royal Bank of Canada",cert_LOS_PinnacleVAssociates_LLCand_2557764_531.pdf,,,processed,false,2026-06-02,,2026-12-01,2025-12-01,false,,,false,"National Union Fire Insurance Company of Pittsburgh, Pa.; N / A",2026-05-15,,2026-07-02
"Block Real Estate Services, LLC",6a202ab44360dc74c4523b7e,69fded1f62446148bd8490e1,"RBC Capital Markets, LLC / Royal Bank of Canada","Pinnacle V Associates, LLC and Chymiak Pinnac_RBC CAPITAL MARKETS, LLC dba RBC WE_26-27 AL WC dba RBC Wealt_6-2-2026_646753096.pdf",,,processed,false,2026-06-03,,2027-06-01,2026-06-02,false,,,false,ACE American Insurance Company; Federal Insurance Company,2026-06-03,,2026-07-02
"Block Real Estate Services, LLC",6a3a96b556d58bea36041f69,69fded1f62446148bd8490f3,Rent-A-Center #1724,Upbound Group Inc - Vivion Road Development Co LLC - 26062236826661 - 570121051480.pdf,,,processed,false,2026-06-23,,2026-08-05,2026-06-23,false,,,false,Everest Premier Insurance Company; Everest National Insurance Company; Zurich American Insurance Company,2026-06-23,,2026-07-02
"Block Real Estate Services, LLC",6a357ae63d76e5b73d8d7232,69fded1f62446148bd849108,"Rosen's, Inc.",26-27-RDI-BlockRealEstate-COI.pdf,,,processed,false,2026-06-22,,2027-04-01,2026-06-19,false,,,false,ACE American Insurance Company,2026-06-19,,2026-07-02
"Block Real Estate Services, LLC",6a2c46d0be9dc56b33f0e9b4,69fded2062446148bd849138,Scheels All Sports Inc,"Block Real Estate Services, LLC_Scheels All Sports Inc._25-26 GL AL WC UL ($10M)_6-12-2026_636670369.pdf",,,processed,false,2026-06-15,,2026-07-01,2026-06-12,false,,,false,Zurich American Insurance Company; Allied World Assurance Company (U.S.) Inc.,2026-06-12,,2026-07-02
"Block Real Estate Services, LLC",6a284c35da52b0ee99d300db,69fded2062446148bd849141,Seen Merchandising LLC,Block 2026 COI.pdf,,,processed,false,2026-06-11,,2026-08-22,2026-05-26,false,,,false,The Charter Oak Fire Insurance Company; Travelers Property Casualty Company of America; Accident Fund National Insurance Company,2026-06-09,,2026-07-02
"Block Real Estate Services, LLC",6a18b0a5515bd6b00b4d77cd,69fded2062446148bd84914a,"Senior Day KC / The Respite House, LLC",NOT FOUND - The Respite House LLC.pdf,,,processed,false,2026-06-01,,2026-08-14,2025-08-14,false,,,false,"Beazley Insurance Company, Inc.",2026-05-28,,2026-07-02
"Block Real Estate Services, LLC",6a071b8d0490135a474805f6,69fded2062446148bd84914d,"SERC Physical Therapy / SERC Rehabilitation Partners, LLC",upstream.pdf,,,processed,false,2026-06-03,,2026-07-01,2025-06-18,false,,,false,TDC Specialty Insurance Company; Twin City Fire Insurance Company; Coverys Specialty Insurance Company; Hartford Underwriters Insurance Company; Hartford Fire Insurance Company,2026-05-15,,2026-07-02
"Block Real Estate Services, LLC",6a3002ef98ed8b6895cd643d,69fded2062446148bd84914d,"SERC Physical Therapy / SERC Rehabilitation Partners, LLC","2026 COI - DEVONSHIRE SHOPS, LLC 14607518.pdf",,,processed,false,2026-06-17,,2026-07-01,2025-07-25,false,,,false,TDC Specialty Insurance Company; Twin City Fire Insurance Company; Coverys Specialty Insurance Company; Hartford Underwriters Insurance Company; Hartford Fire Insurance Company,2026-06-15,,2026-07-02
"Block Real Estate Services, LLC",6a443bc9922a2523ecdebdab,69fded2062446148bd84914d,"SERC Physical Therapy / SERC Rehabilitation Partners, LLC",Upstream Rehabilitation COI Block LLC 2.pdf,,,processed,false,,,2027-07-01,2026-06-23,false,,,false,TDC Specialty Insurance Company; Trumbull Insurance Company; Coverys Specialty Insurance Company; Hartford Underwriters Insurance Company; Hartford Fire Insurance Company,2026-06-30,,2026-07-02
"Block Real Estate Services, LLC",6a443bd3ac206e9e9ed7e04c,69fded2062446148bd84914d,"SERC Physical Therapy / SERC Rehabilitation Partners, LLC",Upstream Rehabilitation COI Block LLC.pdf,,,processed,false,,,2027-07-01,2026-06-23,false,,,false,TDC Specialty Insurance Company; Trumbull Insurance Company; Coverys Specialty Insurance Company; Hartford Underwriters Insurance Company; Hartford Fire Insurance Company,2026-06-30,,2026-07-02
"Block Real Estate Services, LLC",6a2814dd188eff3d9a5a4c71,69fded2062446148bd849168,Siemens Corporation,cert_NYC_BRIAN 4_ LLC_11948608_8.pdf,,,processed,false,2026-06-11,,2026-10-01,2026-06-09,false,,,false,Zurich American Insurance Company; Travelers Property Casualty Company of America; American Guarantee and Liability Insurance Company; Travelers Casualty and Surety Company,2026-06-09,,2026-07-02
"Block Real Estate Services, LLC",6a32d114106a7c71e356808a,69fded2062446148bd849174,Slim 4 Life Weight Loss Centers Inc,"Midwest Ketter Investments, LLC_4 Life Weight Loss Centers, Inc._Master 26-27_6-16-2026_2059136014.pdf",,,processed,false,2026-06-17,,2026-11-13,,false,,,false,Hartford Casualty Insurance Company,2026-06-17,,2026-07-02
"Block Real Estate Services, LLC",6a3981c6f214bcb869b222d5,69fded2162446148bd849189,South Western Communications Inc,Block updated 6-22-26.pdf,,,processed,false,2026-06-23,,2027-03-01,2026-06-22,false,,,false,Zurich American Insurance Company; Scottsdale Indemnity Company,2026-06-22,,2026-07-02
"Block Real Estate Services, LLC",6a3e9d7957a0d280997f8340,69fded2162446148bd849195,Sports Rehab & Physical Therapy Inc,COI - Block.pdf,,,processed,false,2026-06-30,,2027-01-15,2026-06-26,false,,,false,Amercian Casualty Co. of Reading PA; Hartford Casualty Insurance Company; TRAVELERS INDEMNITY COMPANY,2026-06-26,,2026-07-02
"Block Real Estate Services, LLC",6a3415063a28b57599a17cd8,69fded2162446148bd8491bc,Stratus Surfaces LLC,"26-27 Master COI - Block Real Estate Services, LLC.pdf",,,processed,false,2026-06-22,,2027-05-01,2026-06-18,false,,,false,Employers Mutual Casualty Company,2026-06-18,,2026-07-02
"Block Real Estate Services, LLC",6a2ffcb709f375dfb856f1db,69fded2162446148bd8491c2,"Style Crest, Inc. (fka Durham Supply, Inc.)","Cal-Vent Group, Ltd_Style Crest Enterprises, Inc._25-26 CERT General w26-2_6-15-2026_1288020938.pdf",,,processed,false,2026-06-15,,2026-10-01,2026-06-15,false,,,false,Great American Insurance Company of New York; Midwest Employers Casualty Company; Amerisure Mutual Insurance Company; Navigators Specialty Insurance Company,2026-06-15,,2026-07-02
"Block Real Estate Services, LLC",6a3c4568d4e980e942308a27,69fded2262446148bd8491e0,TeamSmile Inc,Certificate.pdf,,,processed,false,2026-06-25,,2027-03-15,2026-06-11,false,,,false,Ohio Security Insurance Company; The Ohio Casualty Insurance Company; SFM Mutual Insurance Company; R - T Specialty LLC,2026-06-24,,2026-07-02
"Block Real Estate Services, LLC",6a2c211014a7a365eb479247,69fded2262446148bd8491ec,Tesla Inc,PORT Brixmor Property Group_ Inc. (SEA-4083754).pdf,,,processed,false,2026-06-15,,2026-10-31,2025-10-30,false,,,false,Zurich American Insurance Company; American Zurich Insurance Company,2026-06-12,,2026-07-02
"Block Real Estate Services, LLC",6a3d85dd540c4e7a799a0467,69fded2262446148bd8491ef,Test & Measurement Inc,"High Tech Associates, LLC_Test & Measurement, Inc._PLA GLHNOAUMWC 26-27_6-25-2026_1402058661.pdf",,,processed,false,2026-06-30,,2027-06-01,2026-06-25,false,,,false,The Cincinnati Casualty Company; The Cincinnati Insurance Company,2026-06-25,,2026-07-02
"Block Real Estate Services, LLC",6a34323e5d3c141fe2a9f0d1,69fded2262446148bd8491fb,Thai Chili Cuisine,Thai Chili Cuisine Dec.pdf,,,processed,false,2026-06-25,,,,false,,,false,,2026-06-18,,2026-07-02
"Block Real Estate Services, LLC",6a43e5a3e9786aa44fcb975b,69fded2262446148bd849207,"Rogers Labs (fka P&C Next) / The Compatibility Center, LLC",acord25 (98).pdf,,,processed,false,2026-06-30,,2026-07-13,2026-06-30,false,,,false,State Farm Fire and Casualty Company,2026-06-30,,2026-07-02
"Block Real Estate Services, LLC",6a3c11ee471d21bbc95f6c8f,69fded2262446148bd84920d,Argosy Casino & Hotel / The Missouri Gaming Company,6-24-26 Block Income Fund COI.pdf,,,processed,false,2026-06-25,,2027-04-01,2026-06-24,false,,,false,Zurich American Insurance Company; American Guarantee and Liability Insurance Company; American Zurich Insurance Company,2026-06-24,,2026-07-02
"Block Real Estate Services, LLC",6a3eaec4c35829c634df588f,69fded2262446148bd84920d,Argosy Casino & Hotel / The Missouri Gaming Company,6-26-2026 Block Income Fund COI.pdf,,,processed,false,2026-06-30,,2027-04-01,2026-06-26,false,,,false,Zurich American Insurance Company; American Guarantee and Liability Insurance Company; American Zurich Insurance Company,2026-06-26,,2026-07-02
"Block Real Estate Services, LLC",6a3bd8799af3fe11c9429684,69fded2262446148bd849210,The Peavey Corporation,8YL_The Peavey Corpo_Block Real Estate Service_167769326.pdf,,,processed,false,2026-06-25,,2027-07-01,2026-06-24,false,,,false,New Hampshire Insurance Company,2026-06-24,,2026-07-02
"Block Real Estate Services, LLC",6a3eba1529c008508672a1ec,69fded2262446148bd849210,The Peavey Corporation,"Block Real Estate Services, LLC_The Peavey Corporation_25-26 GAU_6-26-2026_1213003751.pdf",,,processed,false,2026-06-30,,2026-09-27,2026-06-26,false,,,false,The Cincinnati Insurance Company; Kinsale Insurance Company,2026-06-26,,2026-07-02
"Block Real Estate Services, LLC",6a26fcb07f54c7a808caeb0d,69fded2362446148bd84923d,"Liquor Houzz / Trivedi and Riaz, Inc.",Trivedi & Riaz COI.pdf,,,processed,false,2026-06-10,,2027-04-01,,false,,,false,Tri-State Insurance Company of Minnesota,2026-06-08,,2026-07-02
"Block Real Estate Services, LLC",6a29c0b3895c408da11a7abd,69fded2362446148bd84923d,"Liquor Houzz / Trivedi and Riaz, Inc.",Worker comp and Employer liability Liquor houzz.pdf,,,processed,false,2026-06-10,,,,false,,,false,,2026-06-10,,2026-07-02
"Block Real Estate Services, LLC",6a43c739922a2523ecdebae6,69fded2362446148bd84924f,UBS Financial Services Inc,"Block Real Estate Services, LLC_UBS Financial Services, Inc._ACORD 25 26-27 GLUMB(5M_6-17-2026_430329792.pdf",,,processed,false,2026-06-30,,2027-07-01,2026-06-17,true,low,<p>Send email for Location and WC evidence on 7/1</p>,false,Zurich American Insurance Company; American Guarantee and Liability Insurance Company,2026-06-30,,2026-07-02
"Block Real Estate Services, LLC",6a2c168c30f44d51aca8dcc6,69fded2362446148bd849261,Unistrut Corporation,"Block Real Estate Services, LLC-570116719994.pdf",,,processed,false,2026-06-15,,2026-12-01,2025-11-18,false,,,false,"National Union Fire Insurance Company of Pittsburgh, Pa.; AIU Insurance Company",2026-06-12,,2026-07-02
"Block Real Estate Services, LLC",6a07264a7ee88c9e36193e92,69fded2362446148bd84926a,United Refrigeration Inc,"CAL-VENTGROUP,LTD,COI.pdf",,,processed,false,2026-06-02,,2026-08-01,2025-12-18,false,,,false,Arch Insurance Company,2026-05-15,,2026-07-02
"Block Real Estate Services, LLC",6a2701d81b3591a22e40cf6b,69fded2462446148bd84927f,Var City Maintenance LLC,"Var City Maintenance-PERG BUILDINGS, LLC c_o Block Real Estate Services, LLC-04-02-2026.pdf",,,processed,false,2026-06-11,,2026-08-26,2026-04-02,false,,,false,"General Insurance Company of America; American Casualty Company of Reading, Pennsylvania; The Ohio Casualty Insurance Company",2026-06-08,,2026-07-02
"Block Real Estate Services, LLC",6a07211d0490135a4748d111,69fded2362446148bd849276,Unum Life Insurance Company of America & Colonial Life Insurance,PinnacleCorporateCentreVPinnacleVAssociatesLLC_W396816683.pdf,,,processed,false,2026-06-02,,2026-06-30,2025-07-02,false,,,false,"Travelers Property Casualty Company of America; National Union Fire Insurance Company of Pittsburgh, Pa.; Travelers Casualty and Surety Company; The Travelers Indemnity Company of Connecticut; Endurance American Specialty Insurance Company",2026-05-15,,2026-07-02
"Block Real Estate Services, LLC",6a3416536d3404a6bb1b63f6,69fded2462446148bd8492af,"Satellite Engineering / WESCO Distribution, Inc.",26-27 WESCO Landlords - Block Real Estate Services.pdf,,,processed,false,2026-06-24,,2027-06-04,2026-06-18,false,,,false,Travelers Property Casualty Company of America,2026-06-18,,2026-07-02
"Block Real Estate Services, LLC",6a43f35204ca7701e3da6a5d,69fded2462446148bd8492af,"Satellite Engineering / WESCO Distribution, Inc.",26-27 WESCO Landlords - Block Real Estate Services.pdf (1).pdf,,,processed,false,2026-06-30,,2027-06-04,2026-06-18,false,,,false,Travelers Property Casualty Company of America,2026-06-30,,2026-07-02
"Block Real Estate Services, LLC",6a2c1d37be9dc56b33f0e963,69fded2462446148bd8492c7,"Worldwide Express / WWEX Franchise Holdings, LLC",CityBlock_WWEX 26-27.pdf,,,processed,false,2026-06-15,,2027-05-04,2026-04-30,false,,,false,Anovo / UW at Lloyds; Hartford Fire Insurance Company; Trumbull Insurance Company; Hartford Casualty Insurance Company,2026-06-12,,2026-07-02
"Block Real Estate Services, LLC",6a4537c1375e453b637982b8,6a184f4af8f612ef094c4c00,PharMerica / Pharmacy Corporation of America,Pharmerica Corporation_Lenexa-570121440137.pdf,,,processed,false,,,2027-07-01,2026-06-29,false,,,false,ACE American Insurance Company; Indemnity Insurance Company of North America; Illinois Union Insurance Company; Arch Specialty Insurance Company,2026-07-01,,2026-07-02
"Block Real Estate Services, LLC",6a457d0232bd98d9bcfcb3f1,6a184fbc8bbe0a0890eb6a1d,"Home Depot U.S.A., Inc. (fka Interline Brands, Inc.)",cert_ATL_BK PROPERTIES_ LLC_5391873_49.pdf,,,processed,false,,,2027-03-01,2026-07-01,false,,,false,"Old Republic Insurance Company; National Union Fire Insurance Company of Pittsburgh, Pa.; AIU Insurance Company",2026-07-01,,2026-07-02
"Block Real Estate Services, LLC",6a3aacffcf85b61f730f4249,6a187263e701796d85de7c91,"LVT Trucking, Inc.","Block Real Estate Services, LLC_LVT Trucking, Inc._2627 Main Cert_6-22-2026_2083858035.pdf",,,processed,false,2026-06-23,,2027-07-01,2026-06-22,false,,,false,Northland Insurance Company,2026-06-23,,2026-07-02
"Block Real Estate Services, LLC",6a19b8e90a4f71a854894948,6a19b8b18805769e5038a2ed,Savor Strategy,Savor Strategy LLC-COI.pdf,,,processed,false,2026-06-01,,2027-03-31,2026-05-22,false,,,false,State Farm Fire and Casualty Company,2026-05-29,,2026-07-02
"Block Real Estate Services, LLC",6a0725d9206702aac8614800,6a1dcea405955276b691e1da,Regal Distributing Co.,"LenexaLogistics5,LLC_RegalDistributingCo.,Inc._26GAUWRegal_2-10-2026_803985184.pdf",,,processed,false,2026-06-02,,2027-01-01,2026-02-10,false,,,false,The Travelers Indemnity Company of America; Travelers Casualty Company of Connecticut; Travelers Property Casualty Company of America; The Standard Fire Insurance Company,2026-05-15,,2026-07-02
"Block Real Estate Services, LLC",6a2c704f8b0f9b5ef895d8bf,6a1dfcd80a51a0db79c1dfba,JRJ Partners - Condo Owners (Clancey Design Distributor),"Perg Buildings, LLC_RJR, Inc., Dba Clancey Company_2015753431.pdf",,,processed,false,2026-06-15,,2027-01-01,2026-06-12,false,,,false,The Travelers Indemnity Company of America; Travelers Property Casualty Company of America,2026-06-12,,2026-07-02
QTS Data Centers,6a396245dcd485b7faaa32de,69f0f3c4beb6279e947be0d5,Brasfield & Gorrie L.L.C.,"COI - 2627 - QTS Fayetteville I DC3, LLC.pdf",,,processed,false,,,2027-07-01,2026-06-22,false,,,false,The Travelers Indemnity Company; The Travelers Indemnity Company of Connecticut; * See Attachment for Schedule of Companies; Travelers Commercial Casualty Company; Steadfast Insurance Company; Old Republic Insurance Company,2026-06-22,,2026-07-02
QTS Data Centers,6a231727702517502200a85e,69f0f3c4beb6279e947be0d0,"AP Gulf States, Inc.",QualityTechLPanditsofficersdirectorsemployees_W43894735.pdf,,,processed,false,2026-06-24,,2027-03-01,,false,,,false,"The Continental Insurance Company; Continental Casualty Company; Starr Indemnity & Liability Company; American Casualty Company of Reading, Pennsylvania",2026-06-05,,2026-07-02
QTS Data Centers,6a231729702517502200a8d2,69f0f3c4beb6279e947be0d0,"AP Gulf States, Inc.",QualityTechnologyServicesLLC_W43894734.pdf,,,processed,false,2026-06-08,,2027-03-01,,false,,,false,"Continental Casualty Company; Berkley Assurance Company; American Casualty Company of Reading, Pennsylvania; The Continental Insurance Company",2026-06-05,,2026-07-02
QTS Data Centers,6a42e4c304ca7701e3da6802,69f0f3c4beb6279e947be0d0,"AP Gulf States, Inc.",Please OPEN_HUB CerSecure Non-Compliance.pdf,,,processed,false,,,,,false,,,false,,2026-06-29,,2026-07-02
QTS Data Centers,6a42e4de5f810130a0de0b53,69f0f3c4beb6279e947be0d0,"AP Gulf States, Inc.",REVISED QTS 6.29.26.pdf,,,processed,false,,,2027-03-01,2026-06-29,false,,,false,"Continental Casualty Company; The Continental Insurance Company; American Casualty Company of Reading, Pennsylvania; XL Insurance America, Inc.; Transportation Insurance Company; Starr Indemnity & Liability Company",2026-06-29,,2026-07-02
QTS Data Centers,69f0f8da3a78d6e6edb16e1d,69f0f3c4beb6279e947be0da,"Clayco, Inc.",ATL2DC9- Expires 6-30-26- Clayco GC.pdf,,,processed,false,2026-05-19,,2026-06-30,2025-08-08,false,,,false,"Zurich American Insurance Company; Steadfast Insurance Company; American Guarantee and Liability Insurance Company; XL Insurance America, Inc.",2026-04-28,,2026-07-02
QTS Data Centers,6a3d49d931a92f98d55672a7,69f0f3c4beb6279e947be0da,"Clayco, Inc.",Quality Technology Services 101-08424.pdf,,,processed,false,,,2027-06-30,2026-06-25,false,,,false,"Zurich American Insurance Company; American Guarantee and Liability Insurance Company; XL Insurance America, Inc.; Steadfast Insurance Company",2026-06-25,,2026-07-02
QTS Data Centers,6a3d49ec55eedc21633b2bb6,69f0f3c4beb6279e947be0da,"Clayco, Inc.",Quality Technology Services 101-07427.pdf,,,processed,false,,,2027-06-30,2026-06-25,false,,,false,"Zurich American Insurance Company; American Guarantee and Liability Insurance Company; XL Insurance America, Inc.; Steadfast Insurance Company",2026-06-25,,2026-07-02
QTS Data Centers,6a4501e37a92dcc465495715,69f0f3c4beb6279e947be0da,"Clayco, Inc.",Quality Technology Services 101-08424.pdf,,,processed,false,,,2027-06-30,2026-06-25,false,,,false,"Zurich American Insurance Company; American Guarantee and Liability Insurance Company; XL Insurance America, Inc.; Steadfast Insurance Company",2026-07-01,,2026-07-02
QTS Data Centers,6a3d713e33271757c8c681a4,69f0f3c4beb6279e947be0e9,"Gray Construction, Inc.",Gray Co -- New Albany GL AU UM 40 WC.pdf,,,processed,false,2026-06-29,,2026-10-01,2026-02-23,false,,,false,Zurich American Insurance Company; --- SEE ATTACHMENT --,2026-06-25,,2026-07-02
QTS Data Centers,6a394c48d382314fdae2fe3e,69f0f3c5beb6279e947be0ee,"HITT Contracting, Inc.","Quality Technology Services, LLC - Liab.pdf",,,processed,false,2026-06-25,,2027-05-01,2026-06-22,false,,,false,Liberty Insurance Corporation; Liberty Mutual Fire Insurance Company; LM Insurance Corporation; Berkley Assurance Company; American Guarantee and Liability Insurance Company,2026-06-22,,2026-07-02
QTS Data Centers,6a394ce2efaf8fc91cd0ae1e,69f0f3c5beb6279e947be0ee,"HITT Contracting, Inc.","Quality Technology Services, LLC - Liab - 2.pdf",,,processed,false,2026-06-25,,2027-05-01,2026-06-22,false,,,false,Liberty Mutual Fire Insurance Company; LM Insurance Corporation; Liberty Insurance Corporation,2026-06-22,,2026-07-02
QTS Data Centers,6a394d70accacb8cab636db9,69f0f3c5beb6279e947be0ee,"HITT Contracting, Inc.","Quality Technology Services, LLC - Liab - 3.pdf",,,processed,false,2026-06-25,,2027-05-01,2026-06-22,false,,,false,Liberty Insurance Corporation; Liberty Mutual Fire Insurance Company; LM Insurance Corporation; Berkley Assurance Company; American Guarantee and Liability Insurance Company,2026-06-22,,2026-07-02
QTS Data Centers,6a394db4accacb8cab636e1f,69f0f3c5beb6279e947be0ee,"HITT Contracting, Inc.","Quality Technology Services, LLC - Liab - 4.pdf",,,processed,false,2026-06-25,,2027-05-01,2026-06-22,false,,,false,Liberty Insurance Corporation; Liberty Mutual Fire Insurance Company; LM Insurance Corporation; Berkley Assurance Company; American Guarantee and Liability Insurance Company,2026-06-22,,2026-07-02
QTS Data Centers,6a394e00597e3570daab6088,69f0f3c5beb6279e947be0ee,"HITT Contracting, Inc.","Quality Technology Services, LLC - Liab - 5.pdf",,,processed,false,2026-06-25,,2027-05-01,2026-06-22,false,,,false,Liberty Insurance Corporation; Liberty Mutual Fire Insurance Company; LM Insurance Corporation; Berkley Assurance Company; American Guarantee and Liability Insurance Company,2026-06-22,,2026-07-02
QTS Data Centers,6a394e38accacb8cab636e54,69f0f3c5beb6279e947be0ee,"HITT Contracting, Inc.","Quality Technology Services, LLC - Liab - 6.pdf",,,processed,false,2026-06-25,,2027-05-01,2026-06-22,false,,,false,Liberty Insurance Corporation; Liberty Mutual Fire Insurance Company; LM Insurance Corporation; Berkley Assurance Company; American Guarantee and Liability Insurance Company,2026-06-22,,2026-07-02
QTS Data Centers,6a394e75d382314fdae2fe74,69f0f3c5beb6279e947be0ee,"HITT Contracting, Inc.","Quality Technology Services, LLC - Liab - 7.pdf",,,processed,false,2026-06-25,,2027-05-01,2026-06-22,false,,,false,Liberty Insurance Corporation; Liberty Mutual Fire Insurance Company; LM Insurance Corporation; Berkley Assurance Company; American Guarantee and Liability Insurance Company,2026-06-22,,2026-07-02
QTS Data Centers,6a394eb1d382314fdae2feda,69f0f3c5beb6279e947be0ee,"HITT Contracting, Inc.","Quality Technology Services, LLC - Liab - 8.pdf",,,processed,false,2026-06-25,,2027-05-01,2026-06-22,false,,,false,Liberty Insurance Corporation; Liberty Mutual Fire Insurance Company; LM Insurance Corporation; Berkley Assurance Company; American Guarantee and Liability Insurance Company,2026-06-22,,2026-07-02
QTS Data Centers,6a394ef4597e3570daab60ee,69f0f3c5beb6279e947be0ee,"HITT Contracting, Inc.","Quality Technology Services, LLC - Liab - 9.pdf",,,processed,false,2026-06-25,,2027-05-01,2026-06-22,false,,,false,Liberty Insurance Corporation; Liberty Mutual Fire Insurance Company; LM Insurance Corporation; Berkley Assurance Company; American Guarantee and Liability Insurance Company,2026-06-22,,2026-07-02
QTS Data Centers,6a394f2f597e3570daab6123,69f0f3c5beb6279e947be0ee,"HITT Contracting, Inc.","Quality Technology Services, LLC - Liab - 10.pdf",,,processed,false,2026-06-25,,2027-05-01,2026-06-22,false,,,false,Liberty Insurance Corporation; Liberty Mutual Fire Insurance Company; LM Insurance Corporation; Berkley Assurance Company; American Guarantee and Liability Insurance Company,2026-06-22,,2026-07-02
QTS Data Centers,6a394f61accacb8cab636e88,69f0f3c5beb6279e947be0ee,"HITT Contracting, Inc.","Quality Technology Services, LLC - Liab - 11.pdf",,,processed,false,2026-06-25,,2027-05-01,2026-06-22,false,,,false,Liberty Insurance Corporation; Liberty Mutual Fire Insurance Company; LM Insurance Corporation; Berkley Assurance Company; American Guarantee and Liability Insurance Company,2026-06-22,,2026-07-02
QTS Data Centers,6a394f8fefaf8fc91cd0ae84,69f0f3c5beb6279e947be0ee,"HITT Contracting, Inc.","Quality Technology Services, LLC - Liab - 12.pdf",,,processed,false,2026-06-25,,2027-05-01,2026-06-22,false,,,false,Liberty Insurance Corporation; Liberty Mutual Fire Insurance Company; LM Insurance Corporation; Berkley Assurance Company; American Guarantee and Liability Insurance Company,2026-06-22,,2026-07-02
QTS Data Centers,6a394fc2597e3570daab6158,69f0f3c5beb6279e947be0ee,"HITT Contracting, Inc.","Quality Technology Services, LLC - Liab - 13.pdf",,,processed,false,2026-06-24,,2027-05-01,2026-06-22,false,,,false,Liberty Insurance Corporation; Liberty Mutual Fire Insurance Company; LM Insurance Corporation; Berkley Assurance Company; American Guarantee and Liability Insurance Company,2026-06-22,,2026-07-02
QTS Data Centers,6a395000accacb8cab636eed,69f0f3c5beb6279e947be0ee,"HITT Contracting, Inc.","Quality Technology Services, LLC - Liab - 14.pdf",,,processed,false,2026-06-24,,2027-05-01,2026-06-22,false,,,false,Liberty Insurance Corporation; Liberty Mutual Fire Insurance Company; LM Insurance Corporation; Berkley Assurance Company; American Guarantee and Liability Insurance Company,2026-06-22,,2026-07-02
QTS Data Centers,6a3befc633fe3726a48fa178,69f0f3c5beb6279e947be0ee,"HITT Contracting, Inc.",COI HITT Contracting_exp 5.1.26.pdf,,,processed,false,2026-06-24,,2026-05-01,2025-05-14,false,,,false,Liberty Insurance Corporation; Liberty Mutual Fire Insurance Company; LM Insurance Corporation; Starr Indemnity & Liability Company; American Guarantee and Liability Insurance Company,2026-06-24,,2026-07-02
QTS Data Centers,6a22cf08b90159c7f52c9bf8,69f0f3c5beb6279e947be0fd,M. A. Mortenson Company,MAMortensonCompany - Client Pack - 4464544.PDF,,,processed,false,2026-06-15,,2027-05-01,2026-05-28,false,,,false,"Arch Insurance Company; XL Insurance America, Inc.; Arch Indemnity Insurance Company",2026-06-05,,2026-07-02
QTS Data Centers,6a281ed8f967f903d2245dab,69f0f3c5beb6279e947be102,Rogers-O-Brien Construction Company Ltd.,"Quality Technology Services, LLC_Rogers-O'Brien Construction Company_2627 Master $35M Total  _6-9-2026_1492795193.pdf",,,processed,false,2026-06-29,,2027-06-01,2026-06-09,false,,,false,"American Contractors Insurance Company Risk Retention Group; Valley Forge Insurance Company; The Continental Insurance Company; XL Insurance America, Inc.; ACIG Insurance Company; Arch Specialty Insurance Company",2026-06-09,,2026-07-02
QTS Data Centers,6a281fcdda52b0ee99d2ea74,69f0f3c5beb6279e947be102,Rogers-O-Brien Construction Company Ltd.,2026 Auto Forms.pdf,,,processed,false,2026-06-15,,2027-06-01,,false,,,false,,2026-06-09,,2026-07-02
QTS Data Centers,6a281fcdda52b0ee99d2eaac,69f0f3c5beb6279e947be102,Rogers-O-Brien Construction Company Ltd.,Casualty Endt Forms 2026.pdf,,,processed,false,2026-06-15,,2027-06-01,,false,,,false,,2026-06-09,,2026-07-02
QTS Data Centers,6a281fd0da52b0ee99d2eb54,69f0f3c5beb6279e947be102,Rogers-O-Brien Construction Company Ltd.,"Quality Technology Services, LLC_Rogers-O'Brien Construction Company_2627 Master $35M Total  _6-9-2026_565622844.pdf",,,processed,false,2026-06-15,,2027-06-01,,false,,,false,American Contractors Insurance Company Risk Retention Group; Valley Forge Insurance Company; The Continental Insurance Company; ACIG Insurance Company; Arch Specialty Insurance Company,2026-06-09,,2026-07-02
QTS Data Centers,6a15b7a99f12b4035e23bc10,69f0f3c5beb6279e947be0f8,"Layton Construction Company, LLC",Bank of America NA ISAOA ATIMA _.pdf,,,processed,false,2026-06-25,,2027-01-01,2026-04-14,false,,,false,"Arch Insurance Company; XL Insurance America, Inc.; Starr Indemnity & Liability Company; Great American Spirit Insurance Company; General Security National Insurance Company; Arch Indemnity Insurance Company; Indian Harbor Insurance Company",2026-05-26,,2026-07-02
QTS Data Centers,6a15b7cc616ed871febaf33c,69f0f3c5beb6279e947be0f8,"Layton Construction Company, LLC",47600114 - LCC COI - 2027.01.01 (2).pdf,,,processed,false,2026-06-25,,2027-01-01,2026-04-02,false,,,false,"Arch Insurance Company; XL Insurance America, Inc.; Starr Indemnity & Liability Company; Indian Harbor Insurance Company; Arch Indemnity Insurance Company",2026-05-26,,2026-07-02
QTS Data Centers,6a15b7f2dd0160cb0b25e6c2,69f0f3c5beb6279e947be0f8,"Layton Construction Company, LLC",47600116 - LCC COI - 2027.01.01.pdf,,,processed,false,2026-06-25,,2027-01-01,2026-04-02,false,,,false,"Arch Insurance Company; XL Insurance America, Inc.; Starr Indemnity & Liability Company; Indian Harbor Insurance Company; Arch Indemnity Insurance Company",2026-05-26,,2026-07-02
QTS Data Centers,6a15b99a616ed871febaf3ac,69f0f3c5beb6279e947be107,"Structure Tone, LLC",QTS LHTX1 26-27 STSW COI.pdf,,,processed,false,2026-06-15,,2027-01-01,2026-01-05,false,,,false,"Arch Insurance Company; XL Insurance America, Inc.; Starr Indemnity & Liability Company; Arch Indemnity Insurance Company",2026-05-26,,2026-07-02
QTS Data Centers,6a15ba41c09b3811a2868845,69f0f3c5beb6279e947be107,"Structure Tone, LLC","SOCIÉTÉ GÉNÉRALE, AS ADMINISTRATIVE.pdf",,,processed,false,2026-06-15,,2027-01-01,2026-01-22,false,,,false,"Arch Insurance Company; XL Insurance America, Inc.; Great American Insurance Company of New York; Starr Indemnity & Liability Company; Arch Indemnity Insurance Company",2026-05-26,,2026-07-02
QTS Data Centers,6a15ba4abeee935b1af439c4,69f0f3c5beb6279e947be107,"Structure Tone, LLC","SOCIÉTÉ GÉNÉRALE, AS ADMINISTRATIVE.pdf",,,processed,false,2026-06-15,,2027-01-01,2026-01-22,false,,,false,"Arch Insurance Company; XL Insurance America, Inc.; Great American Insurance Company of New York; Starr Indemnity & Liability Company; Arch Indemnity Insurance Company",2026-05-26,,2026-07-02
QTS Data Centers,6a318c9db5244123cf62b9c7,69f0f3c5beb6279e947be107,"Structure Tone, LLC",cert_NYC_QUALITY TECHNOLOGY SERVICES_ LLC_12413867_9.pdf,,,processed,false,2026-06-29,,2027-01-01,2026-06-16,false,,,false,"Arch Insurance Company; XL Insurance America, Inc.; Great American Insurance Company of New York; Starr Indemnity & Liability Company; Arch Indemnity Insurance Company",2026-06-16,,2026-07-02
QTS Data Centers,6a318ec5421d720267e63c74,69f0f3c5beb6279e947be107,"Structure Tone, LLC",STO Building Group Inc. - 14WCI8925117 (WC - AOS).pdf,,,processed,false,2026-06-29,,,,false,,,false,,2026-06-16,,2026-07-02
QTS Data Centers,6a318ed7b5244123cf62b9ff,69f0f3c5beb6279e947be107,"Structure Tone, LLC",STO Building Group Inc. - 14WCI8925117 (WC - AOS).pdf,,,processed,false,2026-06-29,,,,false,,,false,,2026-06-16,,2026-07-02
QTS Data Centers,6a31b374b5244123cf62ba91,69f0f3c5beb6279e947be107,"Structure Tone, LLC",cert_NYC_QUALITY TECHNOLOGY SERVICES_ LLC_12413867_10.pdf,,,processed,false,2026-06-29,,2027-01-01,2026-06-17,false,,,false,"Arch Insurance Company; XL Insurance America, Inc.; Great American Insurance Company of New York; Starr Indemnity & Liability Company; Arch Indemnity Insurance Company; Indian Harbor Insurance Company",2026-06-16,,2026-07-02
QTS Data Centers,6a15b820beee935b1af43971,69f0f3c5beb6279e947be10c,"Suffolk Construction Company, Inc.","Sumitomo Mitsui Banking Corporation, as Admin_Suffolk Construction Company, Inc._25-26 Master GL Auto WC U_4-13-2026.pdf",,,processed,false,2026-06-15,,2026-08-31,2026-04-13,false,,,false,"Liberty Mutual Fire Insurance Company; Starr Indemnity & Liability Company; XL Insurance America, Inc.; General Security National Insurance Company; Berkley Regional Insurance Company; Ironshore Specialty Insurance Company; Indian Harbor Insurance Company",2026-05-26,,2026-07-02
QTS Data Centers,6a15ba8cdd0160cb0b25e732,69f0f3c5beb6279e947be111,Whitting-Turner Contracting Company,"Citi Real Estate Funding, Inc. ISAOA ATIMA_The Whiting-Turner Contracting Comp_25Aug TWT GppAU55+WW_5-14-2026_2048936919.pdf",,,processed,false,2026-06-15,,2026-08-01,,false,,,false,Travelers Property Casualty Company of America; The Travelers Indemnity Company of Connecticut; Starr Indemnity & Liability Company; Travelers Casualty and Surety Company,2026-05-26,,2026-07-02
QTS Data Centers,6a304c7f7828333b350b9e1d,69f0f3c5beb6279e947be111,Whitting-Turner Contracting Company,020340.DH1 WT GLI (08.01.2025 thru 08.01.2026).pdf,,,processed,false,2026-06-24,,2026-08-01,,false,,,false,"Travelers Property Casualty Company of America; The Travelers Indemnity Company of Connecticut; Liberty Insurance Underwriters, Inc.; Starr Indemnity & Liability Company",2026-06-15,,2026-07-02