client,id,vendor_id,vendor_name,name,types,policy_number,status,processing,reviewed_at,archived_at,expiration_date,issue_date,flagged,flag_level,flag_notes,applies_to_all,insurer_names,created_at,updated_at,sync_date
"Block Real Estate Services, LLC",6a282910da52b0ee99d2eb99,69fded0c62446148bd848b05,"Big Biscuit / 27 Biscuits, LLC",Big Biscuit Industries LLC_Block Real Estate Services.pdf,,,processed,false,2026-06-11,,2027-05-01,2026-06-08,false,,,false,American Guarantee and Liability Insurance Company; Zurich American Insurance Company,2026-06-09,,2026-07-27
"Block Real Estate Services, LLC",6a625a41293db0c1319f2be1,69fded0c62446148bd848af9,"1&1 Internet / IONOS, Inc.","co Block Real Estate Services_IONOS, INC_2627 GLAutoUmbWCProp_7-23-2026_1213674639.pdf",,,processed,false,,,2027-01-01,2026-07-23,false,,,false,"National Union Fire Insurance Company of Pittsburgh, Pa.; Allianz Global Risks US Insurance Company; Chubb Indemnity Insurance Company; Federal Insurance Company",2026-07-23,,2026-07-27
"Block Real Estate Services, LLC",6a05e6f6fe7b4a8a036194e9,69fded0c62446148bd848b02,24 Hour Check Cashing,CERT_Block_Real_Estate_Services_LLC_218628_179011.pdf,,,processed,false,2026-06-01,,2027-04-16,2026-03-23,false,,,false,"Acuity, A Mutual Insurance Company",2026-05-14,,2026-07-27
"Block Real Estate Services, LLC",6a2c73107ea10850bf9fee8e,69fded0c62446148bd848aff,"1-800-Pack Rat, LLC","Block Real Estate Services, LLC_1-800-Pack-Rat, LLC_25-26 Master_6-12-2026_531717594.pdf",,,processed,false,2026-06-15,,2026-10-01,2026-06-12,false,,,false,Arch Insurance Company; Arch Indemnity Insurance Company; Scottsdale Insurance Company; Allied World Assurance Company (U.S.) Inc.,2026-06-12,,2026-07-27
"Block Real Estate Services, LLC",6a2599e5781c6c479f910adb,69fded0c62446148bd848afc,1248 Holdings LLC,1248 Holdings COI.pdf,,,processed,false,2026-06-08,,2027-04-01,,false,,,false,,2026-06-07,,2026-07-27
"Block Real Estate Services, LLC",6a3e916bc35829c634df586f,69fded0c62446148bd848afc,1248 Holdings LLC,1248 COI - Block - 4.26-4.27-updated.pdf,,,processed,false,2026-06-30,,2027-06-25,2026-06-22,false,,,false,Stonington Insurance Company,2026-06-26,,2026-07-27
"Block Real Estate Services, LLC",6a394c69accacb8cab636d9b,69fded0c62446148bd848b0e,A.N.D. Design Studio LLC,COI FOR KCG.pdf,,,processed,false,2026-06-30,,2027-04-01,,false,,,false,ACE Property and Casualty Insurance Company,2026-06-22,,2026-07-27
"Block Real Estate Services, LLC",6a57aafa22af1dedc09c94be,69fded0c62446148bd848b0e,A.N.D. Design Studio LLC,Lease - 3rd657 - AND Design Studio.pdf,,,processed,false,2026-07-15,,,,false,,,false,,2026-07-15,,2026-07-27
"Block Real Estate Services, LLC",6a3960fbaccacb8cab636f22,69fded0c62446148bd848b14,Academy Bank,Updated COI.pdf,,,processed,false,2026-06-23,,2026-08-18,2026-06-18,false,,,false,Travelers Property Casualty Company of America; The Charter Oak Fire Insurance Company,2026-06-22,,2026-07-27
"Block Real Estate Services, LLC",6a26f800caa475a04620536a,69fded0c62446148bd848b1d,"Adams Cable Equipment, Inc.",Updated COI 16200.pdf,,,processed,false,2026-06-11,,2025-09-01,2026-03-31,false,,,false,Liberty Mutual Fire Insurance Company; Liberty Insurance Corporation; Evanston Insurance Company,2026-06-08,,2026-07-27
"Block Real Estate Services, LLC",6a315fda77799616d66ce2b5,69fded0c62446148bd848b1a,Actuarial Resources Corporation (ARC),c_oBlockRealEstateServicesLLC_W46698189.pdf,,,processed,false,2026-06-17,,2026-08-31,2026-06-15,false,,,false,"Greenwich Insurance Company; XL Insurance America, Inc.",2026-06-16,,2026-07-27
"Block Real Estate Services, LLC",6a3d8232900a41a58c79428f,69fded0c62446148bd848b29,Advanced Pharmaceuticals LLC,"Cert 26-27 - PERG Buildings, LLC.pdf",,,processed,false,2026-06-30,,2026-09-08,2026-06-19,false,,,false,Nautilus Insurance Company; Markel American Insurance Company,2026-06-25,,2026-07-27
"Block Real Estate Services, LLC",6a645241ba0418f566ac5ede,69fded0c62446148bd848b29,Advanced Pharmaceuticals LLC,Certificate.pdf,,,processed,false,,,2026-09-08,2026-07-24,false,,,false,Nautilus Insurance Company; Markel American Insurance Company,2026-07-25,,2026-07-27
"Block Real Estate Services, LLC",6a199b589d7340e121a98009,69fded0c62446148bd848b26,"Advanced Auto / Advanced Stores Co., Inc.",cert_CLE_ALLEN and GLORIA BLOCK FAMILY LIMITED_6889424_9.pdf,,,processed,false,2026-06-01,,2027-06-01,2026-05-28,false,,,true,ACE American Insurance Company; ACE Property and Casualty Insurance Company; SEE ACORD 101,2026-05-29,,2026-07-27
"Block Real Estate Services, LLC",6a283a433f91c94eefb0cb18,69fded0c62446148bd848b2c,Advanced Turf Solutions Inc,"Advanced Turf Solutions, Inc. - Block Real Estate Services, LLC.pdf",,,processed,false,2026-06-11,,2026-07-01,,false,,,false,Allied Insurance Company of America; Nationwide Mutual Insurance Company; Nationwide General Insurance Company,2026-06-09,,2026-07-27
"Block Real Estate Services, LLC",6a3beb8e9af3fe11c94296ce,69fded0c62446148bd848b32,Advocate Construction Inc,block wc.pdf,,,processed,false,2026-06-25,,2026-10-01,2025-09-23,false,,,false,SUNZ Insurance Company,2026-06-24,,2026-07-27
"Block Real Estate Services, LLC",6a3c3a3a471d21bbc95f6cc3,69fded0c62446148bd848b32,Advocate Construction Inc,BlockRealEstateServicesLLC.pdf,,,processed,false,2026-06-25,,2027-04-01,2026-06-24,false,,,false,Admiral Insurance Company,2026-06-24,,2026-07-27
"Block Real Estate Services, LLC",6a07267b7ee88c9e36194d1a,69fded0d62446148bd848b35,"Aircraft Electrical / AEE-EMF, Inc.",BlockRealEstateServicesLLC.pdf,,,processed,false,2026-06-02,,2026-12-16,,false,,,false,,2026-05-15,,2026-07-27
"Block Real Estate Services, LLC",6a3011df85085468184506f6,69fded0d62446148bd848b3e,AgForce Transport Services / Consolidated Grain and Barge Co.,"HLBT Associates, LLC.pdf",,,processed,false,2026-06-15,,2027-05-01,2026-06-15,false,,,false,Nationwide Agribusiness Insurance Company; Westfield Specialty Insurance Company,2026-06-15,,2026-07-27
"Block Real Estate Services, LLC",6a358e981f6b786b44770062,69fded0d62446148bd848b3b,Agape Montessori School/Pulliam Properties LLC,Certificate - 2026-06-19T134625.722.pdf,,,processed,false,2026-06-22,,2027-06-21,2026-06-19,false,,,false,West Bend Insurance Company,2026-06-19,,2026-07-27
"Block Real Estate Services, LLC",6a4bd0b2c8e29468b5d94158,69fded0d62446148bd848b4d,Allstate Insurance,CERTIFICATE OF INSURANCE (COI) Reinhart agency.Pdf,,,processed,false,2026-07-06,,2027-04-09,2026-07-06,false,,,false,Property and Casualty Insurance Company of Hartford,2026-07-06,,2026-07-27
"Block Real Estate Services, LLC",6a569d0e117f21962232fbe7,69fded0d62446148bd848b44,All Access Garage Doors,All Access Block Cert.pdf,,,processed,false,2026-07-15,,2026-12-05,2026-07-14,false,,,false,OWNERS INS CO; AUTO OWNERS INS CO; Travelers Property Casualty Company of America,2026-07-14,,2026-07-27
"Block Real Estate Services, LLC",6a57f12be8caaf78715d08d3,69fded0d62446148bd848b44,All Access Garage Doors,All Access Block Cert.pdf,,,processed,false,2026-07-20,,2026-12-05,2026-07-15,false,,,false,OWNERS INS CO; AUTO OWNERS INS CO; Travelers Property Casualty Company of America,2026-07-15,,2026-07-27
"Block Real Estate Services, LLC",6a06215b1f712c628e56646c,69fded0d62446148bd848b65,Amsted Rail Company Inc,CollegeCrossingCDLLCandMarleyCollegeCrossingCDLLC_W45275293.pdf,,,processed,false,2026-06-02,,2027-03-31,2026-03-31,true,low,"<p>GL limits are low and umbrella does not follow form, is my assessment correct?</p>
<p><br></p>
<p>You are correct <span data-entityid=""6939ca46ef5dc7a165ca2078"" data-entityname=""@AbbeyRobinson"" data-entitytype=""mention"">@AbbeyRobinson</span>, but DOO and page 2 states they have another GL policy, but it's a SIR. We would need to contact Block to see if that is acceptable.</p>",false,Liberty Mutual Fire Insurance Company; AIG Specialty Insurance Company; LM Insurance Corporation; Liberty Insurance Corporation,2026-05-14,,2026-07-27
"Block Real Estate Services, LLC",6a2c6b4c4096067a7a7bad82,69fded0d62446148bd848b59,"Hamilton Plumbing / Roger The Plumber / American Residential Services, LLC (ARS)",8425 Hamilton COI for Block 12JUN2026.pdf,,,processed,false,2026-06-15,,2026-10-01,2025-09-24,false,,,false,Liberty Mutual Fire Insurance Company; Twin City Fire Insurance Company; Liberty Insurance Corporation,2026-06-12,,2026-07-27
"Block Real Estate Services, LLC",6a22fd479bc28d99e321a29a,69fded0d62446148bd848b62,"AMSCO Supply / Flegler Investment Co., Inc.","BLOCK REAL ESTATE SERVICES, LLC.pdf",,,processed,false,2026-06-08,,2026-07-30,2026-06-05,false,,,false,Great Northern Insurance Company; The Travelers Indemnity Company; The Travelers Indemnity Company of America; Travelers Property Casualty Company of America; ACE American Insurance Company,2026-06-05,,2026-07-27
"Block Real Estate Services, LLC",6a319dfe14a7a365eb479528,69fded0d62446148bd848b62,"AMSCO Supply / Flegler Investment Co., Inc.",cert_ATL_BLOCK REAL ESTATE SERVICES LLC_6189400_2.pdf,,,processed,false,2026-06-17,,2026-10-01,2026-06-16,false,,,false,Zurich American Insurance Company; Zurich Insurance Europe AG,2026-06-16,,2026-07-27
"Block Real Estate Services, LLC",6a4eb0d03314f98773ba373a,69fded0d62446148bd848b6b,Anixter Inc,26-27 WESCO Landlords - Block Real Estate Services.pdf,,,processed,false,2026-07-14,,2027-06-04,2026-07-08,false,,,false,Travelers Property Casualty Company of America,2026-07-08,,2026-07-27
"Block Real Estate Services, LLC",6a5691bef6533cf6aa2dd79b,69fded0d62446148bd848b6b,Anixter Inc,Lease - rl2877 - Anixter Inc.pdf,,,processed,false,2026-07-14,,,,false,,,false,,2026-07-14,,2026-07-27
"Block Real Estate Services, LLC",6a47ca0f5cdf4704ae0efe2a,69fded0d62446148bd848b77,"Apex Products, LLC",Scan2026-06-30_144448BlockCert.pdf,,,processed,false,2026-07-06,,2027-06-28,2026-06-11,false,,,false,West Bend Insurance Company,2026-07-03,,2026-07-27
"Block Real Estate Services, LLC",6a5a60efb260d1d902908e4c,69fded0e62446148bd848b83,Applied Industrial Technologies Inc,KCIP Riverside LLC-570120212995.pdf,,,processed,false,2026-07-20,,2027-06-01,2026-05-27,false,,,false,ACE American Insurance Company; ACE Property and Casualty Insurance Company,2026-07-17,,2026-07-27
"Block Real Estate Services, LLC",6a399fb6accacb8cab637009,69fded0e62446148bd848b7d,"APLOS, Inc.",Aplós COI 2026.pdf,,,processed,false,2026-06-23,,2026-07-17,2026-03-12,false,,,false,Nautilus Insurance Company; AmTrust Insurance Company; Evanston Insurance Company; Old Republic Professional Liability Inc,2026-06-22,,2026-07-27
"Block Real Estate Services, LLC",6a5a7d2575cf58525d542611,69fded0e62446148bd848b7d,"APLOS, Inc.","College Crossing CD, LLC_APLOS Inc._26-27 CGL_7-14-2026_1431799237.pdf",,,processed,false,2026-07-20,,2027-07-17,2026-07-14,false,,,false,Kinsale Insurance Company,2026-07-17,,2026-07-27
"Block Real Estate Services, LLC",6a5a82fde01184066f4af9b6,69fded0e62446148bd848b7d,"APLOS, Inc.","College Crossing CD, LLC_APLOS Inc._26-27 GLWCOM_7-17-2026_1500492899.pdf",,,processed,false,2026-07-20,,2027-07-17,2026-07-17,false,,,false,Kinsale Insurance Company; AmTrust Insurance Company,2026-07-17,,2026-07-27
"Block Real Estate Services, LLC",6a2c707c7ea10850bf9fee54,69fded0e62446148bd848b86,ARC Physical Therapy Plus,COI 1318 Belton Block real Estate Umbrella 9.30.25 - 9.30.26.pdf,,,processed,false,2026-06-15,,2026-09-30,2026-05-08,false,,,false,Lexington Insurance Company,2026-06-12,,2026-07-27
"Block Real Estate Services, LLC",6a32eb9c4f89dc4a36d328c0,69fded0e62446148bd848b86,ARC Physical Therapy Plus,COI 1318 Belton Block Real Estate Services LLC - 3.15.26 - 3.15.27.pdf,,,processed,false,2026-06-18,,2027-03-15,2026-06-17,false,,,false,The Insurance Company of the State of Pennsylvania,2026-06-17,,2026-07-27
"Block Real Estate Services, LLC",6a5520ec21f86634e8b19af4,69fded0e62446148bd848b86,ARC Physical Therapy Plus,Lease - ncd054 - ARC Physical Therapy Plus.pdf,,,processed,false,2026-07-13,,,,false,,,false,,2026-07-13,,2026-07-27
"Block Real Estate Services, LLC",6a2327b9fe918aea40160ac1,69fded0e62446148bd848b98,Aspen Properties Group,Policy 3.7 2026 to 3.7 2027.pdf,,,processed,false,2026-06-08,,2027-03-07,,false,,,false,United Wisconsin Insurance Company,2026-06-05,,2026-07-27
"Block Real Estate Services, LLC",6a3efffe57a0d280997f8d45,69fded0e62446148bd848b98,Aspen Properties Group,Aspen_Properties_Group_Nationwide_Commercial_Umbrella_Renewal_2025-2026.pdf.pdf,,,processed,false,2026-06-30,,,,false,,,false,,2026-06-26,,2026-07-27
"Block Real Estate Services, LLC",6a3f00ebc35829c634df634e,69fded0e62446148bd848b98,Aspen Properties Group,Aspen_Properties_Group_Nationwide_Businessowners_Policy_Renewal_2025-2026.pdf.pdf,,,processed,false,2026-06-30,,,,false,,,false,,2026-06-26,,2026-07-27
"Block Real Estate Services, LLC",6a399e75a17b73c16bc35db9,69fded0e62446148bd848b9b,Aspire Wealth Management LLC,ASPIRE WEALTH_BLOCK RE_COI.pdf,,,processed,false,2026-06-23,,2027-03-20,2026-06-22,false,,,false,Hartford Underwriters Insurance Company,2026-06-22,,2026-07-27
"Block Real Estate Services, LLC",6a2ab748071d75e4ccfca1a1,69fded0e62446148bd848ba1,Asurion LLC,GL Waiver of Subro Endorsement.pdf,,,processed,false,2026-06-15,,2027-04-30,,false,,,false,,2026-06-11,,2026-07-27
"Block Real Estate Services, LLC",6a4e8bf6bc03800db2d4ea5c,69fded0e62446148bd848ba1,Asurion LLC,PINNACLE CORPORATE - 14163813.pdf,,,processed,false,2026-07-14,,2027-04-30,2026-07-08,false,,,false,Liberty Insurance Corporation; Liberty Mutual Fire Insurance Company; LM Insurance Corporation,2026-07-08,,2026-07-27
"Block Real Estate Services, LLC",6a2727d38f5f15a8835c79d5,69fded0e62446148bd848b92,Arthur J Gallagher Risk Management Services Inc,"46 PC Investors, LLC_Arthur J. Gallagher, LLC_25-26 Landlord Casualty C_6-8-2026_1568910419.pdf",,,processed,false,2026-06-11,,2026-10-01,,false,,,true,Arch Insurance Company; The Continental Insurance Company,2026-06-08,,2026-07-27
"Block Real Estate Services, LLC",6a27280d540f27b382a1ed5f,69fded0e62446148bd848b92,Arthur J Gallagher Risk Management Services Inc,"46 PC Investors, LLC_Arthur J. Gallagher, LLC_25-26 Landlord Property C_6-8-2026_1111070370.pdf",,,processed,false,2026-06-11,,2026-10-01,2026-06-08,false,,,true,"XL Insurance America, Inc.",2026-06-08,,2026-07-27
"Block Real Estate Services, LLC",6a5e5cd71389a96ec8aff019,69fded0e62446148bd848ba4,Asurion UBIF,OAK PARK KS LLC - 18610780.pdf,,,processed,false,2026-07-20,,2027-04-30,2026-07-20,false,,,false,Liberty Insurance Corporation; Liberty Mutual Fire Insurance Company; LM Insurance Corporation,2026-07-20,,2026-07-27
"Block Real Estate Services, LLC",6a627b77f4a44f9d273a53f9,69fded0e62446148bd848ba4,Asurion UBIF,OAK PARK KS - 18610780.pdf,,,processed,false,,,2027-04-30,2026-07-23,false,,,false,Liberty Insurance Corporation; Liberty Mutual Fire Insurance Company; LM Insurance Corporation,2026-07-23,,2026-07-27
"Block Real Estate Services, LLC",6a50ef24c8b75240b608c395,69fded0e62446148bd848baa,Auction Merchandise of KC,Document_260626_121652.pdf,,,processed,false,2026-07-14,,2026-11-05,,false,,,false,Midvale Indemnity Company,2026-07-10,,2026-07-27
"Block Real Estate Services, LLC",6a3aab84fc287516f387ea8c,69fded0e62446148bd848bad,Recognition Plus Audio Video Graphics,Certificate of Insurance.pdf,,,processed,false,2026-06-23,,2027-02-01,2026-06-23,false,,,false,Twin City Fire Insurance Company,2026-06-23,,2026-07-27
"Block Real Estate Services, LLC",6a18aa1b9ef1cffe57d01607,69fded0e62446148bd848bb0,AVI-SPL LLC,NOT FOUND - AVI-SPL LLC.pdf,,,processed,false,2026-06-02,,2027-04-17,2026-04-08,false,,,false,Zurich American Insurance Company; American Guarantee and Liability Insurance Company; American Zurich Insurance Company; Federal Insurance Company; Allied World Assurance Company (U.S.) Inc.; Crum & Forster Specialty Insurance Company,2026-05-28,,2026-07-27
"Block Real Estate Services, LLC",6a39520bd382314fdae2ff3f,69fded0e62446148bd848bb3,Axiom Strategies LLC,COBLOC~1.PDF,,,processed,false,2026-06-22,,2026-08-07,2026-06-22,false,,,false,Evanston Insurance Company,2026-06-22,,2026-07-27
"Block Real Estate Services, LLC",6a26fc7c723912a814569421,69fded0e62446148bd848bb9,"Pet Supplies Plus / B&B Pet Products, LLC",Block Real Estate Services_Lenexa Property 25-26.pdf,,,processed,false,2026-06-11,,2026-12-01,2026-06-08,false,,,false,Selective Insurance Company of the Southeast,2026-06-08,,2026-07-27
"Block Real Estate Services, LLC",6a39895ed1bf38e72a670fab,69fded0e62446148bd848bbc,Bachelor Controls Inc,"Perg Building LLC co Block Real Estate Servi_Bachelor Controls, Inc._2026 - 2027 Master - Bach_6-22-2026_120642820.pdf",,,processed,false,2026-06-23,,2027-03-01,2026-06-22,false,,,false,Liberty Insurance Corporation; Travelers Property Casualty Company of America; Accelerant Specialty Insurance Company; Continental Casualty Company,2026-06-22,,2026-07-27
"Block Real Estate Services, LLC",6a32e2a7081d3b93fbe8b135,69fded0e62446148bd848bbf,Baking With A Bass / Kayla Bass,CERTIFICATE OF INSURANCE (COI).Pdf,,,processed,false,2026-06-17,,2027-03-06,2026-06-17,false,,,false,Hartford Underwriters Insurance Company; Hartford Fire Insurance Company,2026-06-17,,2026-07-27
"Block Real Estate Services, LLC",6a6113223d7c8f1b1ccd4171,69fded0e62446148bd848bbf,Baking With A Bass / Kayla Bass,Revised CERTIFICATE OF INSURANCE (COI).Pdf,,,processed,false,,,2027-03-06,2026-07-22,false,,,false,Hartford Underwriters Insurance Company,2026-07-22,,2026-07-27
"Block Real Estate Services, LLC",6a316395b12134bfb4442095,69fded0e62446148bd848bc2,Bank of America,COI MO8-118 3.15.26-3.15.27.pdf,,,processed,false,2026-06-17,,2026-08-01,2026-03-25,false,,,false,"Greenwich Insurance Company; National Union Fire Insurance Company of Pittsburgh, Pa.",2026-06-16,,2026-07-27
"Block Real Estate Services, LLC",6a34433b3a28b57599a17d33,69fded0f62446148bd848bcb,"Banner Logistics, Inc",1600 Vernon Street XXS Certificate.pdf,,,processed,false,2026-06-24,,2026-11-29,2026-06-17,false,,,false,"Service American Indemnity Company; Nautilus Insurance Company; TRANSGUARD INSURANCE COMPANY OF AMERICA, INC.",2026-06-18,,2026-07-27
"Block Real Estate Services, LLC",6a359462430d502f7f7fb4ca,69fded0f62446148bd848bd4,Costa Vida Fresh Mexican Grill / BB Magical Fruit,"Block Real Estate Services, LLC_BB Magical Fruit Two LLC_2627 Master COI_6-19-2026_2147481711.pdf",,,processed,false,2026-06-22,,2027-05-01,2026-06-19,false,,,false,St. Paul Fire and Marine Insurance Company; Travelers Property Casualty Company of America; The Travelers Indemnity Company of Connecticut,2026-06-19,,2026-07-27
"Block Real Estate Services, LLC",6a4be2cf5cdf4704ae0effad,69fded0f62446148bd848bd7,BDM Inc,Block Cert.pdf,,,processed,false,2026-07-08,,2027-05-01,2026-07-06,false,,,false,SECURA Insurance Company; The Travelers Indemnity Company,2026-07-06,,2026-07-27
"Block Real Estate Services, LLC",6a4fb5640efc7440a732444e,69fded0f62446148bd848bdd,"Pepper Jax Grill / Belton North Cass, LLC",WRG-PJ_Certificate of Insurance_North Cass Dev_6.30.26.pdf,,,processed,false,2026-07-14,,2027-06-30,2026-06-27,false,,,false,Union Insurance; The Zenith,2026-07-09,,2026-07-27
"Block Real Estate Services, LLC",6a5a46d375d581809e5678e6,69fded0f62446148bd848bdd,"Pepper Jax Grill / Belton North Cass, LLC",PepperJax 1727 E North Ave Belton MO.pdf,,,processed,false,2026-07-17,,2027-06-30,2026-07-17,false,,,false,Union Insurance Company; Zenith Insurance Company,2026-07-17,,2026-07-27
"Block Real Estate Services, LLC",6a2809a7188eff3d9a5a4c53,69fded0f62446148bd848be0,Beltone Hearing Aid Center,Independence COI 2026.pdf,,,processed,false,2026-06-11,,2027-01-01,2026-06-08,false,,,false,Owners Insurance Company; Markel Insurance Company,2026-06-09,,2026-07-27
"Block Real Estate Services, LLC",6a469ccdd293d5dfa850aac1,69fded0f62446148bd848be0,Beltone Hearing Aid Center,Downey Family Holdings Revised COI.pdf,,,processed,false,2026-07-06,,2027-01-01,2026-06-08,false,,,false,Owners Insurance Company; Markel Insurance Company; Markel Insurance Company,2026-07-02,,2026-07-27
"Block Real Estate Services, LLC",6a4bd82a5bdbb873e90ba360,69fded0f62446148bd848be0,Beltone Hearing Aid Center,Independence COI 2026.pdf,,,processed,false,2026-07-06,,2027-01-01,2026-06-08,false,,,false,Owners Insurance Company; Markel Insurance Company; Markel Insurance Company,2026-07-06,,2026-07-27
"Block Real Estate Services, LLC",6a516f849a50c31614a8c7d1,69fded0f62446148bd848c01,BluSky Restoration Contractors LLC,"Block Real Estate Services, LLC - Aon.pdf",,,processed,false,2026-07-14,,2027-04-01,2026-03-27,false,,,false,Zurich American Insurance Company,2026-07-10,,2026-07-27
"Block Real Estate Services, LLC",6a3a993a59011af6e27dbda3,69fded0f62446148bd848c07,"BMO Harris Commercial Banking / BMO Harris Bank, NA",BMO Bank NA - Block Real Estate Services - 26062236825910 - 570121047321.pdf,,,processed,false,2026-06-23,,2027-04-30,2026-06-22,false,,,false,Zurich American Insurance Company; ACE American Insurance Company,2026-06-23,,2026-07-27
"Block Real Estate Services, LLC",6a1894afe701796d85e6590d,69fded0f62446148bd848c10,"Sono Bello / Body Contour Centers, LLC","Corporate Medical Plaza III (BKWG Assoc), CMP_Body Contour Centers, LLC_2526 COI_5-15-2026_1709078656.pdf",,,processed,false,2026-06-01,,2026-10-01,,false,,,false,,2026-05-28,,2026-07-27
"Block Real Estate Services, LLC",6a42a4965e2a93cdf2411384,69fded0f62446148bd848c10,"Sono Bello / Body Contour Centers, LLC",Body Contour Centers LLC COI Corporate Medical Plaza III.pdf,,,processed,false,2026-06-30,,2026-10-01,2026-05-15,false,,,false,Hartford Fire Insurance Company; Trumbull Insurance Company; Hartford Accident and Indemnity Company; Everest National Insurance Company,2026-06-29,,2026-07-27
"Block Real Estate Services, LLC",6a54fee4501b8361b0e98203,69fded0f62446148bd848c19,"Kitchen and Bath by Briggs / Briggs, Inc.","co Block Real Estate Services, LLC_Briggs, Inc. of Omaha_2526 GAUW w Personal Pr_7-8-2026_1115031498.pdf",,,processed,false,2026-07-13,,2026-09-01,2026-07-08,false,,,false,Dakota Truck Underwriters; Middlesex Insurance Company,2026-07-13,,2026-07-27
"Block Real Estate Services, LLC",6a551e28ba1f441b3e41026b,69fded0f62446148bd848c19,"Kitchen and Bath by Briggs / Briggs, Inc.",Lease - tic681 - Kitchen and Bath by Briggs.pdf,,,processed,false,2026-07-13,,,,false,,,false,,2026-07-13,,2026-07-27
"Block Real Estate Services, LLC",6a05e7defeb0a066655c2944,69fded1062446148bd848c1f,The Professional Group / Bryan Torez,CorrectedCOI3-11-26.pdf,,,processed,false,2026-06-01,,2026-11-01,2026-03-11,false,,,false,State Farm Fire and Casualty Company,2026-05-14,,2026-07-27
"Block Real Estate Services, LLC",6a5a471fe01184066f4af829,69fded1062446148bd848c1f,The Professional Group / Bryan Torez,Editable COI.pdf,,,processed,false,2026-07-17,,2026-11-01,2026-03-11,false,,,false,State Farm Fire and Casualty Company,2026-07-17,,2026-07-27
"Block Real Estate Services, LLC",6a2afcdb9564d418934746fa,69fded1062446148bd848c25,"Buckeye Cleaning Center KC / Buckeye International, Inc.","Riverside Business Center 3_Buckeye International, Inc._26-27 MAIN GLI CAUT WCO E_6-11-2026_1889719103.pdf",,,processed,false,2026-06-25,,2027-03-01,2026-06-11,false,,,false,Old Republic Insurance Company; Westfield Specialty Insurance Company; Endurance American Specialty Insurance Company,2026-06-11,,2026-07-27
"Block Real Estate Services, LLC",6a300e6a85085468184506d8,69fded1062446148bd848c22,Bryght Labs,COI Bryght Labs 11053 general liability.pdf,,,processed,false,2026-06-17,,2027-05-01,2026-05-28,false,,,false,Evanston Insurance Company,2026-06-15,,2026-07-27
"Block Real Estate Services, LLC",6a3040437828333b350b9de5,69fded1062446148bd848c28,Builder Direct LLC,updated insurance for BUILDER DIRECT LLC 6-15-2026.pdf,,,processed,false,2026-06-17,,2026-08-02,2026-06-11,false,,,false,"State National Insurance Company, Inc.",2026-06-15,,2026-07-27
"Block Real Estate Services, LLC",6a3af8d2cf85b61f730f436a,69fded1062446148bd848c28,Builder Direct LLC,Work Comp Policy - Builder Direct LLC.pdf,,,processed,false,2026-06-24,,2027-07-01,2026-06-23,false,,,false,NCCI Assigned Risk,2026-06-23,,2026-07-27
"Block Real Estate Services, LLC",6a3b0162aa3f3f10db520d40,69fded1062446148bd848c28,Builder Direct LLC,PROGRESSIVE BUSINESS OWNERS - Builder Direct LLC.pdf,,,processed,false,2026-06-24,,2026-11-13,2026-06-22,false,,,false,United Financial Casualty Company,2026-06-23,,2026-07-27
"Block Real Estate Services, LLC",6a3b0173f87efbd22dc90413,69fded1062446148bd848c28,Builder Direct LLC,GENERAL LIABILITY INS-Next First - Builder Direct LLC.pdf,,,processed,false,2026-06-24,,2026-08-02,2026-06-11,false,,,false,"State National Insurance Company, Inc.",2026-06-23,,2026-07-27
"Block Real Estate Services, LLC",6a552a638f343040b1a1b4b0,69fded1062446148bd848c28,Builder Direct LLC,Lease - prg805 - Builder Direct.pdf,,,processed,false,2026-07-13,,,,false,,,false,,2026-07-13,,2026-07-27
"Block Real Estate Services, LLC",6a18af68587aecae706a4b40,69fded1062446148bd848c31,Burlis Lawson Group Inc,NOT FOUND - The Burlis Lawson Group.pdf,,,processed,false,2026-06-01,,,,false,,,false,,2026-05-28,,2026-07-27
"Block Real Estate Services, LLC",6a07265ab7c7740fe9c4c5d4,69fded1062446148bd848c3d,"Corbion / Caravan Ingredients, Inc.",CaravanIngredientsCOIPERGBlockIncomeFundsIII1.pdf,,,processed,false,2026-06-02,,2027-01-01,2026-01-14,false,,,false,"Travelers Property Casualty Company of America; The Travelers Indemnity Company of Connecticut; National Union Fire Insurance Company of Pittsburgh, Pa.",2026-05-15,,2026-07-27
"Block Real Estate Services, LLC",6a3e86c25f58e73b8f4f1e8f,69fded1062446148bd848c3a,BWI Companies Inc,25-26 GL CAU WC UMB Liability - 25 College Crossing Associates.pdf,,,processed,false,2026-06-30,,2026-11-01,2025-11-03,false,,,false,Travelers Property Casualty Company of America; AXIS Surplus Insurance Company; The Standard Fire Insurance Company; The Charter Oak Fire Insurance Company; Everest Indemnity Insurance Company,2026-06-26,,2026-07-27
"Block Real Estate Services, LLC",6a453d05da024f5dca5c5cc3,69fded1062446148bd848c3a,BWI Companies Inc,ACORD Form 20260701-083950-1.pdf,,,processed,false,2026-07-07,,2026-11-01,2026-07-01,false,,,false,Travelers Property Casualty Company of America; AXIS Surplus Insurance Company; The Standard Fire Insurance Company; The Charter Oak Fire Insurance Company; Everest Indemnity Insurance Company,2026-07-01,,2026-07-27
"Block Real Estate Services, LLC",6a2750fa7f54c7a808caeb66,69fded1062446148bd848c37,Butler Suppy Inc,"Butler Supply, Inc._College Crossing IJ LLC_12-29-2025.pdf",,,processed,false,2026-06-11,,2027-01-01,,false,,,false,Zurich American Insurance Company; Great American Insurance Company; American Zurich Insurance Company,2026-06-08,,2026-07-27
"Block Real Estate Services, LLC",6a28ca69da52b0ee99d30284,69fded1062446148bd848c43,Carrier Corporation,cert_NYC_Perg Bldgs_ LLC dba_12629267_2.pdf,,,processed,false,2026-06-11,,2027-04-01,,false,,,false,AIU Insurance Company; Old Republic Insurance Company,2026-06-10,,2026-07-27
"Block Real Estate Services, LLC",6a2b18d9181480923538cb46,69fded1062446148bd848c46,CarStar Riverside (fka Autobody on the Run),Certificate.pdf,,,processed,false,2026-06-15,,2026-11-24,2026-06-09,false,,,false,United Fire Group,2026-06-11,,2026-07-27
"Block Real Estate Services, LLC",6a4be0e2c8e29468b5d941e1,69fded1062446148bd848c49,Cass County Public Library,General Liab.pdf,,,processed,false,2026-07-06,,2027-07-01,,false,,,false,EMCASCO Insurance Company,2026-07-06,,2026-07-27
"Block Real Estate Services, LLC",6a4be0e3c8e29468b5d941fe,69fded1062446148bd848c49,Cass County Public Library,Work Comp.pdf,,,processed,false,2026-07-06,,2027-07-01,,false,,,false,CSAA Insurance Exchange,2026-07-06,,2026-07-27
"Block Real Estate Services, LLC",6a50040e1efef97be758f26d,69fded1062446148bd848c49,Cass County Public Library,Block Real Estate.pdf,,,processed,false,2026-07-10,,2027-07-01,2026-07-09,false,,,false,EMCASCO Insurance Company; Employers Mutual Casualty Company,2026-07-09,,2026-07-27
"Block Real Estate Services, LLC",6a457850375e453b63798372,69fded1062446148bd848c52,"Sunflower Health Plan / Centene Management Company, LLC",SSR Capital LLC_Centene Management Company LLC_Liability_6.1.2026.pdf,,,processed,false,2026-07-06,,2027-06-01,2026-05-28,false,,,false,"Old Republic Insurance Company; XL Insurance America, Inc.",2026-07-01,,2026-07-27
"Block Real Estate Services, LLC",6a577bbfd0fc4e2363910f23,69fded1062446148bd848c55,Central Power Systems & Services LLC,"2627 Master COI - Block Real Estate Services, LLC.pdf",,,processed,false,2026-07-15,,2027-07-01,2026-07-15,false,,,false,Twin City Fire Insurance Company; The Phoenix Insurance Company; Travelers Property Casualty Company of America,2026-07-15,,2026-07-27
"Block Real Estate Services, LLC",6a455a2fda024f5dca5c5d2f,69fded1062446148bd848c58,"The Retirement Planning Group / Cetera Financial Group, Inc.","co Block Real Estate Services, LLC_Cetera Financial Group, Inc_26-27 GL-AL-EX-WC_6-15-2026_1056662614.pdf",,,processed,false,2026-07-06,,2027-01-31,2026-06-15,false,,,false,"The Continental Insurance Company; American Casualty Company of Reading, Pennsylvania; Valley Forge Insurance Company",2026-07-01,,2026-07-27
"Block Real Estate Services, LLC",6a2c33de4096067a7a7bad25,69fded1062446148bd848c5b,"Challenger Sports, Inc.","CAL-VENT GROUP, LTD_ PROM MOTOR HOTEL, INC__Challenger Teamwear LLC Dba Challen_2627 COI_6-9-2026_2147481167 (1).pdf",,,processed,false,2026-06-25,,2027-03-01,2026-06-09,false,,,false,Travelers Property Casualty Insurance Company; EMCASCO Insurance Company; Employers Mutual Casualty Company; * Amtrust Financial Group,2026-06-12,,2026-07-27
"Block Real Estate Services, LLC",6a2ae3c2dd45710ae6ad6466,69fded1062446148bd848c5e,Champion Supply Company LLC,"COI 1-1-26 - CAL-VENT GROUP, LTD; PROM MOTOR HOTEL, INC; JAMS INDUSTRIAL, LLC; MELVILLE, LLC.pdf",,,processed,false,2026-06-15,,2027-01-01,,false,,,false,EMC Property & Casualty Company; Employers Mutual Casualty Company; Travelers Casualty and Surety Company,2026-06-11,,2026-07-27
"Block Real Estate Services, LLC",6a22f244a234618b199e4b1f,69fded1062446148bd848c67,Check Into Cash,21046-1778-35009 COI 10-15-26.pdf,,,processed,false,2026-06-08,,2026-10-15,2026-01-20,false,,,false,Travelers Property Casualty Company of America; The Continental Insurance Company; Travelers Casualty Insurance Company of America,2026-06-05,,2026-07-27
"Block Real Estate Services, LLC",6a43f95fc7f86ba6f2674d02,69fded1162446148bd848c76,"Chrysalis Center, LLC",Liability Insurance 2026to2027.pdf,,,processed,false,2026-07-02,,2027-07-04,,false,,,false,"American Casualty Company of Reading, Pennsylvania",2026-06-30,,2026-07-27
"Block Real Estate Services, LLC",6a2c05fde294f24a402e1e39,69fded1162446148bd848c7f,CJ Industries LLC,22284994-PLATTE-CJ COI.pdf,,,processed,false,2026-06-15,,2027-03-02,2026-02-19,false,,,false,"Transportation Insurance Company; Valley Forge Insurance Company; Illinois Union Insurance Company; The Continental Insurance Company; American Casualty Company of Reading, Pennsylvania",2026-06-12,,2026-07-27
"Block Real Estate Services, LLC",6a301f2d09f375dfb856f241,69fded1162446148bd848c82,Clarivate Analytics LLC,HLBTAssociatesLLC_W46436397.pdf,,,processed,false,2026-06-17,,2026-12-01,2026-06-08,false,,,false,American Guarantee and Liability Insurance Company; Zurich American Insurance Company; American Zurich Insurance Company,2026-06-15,,2026-07-27
"Block Real Estate Services, LLC",6a455cf3d293d5dfa850a8fe,69fded1162446148bd848c82,Clarivate Analytics LLC,HLBTAssociatesLLC_W46906080.pdf,,,processed,false,2026-07-06,,2026-12-01,2026-06-29,false,,,false,American Guarantee and Liability Insurance Company; Zurich American Insurance Company; American Zurich Insurance Company,2026-07-01,,2026-07-27
"Block Real Estate Services, LLC",6a2c76ed4096067a7a7bada0,69fded1162446148bd848c85,ClassOneModelWorks.com LLC,Class One COI for Block Real Estate LLC.pdf,,,processed,false,2026-06-15,,2027-03-14,,false,,,false,Evanston Insurance Company; The Travelers Indemnity Company of America,2026-06-12,,2026-07-27
"Block Real Estate Services, LLC",6a6395b90a4315bb2509b38b,69fded1162446148bd848c85,ClassOneModelWorks.com LLC,Class One COI for Block Real Estate LLC.pdf,,,processed,false,,,2027-03-14,2026-07-24,false,,,false,Evanston Insurance Company; Mesa Underwriters Specialty Insurance Company; The Travelers Indemnity Company of America; KINSALE INSURANCE COMPANY,2026-07-24,,2026-07-27
"Block Real Estate Services, LLC",6a0725bd9839a89d50e8c4d5,69fded1162446148bd848c88,Clopay Building Products,PlatteValleyIndustrialCenter8_W45240625.pdf,,,processed,false,2026-06-02,,2027-02-28,2026-03-31,false,,,false,Zurich American Insurance Company; American Guarantee and Liability Insurance Company; Factory Mutual Insurance Company,2026-05-15,,2026-07-27
"Block Real Estate Services, LLC",6a2afc33181480923538caf4,69fded1162446148bd848c8b,CNR Construction KC LLC,BlockCNR.pdf,,,processed,false,2026-06-15,,2027-03-09,,false,,,false,Patrons Insurance Company,2026-06-11,,2026-07-27
"Block Real Estate Services, LLC",6a30409c09f375dfb856f2e6,69fded1162446148bd848c8b,CNR Construction KC LLC,EFA_CNR CONSTRUCTION_Block Real Estate Service_167304808.pdf,,,processed,false,2026-06-17,,2027-07-01,2026-06-15,false,,,false,New Hampshire Insurance Company,2026-06-15,,2026-07-27
"Block Real Estate Services, LLC",6a06315454ab644e7ef7ef76,69fded1162446148bd848c91,CMA / Colarelli Meyer & Associates,WCCOI.pdf,,,processed,false,2026-06-03,,2026-07-01,2025-06-09,false,,,false,New Hampshire Insurance Company,2026-05-14,,2026-07-27
"Block Real Estate Services, LLC",6a35af3f56a52ac77dac41e8,69fded1162446148bd848c97,"Commercial Industrial Supply, LLC","co Block Real Estate Services_Commercial Industrial Supply, LLC_26 GAUW_6-19-2026_32299229.pdf",,,processed,false,2026-06-22,,2027-01-01,2026-06-19,false,,,false,The Cincinnati Insurance Company,2026-06-19,,2026-07-27
"Block Real Estate Services, LLC",6a6394560a4315bb2509b333,69fded1162446148bd848c9a,Companion Protect Agency,Companion Protect LLC - Management Liability Chubb Binder.PDF,,,processed,false,,,,,false,,,false,,2026-07-24,,2026-07-27
"Block Real Estate Services, LLC",6a6394580a4315bb2509b351,69fded1162446148bd848c9a,Companion Protect Agency,26-27 CP WC Policy.PDF,,,processed,false,,,,,false,,,false,,2026-07-24,,2026-07-27
"Block Real Estate Services, LLC",6a6394590a4315bb2509b36e,69fded1162446148bd848c9a,Companion Protect Agency,26-27 CP PKG Policy.PDF,,,processed,false,,,,,false,,,false,,2026-07-24,,2026-07-27
"Block Real Estate Services, LLC",6a512f0aed23c7eb7f9922f5,69fded1162446148bd848c9d,Concrete Strategies LLC,Block Real Estate Services - CSLLC.pdf,,,processed,false,2026-07-14,,2027-06-30,2026-07-10,false,,,false,Zurich American Insurance Company; American Guarantee and Liability Insurance Company,2026-07-10,,2026-07-27
"Block Real Estate Services, LLC",6a2b2ff74137abcbd837f66a,69fded1162446148bd848ca0,"CKF / Consolidated Supply, Inc.","Flint 1, LLC_Consolidated Supply Co., Inc. dba_26-27 Master_6-11-2026_1489907594.pdf",,,processed,false,2026-06-15,,2027-05-01,2026-06-11,false,,,false,Waypoint Mutual; Continental Western Insurance Company,2026-06-11,,2026-07-27
"Block Real Estate Services, LLC",6a36d92356a52ac77dac42f7,69fded1162446148bd848ca3,Converge LLC,Endorsement_Endor_2_AddAI.pdf,,,processed,false,2026-06-22,,,,false,,,false,,2026-06-20,,2026-07-27
"Block Real Estate Services, LLC",6a36d92456a52ac77dac4314,69fded1162446148bd848ca3,Converge LLC,AIEndorsement_Block Real Estate Services LLC 1.pdf,,,processed,false,2026-06-22,,,,false,,,false,,2026-06-20,,2026-07-27
"Block Real Estate Services, LLC",6a36d92456a52ac77dac4331,69fded1162446148bd848ca3,Converge LLC,AICertificate_Block Real Estate Services LLC 1.pdf,,,processed,false,2026-06-22,,2027-06-06,,false,,,false,Philadelphia Indemnity Insurance Company,2026-06-20,,2026-07-27
"Block Real Estate Services, LLC",6a396c7f597e3570daab61a7,69fded1162446148bd848ca6,Convergint Technologies LLC,"Block Real Estate Services, LLC.pdf",,,processed,false,2026-06-23,,2027-04-01,2026-06-22,false,,,false,ACE American Insurance Company; Federal Insurance Company; ACE Fire Underwriters Insurance Company,2026-06-22,,2026-07-27
"Block Real Estate Services, LLC",6a550209d7a2098716cacbe0,69fded1162446148bd848ca9,Core Adventures LLC,Block Real Estate Services.pdf.pdf,,,processed,false,2026-07-14,,2026-09-17,2026-02-20,false,,,false,Hartford Underwriters Insurance Company; Rated by Multiple Companies; Travelers Excess and Surplus Lines Company,2026-07-13,,2026-07-27
"Block Real Estate Services, LLC",6a2ffcae1ead0ab2cbe17b8f,69fded1162446148bd848cb2,Corporate Flooring Inc,Block Real Estate COI.pdf,,,processed,false,2026-06-17,,2027-02-27,2026-04-17,false,,,false,Auto - Owners,2026-06-15,,2026-07-27
"Block Real Estate Services, LLC",6a5630c4b07e51bfe39a39b8,69fded1162446148bd848cb8,CorVel Healthcare Corporation,City Plaza Corporate - Block Real Estate - CorVel HC Overland Park MO COI 26-27.pdf,,,processed,false,2026-07-15,,2027-04-30,2026-07-13,true,low,<p>Lease requested from BRES</p>,false,Travelers Property Casualty Company of America; The Continental Insurance Company; Zurich American Insurance Company,2026-07-14,,2026-07-27
"Block Real Estate Services, LLC",6a610aca758aff68c41584d7,69fded1162446148bd848cb8,CorVel Healthcare Corporation,CorVel Health_1st Amendment_CPCCI_FE.pdf,,,processed,false,,,,,false,,,false,,2026-07-22,,2026-07-27
"Block Real Estate Services, LLC",6a610acb758aff68c41584f7,69fded1162446148bd848cb8,CorVel Healthcare Corporation,Overland Park (Kansas City) Lease Document_fully EX.pdf,,,processed,false,,,,,false,,,false,,2026-07-22,,2026-07-27
"Block Real Estate Services, LLC",6a42a46f62bbed81ea5611a1,69fded1162446148bd848cbb,"Cosentino, Group, Inc. / Associated Wholesale Grocers, Inc.",Cosentino Group COI Mill Street Station LLC.pdf,,,processed,false,2026-06-30,,2027-05-01,2026-05-01,false,,,false,"Sentry Insurance Company; XL Specialty Insurance Company; Fireman's Fund Insurance Company; National Union Fire Insurance Company of Pittsburgh, Pa.; Sentry Casualty Company; National Union Fire Insurance Company of Louisiana",2026-06-29,,2026-07-27
"Block Real Estate Services, LLC",6a4eb426bc03800db2d4eb82,69fded1162446148bd848cbe,"Costco-Innovel Properties, LLC (fka Sears Logistics Service, Inc.)",cert_SEA_c_o Block Real Estate Services_ LLC_4242932_1.pdf,,,processed,false,2026-07-13,,2026-09-05,2026-07-08,false,,,false,Safety National Casualty Corporation; Fireman's Fund Indemnity Corporation,2026-07-08,,2026-07-27
"Block Real Estate Services, LLC",6a55572afcd6b574294a5877,69fded1162446148bd848cbe,"Costco-Innovel Properties, LLC (fka Sears Logistics Service, Inc.)",Lease - kci291 - Costco.pdf,,,processed,false,2026-07-13,,,,false,,,false,,2026-07-13,,2026-07-27
"Block Real Estate Services, LLC",6a55572bfcd6b574294a5897,69fded1162446148bd848cbe,"Costco-Innovel Properties, LLC (fka Sears Logistics Service, Inc.)",Lease - kci291 - Costco 5th Amend.pdf,,,processed,false,2026-07-13,,,,false,,,false,,2026-07-13,,2026-07-27
"Block Real Estate Services, LLC",6a42d16b95bcb4d172ad598b,69fded1262446148bd848cc1,"Covisian CTX, LLC (fka RGMI Consultant / Centrinex, LLC)","c_o Block Real Estate Services, LLC, Kansas City, MO, 64112, 06_29_2026(1).pdf",,,processed,false,2026-06-30,,2027-06-01,2026-06-29,false,,,false,Cincinnati Insurance Company; Convex Insurance UK Limited,2026-06-29,,2026-07-27
"Block Real Estate Services, LLC",6a42d16d95bcb4d172ad59a9,69fded1262446148bd848cc1,"Covisian CTX, LLC (fka RGMI Consultant / Centrinex, LLC)","c_o Block Real Estate Services, LLC, Kansas City, MO, 64112, 06_29_2026.pdf",,,processed,false,2026-06-30,,2027-06-01,2026-06-29,false,,,false,Cincinnati Insurance Company; Convex Insurance UK Limited,2026-06-29,,2026-07-27
"Block Real Estate Services, LLC",6a3c297da903d57194cee9b6,69fded1262446148bd848cc4,"Ameriprise Financial Services, LLC / Respective Wealth / Schenck, Thompson & Associates, LLC (fka Creative Collaboration)",CERTIFICATE OF INSURANCE (COI) 26.6.24.pdf,,,processed,false,2026-06-25,,2027-06-08,2026-06-24,false,,,false,Hartford Underwriters Insurance Company; Hartford Insurance Company of the Southeast,2026-06-24,,2026-07-27
"Block Real Estate Services, LLC",6a43d54504ca7701e3da69e3,69fded1262446148bd848cc4,"Ameriprise Financial Services, LLC / Respective Wealth / Schenck, Thompson & Associates, LLC (fka Creative Collaboration)",Cert of Ins - Block '26 renewal.pdf,,,processed,false,2026-06-30,,2027-06-08,2026-06-30,false,,,false,Hartford Underwriters Insurance Company; Hartford Insurance Company of the Southeast,2026-06-30,,2026-07-27
"Block Real Estate Services, LLC",6a330a0eca0531aad700c5a0,69fded1262446148bd848cc7,Creative Consumer Concepts Inc,"Updated CO BLOCK REAL ESTATE SERVICES, LLC.pdf",,,processed,false,2026-06-18,,2026-12-01,2025-11-25,false,,,true,Great American E & S Insurance Company; Trumbull Insurance Company; Twin City Fire Insurance Company; Hartford Fire Insurance Company,2026-06-17,,2026-07-27
"Block Real Estate Services, LLC",6a3a88ea1174d1adb3015007,69fded1262446148bd848cca,"Crescent Electric Supply Company, Inc.",Block Real Estate Services_Crescent Electric Supply Company_2526 REGULAR_6-22-2026_1834036507.pdf,,,processed,false,2026-06-23,,2026-10-01,2026-06-22,false,,,false,Amerisure Mutual Insurance Company; Amerisure Mutual Insurance Company; Great American Insurance Company; Homeland Insurance Company of New York; Amerisure Insurance Company; Lloyd's,2026-06-23,,2026-07-27
"Block Real Estate Services, LLC",6a05ea6fca42782ea34bdf81,69fded1262446148bd848cd0,Crossroads Courier Inc,KCIPRiversideLLCRiversideIndustrialCent_CrossroadsCourierInc_25-26GLHNOUMBMTC_7-30-2025_13670150163.pdf,,,processed,false,2026-06-02,,2026-07-30,2025-07-30,false,,,false,Ohio Security Insurance Company; TT Club Mutual Insurance Limited; Progressive Casualty Insurance Company; James River Insurance Company,2026-05-14,,2026-07-27
"Block Real Estate Services, LLC",6a4bb07ef57ba45a5bfc1361,69fded1262446148bd848cd3,Crown MedRealty Partners LLC,"26-27 COI - Pinnacle Building III, LLC and.pdf",,,processed,false,2026-07-09,,2027-01-01,2026-07-06,false,,,false,The Continental Insurance Company of New Jersey; The Continental Insurance Company; National Fire Insurance Company of Hartford; Fireman's Fund Insurance Company,2026-07-06,,2026-07-27
"Block Real Estate Services, LLC",6a3a99d1dd0b293e54c0c507,69fded1262446148bd848cd6,Cruise Marketing Inc,Block Real Estate.pdf,,,processed,false,2026-06-23,,2027-05-01,2026-06-19,false,,,false,United Fire & Casualty Company,2026-06-23,,2026-07-27
"Block Real Estate Services, LLC",6a303a237828333b350b9dc7,69fded1262446148bd848cdc,"DL Smith Electrical Construction, Inc.",DL Smith Electrical Construction I_Block Real Estate Services LLC (1).pdf,,,processed,false,2026-06-17,,2027-06-01,2026-06-15,false,,,false,Amerisure Partners Insurance Company; Amerisure Insurance Company; Amerisure Mutual Insurance Company,2026-06-15,,2026-07-27
"Block Real Estate Services, LLC",6a4eb1f0c4f53220af8d6a52,69fded1262446148bd848ceb,Dairy Farmers of America Inc,DFA Lenexa Warehouse - COI (Updated).pdf,,,processed,false,2026-07-13,,2026-10-01,2026-07-09,false,,,false,"National Union Fire Insurance Co. Of Pittsburgh , PA; AIU Insurance Company",2026-07-08,,2026-07-27
"Block Real Estate Services, LLC",6a3aaff6c1a4a2315d540546,69fded1262446148bd848cee,"Dark Horse Coffee / Dark Horse Collective, LLC",Dark Horse Cert.pdf,,,processed,false,2026-06-23,,2026-12-10,,false,,,false,Truck Insurance Exchange; Mid-Century Insurance Company,2026-06-23,,2026-07-27
"Block Real Estate Services, LLC",6a42eeb21125d252a5949b70,69fded1262446148bd848ce5,"Thermal Mechanics, Inc. (TMI)",cert_CLE_PERG 26 27 SPE L.L.C. And Springs 26_6787879_37.pdf,,,processed,false,2026-06-30,,2027-01-01,2026-06-29,false,,,false,LM Insurance Corporation; Liberty Insurance Corporation; Mitsui Sumitomo Insurance USA Inc.; See Acord 101 for Carrier Participation,2026-06-29,,2026-07-27
"Block Real Estate Services, LLC",6a4bb782c8e29468b5d94083,69fded1262446148bd848ce5,"Thermal Mechanics, Inc. (TMI)",cert_CLE_PERG 26 27 SPE L.L.C. And Springs 26_6787879_38.pdf,,,processed,false,2026-07-06,,2027-01-01,2026-07-02,false,,,false,LM Insurance Corporation; Liberty Insurance Corporation; Mitsui Sumitomo Insurance USA Inc.; See Acord 101 for Carrier Participation,2026-07-06,,2026-07-27
"Block Real Estate Services, LLC",6a42ab395e2a93cdf24113c0,69fded1262446148bd848ce8,Dairy Farmers Of America,cert_HOU_Prom Motor Hotel_ Inc._4432714_4.pdf,,,processed,false,2026-06-30,,2026-10-01,2026-06-29,false,,,false,"National Union Fire Insurance Co. Of Pittsburgh , PA; AIU Insurance Company",2026-06-29,,2026-07-27
"Block Real Estate Services, LLC",6a3e99f685fd97a7c8d426e2,69fded1262446148bd848cf1,"Retail Data Systems of KC (RDS) / Data Systems, Inc.","PERG BUILDINGS, LLC c_o Block Real Estate Services- COI.pdf",,,processed,false,2026-06-30,,2027-06-15,2026-06-24,false,,,false,The Phoenix Insurance Company; Travelers Property Casualty Company of America; Travelers Casualty and Surety Company of America; At-Bay Specialty Insurance Company; The Charter Oak Fire Insurance Company,2026-06-26,,2026-07-27
"Block Real Estate Services, LLC",6a3560af56a52ac77dac41ac,69fded1262446148bd848cf4,Data Systems International/ Nextworld / Cloud Inventory,Workers Compensation Policy eff 11.01.25.pdf,,,processed,false,2026-06-25,,,,false,,,false,,2026-06-19,,2026-07-27
"Block Real Estate Services, LLC",6a3560fb305b7089c6ed590a,69fded1262446148bd848cf4,Data Systems International/ Nextworld / Cloud Inventory,Umbrella Policy eff 11.01.2025.pdf,,,processed,false,2026-06-25,,,,false,,,false,,2026-06-19,,2026-07-27
"Block Real Estate Services, LLC",6a272f6a723912a81456948a,69fded1262446148bd848cf7,DataLocker Inc,"DATALOCKER INC.-6081400-MO COI 25-26-BLOCK REAL ESTATE SERVICES, LLC.pdf",,,processed,false,2026-06-08,,2026-10-01,2026-06-08,false,,,false,Indemnity Insurance Company of North America,2026-06-08,,2026-07-27
"Block Real Estate Services, LLC",6a298c5c6b36130833e2f76c,69fded1262446148bd848cf7,DataLocker Inc,Block Real Estate Services LLC.pdf,,,processed,false,2026-06-10,,2026-12-15,,false,,,false,ACE Property and Casualty Insurance Company; Bankers Standard Insurance Company,2026-06-10,,2026-07-27
"Block Real Estate Services, LLC",6a3009147828333b350b9cc8,69fded1262446148bd848cfa,B-Envied Salon / David M & Lisa Walla,B-Envied Salon - signed COI - Block Real Estate Services - 06.11.26.pdf,,,processed,false,2026-06-15,,2027-01-20,2026-06-11,false,,,false,State Farm Fire and Casualty Company,2026-06-15,,2026-07-27
"Block Real Estate Services, LLC",6a554f92ee29cdd784658626,69fded1262446148bd848d00,Daylight Donuts-Olathe LLC,certificate.pdf,,,processed,false,2026-07-14,,2026-07-29,2026-07-13,false,,,false,State Farm Fire and Casualty Company,2026-07-13,,2026-07-27
"Block Real Estate Services, LLC",6a57b28d3817dd155dae1ad8,69fded1262446148bd848d03,DCB Homes LLC,Block Real Estate Services LLC_DCB Homes LLC_2526 Master COI_7-15-2026_47460704.pdf,,,processed,false,2026-07-21,,2026-08-15,2026-07-15,false,,,false,Auto-Owners Insurance Company; Liberty Mutual Insurance Company,2026-07-15,,2026-07-27
"Block Real Estate Services, LLC",6a26ecba1b3591a22e40cf22,69fded1262446148bd848d0c,Dermatology Consultants,Dermatology Consultant Midwest COI (1).pdf,,,processed,false,2026-06-08,,2026-08-01,,false,,,false,ACE Property and Casualty Insurance Company; Bankers Standard Insurance Company; Chubb National Insurance Company,2026-06-08,,2026-07-27
"Block Real Estate Services, LLC",6a6230010548cd9193c1f7f2,69fded1262446148bd848d0c,Dermatology Consultants,Dermatology Consultant Midwest COI.pdf,,,processed,false,,,2026-08-01,2026-06-05,false,,,false,ACE Prop & Cas Ins CO; Bankers Standard Insurance Company; Chubb National Insurance Company; ACE American Insurance Company,2026-07-23,,2026-07-27
"Block Real Estate Services, LLC",6a47af6708adbeeac4a4754b,69fded1362446148bd848d15,Green Leaf Dispensary / DineShkumar P. Patel & Jingeshkumar D. Patel,GRC_Moberly_LLC_dba_Amaze_Cannabis_Green_Releaf_Dispensary_-_PL_-_25-26_-_PEQSPL001710-00 (1).pdf,,,processed,false,2026-07-06,,2026-11-21,,false,,,false,Palomar Excess and Surplus Insurance Company,2026-07-03,,2026-07-27
"Block Real Estate Services, LLC",6a3d9e09900a41a58c7942cb,69fded1362446148bd848d18,Discover Church,COI revised note Gen Agg is per Policy.pdf,,,processed,false,2026-06-30,,2027-01-01,2026-06-25,false,,,false,GuideOne Insurance; GuideOne Specialty Insurance,2026-06-25,,2026-07-27
"Block Real Estate Services, LLC",6a0720af9945fee35b85225b,69fded1362446148bd848d1e,"Dollar General / Dolgencorp, Inc.",dollargeneral.pdf,,,processed,false,2026-06-02,,2027-02-10,2026-02-06,false,,,false,ACE American Insurance Company; Indemnity Insurance Company of North America; ACE Property and Casualty Insurance Company; ACE Fire Underwriters Insurance Company,2026-05-15,,2026-07-27
"Block Real Estate Services, LLC",6a05e7a7ca42782ea34b17d6,69fded1362446148bd848d21,Dollar Tree,cert_NYC_K7KansasInvestors_LLC_12011339_56.pdf,,,processed,false,2026-06-01,,2026-09-01,2025-08-25,false,,,true,"National Union Fire Insurance Company of Pittsburgh, Pa.; National Union Fire Insurance Company of Pittsburgh, Pa.; AIU Insurance Company",2026-05-14,,2026-07-27
"Block Real Estate Services, LLC",6a621acef4a44f9d273a51d2,69fded1362446148bd848d24,Dollar Tree #03352,"cert_NYC_Belton MO Properties, LLC_12010508.pdf",,,processed,false,,,2026-09-01,2026-07-23,false,,,false,"National Union Fire Insurance Company of Pittsburgh, Pa.; National Union Fire Insurance Company of Pittsburgh, Pa.; AIU Insurance Company",2026-07-23,,2026-07-27
"Block Real Estate Services, LLC",6a3a9e13f87efbd22dc9034a,69fded1362446148bd848d2a,Dollar Tree #8462,cert_NYC_Hillcrest MO_ LLC_12640703_1.pdf,,,processed,false,2026-06-25,,2026-09-01,2026-06-23,false,,,false,"National Union Fire Insurance Company of Pittsburgh, Pa.; National Union Fire Insurance Company of Pittsburgh, Pa.; AIU Insurance Company",2026-06-23,,2026-07-27
"Block Real Estate Services, LLC",6a6228960a4315bb2509b179,69fded1362446148bd848d2a,Dollar Tree #8462,Lease - 3rd989 - Dollar Tree 8462.pdf,,,processed,false,,,,,false,,,false,,2026-07-23,,2026-07-27
"Block Real Estate Services, LLC",6a297f008d4f64d9c23ab0a5,69fded1362446148bd848d27,Dollar Tree #4044,cert_NYC_K7 Kansas Investors_ LLC_12631635_1.pdf,,,processed,false,2026-06-10,,2026-09-01,2026-06-09,false,,,false,"National Union Fire Insurance Company of Pittsburgh, Pa.; National Union Fire Insurance Company of Pittsburgh, Pa.; AIU Insurance Company",2026-06-10,,2026-07-27
"Block Real Estate Services, LLC",6a5531ae4a3538cc4162db78,69fded1362446148bd848d27,Dollar Tree #4044,Lease - tic827 - Dollar Tree 4044.pdf,,,processed,false,2026-07-15,,,,false,,,false,,2026-07-13,,2026-07-27
"Block Real Estate Services, LLC",6a0725319839a89d50e8ac80,69fded1362446148bd848d2d,"Perry Plaza Dental / Dr. Darren Perry, DDS",AUTOMATICRENEWALCERTIFICATE15.Pdf,,,processed,false,2026-06-02,,2026-09-27,,false,,,false,,2026-05-15,,2026-07-27
"Block Real Estate Services, LLC",6a4e7415210017bbbe93fbc4,69fded1362446148bd848d36,DaVita Dialysis / DVA Renal Healthcare,cert_SEA_c_o Block Real Estate Services_ LLC_4242598_1.pdf,,,processed,false,2026-07-08,,2026-10-01,2026-07-08,false,,,false,"Federal Way Assurance Inc.; National Union Fire Insurance Company of Pittsburgh, Pa.; AIU Insurance Company",2026-07-08,,2026-07-27
"Block Real Estate Services, LLC",6a6229bbf4a44f9d273a527d,69fded1362446148bd848d36,DaVita Dialysis / DVA Renal Healthcare,Davita 6th Amendment.pdf,,,processed,false,,,,,false,,,false,,2026-07-23,,2026-07-27
"Block Real Estate Services, LLC",6a6229bcf4a44f9d273a529d,69fded1362446148bd848d36,DaVita Dialysis / DVA Renal Healthcare,DVA_Base Lease.pdf,,,processed,false,,,,,false,,,false,,2026-07-23,,2026-07-27
"Block Real Estate Services, LLC",6a30491709f375dfb856f304,69fded1362446148bd848d3c,E2 Optics LLC,"Platte Valley Investment, LLC - COI.pdf",,,processed,false,2026-06-17,,2027-03-01,2026-06-15,false,,,false,Hartford Fire Insurance Company; Twin City Fire Insurance Company; Hartford Casualty Insurance Company; Trumbull Insurance Company,2026-06-15,,2026-07-27
"Block Real Estate Services, LLC",6a57a2b76e126b4cb9abd6b2,69fded1362446148bd848d3f,Eaton Electric / Eaton Corporation,Lease - tic921 - Eaton Electric.pdf,,,processed,false,2026-07-21,,,,false,,,false,,2026-07-15,,2026-07-27
"Block Real Estate Services, LLC",6a613ead758aff68c4158766,69fded1362446148bd848d3f,Eaton Electric / Eaton Corporation,MILLENNIUM LENEXA LLC AND.pdf,,,processed,false,,,2027-01-01,2025-12-22,false,,,false,Old Republic Insurance Company,2026-07-22,,2026-07-27
"Block Real Estate Services, LLC",6a17120eda8b4807522775ff,69fded1362446148bd848d42,EcoShield Pest Solutions,KANA WC COI 04072027.pdf,,,processed,false,2026-06-03,,2027-04-07,2026-05-05,false,,,false,Wesco Insurance Company,2026-05-27,,2026-07-27
"Block Real Estate Services, LLC",6a17120f7619b097e7760301,69fded1362446148bd848d42,EcoShield Pest Solutions,KANA GL COI 10142026.pdf,,,processed,false,2026-06-02,,2026-10-14,2026-05-05,false,,,true,West Bend Insurance Company,2026-05-27,,2026-07-27
"Block Real Estate Services, LLC",6a6222f1293db0c1319f2a5c,69fded1362446148bd848d42,EcoShield Pest Solutions,Lease - wes705 - EcoShield Pest Solutions.pdf,,,processed,false,2026-07-23,,,,false,,,false,,2026-07-23,,2026-07-27
"Block Real Estate Services, LLC",6a628b060a4315bb2509b2f5,69fded1362446148bd848d42,EcoShield Pest Solutions,"Westbrook I-II KC Partners, LLC and Guaranty _The Shield Companies, LLC_26-27 Workers' Compensati_7-1-2026_674568597.pdf",,,processed,false,,,2027-04-07,2026-07-01,false,,,false,Wesco Insurance Company,2026-07-23,,2026-07-27
"Block Real Estate Services, LLC",6a0631d467de4ed821df2873,69fded1362446148bd848d48,Edward Jones,cert_CHI_PinnacleCorporateCenter_LLC_7422379_534.pdf,,,processed,false,2026-06-02,,2027-05-01,2026-05-01,false,,,false,Hartford Fire Insurance Company; Twin City Fire Insurance Company; American Home Assurance Company; Hartford Accident and Indemnity Company,2026-05-14,,2026-07-27
"Block Real Estate Services, LLC",6a18a69192942c733aca7aae,69fded1362446148bd848d4b,Edward D Jones & Co LP,Edward D Jones & Co. -  11300 Tomahawk Creek Parkway Suite 150.pdf,,,processed,false,2026-06-02,,2027-05-01,2026-05-01,false,,,false,Hartford Fire Insurance Company; Twin City Fire Insurance Company; American Home Assurance Company; Hartford Accident and Indemnity Company,2026-05-28,,2026-07-27
"Block Real Estate Services, LLC",6a270099caa475a0462053d1,69fded1362446148bd848d4e,Einstein Bros Bagels #3961,"Oak Park KS, LLC.pdf",,,processed,false,2026-06-11,,2026-10-01,,false,,,false,Liberty Mutual Fire Insurance Company; Liberty Insurance Corporation; LM Insurance Corporation,2026-06-08,,2026-07-27
"Block Real Estate Services, LLC",6a301779d5730a708692ac0f,69fded1362446148bd848d51,Electrical Investments Inc,ACORD Form 20260615-101533.pdf,,,processed,false,2026-06-17,,2027-01-01,2026-06-15,false,,,false,EMCASCO Insurance Company; Employers Mutual Casualty Company; Accident Fund National Insurance Company,2026-06-15,,2026-07-27
"Block Real Estate Services, LLC",6a32b07ab3b624685430d02e,69fded1362446148bd848d51,Electrical Investments Inc,Electrical Investments.pdf,,,processed,false,2026-06-17,,2027-01-01,2026-06-17,false,,,false,EMCASCO Insurance Company; Employers Mutual Casualty Company; Accident Fund National Insurance Company,2026-06-17,,2026-07-27
"Block Real Estate Services, LLC",6a429153c527ba56b6243391,69fded1362446148bd848d54,Electronics for Imaging / EFI Ink Jet Solutions,cert_NYC_PROM MOTOR HOTEL_ INC._10917280_18.pdf,,,processed,false,2026-06-30,,2027-06-30,2026-06-29,false,,,false,Travelers Property Casualty Company of America,2026-06-29,,2026-07-27
"Block Real Estate Services, LLC",6a5e713955d8ca225c22f14f,69fded1362446148bd848d57,"NTR Metals / Elemental Direct USA, LLC","KCIP Riverside LLC Riverside Industrial Cent_Elemetal Direct USA, LLC_25 26 - GLIA, POLL, BAUT,_10-17-2025_202370295.pdf",,,processed,false,2026-07-22,,2026-09-01,2025-10-17,false,,,false,"Commerce and Industry Insurance Company; National Union Fire Insurance Company of Pittsburgh, Pa.; Granite State Insurance Company; AIG Specialty Insurance Company",2026-07-20,,2026-07-27
"Block Real Estate Services, LLC",6a550602501b8361b0e98221,69fded1362446148bd848d5a,Elliott Electric Supply Inc,co Block Real Estate Services_Elliott Electric Supply Inc._2526 Master_7-13-2026_1538430327.pdf,,,processed,false,2026-07-15,,2026-12-25,2026-07-13,false,,,false,Hartford Underwriters Insurance Company; Hartford Fire Insurance Company; Hartford Casualty Insurance Company; Trumbull Insurance Company,2026-07-13,,2026-07-27
"Block Real Estate Services, LLC",6a5a4c9575cf58525d542476,69fded1362446148bd848d5a,Elliott Electric Supply Inc,Oxford Kansas Project COI.pdf,,,processed,false,2026-07-17,,2026-12-25,2026-03-20,false,,,false,"Hartford Fire Insurance Company
One Hartford Plaza
Hartford , CT 06155-0001",2026-07-17,,2026-07-27
"Block Real Estate Services, LLC",6a42b04462bbed81ea5611f6,69fded1362446148bd848d60,Emerson Ecologics LLC,"Block Real Estate Services, LLC_Fullscript, Inc._26-27 GL, Products, CUM, _6-29-2026_279567711.pdf",,,processed,false,2026-06-30,,2027-03-01,2026-06-29,false,,,false,Federal Insurance Company; Chubb National Insurance Company,2026-06-29,,2026-07-27
"Block Real Estate Services, LLC",6a28545e0b231d12238089c1,69fded1362446148bd848d5d,Elysian Salon and Spa LLC,Updated Certificate 2026.pdf,,,processed,false,2026-06-10,,2026-12-05,2026-06-09,false,,,false,State Farm Fire and Casualty Company,2026-06-09,,2026-07-27
"Block Real Estate Services, LLC",6a29b9f66b36130833e2f81c,69fded1362446148bd848d5d,Elysian Salon and Spa LLC,Updated Certificate 2026.pdf,,,processed,false,2026-06-10,,2026-12-05,2026-06-09,false,,,false,State Farm Fire and Casualty Company; INSURER D,2026-06-10,,2026-07-27
"Block Real Estate Services, LLC",6a3016a8b7970f3c499961dc,69fded1362446148bd848d63,Employers Mutual Casualty Company (EMC Insurance),Cert of Ins HLBT Associates LLC and Cooper Brown Properties LLC.pdf,,,processed,false,2026-06-17,,2027-04-01,2026-03-18,false,,,false,EMPLOYERS MUTUAL CASUALTY COMPANY,2026-06-15,,2026-07-27
"Block Real Estate Services, LLC",6a26cc125a6d7806dad0ff07,69fded1462446148bd848d69,"Engaged Athletics Training Center / Engaged Holdings, LLC","Block Income Fund III, LP.pdf",,,processed,false,2026-06-08,,2027-02-08,,false,,,false,West Bend Insurance Company,2026-06-08,,2026-07-27
"Block Real Estate Services, LLC",6a26cc1f8169e64a814f52ee,69fded1462446148bd848d69,"Engaged Athletics Training Center / Engaged Holdings, LLC",Block WC.pdf,,,processed,false,2026-06-08,,2026-11-05,,false,,,false,,2026-06-08,,2026-07-27
"Block Real Estate Services, LLC",6a470236b96533e35defdba9,69fded1462446148bd848d78,Erin McCandless Massage,ABMP.pdf,,,processed,false,2026-07-06,,2026-11-22,,false,,,false,,2026-07-03,,2026-07-27
"Block Real Estate Services, LLC",6a3948b6d382314fdae2fe20,69fded1462446148bd848d81,Excel Automation Inc.,COI Block Real Estate.pdf,,,processed,false,2026-06-23,,2026-11-30,2026-06-22,false,,,false,Ohio Security Insurance Company,2026-06-22,,2026-07-27
"Block Real Estate Services, LLC",6a3ea13ca83126525e6961fb,69fded1462446148bd848d8a,F & M Traders LLC,37SBAAM9TZ9.pdf,,,processed,false,2026-06-30,,2026-09-01,2026-06-26,false,,,false,Hartford Underwriters Insurance Company,2026-06-26,,2026-07-27
"Block Real Estate Services, LLC",6a0720bfc367c496881c46b5,69fded1462446148bd848d8d,Faith Technologies Inc,FaithTechnologiesInc-ClientPack-4432637.PDF,,,processed,false,2026-06-03,,2027-01-01,2026-05-04,false,,,false,The Travelers Indemnity Company; Travelers Property Casualty Company of America; The Travelers Indemnity Company of Connecticut,2026-05-15,,2026-07-27
"Block Real Estate Services, LLC",6a0720c2206702aac8607324,69fded1462446148bd848d8d,Faith Technologies Inc,COLLEGECROSSINGEFGHLLCAND_W43121750.pdf,,,processed,false,2026-06-03,,2027-01-01,2025-12-23,false,,,false,The Travelers Indemnity Company; Travelers Property Casualty Company of America; The Travelers Indemnity Company of Connecticut,2026-05-15,,2026-07-27
"Block Real Estate Services, LLC",6a0720c59839a89d50e80d73,69fded1462446148bd848d8d,Faith Technologies Inc,FaithTechnologiesInc-ClientPack-43883636.PDF,,,processed,false,2026-06-03,,2027-01-01,2026-04-01,false,,,false,The Travelers Indemnity Company; Travelers Property Casualty Company of America; The Travelers Indemnity Company of Connecticut,2026-05-15,,2026-07-27
"Block Real Estate Services, LLC",6a28308fda52b0ee99d2ebb7,69fded1462446148bd848d9c,"Daley & Fey, LLP",26-27 Renewal - Insureds Copy.pdf,,,processed,false,2026-06-11,,2027-01-01,,false,,,false,,2026-06-09,,2026-07-27
"Block Real Estate Services, LLC",6a498a05f9eedea5ee36c5d3,69fded1462446148bd848d9c,"Daley & Fey, LLP",25-26 Renewal - WC - Insureds Copy.pdf,,,processed,false,2026-07-09,,2026-11-10,,false,,,false,CNA Casualty of California,2026-07-04,,2026-07-27
"Block Real Estate Services, LLC",6a512c662eea5b4f5306d0e6,69fded1462446148bd848d9f,"Popculture Gourmet Popcorn / FILGR, LLC","2025-2026 COI_Block Real Estate Services, LLC_12-3-2025_662973086 (1).pdf",,,processed,false,2026-07-14,,2026-09-19,2025-12-03,false,,,false,"Acuity, A Mutual Insurance Company",2026-07-10,,2026-07-27
"Block Real Estate Services, LLC",6a4e5efbbc03800db2d4e648,69fded1462446148bd848d99,FedEx/Kinko's,"0002-Brixmor Property Group Inc. &_4381321_FedEx Office and Print Services, Inc. (1).pdf",,,processed,false,2026-07-08,,2026-10-01,2025-09-24,false,,,false,Old Republic Insurance Company; ACE American Insurance Company; Indemnity Insurance Company of North America,2026-07-08,,2026-07-27
"Block Real Estate Services, LLC",6a5532e221f86634e8b19b7b,69fded1462446148bd848d99,FedEx/Kinko's,Lease - tic827 - FedEx Kinkos.PDF,,,processed,false,2026-07-14,,,,false,,,false,,2026-07-13,,2026-07-27
"Block Real Estate Services, LLC",6a4590f5d293d5dfa850a957,69fded1462446148bd848da5,Fireplace & Bar-B-Q Center Inc,26-27 Certs - Block Real Estate - RIV.pdf,,,processed,false,2026-07-08,,2027-07-01,2026-06-30,false,,,false,The Travelers Indemnity Company of Connecticut; Travelers Property Casualty Company of America; Travelers Casualty and Surety Company,2026-07-01,,2026-07-27
"Block Real Estate Services, LLC",6a60fa75ca4b4b42732027a1,69fded1462446148bd848da5,Fireplace & Bar-B-Q Center Inc,"26-27 Certs - Riverside Industrial Center Investment, LLC co  Block Real Estate Services, LLC.pdf",,,processed,false,,,2027-07-01,2026-07-22,false,,,false,The Travelers Indemnity Company of Connecticut; Travelers Property Casualty Company of America; Travelers Casualty and Surety Company,2026-07-22,,2026-07-27
"Block Real Estate Services, LLC",6a578f48e8caaf78715cffaa,69fded1462446148bd848da8,"InfuSystem / First Biomedical, Inc.","Master COI-2026 - College K, LLC.pdf",,,processed,false,2026-07-17,,2027-01-01,2026-07-15,false,,,false,Sompo America Insurance Company; Sompo America Fire & Marine Insurance Company; Endurance Assurance Corporation,2026-07-15,,2026-07-27
"Block Real Estate Services, LLC",6a304a96646087042c34d918,69fded1562446148bd848db7,Fisher & Phillips LLP,46 PC Investors LLC REVISED COI.pdf,,,processed,false,2026-06-17,,2026-12-31,2026-06-15,false,,,false,Great Northern Insurance Company; Federal Insurance Company; Executive Risk Indemnity Inc.,2026-06-15,,2026-07-27
"Block Real Estate Services, LLC",6a062136ca42782ea35f2404,69fded1562446148bd848db4,First Watch,WoSCert26-27.pdf,,,processed,false,2026-06-02,,2027-03-01,2026-04-14,false,,,false,Starr Indemnity & Liability Company,2026-05-14,,2026-07-27
"Block Real Estate Services, LLC",6a4e6e28210017bbbe93fba6,69fded1562446148bd848dba,"Helen Jon / Five Clothes, LLC","Five Clothes, LLC dba Helen Jon_Block Real Estate Services, LLC.pdf",,,processed,false,2026-07-14,,2027-05-01,2026-07-08,false,,,false,"Sentinel Insurance Company, Ltd.; Hartford Accident and Indemnity Company; Technology Insurance Company, Inc.",2026-07-08,,2026-07-27
"Block Real Estate Services, LLC",6a5fadd37b7aed3fd71c008b,69fded1562446148bd848dbd,"FleetPride, Inc",Cal-Vent Group Ltd 23250499.pdf,,,processed,false,2026-07-22,,2027-04-01,2026-03-30,false,,,false,The Travelers Indemnity Company of Connecticut; Travelers Property Casualty Company of America; Great American Insurance Company,2026-07-21,,2026-07-27
"Block Real Estate Services, LLC",6a05ea571f712c628e4371ea,69fded1562446148bd848dc3,"Fresenius Medical Care - Pittsburg Midwest Dialysis / Fort Scott Regional Dialysis Center, Inc.",5701171733901.pdf,,,processed,false,2026-06-01,,2026-12-31,2025-12-22,false,,,false,"The Continental Insurance Company; American Casualty Company of Reading, Pennsylvania; Transportation Insurance Company; Continental Casualty Company; Fresenius Medical Care Risk Mgmt . Group ,",2026-05-14,,2026-07-27
"Block Real Estate Services, LLC",6a2c83c428f2c8379af569cc,69fded1562446148bd848dc6,Foxx Equipment Company,BlockRealEstateServicesLLC_W46684597.pdf,,,processed,false,2026-06-15,,2026-12-31,2026-06-12,false,,,false,Great Northern Insurance Company; Federal Insurance Company; Chubb Indemnity Insurance Company,2026-06-12,,2026-07-27
"Block Real Estate Services, LLC",6a32d4ebe3e42bf274f19085,69fded1562446148bd848dc6,Foxx Equipment Company,BlockRealEstateServicesLLC_W46724457.pdf,,,processed,false,2026-06-17,,2026-12-31,2026-06-17,false,,,false,Great Northern Insurance Company; Federal Insurance Company; Chubb Indemnity Insurance Company,2026-06-17,,2026-07-27
"Block Real Estate Services, LLC",6a355800d7f00783d9b50699,69fded1562446148bd848dc9,Freightsnap LLC,Freightsnap COI Umbrella and WC 2026_2027.pdf,,,processed,false,2026-06-22,,2027-04-10,2026-04-08,false,,,false,Evanston Insurance Company; The Pie Insurance Company,2026-06-19,,2026-07-27
"Block Real Estate Services, LLC",6a35600deabc8fc9ff473659,69fded1562446148bd848dc9,Freightsnap LLC,Block COI.pdf,,,processed,false,2026-06-30,,2027-04-10,2026-06-19,false,,,false,Truck Insurance Exchange; Farmers Insurance Exchange; Mid-Century Insurance Company,2026-06-19,,2026-07-27
"Block Real Estate Services, LLC",6a3acb91cf85b61f730f42f0,69fded1562446148bd848dcc,"Freirich & Katz, L.C. and JD Rosen CPA, PA / Freirich & Company, LLC",25 (2016-03) Certificate of Liability Insurance.pdf,,,processed,false,2026-06-23,,2026-11-15,2026-06-18,false,,,false,Valley Forge Insurance Company; Continental Casualty Company; Valley Forge Insurance Company,2026-06-23,,2026-07-27
"Block Real Estate Services, LLC",6a3045238970d898b890a0a8,69fded1562446148bd848dd8,"Future Foam, Inc","Block Real Estate Services, LLC_Future Foam, Inc._2526 COI_6-15-2026_1759053426.pdf",,,processed,false,2026-06-17,,2026-12-01,2026-06-15,false,,,true,Colony Specialty Insurance Company; Sentry Insurance Company; Allied World Assurance Company (U.S.) Inc.; MMA NON CONTROLLED,2026-06-15,,2026-07-27
"Block Real Estate Services, LLC",6a42914c04ca7701e3da658d,69fded1562446148bd848ddb,"Servpro / G&C Restoration, LLC",Team jones - WC Block Real Estate Services.pdf,,,processed,false,2026-06-30,,2026-11-01,2026-06-26,false,,,false,"Firemen's Insurance Company of Washington, D.C.; Accident Fund Insurance Company of America",2026-06-29,,2026-07-27
"Block Real Estate Services, LLC",6a4ec221bc03800db2d4ec8d,69fded1562446148bd848ddb,"Servpro / G&C Restoration, LLC",Team Jones - GL with Location marked - Block Real Estate Services.pdf,,,processed,false,2026-07-14,,2027-01-06,2026-07-08,false,,,false,"Restoration Risk Retention Group, Inc.",2026-07-08,,2026-07-27
"Block Real Estate Services, LLC",6a3448394a605d250e469c78,69fded1562446148bd848de7,"Triad Capital Advisors, Inc. / Gantry, Inc.",Gantry COI 26-27.pdf,,,processed,false,2026-06-22,,2026-08-23,2026-03-27,false,,,false,Hartford Underwriters Insurance Company; Hartford - Rated by Multiple Cos,2026-06-18,,2026-07-27
"Block Real Estate Services, LLC",6a3eb1a05f58e73b8f4f1f0d,69fded1562446148bd848de1,G5 Enterprises Inc,"G5 - co Block Real Estate Services, LLC - 2026-27 - COI.pdf",,,processed,false,2026-06-30,,2027-07-01,2026-06-11,false,,,false,QBE Specialty Insurance Company; Safety National Casualty Corporation; Steadfast Insurance Company; Navigators Specialty Insurance Company; Landmark American Insurance Company,2026-06-26,,2026-07-27
"Block Real Estate Services, LLC",6a5521360354bdc4ee306e32,69fded1562446148bd848ded,"Gas Equipment Company / Gas Equipment, Inc.",26-27 GLAutoWC - HUB CertSecure.pdf,,,processed,false,2026-07-15,,2027-01-01,2026-07-13,false,,,false,Swiss Re Corporate Solutions America Insurance Corporation; Liberty Insurance Corporation; Employers Insurance Company of Wausau,2026-07-13,,2026-07-27
"Block Real Estate Services, LLC",6a3d7bdbf08a13c0c88070a6,69fded1562446148bd848df0,Gateway Spine & Joint LLC,"Block Real Estate COI, June 2025.pdf",,,processed,false,2026-06-30,,2026-07-27,2026-06-25,false,,,false,State Farm Fire and Casualty Company; State Farm Mutual Automobile Insurance Company,2026-06-25,,2026-07-27
"Block Real Estate Services, LLC",6a32c6724f89dc4a36d32885,69fded1662446148bd848e02,"Pizza Hut / GMRG ACQ 1, LLC #0359","Block Real Estate Services, LLC_(13903)_Acord25.pdf",,,processed,false,2026-06-17,,2027-01-28,2026-06-17,false,,,false,Intrepid Insurance Company; Intrepid Specialty Insurance Company,2026-06-17,,2026-07-27
"Block Real Estate Services, LLC",6a5e223092dc6d1e62c1b6f1,69fded1662446148bd848dff,Geotechnology LLC,"Block Real Estate Services, LLC.pdf",,,processed,false,2026-07-22,,2027-05-01,2026-07-17,false,,,false,Greenwich Insurance Company; Westchester Surplus Lines Insurance Company; Landmark American Insurance Company; Homesite Insurance Company of Florida; Convex Insurance UK Limited; Aspen Specialty Insurance Company,2026-07-20,,2026-07-27
"Block Real Estate Services, LLC",6a060efbfe7b4a8a0378bb6b,69fded1662446148bd848e08,GNC (Store #581-02),MillStreetStationLLC_W438656582.pdf,,,processed,false,2026-06-03,,2027-01-31,2026-01-29,false,,,false,Sentry Insurance Company; Sentry Casualty Company,2026-05-14,,2026-07-27
"Block Real Estate Services, LLC",6a05e5a1d9aed916f09c2e7c,69fded1662446148bd848e1a,"Patio Enclosures / Great Day Improvements, LLC",2026PineRidgeLiabilityCOI.pdf,,,processed,false,2026-06-01,,2027-01-01,2026-01-05,false,,,false,Liberty Mutual Insurance Company; Indemnity National Insurance Company,2026-05-14,,2026-07-27
"Block Real Estate Services, LLC",6a16f18d25fcd1060cf28971,69fded1662446148bd848e17,Sni Valley Academy / Dr. Warren L. Moss - Grain Valley School District,Block Real Estates_Grain Valley R-V School District_25-26 GL(ai-ws) AL(ai) AP_5-25-2026_509088148.pdf,,,processed,false,2026-06-02,,2026-12-31,2026-05-25,false,,,false,"Missouri United School Insurance ( MUSIC ) , a self i; Safety National Casualty Corporation",2026-05-27,,2026-07-27
"Block Real Estate Services, LLC",6a5fd3215c9c14b344a637a1,69fded1662446148bd848e1d,Great Rivers Associates,ACORD Form 20260721-151357.pdf,,,processed,false,2026-07-22,,2027-05-26,2026-07-14,false,,,false,United Fire & Casualty Company; AmFed National Insurance Company; HDI Global Specialty SE,2026-07-21,,2026-07-27
"Block Real Estate Services, LLC",6a29e4bb895c408da11a7ada,69fded1662446148bd848e26,"Gexpro Services / Rexel USA, Inc. (fka GS Operating, LLC )","26-27 CUMBEXCS - Lawson US, Canada & NIs - Platte Valley Investment, LLC.pdf",,,processed,false,2026-06-11,,2027-03-01,2026-06-10,false,,,false,"Federal Insurance Company; National Union Fire Insurance Company of Pittsburgh, Pa.; QBE Specialty Insurance Company",2026-06-10,,2026-07-27
"Block Real Estate Services, LLC",6a29e5c86b36130833e2f858,69fded1662446148bd848e26,"Gexpro Services / Rexel USA, Inc. (fka GS Operating, LLC )",cert_CHI_Platte Valley Investment_ LLC_10101347_15 (002)-.pdf,,,processed,false,2026-06-11,,2027-03-01,2026-06-09,false,,,false,"National Union Fire Insurance Company of Pittsburgh, Pa.; New Hampshire Insurance Company; Commerce and Industry Insurance Company; Federal Insurance Company",2026-06-10,,2026-07-27
"Block Real Estate Services, LLC",6a5a5316e01184066f4af8b1,69fded1662446148bd848e35,H M Cragg Co,"College Crossing Associates LLC_H. M. Cragg Co_26-27  GL, WC & Umb _6-30-2026_1965003679.pdf",,,processed,false,2026-07-17,,2027-07-01,2026-06-30,false,,,false,The Charter Oak Fire Insurance Company; Travelers Property Casualty Company of America,2026-07-17,,2026-07-27
"Block Real Estate Services, LLC",6a05f60e3b391be9f4c26f51,69fded1662446148bd848e32,H & R Block Enterprises LLC,MeghasaiLLCcoBlockRealEstateServices_HRBlockInc_26-27HRCorpUSProper_4-24-2026_20161000043.pdf,,,processed,false,2026-06-01,,2027-05-01,2026-04-24,false,,,false,Continental Casualty Company; Liberty Mutual Fire Insurance Company; Liberty Insurance Corporation,2026-05-14,,2026-07-27
"Block Real Estate Services, LLC",6a31c9cc77799616d66ce396,69fded1662446148bd848e3e,"Harbor Freight Tools USA, Inc",574 COI.pdf,,,processed,false,2026-06-17,,2026-09-01,2025-09-03,false,,,false,ACE American Insurance Company; ACE Property and Casualty Insurance Company,2026-06-16,,2026-07-27
"Block Real Estate Services, LLC",6a18a7bc53ab917b1e71ccc9,69fded1662446148bd848e38,"H&R Block Eastern Tax Svc., Inc. / H&R Block 24167","H&R BLOCK EASTERN TAX SVC., INC. H&R BLOCK 24167 - 1811 E. North Avenue, Belton.pdf",,,processed,false,2026-06-02,,2027-05-01,2026-04-24,false,,,false,Continental Casualty Company; Liberty Mutual Fire Insurance Company; Liberty Insurance Corporation,2026-05-28,,2026-07-27
"Block Real Estate Services, LLC",6a287e3c3f91c94eefb0cc18,69fded1662446148bd848e3b,"Discount Tire / Halle Properties, Inc.",6.9.26 COI - KSK 00.pdf,,,processed,false,2026-06-11,,2027-03-01,2026-06-09,false,,,false,Old Republic Insurance Company; Allied World Assurance Company (U.S.) Inc.,2026-06-09,,2026-07-27
"Block Real Estate Services, LLC",6a05ea88374041e2bb9670e4,69fded1762446148bd848e53,Henderson Engineers Inc,865363031.pdf,,,processed,false,2026-06-01,,2028-08-01,2025-07-31,false,,,false,"National Union Fire Insurance Company of Pittsburgh, Pa.; The Continental Insurance Company; New Hampshire Insurance Company",2026-05-14,,2026-07-27
"Block Real Estate Services, LLC",6a50f3b73077efcb694b72d0,69fded1762446148bd848e4d,Wright/Laird Casting / Heather Laird,BOP_ACORD_C_oBlockRealEstateServicesLLC_07_06_2026_P106419759-3800115457156.PDF,,,processed,false,2026-07-14,,2027-04-10,2026-07-06,false,,,false,Hiscox Insurance Company Inc.,2026-07-10,,2026-07-27
"Block Real Estate Services, LLC",6a3d88ecf08a13c0c880710d,69fded1762446148bd848e4a,Healthy Meals Inc,Healthy Meals Block 2026(1).pdf,,,processed,false,2026-06-30,,2026-02-06,2026-06-12,false,,,false,Next Insurance US Company; Progressive Advanced Insurance Company,2026-06-25,,2026-07-27
"Block Real Estate Services, LLC",6a592fefa8d82ac3668e4d6a,69fded1762446148bd848e4a,Healthy Meals Inc,Block 2026 Updated.pdf,,,processed,false,2026-07-17,,2027-02-06,2026-07-16,false,,,false,Next Insurance US Company; Progressive Advanced Insurance Company,2026-07-16,,2026-07-27
"Block Real Estate Services, LLC",6a5e4979fffb44ac3fc4c3d2,69fded1762446148bd848e4a,Healthy Meals Inc,Waiver-07/20/2026.msg,,,new,false,2026-07-20,,,,false,,,true,,2026-07-20,,2026-07-27
"Block Real Estate Services, LLC",6a31a166421d720267e63cac,69fded1762446148bd848e56,Hennessy Enterprises LLC,"Block Real Estate Services, LLC, WOS, 4622 Pennsylvania St., Kansas City, MO, 64112.pdf",,,processed,false,2026-06-17,,2027-05-01,2026-06-05,false,,,false,West Bend Insurance Company; Capitol Specialty Insurance Corp; AmTrust Insurance Company,2026-06-16,,2026-07-27
"Block Real Estate Services, LLC",6a3bf41b33fe3726a48fa1dd,69fded1762446148bd848e5f,"Hibbett Sports / Hibbett Retail, Inc.",cert_ATL_Northgate Associates_ LLC_6175629_3.pdf,,,processed,false,2026-06-25,,2026-09-01,2026-06-20,false,,,false,Arch Insurance Company; Arch Indemnity Insurance Company; Affiliated FM Insurance Company,2026-06-24,,2026-07-27
"Block Real Estate Services, LLC",6a26ec5acaa475a046205336,69fded1762446148bd848e59,Hensley Electric Inc,Certificate (8).pdf,,,processed,false,2026-06-10,,2026-10-09,2026-06-08,false,,,false,SECURA Insurance Company; Vela Insurance,2026-06-08,,2026-07-27
"Block Real Estate Services, LLC",6a2ac243e28f42264227168b,69fded1762446148bd848e59,Hensley Electric Inc,"2026 Hensley Electric, Inc. COI - co Block Real Estate Services, LLC.pdf",,,processed,false,2026-06-15,,2026-10-09,2026-06-11,false,,,false,SECURA Insurance Company; Vela Insurance,2026-06-11,,2026-07-27
"Block Real Estate Services, LLC",6a515d04aa8908124e4b4694,69fded1762446148bd848e68,Hoefer Welker LLC,COI FOR BLOCK REAL ESTATE SERVICES 16593527.pdf,,,processed,false,2026-07-14,,2027-02-12,2026-07-10,false,,,false,The Phoenix Insurance Company; Travelers Property Casualty Company of America; Lexington Insurance Company,2026-07-10,,2026-07-27
"Block Real Estate Services, LLC",6a5514483d632943fbf440bc,69fded1762446148bd848e71,Hughes Machinery Company,PERG Building LLC-570120214537.pdf,,,processed,false,2026-07-14,,2027-06-01,2026-05-27,false,,,false,ACE American Insurance Company; ACE Property and Casualty Insurance Company,2026-07-13,,2026-07-27
"Block Real Estate Services, LLC",6a3415c20f8d07d45488f201,69fded1762446148bd848e6b,"Horizon PSI / Horizon Systems, Inc.","Perg Buildings, LLC Corrected.pdf",,,processed,false,2026-06-22,,2027-03-01,2026-06-14,false,,,false,Valley Forge Insurance Company; The Continental Insurance Company; Lloyds of London,2026-06-18,,2026-07-27
"Block Real Estate Services, LLC",6a301125b7970f3c499961be,69fded1762446148bd848e6e,Hot Dog Design LLC,HotDog-COI-workmans-comp.pdf,,,processed,false,2026-06-17,,2027-02-08,2026-02-07,false,,,false,National Specialty Insurance Company,2026-06-15,,2026-07-27
"Block Real Estate Services, LLC",6a30114e09f375dfb856f224,69fded1762446148bd848e6e,Hot Dog Design LLC,State-Farm-Binder of Insurance.pdf,,,processed,false,2026-06-17,,2027-02-24,,false,,,false,State Farm Fire and Casualty Company,2026-06-15,,2026-07-27
"Block Real Estate Services, LLC",6a63df77bf74d0d11c7f3617,69fded1762446148bd848e6e,Hot Dog Design LLC,Justin Wieners - COI for Block.pdf,,,processed,false,,,2027-02-24,2026-07-23,false,,,false,State Farm Fire and Casualty Company,2026-07-24,,2026-07-27
"Block Real Estate Services, LLC",6a3d3c24035235ff667a84ae,69fded1762446148bd848e77,Hyalogic LLC,Revised Certificate.pdf,,,processed,false,2026-06-25,,2027-05-19,2026-06-25,false,,,false,Certain Underwriters at Lloyds of London; Employers Preferred Insurance Company,2026-06-25,,2026-07-27
"Block Real Estate Services, LLC",6a3d7354f08a13c0c8807031,69fded1762446148bd848e77,Hyalogic LLC,Hyalogic LLC - KCIP Riverside LLC-Platte Valley REVISED CERT.pdf,,,processed,false,2026-06-25,,2027-05-19,2026-06-25,false,,,false,CONTINENTAL CASUALTY CO; Employers Preferred Insurance Company,2026-06-25,,2026-07-27
"Block Real Estate Services, LLC",6a3d920d540c4e7a799a0485,69fded1762446148bd848e77,Hyalogic LLC,Hyalogic LLC - KCIP Riverside LLC-Platte Valley REVISED CERT.pdf,,,processed,false,2026-06-30,,2027-05-19,2026-06-25,false,,,false,CONTINENTAL CASUALTY CO; Employers Preferred Insurance Company,2026-06-25,,2026-07-27
"Block Real Estate Services, LLC",6a4bd8e6e300a9bf74f56503,69fded1762446148bd848e77,Hyalogic LLC,Hyalogic - KCIP Reissued Cert.pdf,,,processed,false,2026-07-06,,2027-05-19,2026-07-06,false,,,false,CONTINENTAL CASUALTY CO; Employers Preferred Insurance Company,2026-07-06,,2026-07-27
"Block Real Estate Services, LLC",6a05f629ca42782ea34e9d06,69fded1762446148bd848e74,Husqvarna Construction Products North America Inc,4-29-2026COI.pdf,,,processed,false,2026-06-03,,2027-05-01,2026-04-28,false,,,false,Millhouse Insurance Company; Liberty Mutual Fire Insurance Company; LM Insurance Corporation,2026-05-14,,2026-07-27
"Block Real Estate Services, LLC",6a57f7880b9ad2deddc2976e,69fded1762446148bd848e83,"Xerox / Image Quest, Inc.",c_oBlockRealEstateServices_W47275736.pdf,,,processed,false,2026-07-21,,2027-01-01,2026-07-15,false,,,false,ACE American Insurance Company; ACE Property and Casualty Insurance Company,2026-07-15,,2026-07-27
"Block Real Estate Services, LLC",6a60f6f65801cfb60ca31af6,69fded1762446148bd848e83,"Xerox / Image Quest, Inc.",Lease - cck640 - Xerox Image Quest.pdf,,,processed,false,2026-07-22,,,,false,,,false,,2026-07-22,,2026-07-27
"Block Real Estate Services, LLC",6a05e812fe7b4a8a0361eb0a,69fded1762446148bd848e86,Infinity Fasteners Inc,rtreter.pdf,,,processed,false,2026-06-01,,2027-02-01,,false,,,false,,2026-05-14,,2026-07-27
"Block Real Estate Services, LLC",6a3d78e5f08a13c0c880704e,69fded1762446148bd848e89,Inspire Therapy LLC,Amtrust COI.pdf,,,processed,false,2026-06-30,,2027-02-12,,false,,,false,"Technology Insurance Company, Inc.",2026-06-25,,2026-07-27
"Block Real Estate Services, LLC",6a3d78e7f08a13c0c8807089,69fded1762446148bd848e89,Inspire Therapy LLC,AICertificate_Block Real Estate Services LLC 1.pdf,,,processed,false,2026-06-30,,2027-03-28,,false,,,false,Philadelphia Indemnity Insurance Company,2026-06-25,,2026-07-27
"Block Real Estate Services, LLC",6a26c5b57f54c7a808caeac2,69fded1862446148bd848e98,"JACO / JACO General Contractor, Inc.","BLOCK REAL ESTATE SERVICES, LLC 23603386.pdf",,,processed,false,2026-06-08,,2026-11-01,2026-06-05,false,,,false,Hartford Casualty Insurance Company; Trumbull Insurance Company; National Fire Insurance Company of Hartford; Hartford Accident and Indemnity Company,2026-06-08,,2026-07-27
"Block Real Estate Services, LLC",6a610ee03d7c8f1b1ccd4153,69fded1862446148bd848ea7,"Jetalum Windows & Doors / JetAlum, LLC",Block Real Estate Services LLC.pdf,,,processed,false,,,,,false,,,false,,2026-07-22,,2026-07-27
"Block Real Estate Services, LLC",6a2c0de40628b2237ea885d8,69fded1862446148bd848e9e,"Janette Brown Insurance Agency, LLC (Farmer's Insurance)",Tyler Brown Agency_Certificate of Liability Insurance.pdf,,,processed,false,2026-06-15,,2027-03-19,2026-06-12,false,,,false,Truck Insurance Exchange; Farmers Insurance Exchange; Mid-Century Insurance Company; Fire Insurance Exchange,2026-06-12,,2026-07-27
"Block Real Estate Services, LLC",6a28344f1b3591a22e40d141,69fded1862446148bd848ea4,"Proforma Idology Marketing Group / JES Business Solutions, LLC",JES Block 2025-2026.PDF,,,processed,false,2026-06-11,,2026-11-01,2026-06-09,false,,,false,USLI - United States Liability Insurance,2026-06-09,,2026-07-27
"Block Real Estate Services, LLC",6a2c134e14fe6fd29725e9c7,69fded1862446148bd848ea4,"Proforma Idology Marketing Group / JES Business Solutions, LLC",EIG141064114-Endorsement Issued - Chg Billing Plan.pdf,,,processed,false,2026-06-15,,2026-11-01,,false,,,false,,2026-06-12,,2026-07-27
"Block Real Estate Services, LLC",6a3d7af9919a57cb6c1f875d,69fded1862446148bd848eaa,Jimmy John's,"Oak Park KS, LLC_(34485)_Acord25.pdf",,,processed,false,2026-06-25,,2027-05-27,2026-06-25,false,,,false,Intrepid Insurance Company; Intrepid Specialty Insurance Company,2026-06-25,,2026-07-27
"Block Real Estate Services, LLC",6a43f7a9922a2523ecdebc5d,69fded1862446148bd848eb3,Johnson Granite Supply Inc,Cert Rev.pdf,,,processed,false,2026-06-30,,2027-05-01,2026-06-26,false,,,false,The Travelers Indemnity Company; Travelers Property Casualty Insurance Company; Accident Fund Insurance Company of America; St. Paul Mercury Insurance Company,2026-06-30,,2026-07-27
"Block Real Estate Services, LLC",6a22feb5b0c1404bfda217e1,69fded1862446148bd848ead,"Pinches / JLJ Holdings, LLC",Insurance COI JLJ.pdf,,,processed,false,2026-06-08,,2026-10-01,2026-06-05,false,,,false,Hartford Insurance Company of the Southeast,2026-06-05,,2026-07-27
"Block Real Estate Services, LLC",6a22ff2cb0c1404bfda217ff,69fded1862446148bd848ead,"Pinches / JLJ Holdings, LLC",PT Liability.pdf,,,processed,false,2026-06-08,,2026-11-26,2025-11-26,false,,,false,Starr Indemnity & Liability Company,2026-06-05,,2026-07-27
"Block Real Estate Services, LLC",6a661a35a553156736e08ec7,69fded1862446148bd848ead,"Pinches / JLJ Holdings, LLC",EOI_Pinches.pdf,,,processed,false,,,,2026-07-25,false,,,false,"Grinnell Mutual Reinsurance Company, SI",2026-07-26,,2026-07-27
"Block Real Estate Services, LLC",6a2333a6a234618b199e4caa,69fded1862446148bd848ebf,Kababs,Kababs COI WC.pdf,,,processed,false,2026-06-08,,2027-04-10,2026-06-05,false,,,false,Property and Casualty Insurance Company of Hartford,2026-06-05,,2026-07-27
"Block Real Estate Services, LLC",6a298792895c408da11a7a5d,69fded1862446148bd848ece,Kansas City Urology Care,"CMP Building I, LLC_Kansas City Urology Care, PA_OP Loc GLAUUMWC 26-27_6-10-2026_1963756796.pdf",,,processed,false,2026-06-10,,2027-01-01,2026-06-10,false,,,false,"MMIC Insurance, Inc.; Travelers Property Casualty Company of America; The Charter Oak Fire Insurance Company",2026-06-10,,2026-07-27
"Block Real Estate Services, LLC",6a29a6c7956b00da7750c044,69fded1862446148bd848ece,Kansas City Urology Care,"CMP Building I, LLC_Kansas City Urology Care, PA_OP Loc GLAUUMWC 26-27_6-10-2026_671274195.pdf",,,processed,false,2026-06-10,,2027-01-01,2026-06-10,false,,,false,"MMIC Insurance, Inc.; Travelers Property Casualty Company of America; The Charter Oak Fire Insurance Company",2026-06-10,,2026-07-27
"Block Real Estate Services, LLC",6a5a45d495f24ba6c2d723af,69fded1862446148bd848ed4,WinAir,"Block Real Estate Services, LLC_Winsupply Lenexa KS Co._2025-26 Winsupply Master_7-17-2026_1498305093.pdf",,,processed,false,2026-07-22,,2026-10-01,2026-07-17,false,,,false,Sentry Insurance Company; Sentry Casualty Company; Lexington Insurance Company,2026-07-17,,2026-07-27
"Block Real Estate Services, LLC",6a302fa614a7a365eb47940a,69fded1862446148bd848ec8,Central Links Golf / Kansas City Golf Association (fka KCGA),Insurance Policy.pdf,,,processed,false,2026-06-25,,,,false,,,false,,2026-06-15,,2026-07-27
"Block Real Estate Services, LLC",6a4bc13a34844debcaaebb39,69fded1862446148bd848ed7,Kansas Gas Co,"25-26 Ren'l - 3737 Investors, LLC and Dean W. Lawrence.pdf",,,processed,false,2026-07-06,,2026-11-01,2025-10-21,false,,,false,Everest National Insurance Company; Old Republic Insurance Company,2026-07-06,,2026-07-27
"Block Real Estate Services, LLC",6a2985536b36130833e2f74e,69fded1862446148bd848ed1,"Kansas City Urology Care, PA","2025 WILSHIRE WERBO, LLC_Kansas City Urology Care, PA_Lenexa Loc GLAUUMWC 2_6-10-2026_1486083803.pdf",,,processed,false,2026-06-10,,2027-01-01,2026-06-10,false,,,false,"MMIC Insurance, Inc.; Travelers Property Casualty Company of America; The Charter Oak Fire Insurance Company",2026-06-10,,2026-07-27
"Block Real Estate Services, LLC",6a29a77d6b36130833e2f7ff,69fded1862446148bd848ed1,"Kansas City Urology Care, PA","2025 WILSHIRE WERBO, LLC_Kansas City Urology Care, PA_Lenexa Loc GLAUUMWC 2_6-10-2026_1020333311.pdf",,,processed,false,2026-06-10,,2027-01-01,2026-06-10,false,,,false,"MMIC Insurance, Inc.; Travelers Property Casualty Company of America; The Charter Oak Fire Insurance Company",2026-06-10,,2026-07-27
"Block Real Estate Services, LLC",6a22fb07dbd3c0780a22ef57,69fded1862446148bd848ee0,Kate Smith Soiree LLC,Block Real Estate Services June 2026.pdf,,,processed,false,2026-06-08,,2026-08-15,2026-06-05,false,,,false,State Farm Fire and Casualty Company; State Farm Mutual Automobile Insurance Company,2026-06-05,,2026-07-27
"Block Real Estate Services, LLC",6a060e781f712c628e52892d,69fded1862446148bd848edd,Kansas Granite Mart Inc,21.0.0.pdf,,,processed,false,2026-06-03,,2027-01-31,2026-03-09,false,,,false,Federated Mutual Insurance Company,2026-05-14,,2026-07-27
"Block Real Estate Services, LLC",6a060e7dfeb0a066657289f3,69fded1862446148bd848edd,Kansas Granite Mart Inc,COI19.pdf,,,processed,false,2026-06-03,,2027-01-31,2026-01-21,false,,,false,Federated Mutual Insurance Company,2026-05-14,,2026-07-27
"Block Real Estate Services, LLC",6a05e55dfeb0a066655b8ed2,69fded1962446148bd848ee6,"Kawneer Company, Inc.",Cert26-27.pdf,,,processed,false,2026-06-01,,2027-04-01,2026-04-09,false,,,false,"National Union Fire Insurance Company of Pittsburgh, Pa.; AIU Insurance Company; Zurich American Insurance Company",2026-05-14,,2026-07-27
"Block Real Estate Services, LLC",6a457acff92324cf4d222cae,69fded1962446148bd848ee9,"KC Classic Auto, LLC",KC Classic.pdf,,,processed,false,2026-07-15,,2026-12-09,,false,,,false,,2026-07-01,,2026-07-27
"Block Real Estate Services, LLC",6a57bc52e8caaf78715d0129,69fded1962446148bd848ee9,"KC Classic Auto, LLC",Lease - tic785 - KC Classic Auto Amend.pdf,,,processed,false,2026-07-15,,,,false,,,false,,2026-07-15,,2026-07-27
"Block Real Estate Services, LLC",6a57bc53e8caaf78715d0149,69fded1962446148bd848ee9,"KC Classic Auto, LLC",Lease - tic785 - KC Classic Auto.pdf,,,processed,false,2026-07-15,,,,false,,,false,,2026-07-15,,2026-07-27
"Block Real Estate Services, LLC",6a4fa942259b06d1980e4493,69fded1962446148bd848ef8,Salon Expose / Kim Medina,Block Real Estate Services LLC_Salon Expose' LLC_2526 Cert_7-9-2026_47460473.pdf,,,processed,false,2026-07-14,,2026-10-28,2026-07-09,true,low,<p>Waiting on lease</p>,false,West Bend Insurance Company,2026-07-09,,2026-07-27
"Block Real Estate Services, LLC",6a42a7865e2a93cdf24113a2,69fded1962446148bd848ef5,"Merry Maids 391 & 604 / Khaos, Inc.",Block Real Estate Service LLC_Khaos Inc._26-27 COI_6-29-2026_783054394.pdf,,,processed,false,2026-06-30,,2027-06-01,2026-06-29,false,,,false,The Cincinnati Insurance Company; Employers Preferred Insurance Company,2026-06-29,,2026-07-27
"Block Real Estate Services, LLC",6a2c3d857ea10850bf9fee01,69fded1962446148bd848efb,Knappco LLC,cert_NYC_Block Real Estate Services_ LLC_12635590_1.pdf,,,processed,false,2026-06-15,,2027-01-01,2026-06-12,false,,,false,Liberty Mutual Fire Insurance Company; LM Insurance Corporation; American Guarantee and Liability Insurance Company; N / A,2026-06-12,,2026-07-27
"Block Real Estate Services, LLC",6a3031b109f375dfb856f27f,69fded1962446148bd848f07,LabCorp / Laboratory Corporation of America Holdings,"COI 2025-2026 (Liability)_LCAH - PERG Buildings, LLC.pdf",,,processed,false,2026-06-17,,2026-11-01,2026-06-11,false,,,false,Westchester Surplus Lines Insurance Company; ACE American Insurance Company; Indemnity Insurance Company of North America; ACE Fire Underwriters Insurance Company,2026-06-15,,2026-07-27
"Block Real Estate Services, LLC",6a3be88333fe3726a48fa14e,69fded1962446148bd848f07,LabCorp / Laboratory Corporation of America Holdings,"COI 2025-2026 (liability)_LCAH - CMP Building II, LLC.pdf",,,processed,false,2026-06-25,,2026-11-01,2026-06-11,false,,,false,Westchester Surplus Lines Insurance Company; ACE American Insurance Company; Indemnity Insurance Company of North America; ACE Fire Underwriters Insurance Company,2026-06-24,,2026-07-27
"Block Real Estate Services, LLC",6a56ac9bf6533cf6aa2dd8a0,69fded1962446148bd848f01,"KTI / Kruger Technologies, Inc.",COI - Kruger.pdf,,,processed,false,2026-07-15,,2026-08-12,2025-08-11,false,,,false,Colony Insurance Company; Hartford Underwriters Insurance Company; MEM Mutual Insurance Company; Admiral Insurance Company,2026-07-14,,2026-07-27
"Block Real Estate Services, LLC",6a56ac9cf6533cf6aa2dd8be,69fded1962446148bd848f01,"KTI / Kruger Technologies, Inc.",Kruger - waiver - WC.pdf,,,processed,false,2026-07-15,,,,false,,,false,,2026-07-14,,2026-07-27
"Block Real Estate Services, LLC",6a31b0e7421d720267e63cd5,69fded1962446148bd848f0d,Landmarc Environmental Systems LLC,Weaver Consultants Group - Block Real Estate Services LLC - 26061536747556 - 570120978707.pdf,,,processed,false,2026-06-17,,2027-05-01,2026-06-16,false,,,false,New Hampshire Insurance Company; Navigators Specialty Insurance Company; AIU Insurance Company,2026-06-16,,2026-07-27
"Block Real Estate Services, LLC",6a5f9dacc4dab783ca5999bb,69fded1962446148bd848f13,"LeafFilter North, LLC/Leaf Home Safety Solutions, LLC","17700490 LeafFilter North, LLC.pdf",,,processed,false,2026-07-22,,2027-03-31,2026-07-21,false,,,false,"AIU Insurance Company; National Union Fire Insurance Company of Pittsburgh, Pa.; --- SEE ATTACHMENT",2026-07-21,,2026-07-27
"Block Real Estate Services, LLC",6a61215a8684afcc42f22520,69fded1962446148bd848f13,"LeafFilter North, LLC/Leaf Home Safety Solutions, LLC","17700490 LEAFFILTER NORTH, LLC.pdf",,,processed,false,,,2027-03-31,2026-07-21,false,,,false,"AIU Insurance Company; National Union Fire Insurance Company of Pittsburgh, Pa.; --- SEE ATTACHMENT",2026-07-22,,2026-07-27
"Block Real Estate Services, LLC",6a28532774e3244208de7c64,69fded1962446148bd848f16,"LeafFilter North, LLC/Leaf Home Safety Solutions, LLC","17201386 LeafFilter North, LLC.pdf",,,processed,false,2026-06-11,,2027-03-31,2026-06-09,false,,,false,"AIU Insurance Company; National Union Fire Insurance Company of Pittsburgh, Pa.; --- SEE ATTACHMENT",2026-06-09,,2026-07-27
"Block Real Estate Services, LLC",6a31897677799616d66ce31a,69fded1962446148bd848f19,Legacy Restaurant Group LLC,Legacy Restaurant COI - Block & Company.pdf,,,processed,false,2026-06-17,,2027-04-01,2026-03-23,false,,,false,Greenwich Insurance Company; XL Specialty Insurance Company; Markel American Insurance Company; Houston Casualty Company,2026-06-16,,2026-07-27
"Block Real Estate Services, LLC",6a4c19645bdbb873e90ba519,69fded1962446148bd848f1c,Lenexa Manufacturing Company LLC,Lenexa Manufacturing Company LLC-Block Real Estate Services LLC-COI (2).pdf,,,processed,false,2026-07-10,,2027-01-14,,false,,,false,Travelers Casualty and Surety Company of America; Continental Casualty Company,2026-07-06,,2026-07-27
"Block Real Estate Services, LLC",6a071d3db7c7740fe9c3532a,69fded1962446148bd848f1f,Leslie's Poolmart Inc,HillcrestPlaza-88406810.pdf,,,processed,false,2026-06-02,,2026-11-01,2025-12-19,false,,,false,"Continental Casualty Company; The Continental Insurance Company; American Casualty Company of Reading, Pennsylvania; Transportation Insurance Company; See Attached",2026-05-15,,2026-07-27
"Block Real Estate Services, LLC",6a071bb90490135a47480eec,69fded1962446148bd848f2e,Link Media Omaha LLC,LinkMediaServicesCOIKCIPRiversideLLC1.pdf,,,processed,false,2026-06-03,,2026-11-15,2025-11-13,false,,,false,Travelers Property Casualty Company of America; Travelers Insurance Co.; Berkshire Hathaway Specialty Insurance Company; AXIS Insurance Company,2026-05-15,,2026-07-27
"Block Real Estate Services, LLC",6a579dd5c82dc5e22a7eb756,69fded1962446148bd848f22,Life Assist Inc,"College IJ LLC and 4120 Rainbow Associates, L_Life Assist, Inc._202627 Master Cert_7-14-2026_289118208.pdf",,,processed,false,2026-07-21,,2027-01-01,2026-07-14,false,,,false,"Admiral Insurance Company; Associated Industries Insurance Company, Inc.; Travelers Property Casualty Insurance Company",2026-07-15,,2026-07-27
"Block Real Estate Services, LLC",6a3011527828333b350b9d03,69fded1a62446148bd848f3d,Mactan Asian Market / Steve Shatto,IMG_0702.png,,,processed,false,2026-06-25,,2027-02-17,,false,,,false,Owners Insurance Company,2026-06-15,,2026-07-27
"Block Real Estate Services, LLC",6a57d20d868dd55ecda5723a,69fded1a62446148bd848f3a,"Lynk, Inc.",Lynk Workmans Comp 76WEGDR6753.pdf,,,processed,false,2026-07-21,,2027-05-17,2026-07-15,false,,,false,Hartford Accident and Indemnity Company,2026-07-15,,2026-07-27
"Block Real Estate Services, LLC",6a5934a71d9ce7620fc2608e,69fded1a62446148bd848f3a,"Lynk, Inc.",26-27 Block Real Estate Services.pdf,,,processed,false,2026-07-21,,2027-05-17,,false,,,false,ACE Property and Casualty Insurance Company; Bankers Standard Insurance Company,2026-07-16,,2026-07-27
"Block Real Estate Services, LLC",6a23459c633ee99747982b25,69fded1a62446148bd848f40,Magic Kitchen Inc,Magic Kitchen-PERG-COI_2026-06-05.pdf,,,processed,false,2026-06-08,,2027-06-18,,false,,,false,,2026-06-05,,2026-07-27
"Block Real Estate Services, LLC",6a4bba455bdbb873e90ba26d,69fded1a62446148bd848f43,Magnum Systems Inc,"26-27 EOP - Block Real Estate Services, LLC.pdf",,,processed,false,2026-07-09,,2027-01-31,2026-07-06,false,,,false,"Hartford Fire Insurance Company
One Hartford Plaza
Hartford , CT 06155-0001",2026-07-06,,2026-07-27
"Block Real Estate Services, LLC",6a509a2267ec7d66154090e2,69fded1a62446148bd848f43,Magnum Systems Inc,"26-27 Master - Block Real Estate Services, LLC.pdf",,,processed,false,2026-07-13,,2027-01-31,2026-07-06,false,,,true,Hartford Fire Insurance Company; Trumbull Insurance Company; Hartford Casualty Insurance Company; Rated By Multiple Companies ( Hartford Fire & Its P & C Affiliates ); Navigators Specialty Insurance Company,2026-07-10,,2026-07-27
"Block Real Estate Services, LLC",6a58fd8e5c7b97125a9c86c2,69fded1a62446148bd848f49,Mainland Valuation Services,"Cert of Ins - Block Real Estate Services, LLC.PDF",,,processed,false,2026-07-21,,2027-01-16,2026-07-16,false,,,false,Hartford Casualty Insurance Company; Hartford Underwriters Insurance Company,2026-07-16,,2026-07-27
"Block Real Estate Services, LLC",6a3c4d9957e9b851865f4898,69fded1a62446148bd848f4c,"Shoot 360 / Mambas Basketball Academy, LLC","LLC Building 8 Investors co Block Real Estat_Mambas Basketball Academy, LLC_2627 GL Coverage_6-22-2026_176583172.pdf",,,processed,false,2026-06-25,,2027-01-29,2026-06-22,false,,,false,Philadelphia Indemnity Insurance Company,2026-06-24,,2026-07-27
"Block Real Estate Services, LLC",6a2dada730f44d51aca8df30,69fded1a62446148bd848f55,"Bistro / Marcie, Inc.",PolicyPackage_CSB-00189578-01 (2).pdf,,,processed,false,2026-06-25,,,,false,,,false,,2026-06-13,,2026-07-27
"Block Real Estate Services, LLC",6a43e12ad1b03a7ae56a1365,69fded1a62446148bd848f55,"Bistro / Marcie, Inc.",CERT FOR BLOCK REAL ESTATE SERVICES 6-26.pdf,,,processed,false,2026-06-30,,2026-09-01,,false,,,false,Spinnaker Insurance Company,2026-06-30,,2026-07-27
"Block Real Estate Services, LLC",6a5663c6070863dfb4dba817,69fded1a62446148bd848f55,"Bistro / Marcie, Inc.",ai-Block Real Estate Services LLC (2).pdf,,,processed,false,2026-07-15,,,,false,,,false,,2026-07-14,,2026-07-27
"Block Real Estate Services, LLC",6a5663d307a076d99c353d47,69fded1a62446148bd848f55,"Bistro / Marcie, Inc.",wos-Block Real Estate Services LLC (1).pdf,,,processed,false,2026-07-15,,,,false,,,false,,2026-07-14,,2026-07-27
"Block Real Estate Services, LLC",6a57a938eeb1683e9a61a0ef,69fded1a62446148bd848f58,Marcon Marketing Concepts Inc,"Block Real Estate Services, LLC_MarCon Marketing Concepts, Inc._26-27 MASTER_7-15-2026_284676009.pdf",,,processed,false,2026-07-21,,2027-05-01,2026-07-15,false,,,false,West Bend Insurance Company; Accident Fund National Insurance Company,2026-07-15,,2026-07-27
"Block Real Estate Services, LLC",6a311d5a14a7a365eb4794db,69fded1a62446148bd848f61,"Blue Endo / Market-tiers, Inc.","Blue Endo_Market-Tiers, Inc dba Blue Endo_25-26 - 2- GL Umb WC - _6-16-2026_1930019683.pdf",,,processed,false,2026-06-17,,2026-10-06,2026-06-16,false,,,false,"Twin City Fire Insurance Company; Sentinel Insurance Company, Ltd.",2026-06-16,,2026-07-27
"Block Real Estate Services, LLC",6a454d95375e453b637982fa,69fded1a62446148bd848f61,"Blue Endo / Market-tiers, Inc.",WOS Endt for PERG $64 52WECAQ3019.pdf,,,processed,false,2026-07-06,,2026-10-06,,false,,,false,Twin City Fire Insurance Company,2026-07-01,,2026-07-27
"Block Real Estate Services, LLC",6a50ef487e90507d96e649d6,69fded1a62446148bd848f64,Martinrea Riverside LLC,Cert 110 - Block Services Combined_062926.pdf,,,processed,false,2026-07-14,,2027-06-01,2026-06-26,false,,,false,Allianz Global Risks US Insurance Company,2026-07-10,,2026-07-27
"Block Real Estate Services, LLC",6a2adcac071d75e4ccfca21e,69fded1a62446148bd848f67,Massage Envy,Block Real Estate Services COI.pdf,,,processed,false,2026-06-15,,2026-09-19,2026-06-08,false,,,false,Fidelity and Guaranty Insurance Company; AmTrust Insurance Company; Coverys Specialty Insurance Company,2026-06-11,,2026-07-27
"Block Real Estate Services, LLC",6a3d985b4deb0b81aea922c7,69fded1a62446148bd848f6d,Mattress Firm Inc,Mattress Firm 2.pdf,,,processed,false,2026-06-30,,2026-09-01,2026-06-24,false,,,false,Zurich American Insurance Company; ACE Property and Casualty Insurance Company; Westchester Fire Insurance Company,2026-06-25,,2026-07-27
"Block Real Estate Services, LLC",6a3d9869b84117f30eaf443d,69fded1a62446148bd848f6d,Mattress Firm Inc,Mattress Firm 1.pdf,,,processed,false,2026-06-30,,2026-09-01,2026-06-24,false,,,false,Zurich American Insurance Company; ACE Property and Casualty Insurance Company; Westchester Fire Insurance Company,2026-06-25,,2026-07-27
"Block Real Estate Services, LLC",6a443b15e9786aa44fcb9874,69fded1a62446148bd848f6d,Mattress Firm Inc,Matress Firm Group LLC COI Belton Towne Center.pdf,,,processed,false,2026-07-01,,2026-09-01,2026-06-15,false,,,false,Zurich American Insurance Company; ACE Property and Casualty Insurance Company; Westchester Fire Insurance Company,2026-06-30,,2026-07-27
"Block Real Estate Services, LLC",6a456c6048c92c2dc99f7694,69fded1a62446148bd848f6d,Mattress Firm Inc,"COI for Block Real Estate Services, LLC, - 009035.pdf",,,processed,false,2026-07-07,,2026-09-01,2026-06-24,false,,,false,Zurich American Insurance Company; ACE Property and Casualty Insurance Company; Westchester Fire Insurance Company,2026-07-01,,2026-07-27
"Block Real Estate Services, LLC",6a272864da52b0ee99d2e8b5,69fded1a62446148bd848f79,MC Flooring LLC,25-26 MC Flooring LLC - COI - LLCS Building 8 Investors LLC.pdf,,,processed,false,2026-06-08,,2026-09-15,2026-06-08,false,,,false,Federated Mutual Insurance Company; Federated Reserve Insurance Company,2026-06-08,,2026-07-27
"Block Real Estate Services, LLC",6a2aca90071d75e4ccfca200,69fded1a62446148bd848f82,McQuaid Brothers Remodeling,"14275500- High Tech Associates, LLC.pdf",,,processed,false,2026-06-11,,2026-10-01,2026-06-08,false,,,false,The Cincinnati Insurance Company,2026-06-11,,2026-07-27
"Block Real Estate Services, LLC",6a3000e6b7970f3c4999616c,69fded1b62446148bd848f94,"Mr. Handy Man / Melcar Enterprises (fka Stagg Enterprises, LLC)","CERT_Block_Real_Estate_Services,_LLC_c_o_Block_Real_Estate_Services,_LLC_988483.pdf",,,processed,false,2026-06-15,,2027-03-01,2026-06-09,false,,,false,Property and Casualty Insurance Company of Hartford; Nutmeg Insurance Company; Hartford Casualty Insurance Company,2026-06-15,,2026-07-27
"Block Real Estate Services, LLC",6a22fff0a234618b199e4b66,69fded1b62446148bd848f91,Medical Technology Associates Inc,"CMP Building III, LLC - 381207.pdf",,,processed,false,2026-06-08,,2027-04-20,2026-06-05,false,,,false,The Charter Oak Fire Insurance Company; Travelers Property Casualty Company of America; Travelers Excess and Surplus Lines Company; Travelers Casualty and Surety Company,2026-06-05,,2026-07-27
"Block Real Estate Services, LLC",6a3b9c3c9354dca6165d2507,69fded1b62446148bd848f97,"Melcher Investment Company, LP","co Block Real Estate Services, LLC_MELCHER INVESTMENT COMPANY, LP_26-27 COI_6-23-2026_1989300139.pdf",,,processed,false,2026-06-25,,2027-01-15,2026-06-23,false,,,false,Travelers Property Casualty Company of America; The Phoenix Insurance Company,2026-06-24,,2026-07-27
"Block Real Estate Services, LLC",6a5a4eec75d581809e567904,69fded1b62446148bd848fac,"Midland Steel Erection, LLC","Riverside Industrial Center Investment, LLC_Midland Steel Erection, LLC_Erection GLAUUM  26-27_3-25-2026_703165017.pdf",,,processed,false,2026-07-17,,2027-01-01,2026-03-25,false,,,false,Employers Mutual Casualty Company; The Burlington Insurance Company; Bearing Midwest Casualty Company,2026-07-17,,2026-07-27
"Block Real Estate Services, LLC",6a5a4f06e01184066f4af892,69fded1b62446148bd848fac,"Midland Steel Erection, LLC","Riverside Industrial Center Investment, LLC_Midland Steel Erection, LLC_Erection GLAUUM  26-27_3-25-2026_703165017.pdf",,,processed,false,2026-07-17,,2027-01-01,2026-03-25,false,,,false,Employers Mutual Casualty Company; The Burlington Insurance Company; Bearing Midwest Casualty Company,2026-07-17,,2026-07-27
"Block Real Estate Services, LLC",6a0631e3fe7b4a8a037fa418,69fded1b62446148bd848fa6,MicroProtein Technologies Inc,COIofLiability24-25.pdf,,,processed,false,2026-07-06,,2025-02-01,2024-02-08,false,,,true,Hartford Underwriters Insurance; Trumbull Insurance Company,2026-05-14,,2026-07-27
"Block Real Estate Services, LLC",6a2c120ded413f13b3f8eb0f,69fded1b62446148bd848fa6,MicroProtein Technologies Inc,Certificate-of-liability-insurance-May-2026.pdf,,,processed,false,2026-06-25,,2027-02-01,2026-05-13,false,,,false,Hartford Underwriters Insurance Company; Trumbull Insurance Company,2026-06-12,,2026-07-27
"Block Real Estate Services, LLC",6a2c193dbca350ce6aca1f0a,69fded1b62446148bd848fa6,MicroProtein Technologies Inc,worker-compensation-policy-2026-37WECCD1082.pdf,,,processed,false,2026-06-25,,2027-02-12,2026-06-12,false,,,false,Trumbull Insurance Company,2026-06-12,,2026-07-27
"Block Real Estate Services, LLC",6a30b70b646087042c34d9ed,69fded1b62446148bd848f9a,"510 Counseling Group / Melissa Winston, LLC",N8WC571044-ACORDAPP25-C.PDF,,,processed,false,2026-06-17,,2027-06-06,2026-06-15,false,,,false,Berkshire Hathaway Direct Insurance Company,2026-06-16,,2026-07-27
"Block Real Estate Services, LLC",6a56b432c7f0a9f6b9dd780d,69fded1b62446148bd848f9a,"510 Counseling Group / Melissa Winston, LLC",-011-N8BP578018 - COI BLOCK[4 docs](To Me - Email (15803)).pdf,,,processed,false,2026-07-15,,2027-06-06,2026-07-09,false,,,false,Berkshire Hathaway Direct Insurance Company,2026-07-14,,2026-07-27
"Block Real Estate Services, LLC",6a301f385435e5ae094b2e0a,69fded1b62446148bd848faf,"Midwest Administrative Services, LLC (fka Fail-Safe Product Protection, Inc.)",COI WCP 2026.pdf,,,processed,false,2026-06-30,,2026-08-16,,false,,,false,Midvale Indemnity Company,2026-06-15,,2026-07-27
"Block Real Estate Services, LLC",6a455daa48c92c2dc99f7641,69fded1b62446148bd848faf,"Midwest Administrative Services, LLC (fka Fail-Safe Product Protection, Inc.)",WC Block COI 6.2026.pdf,,,processed,false,2026-07-06,,2027-08-16,,false,,,false,Midvale Indemnity Company,2026-07-01,,2026-07-27
"Block Real Estate Services, LLC",6a4696f5d293d5dfa850aaa4,69fded1b62446148bd848faf,"Midwest Administrative Services, LLC (fka Fail-Safe Product Protection, Inc.)",Block COI updated 2026 - Insurance.pdf,,,processed,false,2026-07-06,,2027-08-16,,false,,,false,,2026-07-02,,2026-07-27
"Block Real Estate Services, LLC",6a2853581b3591a22e40d1a6,69fded1b62446148bd848fa9,Midland Exteriors LLC,1.01.26_1.1.27.pdf,,,processed,false,2026-06-11,,,,false,,,false,,2026-06-09,,2026-07-27
"Block Real Estate Services, LLC",6a3dc3ce540c4e7a799a04b0,69fded1b62446148bd848fb2,Midwest Dance Center / Priscilla Lea Young,GL_ACORD_05_24_2026_P100284679-3570480145256.PDF,,,processed,false,2026-06-30,,2027-05-24,2026-04-09,false,,,false,Hiscox Insurance Company Inc.,2026-06-26,,2026-07-27
"Block Real Estate Services, LLC",6a318f9122a44c46b7f11041,69fded1b62446148bd848fbb,"Midwest Vacuums / Cast, Inc.",CertificateOfInsurance.pdf,,,processed,false,2026-06-17,,2027-02-15,2026-06-16,false,,,false,Employers Preferred Insurance Company; -,2026-06-16,,2026-07-27
"Block Real Estate Services, LLC",6a32ed4f081d3b93fbe8b162,69fded1b62446148bd848fbb,"Midwest Vacuums / Cast, Inc.",Cast for Block Real Estate Revised 6.17.26.pdf,,,processed,false,2026-06-18,,2026-07-17,2026-06-16,false,,,false,State Farm Fire and Casualty Company,2026-06-17,,2026-07-27
"Block Real Estate Services, LLC",6a5a51c575cf58525d5424bf,69fded1b62446148bd848fb8,MIdwest Model Railroad LLC,"BPP1007945 MIDWEST MODEL RR, LLC.pdf",,,processed,false,2026-07-17,,2027-01-27,,false,,,false,Midvale Indemnity Company,2026-07-17,,2026-07-27
"Block Real Estate Services, LLC",6a2857893f91c94eefb0cb5a,69fded1b62446148bd848fbe,"Mills Record Company / Mills Records, LLC",Mills Record Company Policy.pdf,,,processed,false,2026-06-11,,,,false,,,false,,2026-06-09,,2026-07-27
"Block Real Estate Services, LLC",6a5e60765cde91549298d302,69fded1b62446148bd848fc1,"Ingersol Rand / Milton Roy, LLC",Ingersoll Rand Inc - Block Real Estate Services LLC - 26071037043810 - 570121811554.pdf,,,processed,false,2026-07-22,,2027-03-01,2026-07-13,false,,,false,Zurich American Insurance Company; American Zurich Insurance Company; ACE Property and Casualty Insurance Company,2026-07-20,,2026-07-27
"Block Real Estate Services, LLC",6a05e550b65dbfe9915fe6d8,69fded1b62446148bd848fc7,Miner Ltd,"KCIPRiversideLLCRiversideDistributionCe_Miner,LtddbaMHCSystems_26-27Miner,LtddbaMHC_3-13-2026_978258086.pdf",,,processed,false,2026-06-01,,2027-03-14,2026-03-13,false,,,false,Travelers Property Casualty Company of America; Allied World Assurance Company (U.S.) Inc.; Lexington Insurance Company; The Standard Fire Insurance Company,2026-05-14,,2026-07-27
"Block Real Estate Services, LLC",6a26f0fc1b3591a22e40cf40,69fded1b62446148bd848fcd,Mitchell Capital Management Company,Pinnacle Certificate of Liability 2026.pdf,,,processed,false,2026-06-10,,2027-01-01,,false,,,false,,2026-06-08,,2026-07-27
"Block Real Estate Services, LLC",6a3d733ef08a13c0c8807013,69fded1b62446148bd848fc4,"Mindful Child Wellness + Aeriel Yoga, LLC",Mindful Child and Welness and Aerial Yoga - COI - Block Realestate Services LLC.pdf,,,processed,false,2026-06-25,,2027-05-12,2026-06-24,false,,,false,State Farm Fire and Casualty Company,2026-06-25,,2026-07-27
"Block Real Estate Services, LLC",6a18ab77e701796d85ebc1c2,69fded1b62446148bd848fca,"Wingstop / Missouri Wings XIV, LLC",NOT FOUND - Missouri Wings XIV LLC.pdf,,,processed,false,2026-06-01,,2027-01-01,2026-03-04,false,,,false,"Wesco Insurance Company; Technology Insurance Company, Inc.; Security National Insurance Company; Zurich American Insurance Company; Aspen Specialty Insurance Company",2026-05-28,,2026-07-27
"Block Real Estate Services, LLC",6a30287a7828333b350b9d9c,69fded1b62446148bd848fd0,"Pride Cleaners / MJV-A, LLC",HUB Cert Secure c.o Block Real Estate - Revision.pdf,,,processed,false,2026-06-15,,2026-09-01,2026-06-12,false,,,false,Fidelity and Guaranty Insurance Company; Travelers Casualty Insurance Company of America; Travelers Property Casualty Company of America; Travelers - Standard Ins . Co,2026-06-15,,2026-07-27
"Block Real Estate Services, LLC",6a5a2e5e95f24ba6c2d7230a,69fded1b62446148bd848fd6,Moncayo Legal LLC,2025-2026 Business Insurance.pdf,,,processed,false,2026-07-22,,2026-10-28,2026-07-17,false,,,false,Hartford Underwriters Insurance Company,2026-07-17,,2026-07-27
"Block Real Estate Services, LLC",6a58e16a5c7b97125a9c8613,69fded1c62446148bd848fdf,"Munch's Supply O'Connor LLC / O'Connor Company, Inc.",O'Connor - Block Real Estate.pdf,,,processed,false,2026-07-21,,2026-09-30,2026-07-16,false,,,false,Federal Insurance Company; Chubb National Insurance Company,2026-07-16,,2026-07-27
"Block Real Estate Services, LLC",6a0618cbb65dbfe9916bd215,69fded1c62446148bd848fe2,"National Vision, Inc",NationalVisionHoldingsIncCOIMillStreetStationLLC1.pdf,,,processed,false,2026-06-03,,2027-01-01,2026-01-09,false,,,false,Travelers Property Casualty Company of America; The Charter Oak Fire Insurance Company; Great American Security Insurance Company; The Travelers Indemnity Company of Connecticut; The Travelers Indemnity Company of America,2026-05-14,,2026-07-27
"Block Real Estate Services, LLC",6a05f6caf58fd13c8835e194,69fded1b62446148bd848fd3,"Dal Tile / Mohawk Carpet Distribution, Inc.","BKPROPERTIES,LLC_MohawkIndustries,Inc..pdf",,,processed,false,2026-06-01,,2026-10-01,2025-11-21,false,,,false,Zurich American Insurance Company; American Zurich Insurance Company; American Guarantee and Liability Insurance Company,2026-05-14,,2026-07-27
"Block Real Estate Services, LLC",6a395359d1bf38e72a670ee4,69fded1c62446148bd848ff1,Nestle Purina PetCare Co.,"Davenport Investors, LLC.pdf",,,processed,false,2026-06-22,,2027-01-01,2025-12-29,false,,,false,ACE American Insurance Company; Indemnity Insurance Company of North America; ACE Fire Underwriters Insurance Company; N / A,2026-06-22,,2026-07-27
"Block Real Estate Services, LLC",6a5f84717b7aed3fd71bfc0f,69fded1c62446148bd848ff1,Nestle Purina PetCare Co.,Davenport Investors LLC.pdf,,,processed,false,2026-07-22,,2027-01-01,2025-12-29,false,,,false,ACE American Insurance Company; Indemnity Insurance Company of North America; ACE Fire Underwriters Insurance Company; N / A,2026-07-21,,2026-07-27
"Block Real Estate Services, LLC",6a3d5f76540c4e7a799a0404,69fded1c62446148bd848ff7,New Century Dodge Chrysler Wholesale Parts,work comp coc.pdf,,,processed,false,2026-07-08,,2027-01-01,,false,,,false,,2026-06-25,,2026-07-27
"Block Real Estate Services, LLC",6a42877895bcb4d172ad580d,69fded1c62446148bd848ff7,New Century Dodge Chrysler Wholesale Parts,Block Real Estate.pdf,,,processed,false,2026-06-30,,2027-02-01,2026-06-29,false,,,false,Auto-Owners Insurance Company,2026-06-29,,2026-07-27
"Block Real Estate Services, LLC",6a440959d1b03a7ae56a1465,69fded1c62446148bd848ff7,New Century Dodge Chrysler Wholesale Parts,Block Real Estate Services.pdf,,,processed,false,2026-06-30,,2027-02-01,2026-06-30,false,,,false,Auto-Owners Insurance Company,2026-06-30,,2026-07-27
"Block Real Estate Services, LLC",6a3adff8f87efbd22dc90375,69fded1c62446148bd848fe8,"Prosperity Partners / NDH Advisors, LLC (fka Mariner Group, LLC & Stratus Group, LLC)",CERT_Guardian_Realty_Management_Inc_and_6000_Executive_LLC_1733184.pdf,,,processed,false,2026-06-24,,2027-01-01,2026-04-24,false,,,false,Hartford Underwriters Insurance Company; StarStone National Insurance Company,2026-06-23,,2026-07-27
"Block Real Estate Services, LLC",6a43d905c7f86ba6f2674982,69fded1c62446148bd848ff4,Netsmart Technologies Inc,"PERG BUILDINGS, LLC COI.pdf",,,processed,false,2026-06-30,,2026-11-11,2026-06-22,false,,,false,Chubb Indemnity Insurance Company; Great Northern Insurance Company; Federal Insurance Company,2026-06-30,,2026-07-27
"Block Real Estate Services, LLC",6a55038dd7a2098716cacbfe,69fded1c62446148bd848ff4,Netsmart Technologies Inc,"Netsmart COI-PERG BUILDINGS, LLC_v4.pdf",,,processed,false,2026-07-14,,2026-11-11,2026-07-01,false,,,false,Chubb Indemnity Insurance Company; Great Northern Insurance Company; Federal Insurance Company,2026-07-13,,2026-07-27
"Block Real Estate Services, LLC",6a5a6e1095f24ba6c2d72497,69fded1c62446148bd848ffd,"New Cingular Wireless PCS, LLC",MOI EXP 06.01.27.pdf,,,processed,false,2026-07-20,,2027-06-01,,false,,,false,,2026-07-17,,2026-07-27
"Block Real Estate Services, LLC",6a3adff0cf85b61f730f434c,69fded1c62446148bd849000,New Lawn LLC,BlockRealEstateServicesLLC23591074.pdf,,,processed,false,2026-06-24,,2026-08-28,2026-06-23,false,,,false,Hartford Underwriters Insurance Company; Travelers Casualty Insurance Company of America; The Travelers Indemnity Company; Property and Casualty Insurance Company of Hartford,2026-06-23,,2026-07-27
"Block Real Estate Services, LLC",6a3957c8efaf8fc91cd0aef7,69fded1c62446148bd84900f,Nifty Promotions LLC,Nifty Block Cert.pdf,,,processed,false,2026-06-22,,2026-10-27,2026-06-22,false,,,false,"Hartford Underwriters Insurance Company; The Hartford; Fidelity and Guaranty Insurance Underwriters, Inc.",2026-06-22,,2026-07-27
"Block Real Estate Services, LLC",6a3e82d457a0d280997f8302,69fded1c62446148bd849027,OMB Bank,OMB - Block Real Estate - Updated COI.pdf,,,processed,false,2026-06-30,,2027-01-01,2026-06-15,false,,,false,Travelers Insurance,2026-06-26,,2026-07-27
"Block Real Estate Services, LLC",6a45365948c92c2dc99f75b9,69fded1d62446148bd849039,Orscheln Farm & Home LLC,Tractor Supply Company - NorthridgeClarinda LLC - 26062936921555 - 570121557774.pdf,,,processed,false,2026-07-02,,2027-04-01,2026-06-30,false,,,false,"XL Insurance America, Inc.; Greenwich Insurance Company",2026-07-01,,2026-07-27
"Block Real Estate Services, LLC",6a30242e5435e5ae094b2e28,69fded1d62446148bd849030,"Walgreens / Option Care Enterprises, Inc.",16589 COI 4.7.2026 - 4.7.2027 Revised(1).pdf,,,processed,false,2026-06-17,,2027-04-07,2026-06-09,false,,,false,"Trumbull Insurance Company; Sentinel Insurance Company, Ltd.; Hartford Fire Insurance Company; Columbia Casualty Company",2026-06-15,,2026-07-27
"Block Real Estate Services, LLC",6a45308bf68dfd7f9eebb3b1,69fded1d62446148bd849030,"Walgreens / Option Care Enterprises, Inc.",Option Care Health Inc - Perg Buildings LLC - 26062536877644 - 570121335424.pdf,,,processed,false,2026-07-02,,2027-04-07,2026-06-26,false,,,false,"Trumbull Insurance Company; Sentinel Insurance Company, Ltd.; Hartford Fire Insurance Company; Columbia Casualty Company",2026-07-01,,2026-07-27
"Block Real Estate Services, LLC",6a58e93eb3bfafcf16acef72,69fded1d62446148bd849030,"Walgreens / Option Care Enterprises, Inc.",Option Care Health Inc - Perg Buildings LLC - 26062536877644 - 570121335424.pdf,,,processed,false,,,2027-04-07,2026-06-26,true,low,<p>Lease request to BRES</p>,false,"Trumbull Insurance Company; Sentinel Insurance Company, Ltd.; Hartford Fire Insurance Company; Columbia Casualty Company",2026-07-16,,2026-07-27
"Block Real Estate Services, LLC",6a3576951f6b786b44770021,69fded1d62446148bd849042,"Oz Accommodations, Inc.",Certificate - 2026-06-19T120411.656.pdf,,,processed,false,2026-06-22,,2027-04-22,2026-06-19,false,,,false,The Cincinnati Insurance Company; The Cincinnati Indemnity Company,2026-06-19,,2026-07-27
"Block Real Estate Services, LLC",6a300d7685085468184506ba,69fded1d62446148bd84904e,Pack3000 LLC,"Platte Valley Investment, LLC_Pack3000, LLC_25-26 Master_8-21-2025_888327702.pdf",,,processed,false,2026-06-17,,2026-08-01,2025-08-21,false,,,false,Travelers Property Casualty Company of America; The Travelers Indemnity Company of America; The Travelers Indemnity Company; Travelers Casualty and Surety Company,2026-06-15,,2026-07-27
"Block Real Estate Services, LLC",6a2c52fa8b0f9b5ef895d8a1,69fded1d62446148bd849051,"Hydro Ponics / River Market Hydro / Palm Green, LLC",COI Palm Green.pdf,,,processed,false,2026-06-15,,2026-10-19,2026-06-05,false,,,false,Owners Insurance Company,2026-06-12,,2026-07-27
"Block Real Estate Services, LLC",6a442dd3c96953958c04a3e9,69fded1d62446148bd849054,Papa Murphy's / Papa's Partners,"Papa's Partners  2025-26 Certificate  GL, Auto, Umb, WC - Belton Towne Center (Belton Mo Properties, LLC).pdf",,,processed,false,2026-06-30,,2026-10-01,2026-06-30,false,,,false,Tri-State Insurance Company of Minnesota; Continental Western Insurance Company,2026-06-30,,2026-07-27
"Block Real Estate Services, LLC",6a52a617b2c1b4e26a703439,69fded1d62446148bd84905a,Park Hill Alano Club,Park Hill Alano Club Certificate 7.2.26 (2).pdf,,,processed,false,2026-07-14,,2027-03-12,2026-07-02,true,low,"<p>States no employees, waiting for Block response</p>",false,State Farm Fire and Casualty Company,2026-07-11,,2026-07-27
"Block Real Estate Services, LLC",6a43fb78d1b03a7ae56a13e1,69fded1d62446148bd84905d,Nitto Denko Automotive / Parkers America,Block Real Estate Services LLC_Parker Americas Inc._26-27 GL BAUT UMBR_6-29-2026_2023086823.pdf,,,processed,false,2026-06-30,,2027-04-03,2026-06-29,false,,,false,Liberty Mutual Fire Insurance Company; Liberty Insurance Corporation,2026-06-30,,2026-07-27
"Block Real Estate Services, LLC",6a340c9e3a28b57599a17cba,69fded1d62446148bd849060,Parris Communications,COI - PC Investors (2).pdf,,,processed,false,2026-06-22,,2026-11-10,2026-06-18,false,,,false,Hartford Casualty Insurance Company; Hartford Underwriters Insurance Company,2026-06-18,,2026-07-27
"Block Real Estate Services, LLC",6a34341c3cbac59a7c5f949e,69fded1d62446148bd849069,PCG Wealth Management LLC,Block Real Estate__COI.pdf,,,processed,false,2026-06-18,,2027-01-01,2026-06-18,false,,,false,Columbia Mutual Insurance Company,2026-06-18,,2026-07-27
"Block Real Estate Services, LLC",6a2af9099564d418934746dc,69fded1d62446148bd84906c,Pennsylvania Tool Sales and Service Inc,Block COI.pdf,,,processed,false,2026-06-15,,2026-11-22,2026-06-08,false,,,false,Monroe Guaranty Insurance Company; National Trust Insurance Company,2026-06-11,,2026-07-27
"Block Real Estate Services, LLC",6a3c4bad8ac7d389f4d052de,69fded1d62446148bd849066,Paycom Payroll LLC,Block Real Estate Services LLC -  COI.pdf,,,processed,false,2026-06-25,,2027-04-15,2026-06-24,false,,,false,The Phoenix Insurance Company; Farmington Casualty Company; Travelers Property Casualty Company of America; Travelers Commercial Casualty Company,2026-06-24,,2026-07-27
"Block Real Estate Services, LLC",6a18ac02462ef1e78eb4fadf,69fded1d62446148bd849072,People First Network of Kansas LLC,NOT FOUND - Peoples First Netweork of KS LLC.pdf,,,processed,false,2026-06-01,,2026-02-20,2026-02-23,false,,,false,West Bend Insurance Company; FirstComp Insurance Company,2026-05-28,,2026-07-27
"Block Real Estate Services, LLC",6a316919b1b5f77cae90f0a0,69fded1d62446148bd84906f,Penske Truck Leasing Co LP,Platte Valley COI 26-27 Updated.pdf,,,processed,false,2026-06-30,,2027-01-01,,false,,,false,Old Republic Insurance Company,2026-06-16,,2026-07-27
"Block Real Estate Services, LLC",6a32baeb4f89dc4a36d32867,69fded1e62446148bd84908d,"Servpro / Piat, Inc.","co Block Real Estate Services, LLC._25-26 Standard- PIAT (1).pdf",,,processed,false,2026-06-17,,2026-07-01,2026-06-17,false,,,false,Capitol Specialty Insurance Corporation; Continental Casualty Company; The Cincinnati Casualty Company; Waypoint Mutual,2026-06-17,,2026-07-27
"Block Real Estate Services, LLC",6a05e8421f712c628e42e3a0,69fded1d62446148bd849081,"ICON / PRA Health Sciences / Pharmaceutical Research Associates, Inc.",CollegeCrossingJ154723.pdf,,,processed,false,2026-06-01,,2026-06-01,2025-05-30,false,,,false,Federal Insurance Company; Great Northern Insurance Company; ACE American Insurance Company,2026-05-14,,2026-07-27
"Block Real Estate Services, LLC",6a443de1922a2523ecdebdc9,69fded1e62446148bd84909c,"Northstar Wealth / Polaris, LLC",State Farm Office Policy (.pdf,,,processed,false,2026-07-02,,2027-06-26,,false,,,false,State Farm Fire and Casualty Company,2026-06-30,,2026-07-27
"Block Real Estate Services, LLC",6a4aa5c95cdf4704ae0efe48,69fded1e62446148bd849096,"Pizza Hut of America, Inc.","BK PINNACLE IV, LLC AND BK_6710410_Hut American Group LLC.pdf",,,processed,false,2026-07-09,,2027-03-24,2026-03-18,false,,,false,ACE American Insurance Company; ACE Fire Underwriters Insurance Company; ACE Property and Casualty Insurance Company; Indemnity Insurance Company of North America,2026-07-05,,2026-07-27
"Block Real Estate Services, LLC",6a4305a29a03b43c20ddc867,69fded1e62446148bd849093,Pivot International Inc,"COLLEGE CROSSING CD, LLC 1137811.pdf",,,processed,false,2026-06-30,,2027-01-01,2026-06-29,false,,,true,Federal Insurance Company; Chubb Indemnity Insurance Company; Great Northern Insurance Company,2026-06-29,,2026-07-27
"Block Real Estate Services, LLC",6a467cb6797dbac10da8c534,69fded1e62446148bd849093,Pivot International Inc,"BLOCK REAL ESTATE SERVICES, LLC 23631339.pdf",,,processed,false,2026-07-07,,2027-01-01,2026-06-30,false,,,false,Federal Insurance Company; Chubb Indemnity Insurance Company; Great Northern Insurance Company,2026-07-02,,2026-07-27
"Block Real Estate Services, LLC",6a5a2d8575d581809e56786a,69fded1e62446148bd84909f,Polaris Pharmacy Services of Missouri,ACORD Form 20260716-143725.pdf,,,processed,false,2026-07-22,,2027-07-01,2026-07-16,false,,,false,Illinois Union Insurance Company; Federal Insurance Company,2026-07-17,,2026-07-27
"Block Real Estate Services, LLC",6a60f5d9758aff68c415842d,69fded1e62446148bd84909f,Polaris Pharmacy Services of Missouri,76WBGBS30DV (2).pdf,,,processed,false,,,2027-04-25,2026-07-22,false,,,false,Hartford Fire and Its P & C Affiliates,2026-07-22,,2026-07-27
"Block Real Estate Services, LLC",6a60f5db758aff68c415844b,69fded1e62446148bd84909f,Polaris Pharmacy Services of Missouri,ACORD Form 20260722-101046.pdf,,,processed,false,,,2027-07-01,2026-07-16,false,,,false,Illinois Union Insurance Company; Federal Insurance Company,2026-07-22,,2026-07-27
"Block Real Estate Services, LLC",6a5521a221f86634e8b19b14,69fded1e62446148bd8490a8,Power Sales & Advertising Inc,Certificate.pdf,,,processed,false,2026-07-15,,2026-11-15,2026-07-13,false,,,false,The Travelers Indemnity Company of Connecticut; Travelers Property Casualty Company of America; Waypoint Mutual; Travelers Casualty and Surety Company of America,2026-07-13,,2026-07-27
"Block Real Estate Services, LLC",6a5fbc94b4df9ca70600c21c,69fded1e62446148bd8490ab,Prairie Engineers PC,Block Real Estate Services LLC_UPDATED_7-21-2026_755204614.pdf,,,processed,false,2026-07-22,,2027-07-15,2026-07-21,false,,,false,XL Specialty Insurance Company; American Guarantee and Liability Insurance Company,2026-07-21,,2026-07-27
"Block Real Estate Services, LLC",6a0618fb1f712c628e549dfc,69fded1e62446148bd8490a5,Power Motion Inc,PowerMotion-PineRidgeBuildingCCOI.pdf,,,processed,false,2026-06-02,,2026-12-12,2025-12-10,false,,,false,"Acuity, A Mutual Insurance Company",2026-05-14,,2026-07-27
"Block Real Estate Services, LLC",6a0618fdca42782ea35d9a76,69fded1e62446148bd8490a5,Power Motion Inc,"ForcertificateholderBlockRealEstateServices,LLC.pdf",,,processed,false,2026-06-02,,2027-01-09,2026-03-10,false,,,false,"Sentinel Insurance Company, Ltd.; Rate by Multiple Companies",2026-05-14,,2026-07-27
"Block Real Estate Services, LLC",6a2c0d1214fe6fd29725e9a3,69fded1e62446148bd8490b7,Pro Concrete Design Inc,COI - Platte Valley Investment & Block.pdf,,,processed,false,2026-06-25,,2026-10-01,2026-03-23,false,,,false,The Cincinnati Insurance Company; The Cincinnati Casualty Company; Westchester Surplus Lines Insurance Company,2026-06-12,,2026-07-27
"Block Real Estate Services, LLC",6a441f5cc7f86ba6f2674d22,69fded1e62446148bd8490b1,"Prime Source Building Products, Inc.",cert_LOS_Prime Source Associates_ LLC_2692705_15.pdf,,,processed,false,2026-06-30,,2027-06-30,2026-06-30,false,,,false,"National Union Fire Insurance Company of Pittsburgh, Pa.; AIU Insurance Company; Endurance Assurance Corporation; Indemnity Insurance Company of North America; Steadfast Insurance Company; QBE Specialty Insurance Company",2026-06-30,,2026-07-27
"Block Real Estate Services, LLC",6a3e956f85fd97a7c8d4268f,69fded1e62446148bd8490b4,Principal Life Insurance Company,co Block Real Estate Services - WC.pdf,,,processed,false,2026-06-30,,2027-05-01,2026-06-24,false,,,false,Accident Fund Insurance Company of America,2026-06-26,,2026-07-27
"Block Real Estate Services, LLC",6a3e962ec440b3797746b7ab,69fded1e62446148bd8490b4,Principal Life Insurance Company,"Block Real Estate Services, LLC - GL.pdf",,,processed,false,2026-06-30,,2027-05-01,2026-06-24,false,,,false,Endurance Assurance Corporation; ACE Property and Casualty Insurance Company; The Cincinnati Insurance Company,2026-06-26,,2026-07-27
"Block Real Estate Services, LLC",6a4d09244fb0dfb0f428d6a1,69fded1e62446148bd8490ba,Professional Toxicology Services Inc,Name PROFESSIONAL TOXICOLOGY SERVICES INC (2).pdf,,,processed,false,2026-07-10,,2027-01-01,2026-06-19,false,,,false,State Farm Fire and Casualty Company,2026-07-07,,2026-07-27
"Block Real Estate Services, LLC",6a5e6d795cde91549298d434,69fded1e62446148bd8490ba,Professional Toxicology Services Inc,CERTIFICATE OF INSURANCE (COI).Pdf,,,processed,false,2026-07-22,,2027-06-26,2026-07-20,false,,,false,Hartford Insurance Company of the Southeast,2026-07-20,,2026-07-27
"Block Real Estate Services, LLC",6a569dce920c7c777ab3ae45,69fded1e62446148bd8490cc,"Psychology Office Management, Inc.",Psychology Office Management acord LIABITLY INSURANCE.pdf,,,processed,false,2026-07-15,,2026-10-01,2026-07-09,false,,,false,State Farm Fire and Casualty Company,2026-07-14,,2026-07-27
"Block Real Estate Services, LLC",6a3400fa3a28b57599a17c80,69fded1e62446148bd8490c9,"Adapt Health / Provider Plus, Inc.","SM Quivira, LLC and 9201 Associates, LLC  - Liab - 6-18.pdf",,,processed,false,2026-06-22,,2026-11-08,2026-06-18,false,,,false,Illinois Union Insurance Company; Hartford Fire Insurance Company; Hartford Underwriters Insurance Company; SEE ATTACHMENT; Twin City Fire Insurance Company; XL Specialty Insurance Company,2026-06-18,,2026-07-27
"Block Real Estate Services, LLC",6a07252eb333109abbece2a7,69fded1e62446148bd8490d2,"Q4 Industries, LLC",Q4IndustriesLLC-CertificateofLiabilityInsurance-PERGBuildingsLLCBlockRealEstatesServicesLLC1.pdf,,,processed,false,2026-06-02,,2026-11-06,2026-01-22,false,,,false,Auto-Owners Insurance Company; Owners Insurance Company,2026-05-15,,2026-07-27
"Block Real Estate Services, LLC",6a55019a21f86634e8b199c9,69fded1f62446148bd8490d8,R & R Communications Inc,GLP1092006_2027-08-07_P02CP0000665492000_POLICY_Other_.pdf (SECURED).pdf,,,processed,false,2026-07-15,,2026-08-07,,false,,,false,Midvale Indemnity Company,2026-07-13,,2026-07-27
"Block Real Estate Services, LLC",6a5800662ff1568432c9253f,69fded1f62446148bd8490d8,R & R Communications Inc,LEASE - prg805 - R & R Communications Inc.pdf,,,processed,false,2026-07-15,,,,false,,,false,,2026-07-15,,2026-07-27
"Block Real Estate Services, LLC",6a6399069fd4fabc2d008a75,69fded1f62446148bd8490d8,R & R Communications Inc,WCP1002202_2027-05-24_P02WK0000019072002_POLICY_WC_.pdf (SECURED).pdf,,,processed,false,,,,,false,,,false,,2026-07-24,,2026-07-27
"Block Real Estate Services, LLC",6a3ea341c440b3797746b7c8,69fded1e62446148bd8490cf,Pulse Design Group,"Block Real Estate Services LLC_Pulse Design Group, Inc._26-27 GAUWP_6-26-2026_1733011510.pdf",,,processed,false,2026-06-30,,2027-01-01,2026-06-26,false,,,false,Hartford Underwriters Insurance Company; XL Specialty Insurance Company,2026-06-26,,2026-07-27
"Block Real Estate Services, LLC",6a5e3dbc46fbbb32dbdfce0b,69fded1f62446148bd8490ea,"Regal Staffing, LLC","Block Real Estate Services, LLC, 700 W 47th Street, Kansas City, MO, 64112.pdf",,,processed,false,2026-07-21,,2027-07-20,2026-07-16,false,,,false,Philadelphia Indemnity Insurance Company; National Casualty Company; Twin City Fire Insurance Company,2026-07-20,,2026-07-27
"Block Real Estate Services, LLC",6a3a96b556d58bea36041f69,69fded1f62446148bd8490f3,Rent-A-Center #1724,Upbound Group Inc - Vivion Road Development Co LLC - 26062236826661 - 570121051480.pdf,,,processed,false,2026-06-23,,2026-08-05,2026-06-23,false,,,false,Everest Premier Insurance Company; Everest National Insurance Company; Zurich American Insurance Company,2026-06-23,,2026-07-27
"Block Real Estate Services, LLC",6a071d25b333109abbebacc8,69fded1f62446148bd8490e1,"RBC Capital Markets, LLC / Royal Bank of Canada",cert_LOS_PinnacleVAssociates_LLCand_2557764_531.pdf,,,processed,false,2026-06-02,,2026-12-01,2025-12-01,false,,,false,"National Union Fire Insurance Company of Pittsburgh, Pa.; N / A",2026-05-15,,2026-07-27
"Block Real Estate Services, LLC",6a202ab44360dc74c4523b7e,69fded1f62446148bd8490e1,"RBC Capital Markets, LLC / Royal Bank of Canada","Pinnacle V Associates, LLC and Chymiak Pinnac_RBC CAPITAL MARKETS, LLC dba RBC WE_26-27 AL WC dba RBC Wealt_6-2-2026_646753096.pdf",,,processed,false,2026-06-03,,2027-06-01,2026-06-02,false,,,false,ACE American Insurance Company; Federal Insurance Company,2026-06-03,,2026-07-27
"Block Real Estate Services, LLC",6a07202f57406a9433dc21a9,69fded1f62446148bd8490f6,"Ambius / Rentokil North America, Inc. (fka JC Ehrlich Company)",KCIPRiversideLLCRiversideDistributionC_RentokilNorthAmericaIncdbaPr_2025-2026Standard5.pdf,,,processed,false,2026-06-02,,2026-10-01,2025-09-22,false,,,false,ACE American Insurance Company; ACE Property and Casualty Insurance Company; AXIS Insurance Company; Old Republic Insurance Company,2026-05-15,,2026-07-27
"Block Real Estate Services, LLC",6a0726e79839a89d50e8ff1f,69fded1f62446148bd849105,Rockwell Automation,cert_CLE_PineRidgeBuilding25_PERG_5627981_341.pdf,,,processed,false,2026-06-02,,2026-10-01,2025-09-25,false,,,false,"National Union Fire Insurance Company of Pittsburgh, Pa.; Allianz Global Risks US Insurance Company; Granite State Insurance Company",2026-05-15,,2026-07-27
"Block Real Estate Services, LLC",6a594825a8d82ac3668e4d88,69fded1f62446148bd849108,"Rosen's, Inc.",26-27-RDI-BlockRealEstate-COI-UPDATED.pdf,,,processed,false,2026-07-17,,2027-04-01,2026-06-19,false,,,false,ACE American Insurance Company,2026-07-16,,2026-07-27
"Block Real Estate Services, LLC",6a5a457095f24ba6c2d7238f,69fded1f62446148bd849108,"Rosen's, Inc.",Lease - 3rd497 - Rosens.pdf,,,processed,false,2026-07-22,,,,false,,,false,,2026-07-17,,2026-07-27
"Block Real Estate Services, LLC",6a05e74d8b5928c024ad1de5,69fded1f62446148bd849111,"Taco Bell / Royal City Bell, LLC",SSB-5871-Certificate.PDF,,,processed,false,2026-06-02,,2026-08-01,2025-08-01,false,,,false,Pennsylvania Manufacturers' Association Insurance Company; Vantage Risk Specialty Insurance Company; Manufacturers Alliance Insurance Company,2026-05-14,,2026-07-27
"Block Real Estate Services, LLC",6a397686d382314fdae300af,69fded1f62446148bd849111,"Taco Bell / Royal City Bell, LLC",35237 COI.pdf,,,processed,false,2026-06-23,,2026-08-01,2025-08-01,false,,,false,Pennsylvania Manufacturers' Association Insurance Company; Vantage Risk Specialty Insurance Company; Manufacturers Alliance Insurance Company,2026-06-22,,2026-07-27
"Block Real Estate Services, LLC",6a5fc929751b67ad6976ef92,69fded2062446148bd84912c,Salon Ji,Lease - tic827 - Salon Ji.PDF,,,processed,false,2026-07-21,,,,false,,,false,,2026-07-21,,2026-07-27
"Block Real Estate Services, LLC",6a5fcb363cfa49f79cf01632,69fded2062446148bd84912c,Salon Ji,Rodriguez Salon Ji Certificate of Insurance Block Real Estate Services LLC.pdf,,,processed,false,2026-07-22,,2027-03-15,,false,,,false,,2026-07-21,,2026-07-27
"Block Real Estate Services, LLC",6a610768758aff68c4158473,69fded2062446148bd84912c,Salon Ji,Rodriguez Salon Ji certificate of insurance.pdf,,,processed,false,,,,,false,,,false,,2026-07-22,,2026-07-27
"Block Real Estate Services, LLC",6a05f5ffb65dbfe9916415c3,69fded2062446148bd849132,"Sanders Management, Inc",4-29-2026COI.pdf,,,processed,false,2026-06-01,,2027-04-29,2026-04-20,false,,,false,EMCASCO Insurance Company; Employers Mutual Casualty Company,2026-05-14,,2026-07-27
"Block Real Estate Services, LLC",6a4682b98e74644248e059d5,69fded2062446148bd849138,Scheels All Sports Inc,"Block Real Estate Services, LLC_Scheels All Sports Inc._26-27 GL AL WC UL ($10M)_7-2-2026_2025524538.pdf",,,processed,false,2026-07-08,,2027-07-01,2026-07-02,false,,,false,Zurich American Insurance Company; Allied World Assurance Company (U.S.) Inc.,2026-07-02,,2026-07-27
"Block Real Estate Services, LLC",6a566542920c7c777ab3acec,69fded2062446148bd84913e,Security Data Supply,Certificate of Insurance.pdf,,,processed,false,2026-07-14,,2027-01-30,2026-07-14,false,,,false,Hartford Underwriters Insurance Company; Nutmeg Insurance Company,2026-07-14,,2026-07-27
"Block Real Estate Services, LLC",6a284c35da52b0ee99d300db,69fded2062446148bd849141,Seen Merchandising LLC,Block 2026 COI.pdf,,,processed,false,2026-06-11,,2026-08-22,2026-05-26,false,,,false,The Charter Oak Fire Insurance Company; Travelers Property Casualty Company of America; Accident Fund National Insurance Company,2026-06-09,,2026-07-27
"Block Real Estate Services, LLC",6a31d390d80f8df78b1d3187,69fded2062446148bd849144,Select Comfort Retail Corporation,"Block Real Estate Services, LLC.pdf",,,processed,false,2026-06-17,,2027-02-01,2026-06-16,false,,,false,Sentry Insurance Company; Travelers Property Casualty Company of America,2026-06-16,,2026-07-27
"Block Real Estate Services, LLC",6a18b0a5515bd6b00b4d77cd,69fded2062446148bd84914a,"Senior Day KC / The Respite House, LLC",NOT FOUND - The Respite House LLC.pdf,,,processed,false,2026-06-01,,2026-08-14,2025-08-14,false,,,false,"Beazley Insurance Company, Inc.",2026-05-28,,2026-07-27
"Block Real Estate Services, LLC",6a46453f11dd114a4686037d,69fded2062446148bd849153,Anthony's Plumbing,Block-Real-Estate-Services_25-26-Anthony-Plumbing_1584543480.pdf,,,processed,false,2026-07-08,,2026-12-31,2026-07-01,false,,,false,Safety National Casualty Corporation; Homesite Insurance Company of Florida; Travelers Property Casualty Insurance Company,2026-07-02,,2026-07-27
"Block Real Estate Services, LLC",6a57c1c6d4c3c88fa4743d1f,69fded2062446148bd849153,Anthony's Plumbing,Block Real Estate.pdf,,,processed,false,2026-07-20,,2026-12-31,2025-12-03,false,,,false,Safety National Casualty Corporation; Homesite Insurance Company of Florida; Travelers Property Casualty Insurance Company,2026-07-15,,2026-07-27
"Block Real Estate Services, LLC",6a5a88b795f24ba6c2d724de,69fded2062446148bd849153,Anthony's Plumbing,Block-Real-Estate-Services_25-26-Anthony-Plumbing_1743516224.pdf,,,processed,false,2026-07-20,,2026-12-31,2026-07-17,false,,,false,Safety National Casualty Corporation; Homesite Insurance Company of Florida; Travelers Property Casualty Insurance Company,2026-07-17,,2026-07-27
"Block Real Estate Services, LLC",6a5f8d84327842f98dd72b31,69fded2062446148bd84914d,"SERC Physical Therapy / SERC Rehabilitation Partners, LLC","15387943 KCIP Riversite LLC_Platte Valley Investment, LLC - Riverside MO 121.pdf",,,processed,false,2026-07-22,,2027-07-01,2026-06-23,false,,,false,TDC Specialty Insurance Company; Trumbull Insurance Company; Coverys Specialty Insurance Company; Hartford Underwriters Insurance Company; Hartford Fire Insurance Company,2026-07-21,,2026-07-27
"Block Real Estate Services, LLC",6a5f9569327842f98dd72bbf,69fded2062446148bd84914d,"SERC Physical Therapy / SERC Rehabilitation Partners, LLC",DEVONSHIRE SHOPS LLC 14607518 - Olathe KS 119.pdf,,,processed,false,2026-07-22,,2027-07-01,2026-07-21,false,,,false,TDC Specialty Insurance Company; Trumbull Insurance Company; Coverys Specialty Insurance Company; Hartford Underwriters Insurance Company; Hartford Fire Insurance Company,2026-07-21,,2026-07-27
"Block Real Estate Services, LLC",6a63a0d3bf74d0d11c7f35e0,69fded2062446148bd84914d,"SERC Physical Therapy / SERC Rehabilitation Partners, LLC",DEVONSHIRE SHOPS LLC 14607518 - Olathe KS 119.pdf,,,processed,false,,,2027-07-01,2026-07-21,false,,,false,TDC Specialty Insurance Company; Trumbull Insurance Company; Coverys Specialty Insurance Company; Hartford Underwriters Insurance Company; Hartford Fire Insurance Company,2026-07-24,,2026-07-27
"Block Real Estate Services, LLC",6a05f72d3b391be9f4c2b307,69fded2062446148bd849147,Select Physical Therapy / Healthsouth Corp,SelectMedicalCorporationCOIMidwestKetterInvestmentsLLC3.pdf,,,processed,false,2026-06-01,,2026-12-31,2026-03-26,false,,,false,"Liberty Mutual Fire Insurance Company; Allied World Assurance Company , AG; National Fire & Marine Insurance Company; American Guarantee and Liability Insurance Company; LM Insurance Corporation; Ironshore Specialty Insurance Company",2026-05-14,,2026-07-27
"Block Real Estate Services, LLC",6a579d796e126b4cb9abd62a,69fded2062446148bd84915f,"Shoe Sensation, Inc.","HUB International Midwest Limited_Shoe Sensation, Inc._25-26 Main Certificate_7-14-2026_1855020273.pdf",,,processed,false,2026-07-21,,2026-07-31,2026-07-14,false,,,false,The Standard Fire Insurance Company; Travelers Property Casualty Insurance Company; The Travelers Indemnity Company; The Phoenix Insurance Company,2026-07-15,,2026-07-27
"Block Real Estate Services, LLC",6a299b70745caf6cbfdcfce1,69fded2062446148bd849156,"Springfield Electric Supply Company, LLC (fka Shaw Supply Company)","Paseo Industrial. LLC - SPRINGFIELD ELECTRIC SUPPLY CO., LLC .pdf",,,processed,false,2026-06-10,,2027-01-01,2026-06-09,false,,,false,Hartford Fire Insurance Company; ACE Property and Casualty Insurance Company,2026-06-10,,2026-07-27
"Block Real Estate Services, LLC",6a553cdc0354bdc4ee306ef5,69fded2062446148bd849156,"Springfield Electric Supply Company, LLC (fka Shaw Supply Company)",Lease - pas771 - Springfield Electric Company.pdf,,,processed,false,2026-07-13,,,,false,,,false,,2026-07-13,,2026-07-27
"Block Real Estate Services, LLC",6a39654eefaf8fc91cd0af3a,69fded2062446148bd84915c,Sherwin Williams-SW 07526,Sherwin Williams COI.pdf,,,processed,false,2026-06-22,,2027-05-01,2026-04-23,false,,,false,ACE American Insurance Company; ACE Fire Underwriters Insurance Company; Old Republic Insurance Company; ACE Property and Casualty Insurance Company,2026-06-22,,2026-07-27
"Block Real Estate Services, LLC",6a2814dd188eff3d9a5a4c71,69fded2062446148bd849168,Siemens Corporation,cert_NYC_BRIAN 4_ LLC_11948608_8.pdf,,,processed,false,2026-06-11,,2026-10-01,2026-06-09,false,,,false,Zurich American Insurance Company; Travelers Property Casualty Company of America; American Guarantee and Liability Insurance Company; Travelers Casualty and Surety Company,2026-06-09,,2026-07-27
"Block Real Estate Services, LLC",6a4d28dc519bbf6da151f9f3,69fded2062446148bd849168,Siemens Corporation,Siemens Corp Waiver - 2026.07.07.pdf,,,processed,false,2026-07-07,,,,false,,,true,,2026-07-07,,2026-07-27
"Block Real Estate Services, LLC",6a5520c20354bdc4ee306e12,69fded2062446148bd849168,Siemens Corporation,Lease - kc2704 - Siemens Corporation.pdf,,,processed,false,2026-07-13,,,,false,,,false,,2026-07-13,,2026-07-27
"Block Real Estate Services, LLC",6a3d7b3c540c4e7a799a0422,69fded2062446148bd849162,"Show Me State Vital Care / Show Me State Infusion Pharmacy, LLC",Worker's Comp_Show Me_Cert of Insurance Liability_Policy UB-B1092529-26-42_03.07.26 through 03.07.27_Riverside_Block Real Estate Services.pdf,,,processed,false,2026-06-26,,2027-03-07,2026-06-25,false,,,false,TRAVELERS CASUALTY INSURANCE COMPANY OF AMERICA,2026-06-25,,2026-07-27
"Block Real Estate Services, LLC",6a43f19f04ca7701e3da6a21,69fded2062446148bd849162,"Show Me State Vital Care / Show Me State Infusion Pharmacy, LLC",Pharmacist Mutual_Block Real Estate Doc.pdf,,,processed,false,2026-06-30,,2027-05-14,2026-05-28,false,,,false,Pharmacists Insurance Company; Chiron Insurance Company,2026-06-30,,2026-07-27
"Block Real Estate Services, LLC",6a4e810c210017bbbe93fbe2,69fded2062446148bd84916e,SJK Global LLC,COI - Block Real Estate.pdf,,,processed,false,2026-07-14,,2027-01-23,2026-07-08,false,,,false,"Sentinel Insurance Company, Ltd.; Trumbull Insurance Company",2026-07-08,,2026-07-27
"Block Real Estate Services, LLC",6a5fc5b4751b67ad6976ef74,69fded2062446148bd84916b,Siemens Energy Inc,cert_NYC___.pdf,,,processed,false,2026-07-21,,2026-10-01,2026-07-18,true,low,<p>Lease requested from BRES</p>,false,HDI Global Insurance Company; Travelers Property Casualty Company of America; The Charter Oak Fire Insurance Company,2026-07-21,,2026-07-27
"Block Real Estate Services, LLC",6a31b04314a7a365eb479595,69fded2062446148bd849171,Skechers Outlet,26-27 WC - Co Block Real Estate Services.pdf,,,processed,false,2026-06-17,,2027-06-15,2026-06-17,false,,,false,Sentry Insurance Company,2026-06-16,,2026-07-27
"Block Real Estate Services, LLC",6a57af483817dd155dae1a9b,69fded2062446148bd849171,Skechers Outlet,"#538 - co Block Real Estate Services_Skechers USA Retail, LLC_25-26 GL, Auto & UMB $5M _6-16-2026_1567621767.pdf",,,processed,false,2026-07-21,,2026-09-01,2026-06-16,false,,,false,HDI Specialty Insurance Company; AXIS Surplus Insurance Company; HDI Global Insurance Company,2026-07-15,,2026-07-27
"Block Real Estate Services, LLC",6a4d3e48bceadc2661204f01,69fded2062446148bd849177,"Epic Vision Center / Smithville Eye Center, LLC",Block Real Estate.pdf,,,processed,false,2026-07-10,,2027-06-15,2026-07-07,false,,,false,Twin City Fire Insurance Company,2026-07-07,,2026-07-27
"Block Real Estate Services, LLC",6a566eb4070863dfb4dba8c4,69fded2062446148bd849177,"Epic Vision Center / Smithville Eye Center, LLC",WC - 8305 Melrose 26-27.pdf,,,processed,false,2026-07-15,,2027-08-01,2026-07-10,false,,,false,American Zurich Insurance Company,2026-07-14,,2026-07-27
"Block Real Estate Services, LLC",6a32d114106a7c71e356808a,69fded2062446148bd849174,Slim 4 Life Weight Loss Centers Inc,"Midwest Ketter Investments, LLC_4 Life Weight Loss Centers, Inc._Master 26-27_6-16-2026_2059136014.pdf",,,processed,false,2026-06-17,,2026-11-13,,false,,,false,Hartford Casualty Insurance Company,2026-06-17,,2026-07-27
"Block Real Estate Services, LLC",6a2c1a679bc55938cfee9dba,69fded2162446148bd84917a,"Church's Chicken / SNSA, Inc.",scan0001.pdf,,,processed,false,2026-06-15,,2027-03-06,2026-04-21,false,,,false,MIDWEST INSURANCE COMPANY,2026-06-12,,2026-07-27
"Block Real Estate Services, LLC",6a3981c6f214bcb869b222d5,69fded2162446148bd849189,South Western Communications Inc,Block updated 6-22-26.pdf,,,processed,false,2026-06-23,,2027-03-01,2026-06-22,false,,,false,Zurich American Insurance Company; Scottsdale Indemnity Company,2026-06-22,,2026-07-27
"Block Real Estate Services, LLC",6a57ced9ea44ae7749bef1d9,69fded2162446148bd849180,Sobriety First,Certificate (85).pdf,,,processed,false,2026-07-15,,2027-01-13,2026-07-15,false,,,false,"Acuity, A Mutual Insurance Company",2026-07-15,,2026-07-27
"Block Real Estate Services, LLC",6a636a3bba0418f566ac5bbe,69fded2162446148bd849180,Sobriety First,Certificate.pdf,,,processed,false,,,2027-01-13,2026-07-23,false,,,false,"Acuity, A Mutual Insurance Company",2026-07-24,,2026-07-27
"Block Real Estate Services, LLC",6a562548f701fa0e9775e549,69fded2162446148bd849195,Sports Rehab & Physical Therapy Inc,COI - CMP II LLC.pdf,,,processed,false,2026-07-15,,2027-01-15,2026-07-14,false,,,false,Amercian Casualty Co. of Reading PA; Hartford Casualty Insurance Company; TRAVELERS INDEMNITY COMPANY,2026-07-14,,2026-07-27
"Block Real Estate Services, LLC",6a2c2c15c38059b01dfb2fa5,69fded2162446148bd849198,"Sports Rehab and Physical Therapy Associates, Inc. (sublease from Kansas City Bone & Joint)",26-27 OfficePac Policy - SR.pdf,,,processed,false,2026-06-25,,2027-01-15,,false,,,false,,2026-06-12,,2026-07-27
"Block Real Estate Services, LLC",6a58c61e2ff1568432c9255f,69fded2162446148bd849198,"Sports Rehab and Physical Therapy Associates, Inc. (sublease from Kansas City Bone & Joint)",COI - Block.pdf,,,processed,false,2026-07-21,,2027-01-15,2026-07-16,false,,,false,Amercian Casualty Co. of Reading PA; Hartford Casualty Insurance Company; TRAVELERS INDEMNITY COMPANY,2026-07-16,,2026-07-27
"Block Real Estate Services, LLC",6a50161d6f4e542927b3a358,69fded2162446148bd8491a1,"Spirit Haven / SSB, LLC",ssb coli.pdf,,,processed,false,2026-07-13,,2027-01-08,2026-07-09,false,,,false,Auto-Owners Insurance Company,2026-07-09,,2026-07-27
"Block Real Estate Services, LLC",6a3c6bb2d4e980e942308a6d,69fded2162446148bd8491aa,Star Beauty,790127462.pdf,,,processed,false,2026-06-25,,2027-01-12,2026-06-24,false,,,false,Travelers Casualty Insurance Company of America,2026-06-24,,2026-07-27
"Block Real Estate Services, LLC",6a614fca5801cfb60ca31e00,69fded2162446148bd8491aa,Star Beauty,Star Beauty Lenexa KS COI 7.22.26.pdf,,,processed,false,,,2027-01-12,2026-07-22,false,,,false,Travelers Casualty Insurance Company of America; TravCo Insurance Company,2026-07-22,,2026-07-27
"Block Real Estate Services, LLC",6a23317de17de0c6d0ae2ad1,69fded2162446148bd8491a4,"Midwest Office Technology / STA-MOT-KS, LLC",ACORD Form 20260605-152715.pdf,,,processed,false,2026-06-08,,2026-08-31,,false,,,false,The Travelers Indemnity Company of America; The Travelers Indemnity Company,2026-06-05,,2026-07-27
"Block Real Estate Services, LLC",6a17742d6f7e352b1797b241,69fded2162446148bd8491a7,"Staples, Inc.","Block Income Fund III, LP co Block Real Esta_Staples, Inc._26-27 All Lines $10M - St_5-27-2026_29969952.pdf",,,processed,false,2026-06-02,,2027-06-01,2026-05-27,false,,,false,Travelers Property Casualty Company of America; Indemnity Insurance Company of North America; ACE Fire Underwriters Insurance Company; ACE American Insurance Company,2026-05-27,,2026-07-27
"Block Real Estate Services, LLC",6a6226680548cd9193c1f7d2,69fded2162446148bd8491a7,"Staples, Inc.","Lease - tic949 - Staples, Inc.pdf",,,processed,false,,,,,false,,,false,,2026-07-23,,2026-07-27
"Block Real Estate Services, LLC",6a58e1185c7b97125a9c85f5,69fded2162446148bd8491ad,Starbucks #2436,Starbucks MOI Store 81153.pdf,,,processed,false,2026-07-17,,2026-10-01,,false,,,false,Zurich American Insurance Company,2026-07-16,,2026-07-27
"Block Real Estate Services, LLC",6a5a3e68e01184066f4af7db,69fded2162446148bd8491ad,Starbucks #2436,Lease - tic827 - Starbucks.pdf,,,processed,false,2026-07-17,,,,false,,,false,,2026-07-17,,2026-07-27
"Block Real Estate Services, LLC",6a3415063a28b57599a17cd8,69fded2162446148bd8491bc,Stratus Surfaces LLC,"26-27 Master COI - Block Real Estate Services, LLC.pdf",,,processed,false,2026-06-22,,2027-05-01,2026-06-18,false,,,false,Employers Mutual Casualty Company,2026-06-18,,2026-07-27
"Block Real Estate Services, LLC",6a28099f9f092c55a134bc63,69fded2162446148bd8491b0,Starbucks Corporation #9654,2026 Starbucks Universal MOI.pdf,,,processed,false,2026-06-11,,2026-10-01,,false,,,false,Zurich American Insurance Company; American Guarantee and Liability Insurance Company,2026-06-09,,2026-07-27
"Block Real Estate Services, LLC",6a57b3b03817dd155dae1af5,69fded2162446148bd8491b0,Starbucks Corporation #9654,Lease - 3rd543 - Starbucks.pdf,,,processed,false,2026-07-16,,,,false,,,false,,2026-07-15,,2026-07-27
"Block Real Estate Services, LLC",6a58de7c5c7b97125a9c85b5,69fded2162446148bd8491b3,Starbucks Corporation,Lease - 3rd959 - Starbucks.pdf,,,processed,false,2026-07-16,,,,false,,,false,,2026-07-16,,2026-07-27
"Block Real Estate Services, LLC",6a58de8a5c7b97125a9c85d5,69fded2162446148bd8491b3,Starbucks Corporation,Lease - str117 - Starbucks.pdf,,,processed,false,2026-07-16,,,,false,,,false,,2026-07-16,,2026-07-27
"Block Real Estate Services, LLC",6a58de90b3bfafcf16aceef0,69fded2162446148bd8491b3,Starbucks Corporation,Lease - sum015 - Starbucks.pdf,,,processed,false,2026-07-16,,,,false,,,false,,2026-07-16,,2026-07-27
"Block Real Estate Services, LLC",6a58dfeb6efb65c395fa406c,69fded2162446148bd8491b3,Starbucks Corporation,Starbucks MOI Store 81153.pdf,,,processed,false,2026-07-16,,2026-10-01,,false,,,false,,2026-07-16,,2026-07-27
"Block Real Estate Services, LLC",6a2ffcb709f375dfb856f1db,69fded2162446148bd8491c2,"Style Crest, Inc. (fka Durham Supply, Inc.)","Cal-Vent Group, Ltd_Style Crest Enterprises, Inc._25-26 CERT General w26-2_6-15-2026_1288020938.pdf",,,processed,false,2026-06-15,,2026-10-01,2026-06-15,false,,,false,Great American Insurance Company of New York; Midwest Employers Casualty Company; Amerisure Mutual Insurance Company; Navigators Specialty Insurance Company,2026-06-15,,2026-07-27
"Block Real Estate Services, LLC",6a50f978c8b75240b608c3b3,69fded2162446148bd8491ce,"UDP (Unisource Document Products)/ Datamax / Sumner Group, Inc.","Block Real Estate Services_SumnerOne, Inc._26-27 MAIN GLI CAUT CUMB _7-10-2026_1095711423.pdf",,,processed,false,2026-07-14,,2027-03-01,2026-07-10,false,,,false,National Fire Insurance Company of Hartford; The Continental Insurance Company,2026-07-10,,2026-07-27
"Block Real Estate Services, LLC",6a590fffa8d82ac3668e4abd,69fded2162446148bd8491ce,"UDP (Unisource Document Products)/ Datamax / Sumner Group, Inc.","Block Real Estate Services_SumnerOne, Inc._26-27 MAIN GLI CAUT CUMB _7-16-2026_778999326.pdf",,,processed,false,2026-07-17,,2027-03-01,2026-07-16,false,,,false,National Fire Insurance Company of Hartford; The Continental Insurance Company,2026-07-16,,2026-07-27
"Block Real Estate Services, LLC",6a5910b8f442c47073c4b7f8,69fded2162446148bd8491ce,"UDP (Unisource Document Products)/ Datamax / Sumner Group, Inc.","Block Real Estate Services_SumnerOne, Inc._26-27 MAIN GLI CAUT CUMB _7-16-2026_1487703881.pdf",,,processed,false,2026-07-17,,2027-03-01,2026-07-16,false,,,false,National Fire Insurance Company of Hartford; The Continental Insurance Company,2026-07-16,,2026-07-27
"Block Real Estate Services, LLC",6a591175f442c47073c4b82b,69fded2162446148bd8491ce,"UDP (Unisource Document Products)/ Datamax / Sumner Group, Inc.","Block Real Estate Services_SumnerOne, Inc._26-27 MAIN GLI CAUT CUMB _7-16-2026_1163487283.pdf",,,processed,false,2026-07-17,,2027-03-01,2026-07-16,false,,,false,National Fire Insurance Company of Hartford; The Continental Insurance Company,2026-07-16,,2026-07-27
"Block Real Estate Services, LLC",6a3bea879af3fe11c94296b0,69fded2262446148bd8491d4,"Sunflower Food Company / Sunflower Hills, Inc.",Certificate Of Liability Insurance (55).pdf,,,processed,false,2026-06-30,,2027-01-01,,false,,,false,Sentry Insurance Company; Middlesex Insurance Company,2026-06-24,,2026-07-27
"Block Real Estate Services, LLC",6a2c41f5be9dc56b33f0e996,69fded2262446148bd8491d7,"SPI Coatings / Superior Products International II, Inc.",Proof of GL insurance 26-27.pdf,,,processed,false,2026-06-15,,2027-01-01,,false,,,false,Capitol Specialty Insurance Corporation,2026-06-12,,2026-07-27
"Block Real Estate Services, LLC",6a5e37bc47fe3eedd09ae64a,69fded2162446148bd8491cb,Summit Heating & Cooling LLC,Certificate_195_2026-04-07.pdf,,,processed,false,2026-07-22,,2027-04-07,2026-07-20,false,,,false,Federated Mutual Insurance Company,2026-07-20,,2026-07-27
"Block Real Estate Services, LLC",6a6247fe0a4315bb2509b1fe,69fded2162446148bd8491cb,Summit Heating & Cooling LLC,195.1 Blcok Real Estate.pdf,,,processed,false,,,2027-04-07,2026-07-23,false,,,false,Federated Mutual Insurance Company,2026-07-23,,2026-07-27
"Block Real Estate Services, LLC",6a3c4568d4e980e942308a27,69fded2262446148bd8491e0,TeamSmile Inc,Certificate.pdf,,,processed,false,2026-06-25,,2027-03-15,2026-06-11,false,,,false,Ohio Security Insurance Company; The Ohio Casualty Insurance Company; SFM Mutual Insurance Company; R - T Specialty LLC,2026-06-24,,2026-07-27
"Block Real Estate Services, LLC",6a4fb977f0ee70bc3c455be1,69fded2262446148bd8491e3,Tech Electronics of Kansas,"College Crossing CD, LLC_Tech Electronics of Kansas,LLC_26-27 MAIN GLI CAUT CUMB_7-8-2026_63430023.pdf",,,processed,false,2026-07-14,,2027-05-17,2026-07-08,false,,,false,Amerisure Insurance Company; Amerisure Mutual Insurance Company; Twin City Fire Insurance Company,2026-07-09,,2026-07-27
"Block Real Estate Services, LLC",6a2c211014a7a365eb479247,69fded2262446148bd8491ec,Tesla Inc,PORT Brixmor Property Group_ Inc. (SEA-4083754).pdf,,,processed,false,2026-06-15,,2026-10-31,2025-10-30,false,,,false,Zurich American Insurance Company; American Zurich Insurance Company,2026-06-12,,2026-07-27
"Block Real Estate Services, LLC",6a05f6111f712c628e49195b,69fded2262446148bd8491e6,Telamon Technologies Corporation,TelamonTechnologiesCorporationCOILamarDistributionCenter11.pdf,,,processed,false,2026-06-03,,2026-10-01,2025-10-01,false,,,false,Atlantic Specialty Insurance Company; OBI National Insurance Company,2026-05-14,,2026-07-27
"Block Real Estate Services, LLC",6a39b077d1bf38e72a670fc9,69fded2262446148bd8491e9,Temp-Con,BLOCK REAL ESTATE TEMP CON REVISED COI.pdf,,,processed,false,2026-06-23,,2027-04-01,2026-06-22,false,,,false,National Fire Insurance Company of Hartford; The Continental Insurance Company; Travelers Property Casualty Company of America,2026-06-22,,2026-07-27
"Block Real Estate Services, LLC",6a3d85dd540c4e7a799a0467,69fded2262446148bd8491ef,Test & Measurement Inc,"High Tech Associates, LLC_Test & Measurement, Inc._PLA GLHNOAUMWC 26-27_6-25-2026_1402058661.pdf",,,processed,false,2026-06-30,,2027-06-01,2026-06-25,false,,,false,The Cincinnati Casualty Company; The Cincinnati Insurance Company,2026-06-25,,2026-07-27
"Block Real Estate Services, LLC",6a34323e5d3c141fe2a9f0d1,69fded2262446148bd8491fb,Thai Chili Cuisine,Thai Chili Cuisine Dec.pdf,,,processed,false,2026-06-25,,,,false,,,false,,2026-06-18,,2026-07-27
"Block Real Estate Services, LLC",6a5149ba44bf0e811f8238fa,69fded2262446148bd84920a,"The Hairem / The Hairem of Olathe, LLC","The Hairem of Olathe, LLC - BOP.pdf",,,processed,false,2026-07-14,,2026-09-27,,false,,,false,,2026-07-10,,2026-07-27
"Block Real Estate Services, LLC",6a43e5a3e9786aa44fcb975b,69fded2262446148bd849207,"Rogers Labs (fka P&C Next) / The Compatibility Center, LLC",acord25 (98).pdf,,,processed,false,2026-06-30,,2026-07-13,2026-06-30,false,,,false,State Farm Fire and Casualty Company,2026-06-30,,2026-07-27
"Block Real Estate Services, LLC",6a4d0616be83c795bff51590,69fded2262446148bd849207,"Rogers Labs (fka P&C Next) / The Compatibility Center, LLC",acord25 - 2026-07-07T085754.850.pdf,,,processed,false,2026-07-07,,2026-07-13,2026-07-07,false,,,false,State Farm Fire and Casualty Company,2026-07-07,,2026-07-27
"Block Real Estate Services, LLC",6a6233138684afcc42f2267a,69fded2262446148bd849207,"Rogers Labs (fka P&C Next) / The Compatibility Center, LLC",acord25 - 2026-07-23T102758.209.pdf,,,processed,false,,,2026-09-14,2026-07-23,false,,,false,State Farm Fire and Casualty Company,2026-07-23,,2026-07-27
"Block Real Estate Services, LLC",6a3bd8799af3fe11c9429684,69fded2262446148bd849210,The Peavey Corporation,8YL_The Peavey Corpo_Block Real Estate Service_167769326.pdf,,,processed,false,2026-06-25,,2027-07-01,2026-06-24,false,,,false,New Hampshire Insurance Company,2026-06-24,,2026-07-27
"Block Real Estate Services, LLC",6a512a129a50c31614a8c58f,69fded2262446148bd849210,The Peavey Corporation,Block Real Estate Services LLC_The Peavey Corporation_25-26 GAU_6-26-2026_1213003751. updated.pdf,,,processed,false,2026-07-14,,2026-09-27,2026-06-26,false,,,false,The Cincinnati Insurance Company; Kinsale Insurance Company,2026-07-10,,2026-07-27
"Block Real Estate Services, LLC",6a316206253ef23013c9682b,69fded2262446148bd849213,The Sunderland Foundation,2026-2027 Liability Policy.pdf,,,processed,false,2026-06-17,,2027-05-21,2026-06-16,false,,,false,Twin City Fire Insurance Company,2026-06-16,,2026-07-27
"Block Real Estate Services, LLC",6a316207253ef23013c96849,69fded2262446148bd849213,The Sunderland Foundation,2026-2027 WC Policy.pdf,,,processed,false,2026-06-17,,2027-05-21,2026-06-16,false,,,false,Trumbull Insurance Company,2026-06-16,,2026-07-27
"Block Real Estate Services, LLC",6a3c11ee471d21bbc95f6c8f,69fded2262446148bd84920d,Argosy Casino & Hotel / The Missouri Gaming Company,6-24-26 Block Income Fund COI.pdf,,,processed,false,2026-06-25,,2027-04-01,2026-06-24,false,,,false,Zurich American Insurance Company; American Guarantee and Liability Insurance Company; American Zurich Insurance Company,2026-06-24,,2026-07-27
"Block Real Estate Services, LLC",6a3eaec4c35829c634df588f,69fded2262446148bd84920d,Argosy Casino & Hotel / The Missouri Gaming Company,6-26-2026 Block Income Fund COI.pdf,,,processed,false,2026-06-30,,2027-04-01,2026-06-26,false,,,false,Zurich American Insurance Company; American Guarantee and Liability Insurance Company; American Zurich Insurance Company,2026-06-26,,2026-07-27
"Block Real Estate Services, LLC",6a55207e4a3538cc4162dae0,69fded2262446148bd84920d,Argosy Casino & Hotel / The Missouri Gaming Company,Lease - bf3944 - Argosy Casino & Hotel.pdf,,,processed,false,2026-07-13,,,,false,,,false,,2026-07-13,,2026-07-27
"Block Real Estate Services, LLC",6a0721a1b333109abbec419b,69fded2262446148bd849222,Titan Built LLC,PERGBUILDINGSLLC15664771.pdf,,,processed,false,2026-06-02,,2027-01-01,2026-01-21,false,,,false,The Phoenix Insurance Company; The Travelers Indemnity Company of America; The Travelers Indemnity Company of Connecticut; Travelers Property Casualty Company of America; Continental Casualty Company,2026-05-15,,2026-07-27
"Block Real Estate Services, LLC",6a3149574762ebfccd143871,69fded2262446148bd849225,"T-Mobile USA, Inc. (fka Sprint CMC / Sprint United Management Company)",6.16.26 COI--KSLE007891.pdf,,,processed,false,2026-06-17,,2027-05-01,2026-06-04,false,,,false,Continental Casualty Company; The Continental Insurance Company; Transportation Insurance Company,2026-06-16,,2026-07-27
"Block Real Estate Services, LLC",6a4438cfc96953958c04a414,69fded2362446148bd84922e,Torgeson Electric Company,Torgeson Electric Company Inc. COI KCIP Riverside.pdf,,,processed,false,2026-07-02,,2027-07-01,2026-06-24,false,,,false,Indian Harbor Insurance Company; Nationwide Property and Casualty Insurance Company; Nationwide Mutual Insurance Company; Horizon Midwest Casualty Company; Navigators Insurance Company,2026-06-30,,2026-07-27
"Block Real Estate Services, LLC",6a62261b0a4315bb2509b13e,69fded2362446148bd84922e,Torgeson Electric Company,"KCIP Riverside LLCPlatte Valley Investment L_Torgeson Electric Company, Inc._ACORD27 Loc #1 - BPP, Mi_6-24-2026_369910250.pdf",,,processed,false,,,2027-07-01,2026-06-24,false,,,false,Nationwide Insurance Company of America,2026-07-23,,2026-07-27
"Block Real Estate Services, LLC",6a62261c0a4315bb2509b15c,69fded2362446148bd84922e,Torgeson Electric Company,"KCIP Riverside, LLCPlatte Valley Investments_Torgeson Electric Company, Inc._GLAUUMXSPLNTE&OWC _6-24-2026_1235060595.pdf",,,processed,false,,,2027-07-01,2026-06-24,false,,,false,Indian Harbor Insurance Company; Nationwide Property and Casualty Insurance Company; Nationwide Mutual Insurance Company; Horizon Midwest Casualty Company; Navigators Insurance Company,2026-07-23,,2026-07-27
"Block Real Estate Services, LLC",6a26fcb07f54c7a808caeb0d,69fded2362446148bd84923d,"Liquor Houzz / Trivedi and Riaz, Inc.",Trivedi & Riaz COI.pdf,,,processed,false,2026-06-10,,2027-04-01,,false,,,false,Tri-State Insurance Company of Minnesota,2026-06-08,,2026-07-27
"Block Real Estate Services, LLC",6a29c0b3895c408da11a7abd,69fded2362446148bd84923d,"Liquor Houzz / Trivedi and Riaz, Inc.",Worker comp and Employer liability Liquor houzz.pdf,,,processed,false,2026-06-10,,,,false,,,false,,2026-06-10,,2026-07-27
"Block Real Estate Services, LLC",6a39a0ef56c92b305022f694,69fded2362446148bd849231,"Johnson County Davita / Total Renal Care, Inc.",cert_SEA_C_o Block Real Estate Services_4236816_1.pdf,,,processed,false,2026-06-25,,2026-10-01,2026-06-23,false,,,false,Federal Way Assurance Inc.; N / A; AIU Insurance Company,2026-06-22,,2026-07-27
"Block Real Estate Services, LLC",6a43c739922a2523ecdebae6,69fded2362446148bd84924f,UBS Financial Services Inc,"Block Real Estate Services, LLC_UBS Financial Services, Inc._ACORD 25 26-27 GLUMB(5M_6-17-2026_430329792.pdf",,,processed,false,2026-06-30,,2027-07-01,2026-06-17,true,low,<p>Send email for Location and WC evidence on 7/1</p>,false,Zurich American Insurance Company; American Guarantee and Liability Insurance Company,2026-06-30,,2026-07-27
"Block Real Estate Services, LLC",6a05ea238b5928c024ade0c8,69fded2362446148bd849252,UMB Bank N.A.,umb.pdf,,,processed,false,2026-06-03,,2026-07-01,2025-06-27,false,,,false,American Zurich Insurance Company; Zurich American Insurance Company; American Guarantee and Liability Insurance Company,2026-05-14,,2026-07-27
"Block Real Estate Services, LLC",6a3eacfca83126525e69621f,69fded2362446148bd849252,UMB Bank N.A.,previewliabilityholder (3).pdf,,,processed,false,2026-06-30,,2027-07-01,2026-06-25,false,,,false,American Zurich Insurance Company; Zurich American Insurance Company; American Guarantee and Liability Insurance Company,2026-06-26,,2026-07-27
"Block Real Estate Services, LLC",6a3995fc72d1657c15f9dcac,69fded2362446148bd849255,Unified Door & Hardware Group LLC,"26-27-Foundation Building Materials, Inc-COI-co Block Real Estate Services, LLC-22634581.pdf",,,processed,false,2026-06-23,,2027-06-01,2026-06-22,false,,,true,"National Union Fire Insurance Company of Pittsburgh, Pa.; ACE Property and Casualty Insurance Company; AIU Insurance Company",2026-06-22,,2026-07-27
"Block Real Estate Services, LLC",6a062146b65dbfe9916d4fbe,69fded2362446148bd84925e,"Triton Stone Group/Triton Stone of Kansas City / Unique Stone Concepts, LLC",570118801739.pdf,,,processed,false,2026-06-02,,2027-04-01,2026-03-26,false,,,false,Zurich American Insurance Company; American Guarantee and Liability Insurance Company,2026-05-14,,2026-07-27
"Block Real Estate Services, LLC",6a2c168c30f44d51aca8dcc6,69fded2362446148bd849261,Unistrut Corporation,"Block Real Estate Services, LLC-570116719994.pdf",,,processed,false,2026-06-15,,2026-12-01,2025-11-18,false,,,false,"National Union Fire Insurance Company of Pittsburgh, Pa.; AIU Insurance Company",2026-06-12,,2026-07-27
"Block Real Estate Services, LLC",6a59728e0b03d2d2c5b657fc,69fded2362446148bd849264,"United Access of KC, LLC",COI - Evidence of Insurance 26-27.pdf,,,processed,false,2026-07-21,,2027-07-01,2026-06-26,false,,,false,Hartford Fire Insurance Company; Hartford Casualty Insurance Company; Wesco Insurance Company,2026-07-17,,2026-07-27
"Block Real Estate Services, LLC",6a07264a7ee88c9e36193e92,69fded2362446148bd84926a,United Refrigeration Inc,"CAL-VENTGROUP,LTD,COI.pdf",,,processed,false,2026-06-02,,2026-08-01,2025-12-18,false,,,false,Arch Insurance Company,2026-05-15,,2026-07-27
"Block Real Estate Services, LLC",6a556848501b8361b0e98501,69fded2462446148bd849282,Verizon / Cellular Sales,"Verizon  Cellular Sales_Steven G. Kremer, as Trustee of the.pdf",,,processed,false,2026-07-15,,2026-09-17,2026-07-13,false,,,false,Hartford Underwriters Insurance Company,2026-07-13,,2026-07-27
"Block Real Estate Services, LLC",6a55164e501b8361b0e982ba,69fded2362446148bd849276,Unum Life Insurance Company of America & Colonial Life Insurance,Lease - tic665 - Unum Life Insurance Company of America Amend.pdf,,,processed,false,2026-07-13,,,,false,,,false,,2026-07-13,,2026-07-27
"Block Real Estate Services, LLC",6a551650501b8361b0e982da,69fded2362446148bd849276,Unum Life Insurance Company of America & Colonial Life Insurance,Lease - tic665 - Unum Life Insurance Company of America.pdf,,,processed,false,2026-07-13,,,,false,,,false,,2026-07-13,,2026-07-27
"Block Real Estate Services, LLC",6a5678aded7446d9d1a7ee3a,69fded2362446148bd849276,Unum Life Insurance Company of America & Colonial Life Insurance,PinnacleCorporateCentreVPinnacleVAssociatesLLC_W47264390.pdf,,,processed,false,2026-07-15,,2027-06-30,2026-07-14,false,,,false,"Travelers Property Casualty Company of America; National Union Fire Insurance Company of Pittsburgh, Pa.; Travelers Casualty and Surety Company; The Travelers Indemnity Company of Connecticut; Endurance American Specialty Insurance Company",2026-07-14,,2026-07-27
"Block Real Estate Services, LLC",6a55258a8f343040b1a1b492,69fded2462446148bd84927f,Var City Maintenance LLC,Certificate Insurance  - Perg Building 2026-2027.pdf,,,processed,false,2026-07-15,,2026-08-26,2026-07-13,true,low,<p>Lease requested from Block</p>,false,"General Insurance Company of America; The Ohio Casualty Insurance Company; American Casualty Company of Reading, Pennsylvania",2026-07-13,,2026-07-27
"Block Real Estate Services, LLC",6a5fc0675c9c14b344a63516,69fded2462446148bd84928e,Vintegrity Kansas LLC,Travelers Insurance Certificate.pdf,,,processed,false,2026-07-22,,2026-08-05,,false,,,false,The Travelers Indemnity Company,2026-07-21,,2026-07-27
"Block Real Estate Services, LLC",6a5fda17751b67ad6976f10e,69fded2462446148bd84928e,Vintegrity Kansas LLC,"25-26 Acuity Pkg Renwal $29,497.00.pdf",,,processed,false,2026-07-22,,,,false,,,false,,2026-07-21,,2026-07-27
"Block Real Estate Services, LLC",6a57bfece8caaf78715d0169,69fded2462446148bd84929a,"VRC Companies, LLC (fka T2 Holdings, LLC/Redishred Kansas, Inc. dba Proshred Security)",VRC BLOCK Real Estate Services LLC (003) - 2026-2027 COI.pdf,,,processed,false,2026-07-21,,2027-07-01,2026-07-15,false,,,false,Federal Insurance Company,2026-07-15,,2026-07-27
"Block Real Estate Services, LLC",6a57d78d0ff069ab41ffc46d,69fded2462446148bd84929a,"VRC Companies, LLC (fka T2 Holdings, LLC/Redishred Kansas, Inc. dba Proshred Security)","BLOCK Real Estate Services, LLC.pdf",,,processed,false,2026-07-21,,2027-07-01,2026-07-15,false,,,false,Federal Insurance Company,2026-07-15,,2026-07-27
"Block Real Estate Services, LLC",6a22ecb5e73a40141679f0b6,69fded2462446148bd8492a6,Wayfair LLC,"College IJ, LLC.pdf",,,processed,false,2026-06-08,,2026-12-31,2026-01-07,false,,,false,ACE American Insurance Company; ACE Property and Casualty Insurance Company; Indemnity Insurance Company of North America; ACE Fire Underwriters Insurance Company,2026-06-05,,2026-07-27
"Block Real Estate Services, LLC",6a5117faa37aba637389fef8,69fded2462446148bd849297,Vortex Industries LLC,"Block Real Estate Services, LLC_Nexus Holding LLC; Vortex Industrie_ 26-27 GL(ai-pnc-ws-noc_6-23-2026_1761681646.pdf",,,processed,false,2026-07-14,,2027-07-01,2026-06-23,false,,,false,Old Republic Insurance Company; Great American Insurance Company,2026-07-10,,2026-07-27
"Block Real Estate Services, LLC",6a3026be7828333b350b9d7e,69fded2462446148bd8492a9,"Advena Living /Cornerstone Group Holdings, Inc. (sublease of Midlands Independent Review Board, LLC / WCG IRB, Inc.)",COI- LL- MLIRB- KS 25-26.pdf,,,processed,false,2026-06-17,,2026-12-08,2025-12-08,false,,,false,The Hartford,2026-06-15,,2026-07-27
"Block Real Estate Services, LLC",6a469d32797dbac10da8c63f,69fded2462446148bd8492af,"Satellite Engineering / WESCO Distribution, Inc.",26-27 WESCO Landlords - Block Real Estate Services.pdf,,,processed,false,2026-07-09,,2027-06-04,2026-07-01,false,,,false,Travelers Property Casualty Company of America,2026-07-02,,2026-07-27
"Block Real Estate Services, LLC",6a563f5f68ef626ef3e04450,69fded2462446148bd8492af,"Satellite Engineering / WESCO Distribution, Inc.","Lease - bkp363 - Wesco Distribution, Inc.pdf",,,processed,false,2026-07-14,,,,false,,,false,,2026-07-14,,2026-07-27
"Block Real Estate Services, LLC",6a42bee604ca7701e3da65f1,69fded2462446148bd8492cd,Xpress Stop 2 LLC / World of Spirits,IMG_6992.jpeg,,,processed,false,2026-06-30,,2027-04-25,,false,,,false,Auto-Owners Insurance Company,2026-06-29,,2026-07-27
"Block Real Estate Services, LLC",6a3ecbacf2ac6f34a3c56b58,69fded2462446148bd8492c1,World Acceptance Corporation / World Finance,1162-World coi 3-1-27.pdf,,,processed,false,2026-06-26,,2027-03-01,2026-02-27,false,,,false,Zurich American Insurance Company; Travelers Property Casualty Company of America,2026-06-26,,2026-07-27
"Block Real Estate Services, LLC",6a55205a21f86634e8b19ad4,69fded2462446148bd8492c1,World Acceptance Corporation / World Finance,Lease - 3rd979 - World Acceptance Corp.pdf,,,processed,false,2026-07-13,,,,false,,,false,,2026-07-13,,2026-07-27
"Block Real Estate Services, LLC",6a2c1d37be9dc56b33f0e963,69fded2462446148bd8492c7,"Worldwide Express / WWEX Franchise Holdings, LLC",CityBlock_WWEX 26-27.pdf,,,processed,false,2026-06-15,,2027-05-04,2026-04-30,false,,,false,Anovo / UW at Lloyds; Hartford Fire Insurance Company; Trumbull Insurance Company; Hartford Casualty Insurance Company,2026-06-12,,2026-07-27
"Block Real Estate Services, LLC",6a5e9e04b4f7f0f11147d3e0,6a17105b1814afc0f53b2a39,Computers To Go / Scott Petrak,CTG Hartford CERTIFICATE.Pdf,,,processed,false,2026-07-22,,2026-11-09,2025-10-11,false,,,false,"Sentinel Insurance Company, Ltd.",2026-07-20,,2026-07-27
"Block Real Estate Services, LLC",6a625b89f529169f537dff93,6a171003ee5ef0b8dcf522cf,"Pop! Vintage Furniture & Accessories, LLC",3118_001.pdf,,,processed,false,2026-07-23,,,,false,,,false,,2026-07-23,,2026-07-27
"Block Real Estate Services, LLC",6a625c030548cd9193c1f8c7,6a171003ee5ef0b8dcf522cf,"Pop! Vintage Furniture & Accessories, LLC",Lease - 3rd312 - Pop Vintage Furniture & Accessories.pdf,,,processed,false,2026-07-23,,,,false,,,false,,2026-07-23,,2026-07-27
"Block Real Estate Services, LLC",6a60b97aca4b4b4273202559,6a174c5f68ca7e99894e866e,"Party Time Liquor / LEXMI, LLC","TGS, LLC dba Party Time Liquor -- Updated 25-26 COI for Block Real Estate Services, LLC.pdf",,,processed,false,2026-07-22,,2026-09-04,2026-07-22,false,,,false,Employers Mutual Casualty Company,2026-07-22,,2026-07-27
"Block Real Estate Services, LLC",6a60eb28ca4b4b427320268c,6a17103e4ee870c0f8575639,"WGN & Associates, LLC",Block real estae COI.pdf,,,processed,false,2026-07-24,,2026-10-28,2026-07-22,false,,,false,State Auto Property & Casualty Insurance Company; Hartford Casualty Insurance Company,2026-07-22,,2026-07-27
"Block Real Estate Services, LLC",6a637cf2ba0418f566ac5c67,6a17103e4ee870c0f8575639,"WGN & Associates, LLC","WGN & Associates, LLC KCMO COI.pdf",,,processed,false,,,2026-10-28,2026-07-22,false,,,false,State Auto Property & Casualty Insurance Company; Hartford Casualty Insurance Company,2026-07-24,,2026-07-27
"Block Real Estate Services, LLC",6a5e2e1cb4f7f0f11147cc46,6a17544d68ca7e9989502900,Dr. Ryan Spurgeon Healing Neck & Joints,COI Spurgeon Chiropractic LLC 2026.pdf,,,processed,false,2026-07-22,,2027-02-05,2026-07-13,false,,,false,State Farm Fire and Casualty Company,2026-07-20,,2026-07-27
"Block Real Estate Services, LLC",6a60f1c20a4315bb2509b003,6a17544d68ca7e9989502900,Dr. Ryan Spurgeon Healing Neck & Joints,Spurgeon_Chiropractic_Clinic_LLC_DBA_Dr_Spurgeon_D_AC25_Certificate_2026-07-22.pdf,,,processed,false,,,2026-08-20,2026-07-22,false,,,false,"Technology Insurance Company, Inc.",2026-07-22,,2026-07-27
"Block Real Estate Services, LLC",6a625647f4a44f9d273a5371,6a17544d68ca7e9989502900,Dr. Ryan Spurgeon Healing Neck & Joints,Workers_Comp_COI_26:27.pdf,,,processed,false,,,2027-08-20,2026-07-22,false,,,false,"Technology Insurance Company, Inc.",2026-07-23,,2026-07-27
"Block Real Estate Services, LLC",6a60edc50a4315bb2509af45,6a1757dbf2985118876d7f9a,Afrah Event Center / Astro Ventures,CERTIFICATE OF INSURANCE.Pdf,,,processed,false,,,2027-03-01,2026-02-11,false,,,false,Property and Casualty Insurance Company of Hartford,2026-07-22,,2026-07-27
"Block Real Estate Services, LLC",6a4537c1375e453b637982b8,6a184f4af8f612ef094c4c00,PharMerica / Pharmacy Corporation of America,Pharmerica Corporation_Lenexa-570121440137.pdf,,,processed,false,2026-07-02,,2027-07-01,2026-06-29,false,,,false,ACE American Insurance Company; Indemnity Insurance Company of North America; Illinois Union Insurance Company; Arch Specialty Insurance Company,2026-07-01,,2026-07-27
"Block Real Estate Services, LLC",6a457d0232bd98d9bcfcb3f1,6a184fbc8bbe0a0890eb6a1d,"Home Depot U.S.A., Inc. (fka Interline Brands, Inc.)",cert_ATL_BK PROPERTIES_ LLC_5391873_49.pdf,,,processed,false,2026-07-06,,2027-03-01,2026-07-01,false,,,false,"Old Republic Insurance Company; National Union Fire Insurance Company of Pittsburgh, Pa.; AIU Insurance Company",2026-07-01,,2026-07-27
"Block Real Estate Services, LLC",6a5f95ab91952d391417064c,6a1858dddf417460157fddd6,"Anytime Fitness / Southside Fitness, LLC","Block Real Estate Services, LLC.pdf",,,processed,false,2026-07-22,,2027-07-01,2026-07-21,false,,,false,Fortegra Specialty Insurance Company; SFM Mutual Insurance Company,2026-07-21,,2026-07-27
"Block Real Estate Services, LLC",6a54fe707be63eb35dcace22,6a18630f5a886bcac1399a34,"Westside Grill and Bar / Cheers 221, LLC",Certificate.pdf,,,processed,false,2026-07-13,,2025-08-15,2024-08-05,false,,,false,United Fire & Casualty Company,2026-07-13,,2026-07-27
"Block Real Estate Services, LLC",6a5654ee1ca426540eec0fbb,6a1862ef17ab90e8a02e444c,Fire House Subs,Manifest Block Real Estate Services LLC cert 7-14-2026.pdf,,,processed,false,2026-07-15,,2027-04-12,2026-07-14,false,,,false,Hartford Underwriters Insurance Company; Hartford Insurance Company of the Southeast,2026-07-14,,2026-07-27
"Block Real Estate Services, LLC",6a6226dd8684afcc42f225a6,6a1862ef17ab90e8a02e444c,Fire House Subs,Manifest 42 cert Block Real Estate rev 7-23-2026.pdf,,,processed,false,,,2027-04-12,2026-07-23,false,,,false,Hartford Underwriters Insurance Company; Hartford Insurance Company of the Southeast,2026-07-23,,2026-07-27
"Block Real Estate Services, LLC",6a6226fcf4a44f9d273a520c,6a1862ef17ab90e8a02e444c,Fire House Subs,Manifest 42 cert Block Real Estate rev 7-23-2026.pdf,,,processed,false,,,2027-04-12,2026-07-23,false,,,false,Hartford Underwriters Insurance Company; Hartford Insurance Company of the Southeast,2026-07-23,,2026-07-27
"Block Real Estate Services, LLC",6a1889ce82c2949d9a6d4082,6a18646fe701796d85db75b6,To the Hoop Bar & Grill,"COI-S-79InvestmentCompany,APartnership.pdf.pdf",,,processed,false,2026-06-02,,2026-06-20,2025-06-24,false,,,false,United States Liability Insurance Company; Wesco Insurance Company,2026-05-28,,2026-07-27
"Block Real Estate Services, LLC",6a5955b01d9ce7620fc2613c,6a186a17e701796d85dca48c,85 Degrees Bakery / DA FA Inc 85C,26-27 COI - co Block Real Estate Services.pdf,,,processed,false,2026-07-20,,2026-10-01,2026-07-16,false,,,false,Travelers Property Casualty Company of America; The Travelers Indemnity Company of Connecticut; Arch Insurance Company,2026-07-16,,2026-07-27
"Block Real Estate Services, LLC",6a3aacffcf85b61f730f4249,6a187263e701796d85de7c91,"LVT Trucking, Inc.","Block Real Estate Services, LLC_LVT Trucking, Inc._2627 Main Cert_6-22-2026_2083858035.pdf",,,processed,false,2026-06-23,,2027-07-01,2026-06-22,false,,,false,Northland Insurance Company,2026-06-23,,2026-07-27
"Block Real Estate Services, LLC",6a590d3cf442c47073c4b7da,6a187b72462ef1e78ea98fda,"Heper USA, Inc.",Master Certificate of Liability Insurance 26-27 (3).pdf,,,processed,false,2026-07-17,,2027-07-14,2026-07-15,false,,,false,Evanston Insurance Company; MEM Mutual Insurance Company,2026-07-16,,2026-07-27
"Block Real Estate Services, LLC",6a18999282c2949d9a6d40e8,6a187768b517ae25a8805ad8,"KC Roofscapes, LLC",perg_buildings__llc__c_o_block_real_estate_services__llc__23167217.pdf,,,processed,false,2026-06-02,,2026-06-04,2026-05-22,false,,,false,EVANSTON . INS . CO .,2026-05-28,,2026-07-27
"Block Real Estate Services, LLC",6a3d964fd8c76bba91751a53,6a1885319ef1cffe57c7679c,Dutch Brothers Coffee,"North Cass Development LLC_3782000_Dutch Mafia, LLC.pdf",,,processed,false,2026-06-25,,2026-10-01,2026-06-25,false,,,false,Great Northern Insurance Company; Federal Insurance Company; SAIF Corporation; Zurich American Insurance Company; N / A,2026-06-25,,2026-07-27
"Block Real Estate Services, LLC",6a199dcab590b85877cccd3e,6a199d6fabae685b1c514ece,CB Smoothie Supps LLC,CB Smoothie Supps LLC COI.pdf,,,processed,false,2026-06-01,,2027-04-21,,false,,,false,Midvale Indemnity Company,2026-05-29,,2026-07-27
"Block Real Estate Services, LLC",6a0726f0206702aac8617c95,6a1dccbb23b401dcff773de7,TitleMax Title Loans / Title Max of Missouri,LeesSummitMikeEnterpriseLLC_CCFHoldingsLLC_2526CCFTMXTemplate_10-27-2025_9283204593.pdf,,,processed,false,2026-06-02,,2026-10-15,2025-10-27,false,,,true,Travelers Property Casualty Company of America; Travelers Casualty Insurance Company of America,2026-05-15,,2026-07-27
"Block Real Estate Services, LLC",6a0725d9206702aac8614800,6a1dcea405955276b691e1da,Regal Distributing Co.,"LenexaLogistics5,LLC_RegalDistributingCo.,Inc._26GAUWRegal_2-10-2026_803985184.pdf",,,processed,false,2026-06-02,,2027-01-01,2026-02-10,false,,,false,The Travelers Indemnity Company of America; Travelers Casualty Company of Connecticut; Travelers Property Casualty Company of America; The Standard Fire Insurance Company,2026-05-15,,2026-07-27
"Block Real Estate Services, LLC",6a19b8e90a4f71a854894948,6a19b8b18805769e5038a2ed,Savor Strategy,Savor Strategy LLC-COI.pdf,,,processed,false,2026-06-01,,2027-03-31,2026-05-22,false,,,false,State Farm Fire and Casualty Company,2026-05-29,,2026-07-27
"Block Real Estate Services, LLC",6a0619021f712c628e549e8c,6a1dd913a0ed8c51ab1dfbe5,"Hercules Industries, Inc. (fka National Sales Company)",LenexaCOI.pdf,,,processed,false,2026-06-02,,2026-09-01,2026-01-09,false,,,false,"Acuity, A Mutual Insurance Company; Crum and Forster Insurance Company",2026-05-14,,2026-07-27
"Block Real Estate Services, LLC",6a5e39fc55d8ca225c22edd6,6a1de0072575f4fed44847a8,Home Cleaning Center of America,Cert of Ins HCCA.pdf,,,processed,false,2026-07-22,,2026-11-23,2026-07-16,false,,,false,St. Paul Fire and Marine Insurance Company; Travelers Property Casualty Company of America,2026-07-20,,2026-07-27
"Block Real Estate Services, LLC",6a569410920c7c777ab3ad99,6a1de0142575f4fed4484ab8,"Gentry Dental / James D Gentry, Dmd",James Gentry.pdf,,,processed,false,2026-07-15,,2026-08-29,2026-07-14,false,,,false,State Farm Fire and Casualty Company,2026-07-14,,2026-07-27
"Block Real Estate Services, LLC",6a590c5be8caaf78715d0ab7,6a1ddfeea0ed8c51ab1fa0c7,Jeff Thomson Orthodontics,c-o Block Real Estate Services- LLC - Liability.pdf,,,processed,false,2026-07-21,,2026-11-15,2026-07-13,false,,,false,Sentry Insurance Company,2026-07-16,,2026-07-27
"Block Real Estate Services, LLC",6a5fd6f43d7c8f1b1ccd3d20,6a1ddffd98a3fac93a1cc908,"DPTRE, LLC (fka Fleming Advisors, LLC)",LititzB.Poly3.26-3.27.pdf,,,processed,false,2026-07-22,,,,false,,,false,,2026-07-21,,2026-07-27
"Block Real Estate Services, LLC",6a54e7b9501b8361b0e98192,6a1de01f98a3fac93a1cd31d,Leawood Cosmetic and Family Dentistry,Kelly 2027 exp PLI.pdf,,,processed,false,2026-07-14,,2026-07-03,2025-06-24,false,,,false,The Cincinnati Insurance Company,2026-07-13,,2026-07-27
"Block Real Estate Services, LLC",6a5e3ed590479831a5a4a091,6a1de01f98a3fac93a1cd31d,Leawood Cosmetic and Family Dentistry,Kelly PLI 2025-2026.27 (1).pdf,,,processed,false,2026-07-22,,2027-07-03,2026-07-20,false,,,false,The Cincinnati Casualty Company,2026-07-20,,2026-07-27
"Block Real Estate Services, LLC",6a63b0d30a4315bb2509b3f6,6a1de01f98a3fac93a1cd31d,Leawood Cosmetic and Family Dentistry,Certificate - 2026-07-24T143634.897.pdf,,,processed,false,,,2027-07-03,2026-07-24,false,,,false,The Cincinnati Casualty Company,2026-07-24,,2026-07-27
"Block Real Estate Services, LLC",6a2c704f8b0f9b5ef895d8bf,6a1dfcd80a51a0db79c1dfba,JRJ Partners - Condo Owners (Clancey Design Distributor),"Perg Buildings, LLC_RJR, Inc., Dba Clancey Company_2015753431.pdf",,,processed,false,2026-06-15,,2027-01-01,2026-06-12,false,,,false,The Travelers Indemnity Company of America; Travelers Property Casualty Company of America,2026-06-12,,2026-07-27
"Block Real Estate Services, LLC",6a5fb17c0050e33e38fa20cb,6a1dfcd80a51a0db79c1dfba,JRJ Partners - Condo Owners (Clancey Design Distributor),26-27 GL AI WOS.pdf,,,processed,false,2026-07-22,,,,false,,,false,,2026-07-21,,2026-07-27
"Block Real Estate Services, LLC",6a5fb17d0050e33e38fa20e9,6a1dfcd80a51a0db79c1dfba,JRJ Partners - Condo Owners (Clancey Design Distributor),26-27 WC WOS Blkt.pdf,,,processed,false,2026-07-22,,2027-07-17,,false,,,false,,2026-07-21,,2026-07-27
"Block Real Estate Services, LLC",6a5fb17e0050e33e38fa2106,6a1dfcd80a51a0db79c1dfba,JRJ Partners - Condo Owners (Clancey Design Distributor),26-27 GL Per Location Aggregate.pdf,,,processed,false,2026-07-22,,,,true,low,"<p><span data-entityid=""6916131ad7eff5d5f9194e6f"" data-entityname=""@PhilipIrving"" data-entitytype=""mention"">@PhilipIrving</span> they are stating this document refers to ""per location"" but i cannot tell that it does, can you please review and let me know your thoughts?</p>
<p><br></p>
<p>Thanks</p>",false,,2026-07-21,,2026-07-27
"Block Real Estate Services, LLC",6a5fc0c85c9c14b344a63534,6a1dfcd80a51a0db79c1dfba,JRJ Partners - Condo Owners (Clancey Design Distributor),"Block Real Estate Services, LLC_RJR, Inc., Dba Clancey Company_1776177737.pdf",,,processed,false,2026-07-22,,2027-01-01,2026-07-21,false,,,false,The Travelers Indemnity Company of America; Travelers Property Casualty Company of America,2026-07-21,,2026-07-27
QTS Data Centers,6a3d49ec55eedc21633b2bb6,69f0f3c4beb6279e947be0da,"Clayco, Inc.",Quality Technology Services 101-07427.pdf,,,processed,false,2026-07-06,,2027-06-30,2026-06-25,false,,,false,"Zurich American Insurance Company; American Guarantee and Liability Insurance Company; XL Insurance America, Inc.; Steadfast Insurance Company",2026-06-25,,2026-07-27
QTS Data Centers,6a4ce0a76c479ddbf83cc3c1,69f0f3c4beb6279e947be0da,"Clayco, Inc.",Quality Technology Services 101-07427.pdf,,,processed,false,2026-07-09,,2027-06-30,2026-06-25,false,,,false,"Zurich American Insurance Company; American Guarantee and Liability Insurance Company; XL Insurance America, Inc.; Steadfast Insurance Company",2026-07-07,,2026-07-27
QTS Data Centers,6a4d114cbe83c795bff515ce,69f0f3c4beb6279e947be0da,"Clayco, Inc.",101-08424 Quality Technology Services LLC.pdf,,,processed,false,2026-07-09,,2027-06-30,2026-07-07,false,,,false,"Zurich American Insurance Company; American Guarantee and Liability Insurance Company; XL Insurance America, Inc.; Steadfast Insurance Company",2026-07-07,,2026-07-27
QTS Data Centers,6a42e4c304ca7701e3da6802,69f0f3c4beb6279e947be0d0,"AP Gulf States, Inc.",Please OPEN_HUB CerSecure Non-Compliance.pdf,,,processed,false,2026-07-09,,,,false,,,false,,2026-06-29,,2026-07-27
QTS Data Centers,6a42e4de5f810130a0de0b53,69f0f3c4beb6279e947be0d0,"AP Gulf States, Inc.",REVISED QTS 6.29.26.pdf,,,processed,false,2026-07-09,,2027-03-01,2026-06-29,false,,,false,"Continental Casualty Company; The Continental Insurance Company; American Casualty Company of Reading, Pennsylvania; XL Insurance America, Inc.; Transportation Insurance Company; Starr Indemnity & Liability Company; Berkley Assurance Company",2026-06-29,,2026-07-27
QTS Data Centers,6a6132d93d7c8f1b1ccd42fa,69f0f3c4beb6279e947be0d0,"AP Gulf States, Inc.",REVISED QTS 7.22.26.pdf,,,processed,false,,,2027-03-01,2026-07-22,false,,,false,"Continental Casualty Company; The Continental Insurance Company; American Casualty Company of Reading, Pennsylvania; Berkley Assurance Company; Transportation Insurance Company; Starr Indemnity & Liability Company",2026-07-22,,2026-07-27
QTS Data Centers,6a396245dcd485b7faaa32de,69f0f3c4beb6279e947be0d5,Brasfield & Gorrie L.L.C.,"COI - 2627 - QTS Fayetteville I DC3, LLC.pdf",,,processed,false,2026-07-08,,2027-07-01,2026-06-22,false,,,false,The Travelers Indemnity Company; The Travelers Indemnity Company of Connecticut; * See Attachment for Schedule of Companies; Travelers Commercial Casualty Company; Steadfast Insurance Company; Old Republic Insurance Company,2026-06-22,,2026-07-27
QTS Data Centers,6a621a020a4315bb2509b106,69f0f3c4beb6279e947be0d5,Brasfield & Gorrie L.L.C.,"COI - 2627 - Quality Technology Services, LLC #30819.pdf",,,processed,false,,,2027-07-01,2026-07-22,false,,,false,The Travelers Indemnity Company; The Travelers Indemnity Company of Connecticut; * See Attachment for Schedule of Companies; Travelers Commercial Casualty Company; Steadfast Insurance Company; Old Republic Insurance Company,2026-07-23,,2026-07-27
QTS Data Centers,6a394c48d382314fdae2fe3e,69f0f3c5beb6279e947be0ee,"HITT Contracting, Inc.","Quality Technology Services, LLC - Liab.pdf",,,processed,false,2026-06-25,,2027-05-01,2026-06-22,false,,,false,Liberty Insurance Corporation; Liberty Mutual Fire Insurance Company; LM Insurance Corporation; Berkley Assurance Company; American Guarantee and Liability Insurance Company,2026-06-22,,2026-07-27
QTS Data Centers,6a394ce2efaf8fc91cd0ae1e,69f0f3c5beb6279e947be0ee,"HITT Contracting, Inc.","Quality Technology Services, LLC - Liab - 2.pdf",,,processed,false,2026-06-25,,2027-05-01,2026-06-22,false,,,false,Liberty Mutual Fire Insurance Company; LM Insurance Corporation; Liberty Insurance Corporation,2026-06-22,,2026-07-27
QTS Data Centers,6a394d70accacb8cab636db9,69f0f3c5beb6279e947be0ee,"HITT Contracting, Inc.","Quality Technology Services, LLC - Liab - 3.pdf",,,processed,false,2026-06-25,,2027-05-01,2026-06-22,false,,,false,Liberty Insurance Corporation; Liberty Mutual Fire Insurance Company; LM Insurance Corporation; Berkley Assurance Company; American Guarantee and Liability Insurance Company,2026-06-22,,2026-07-27
QTS Data Centers,6a394db4accacb8cab636e1f,69f0f3c5beb6279e947be0ee,"HITT Contracting, Inc.","Quality Technology Services, LLC - Liab - 4.pdf",,,processed,false,2026-06-25,,2027-05-01,2026-06-22,false,,,false,Liberty Insurance Corporation; Liberty Mutual Fire Insurance Company; LM Insurance Corporation; Berkley Assurance Company; American Guarantee and Liability Insurance Company,2026-06-22,,2026-07-27
QTS Data Centers,6a394e00597e3570daab6088,69f0f3c5beb6279e947be0ee,"HITT Contracting, Inc.","Quality Technology Services, LLC - Liab - 5.pdf",,,processed,false,2026-06-25,,2027-05-01,2026-06-22,false,,,false,Liberty Insurance Corporation; Liberty Mutual Fire Insurance Company; LM Insurance Corporation; Berkley Assurance Company; American Guarantee and Liability Insurance Company,2026-06-22,,2026-07-27
QTS Data Centers,6a394e38accacb8cab636e54,69f0f3c5beb6279e947be0ee,"HITT Contracting, Inc.","Quality Technology Services, LLC - Liab - 6.pdf",,,processed,false,2026-06-25,,2027-05-01,2026-06-22,false,,,false,Liberty Insurance Corporation; Liberty Mutual Fire Insurance Company; LM Insurance Corporation; Berkley Assurance Company; American Guarantee and Liability Insurance Company,2026-06-22,,2026-07-27
QTS Data Centers,6a394e75d382314fdae2fe74,69f0f3c5beb6279e947be0ee,"HITT Contracting, Inc.","Quality Technology Services, LLC - Liab - 7.pdf",,,processed,false,2026-06-25,,2027-05-01,2026-06-22,false,,,false,Liberty Insurance Corporation; Liberty Mutual Fire Insurance Company; LM Insurance Corporation; Berkley Assurance Company; American Guarantee and Liability Insurance Company,2026-06-22,,2026-07-27
QTS Data Centers,6a394eb1d382314fdae2feda,69f0f3c5beb6279e947be0ee,"HITT Contracting, Inc.","Quality Technology Services, LLC - Liab - 8.pdf",,,processed,false,2026-06-25,,2027-05-01,2026-06-22,false,,,false,Liberty Insurance Corporation; Liberty Mutual Fire Insurance Company; LM Insurance Corporation; Berkley Assurance Company; American Guarantee and Liability Insurance Company,2026-06-22,,2026-07-27
QTS Data Centers,6a394ef4597e3570daab60ee,69f0f3c5beb6279e947be0ee,"HITT Contracting, Inc.","Quality Technology Services, LLC - Liab - 9.pdf",,,processed,false,2026-06-25,,2027-05-01,2026-06-22,false,,,false,Liberty Insurance Corporation; Liberty Mutual Fire Insurance Company; LM Insurance Corporation; Berkley Assurance Company; American Guarantee and Liability Insurance Company,2026-06-22,,2026-07-27
QTS Data Centers,6a394f2f597e3570daab6123,69f0f3c5beb6279e947be0ee,"HITT Contracting, Inc.","Quality Technology Services, LLC - Liab - 10.pdf",,,processed,false,2026-06-25,,2027-05-01,2026-06-22,false,,,false,Liberty Insurance Corporation; Liberty Mutual Fire Insurance Company; LM Insurance Corporation; Berkley Assurance Company; American Guarantee and Liability Insurance Company,2026-06-22,,2026-07-27
QTS Data Centers,6a394f61accacb8cab636e88,69f0f3c5beb6279e947be0ee,"HITT Contracting, Inc.","Quality Technology Services, LLC - Liab - 11.pdf",,,processed,false,2026-06-25,,2027-05-01,2026-06-22,false,,,false,Liberty Insurance Corporation; Liberty Mutual Fire Insurance Company; LM Insurance Corporation; Berkley Assurance Company; American Guarantee and Liability Insurance Company,2026-06-22,,2026-07-27
QTS Data Centers,6a394f8fefaf8fc91cd0ae84,69f0f3c5beb6279e947be0ee,"HITT Contracting, Inc.","Quality Technology Services, LLC - Liab - 12.pdf",,,processed,false,2026-06-25,,2027-05-01,2026-06-22,false,,,false,Liberty Insurance Corporation; Liberty Mutual Fire Insurance Company; LM Insurance Corporation; Berkley Assurance Company; American Guarantee and Liability Insurance Company,2026-06-22,,2026-07-27
QTS Data Centers,6a394fc2597e3570daab6158,69f0f3c5beb6279e947be0ee,"HITT Contracting, Inc.","Quality Technology Services, LLC - Liab - 13.pdf",,,processed,false,2026-06-24,,2027-05-01,2026-06-22,false,,,false,Liberty Insurance Corporation; Liberty Mutual Fire Insurance Company; LM Insurance Corporation; Berkley Assurance Company; American Guarantee and Liability Insurance Company,2026-06-22,,2026-07-27
QTS Data Centers,6a395000accacb8cab636eed,69f0f3c5beb6279e947be0ee,"HITT Contracting, Inc.","Quality Technology Services, LLC - Liab - 14.pdf",,,processed,false,2026-06-24,,2027-05-01,2026-06-22,false,,,false,Liberty Insurance Corporation; Liberty Mutual Fire Insurance Company; LM Insurance Corporation; Berkley Assurance Company; American Guarantee and Liability Insurance Company,2026-06-22,,2026-07-27
QTS Data Centers,6a3befc633fe3726a48fa178,69f0f3c5beb6279e947be0ee,"HITT Contracting, Inc.",COI HITT Contracting_exp 5.1.26.pdf,,,processed,false,2026-06-24,,2026-05-01,2025-05-14,false,,,false,Liberty Insurance Corporation; Liberty Mutual Fire Insurance Company; LM Insurance Corporation; Starr Indemnity & Liability Company; American Guarantee and Liability Insurance Company,2026-06-24,,2026-07-27
QTS Data Centers,6a3d713e33271757c8c681a4,69f0f3c4beb6279e947be0e9,"Gray Construction, Inc.",Gray Co -- New Albany GL AU UM 40 WC.pdf,,,processed,false,2026-06-29,,2026-10-01,2026-02-23,false,,,false,Zurich American Insurance Company; --- SEE ATTACHMENT --,2026-06-25,,2026-07-27
QTS Data Centers,6a15b7a99f12b4035e23bc10,69f0f3c5beb6279e947be0f8,"Layton Construction Company, LLC",Bank of America NA ISAOA ATIMA _.pdf,,,processed,false,2026-06-25,,2027-01-01,2026-04-14,false,,,false,"Arch Insurance Company; XL Insurance America, Inc.; Starr Indemnity & Liability Company; Great American Spirit Insurance Company; General Security National Insurance Company; Arch Indemnity Insurance Company; Indian Harbor Insurance Company",2026-05-26,,2026-07-27
QTS Data Centers,6a15b7cc616ed871febaf33c,69f0f3c5beb6279e947be0f8,"Layton Construction Company, LLC",47600114 - LCC COI - 2027.01.01 (2).pdf,,,processed,false,2026-06-25,,2027-01-01,2026-04-02,false,,,false,"Arch Insurance Company; XL Insurance America, Inc.; Starr Indemnity & Liability Company; Indian Harbor Insurance Company; Arch Indemnity Insurance Company",2026-05-26,,2026-07-27
QTS Data Centers,6a15b7f2dd0160cb0b25e6c2,69f0f3c5beb6279e947be0f8,"Layton Construction Company, LLC",47600116 - LCC COI - 2027.01.01.pdf,,,processed,false,2026-06-25,,2027-01-01,2026-04-02,false,,,false,"Arch Insurance Company; XL Insurance America, Inc.; Starr Indemnity & Liability Company; Indian Harbor Insurance Company; Arch Indemnity Insurance Company",2026-05-26,,2026-07-27
QTS Data Centers,6a22cf08b90159c7f52c9bf8,69f0f3c5beb6279e947be0fd,M. A. Mortenson Company,MAMortensonCompany - Client Pack - 4464544.PDF,,,processed,false,2026-06-15,,2027-05-01,2026-05-28,false,,,false,"Arch Insurance Company; XL Insurance America, Inc.; Arch Indemnity Insurance Company",2026-06-05,,2026-07-27
QTS Data Centers,6a5e4b9a47fe3eedd09ae8c9,69f0f3c5beb6279e947be0fd,M. A. Mortenson Company,QualityTechnologyServicesLLC_W47258852.pdf,,,processed,false,2026-07-21,,2027-05-01,2026-07-13,false,,,false,"Arch Insurance Company; XL Insurance America, Inc.; Arch Indemnity Insurance Company; Starr Indemnity & Liability Company; QBE Specialty Insurance Company; Indian Harbor Insurance Company",2026-07-20,,2026-07-27
QTS Data Centers,6a281ed8f967f903d2245dab,69f0f3c5beb6279e947be102,Rogers-O-Brien Construction Company Ltd.,"Quality Technology Services, LLC_Rogers-O'Brien Construction Company_2627 Master $35M Total  _6-9-2026_1492795193.pdf",,,processed,false,2026-06-29,,2027-06-01,2026-06-09,false,,,false,"American Contractors Insurance Company Risk Retention Group; Valley Forge Insurance Company; The Continental Insurance Company; XL Insurance America, Inc.; ACIG Insurance Company; Arch Specialty Insurance Company",2026-06-09,,2026-07-27
QTS Data Centers,6a281fcdda52b0ee99d2ea74,69f0f3c5beb6279e947be102,Rogers-O-Brien Construction Company Ltd.,2026 Auto Forms.pdf,,,processed,false,2026-06-15,,2027-06-01,,false,,,false,,2026-06-09,,2026-07-27
QTS Data Centers,6a281fcdda52b0ee99d2eaac,69f0f3c5beb6279e947be102,Rogers-O-Brien Construction Company Ltd.,Casualty Endt Forms 2026.pdf,,,processed,false,2026-06-15,,2027-06-01,,false,,,false,,2026-06-09,,2026-07-27
QTS Data Centers,6a281fd0da52b0ee99d2eb54,69f0f3c5beb6279e947be102,Rogers-O-Brien Construction Company Ltd.,"Quality Technology Services, LLC_Rogers-O'Brien Construction Company_2627 Master $35M Total  _6-9-2026_565622844.pdf",,,processed,false,2026-06-15,,2027-06-01,,false,,,false,American Contractors Insurance Company Risk Retention Group; Valley Forge Insurance Company; The Continental Insurance Company; ACIG Insurance Company; Arch Specialty Insurance Company,2026-06-09,,2026-07-27
QTS Data Centers,6a4ba0a55cdf4704ae0efea1,69f0f3c5beb6279e947be102,Rogers-O-Brien Construction Company Ltd.,QTS DFW2 DC3.pdf,,,processed,false,2026-07-06,,2027-06-01,2026-05-28,false,,,false,"American Contractors Insurance Company Risk Retention Group; The Continental Insurance Company; XL Insurance America, Inc.; ACIG Insurance Company; National Fire Insurance Company of Hartford",2026-07-06,,2026-07-27
QTS Data Centers,6a4ba0cd5cdf4704ae0efed6,69f0f3c5beb6279e947be102,Rogers-O-Brien Construction Company Ltd.,QTS DFW1 DC5.pdf,,,processed,false,2026-07-06,,2027-06-01,2026-05-28,false,,,false,Endurance American Insurance Company; XL Specialty Insurance Company; American Contractors Insurance Company Risk Retention Group; ACIG Insurance Company; Valley Forge Insurance Company; Arch Specialty Insurance Company,2026-07-06,,2026-07-27
QTS Data Centers,6a551635aca92682f523a808,69f0f3c5beb6279e947be102,Rogers-O-Brien Construction Company Ltd.,"Quality Technology Services, LLC_Rogers-O'Brien Construction Company_2627 Master $35M Total  _7-13-2026_410370863.pdf",,,processed,false,2026-07-22,,2027-06-01,2026-07-13,false,,,false,"American Contractors Insurance Company Risk Retention Group; Valley Forge Insurance Company; The Continental Insurance Company; XL Insurance America, Inc.; ACIG Insurance Company; Arch Specialty Insurance Company",2026-07-13,,2026-07-27
QTS Data Centers,6a551638aca92682f523a89f,69f0f3c5beb6279e947be102,Rogers-O-Brien Construction Company Ltd.,Casualty Endt Forms 2026.pdf,,,processed,false,,,,,false,,,false,,2026-07-13,,2026-07-27
QTS Data Centers,6a5517684a3538cc4162daa1,69f0f3c5beb6279e947be102,Rogers-O-Brien Construction Company Ltd.,"Quality Technology Services, LLC_Rogers-O'Brien Construction Company_2627 Master $35M Total  _7-13-2026_1297897474.pdf",,,processed,false,2026-07-16,,2027-06-01,2026-07-13,false,,,false,"American Contractors Insurance Company Risk Retention Group; Valley Forge Insurance Company; The Continental Insurance Company; XL Insurance America, Inc.; ACIG Insurance Company; Arch Specialty Insurance Company",2026-07-13,,2026-07-27
QTS Data Centers,6a622372293db0c1319f2a7d,69f0f3c5beb6279e947be102,Rogers-O-Brien Construction Company Ltd.,GL - NOC.pdf,,,processed,false,2026-07-24,,2027-06-01,,false,,,false,,2026-07-23,,2026-07-27
QTS Data Centers,6a63805897891638931c8f4e,69f0f3c5beb6279e947be102,Rogers-O-Brien Construction Company Ltd.,Rogers AM Best Exception.pdf,,,processed,false,2026-07-24,,,,false,,,true,,2026-07-24,,2026-07-27
QTS Data Centers,6a15b99a616ed871febaf3ac,69f0f3c5beb6279e947be107,"Structure Tone, LLC",QTS LHTX1 26-27 STSW COI.pdf,,,processed,false,2026-06-15,,2027-01-01,2026-01-05,false,,,false,"Arch Insurance Company; XL Insurance America, Inc.; Starr Indemnity & Liability Company; Arch Indemnity Insurance Company",2026-05-26,,2026-07-27
QTS Data Centers,6a15ba41c09b3811a2868845,69f0f3c5beb6279e947be107,"Structure Tone, LLC","SOCIÉTÉ GÉNÉRALE, AS ADMINISTRATIVE.pdf",,,processed,false,2026-06-15,,2027-01-01,2026-01-22,false,,,false,"Arch Insurance Company; XL Insurance America, Inc.; Great American Insurance Company of New York; Starr Indemnity & Liability Company; Arch Indemnity Insurance Company",2026-05-26,,2026-07-27
QTS Data Centers,6a15ba4abeee935b1af439c4,69f0f3c5beb6279e947be107,"Structure Tone, LLC","SOCIÉTÉ GÉNÉRALE, AS ADMINISTRATIVE.pdf",,,processed,false,2026-06-15,,2027-01-01,2026-01-22,false,,,false,"Arch Insurance Company; XL Insurance America, Inc.; Great American Insurance Company of New York; Starr Indemnity & Liability Company; Arch Indemnity Insurance Company",2026-05-26,,2026-07-27
QTS Data Centers,6a318c9db5244123cf62b9c7,69f0f3c5beb6279e947be107,"Structure Tone, LLC",cert_NYC_QUALITY TECHNOLOGY SERVICES_ LLC_12413867_9.pdf,,,processed,false,2026-06-29,,2027-01-01,2026-06-16,false,,,false,"Arch Insurance Company; XL Insurance America, Inc.; Great American Insurance Company of New York; Starr Indemnity & Liability Company; Arch Indemnity Insurance Company",2026-06-16,,2026-07-27
QTS Data Centers,6a318ec5421d720267e63c74,69f0f3c5beb6279e947be107,"Structure Tone, LLC",STO Building Group Inc. - 14WCI8925117 (WC - AOS).pdf,,,processed,false,2026-06-29,,,,false,,,false,,2026-06-16,,2026-07-27
QTS Data Centers,6a318ed7b5244123cf62b9ff,69f0f3c5beb6279e947be107,"Structure Tone, LLC",STO Building Group Inc. - 14WCI8925117 (WC - AOS).pdf,,,processed,false,2026-06-29,,,,false,,,false,,2026-06-16,,2026-07-27
QTS Data Centers,6a31b374b5244123cf62ba91,69f0f3c5beb6279e947be107,"Structure Tone, LLC",cert_NYC_QUALITY TECHNOLOGY SERVICES_ LLC_12413867_10.pdf,,,processed,false,2026-06-29,,2027-01-01,2026-06-17,false,,,false,"Arch Insurance Company; XL Insurance America, Inc.; Great American Insurance Company of New York; Starr Indemnity & Liability Company; Arch Indemnity Insurance Company; Indian Harbor Insurance Company",2026-06-16,,2026-07-27
QTS Data Centers,6a15b820beee935b1af43971,69f0f3c5beb6279e947be10c,"Suffolk Construction Company, Inc.","Sumitomo Mitsui Banking Corporation, as Admin_Suffolk Construction Company, Inc._25-26 Master GL Auto WC U_4-13-2026.pdf",,,processed,false,2026-06-15,,2026-08-31,2026-04-13,false,,,false,"Liberty Mutual Fire Insurance Company; Starr Indemnity & Liability Company; XL Insurance America, Inc.; General Security National Insurance Company; Berkley Regional Insurance Company; Ironshore Specialty Insurance Company; Indian Harbor Insurance Company",2026-05-26,,2026-07-27
QTS Data Centers,6a5fd2c3751b67ad6976f006,69f0f3c5beb6279e947be10c,"Suffolk Construction Company, Inc.","Quality Technology Services, LLC_Suffolk Construction Company, Inc._25-26 Master GL Auto WC U_7-17-2026.pdf",,,processed,false,2026-07-22,,2026-08-31,2026-07-17,false,,,false,"Liberty Mutual Fire Insurance Company; Starr Indemnity & Liability Company; XL Insurance America, Inc.; General Security National Insurance Company; Berkley Regional Insurance Company",2026-07-21,,2026-07-27
QTS Data Centers,6a5fd2c4751b67ad6976f03f,69f0f3c5beb6279e947be10c,"Suffolk Construction Company, Inc.","Quality Technology Services, LLC_Suffolk Construction Company, Inc._25-26 Drone Liability_7-15-2026_2.pdf",,,processed,false,2026-07-22,,2026-08-31,2026-07-15,false,,,false,C&T Insurance Company,2026-07-21,,2026-07-27
QTS Data Centers,6a5fd2e9b4df9ca70600c23b,69f0f3c5beb6279e947be10c,"Suffolk Construction Company, Inc.","Quality Technology Services, LLC_Suffolk Construction Company, Inc._25-26 Master GL Auto WC U_7-17-2026_2.pdf",,,processed,false,2026-07-22,,2026-08-31,2026-07-17,false,,,false,"Liberty Mutual Fire Insurance Company; Starr Indemnity & Liability Company; XL Insurance America, Inc.; General Security National Insurance Company; Berkley Regional Insurance Company",2026-07-21,,2026-07-27
QTS Data Centers,6a5fd2ebb4df9ca70600c2a7,69f0f3c5beb6279e947be10c,"Suffolk Construction Company, Inc.","Quality Technology Services, LLC_Suffolk Construction Company, Inc._25-26 Drone Liability_7-15-2026.pdf",,,processed,false,2026-07-22,,2026-08-31,2026-07-15,false,,,false,C&T Insurance Company,2026-07-21,,2026-07-27
QTS Data Centers,6a5fd30b5c9c14b344a636c9,69f0f3c5beb6279e947be10c,"Suffolk Construction Company, Inc.","Quality Technology Services, LLC_Suffolk Construction Company, Inc._25-26 Master GL Auto WC U_7-17-2026_1.pdf",,,processed,false,2026-07-22,,2026-08-31,2026-07-17,false,,,false,"Liberty Mutual Fire Insurance Company; Starr Indemnity & Liability Company; XL Insurance America, Inc.; General Security National Insurance Company; Berkley Regional Insurance Company; Indian Harbor Insurance Company; Ironshore Specialty Insurance Company",2026-07-21,,2026-07-27
QTS Data Centers,6a5fd30d5c9c14b344a63768,69f0f3c5beb6279e947be10c,"Suffolk Construction Company, Inc.","Quality Technology Services, LLC_Suffolk Construction Company, Inc._25-26 Drone Liability_7-15-2026_1.pdf",,,processed,false,2026-07-22,,2026-08-31,2026-07-15,false,,,false,C&T Insurance Company,2026-07-21,,2026-07-27
QTS Data Centers,6a15ba8cdd0160cb0b25e732,69f0f3c5beb6279e947be111,Whitting-Turner Contracting Company,"Citi Real Estate Funding, Inc. ISAOA ATIMA_The Whiting-Turner Contracting Comp_25Aug TWT GppAU55+WW_5-14-2026_2048936919.pdf",,,processed,false,2026-06-15,,2026-08-01,,false,,,false,Travelers Property Casualty Company of America; The Travelers Indemnity Company of Connecticut; Starr Indemnity & Liability Company; Travelers Casualty and Surety Company,2026-05-26,,2026-07-27
QTS Data Centers,6a304c7f7828333b350b9e1d,69f0f3c5beb6279e947be111,Whitting-Turner Contracting Company,020340.DH1 WT GLI (08.01.2025 thru 08.01.2026).pdf,,,processed,false,2026-06-24,,2026-08-01,,false,,,false,"Travelers Property Casualty Company of America; The Travelers Indemnity Company of Connecticut; Liberty Insurance Underwriters, Inc.; Starr Indemnity & Liability Company",2026-06-15,,2026-07-27