client,id,name,type,type_id,status,primary_email,primary_contact_name,all_emails,website,additional_notes,address_raw,address_line1,address_city,address_region,address_country,address_postal,documents_count,non_responsive_since,last_message_sent,external_codes,automations_enabled,created_at,updated_at,sync_date
"Block Real Estate Services, LLC",69fded0c62446148bd848af9,"1&1 Internet / IONOS, Inc.",69bc0d686bc195aa02a7e3b0,69bc0d686bc195aa02a7e372,active,,,,,,,100 North 18th Street,Philadelphia,Pennsylvania,United States,19103,,,,,69bc0d686bc195aa02a7e3ac,2026-05-08,2026-07-27,2026-09-24
"Block Real Estate Services, LLC",69fded0c62446148bd848afc,1248 Holdings LLC,69bc0d686bc195aa02a7e3b0,69bc0d686bc195aa02a7e372,active,,,,,,,4622 Pennsylvania Avenue,Kansas City,Missouri,United States,64112,,,,,69bc0d686bc195aa02a7e3ac,2026-05-08,2026-06-30,2026-09-24
"Block Real Estate Services, LLC",69fded0c62446148bd848aff,"1-800-Pack Rat, LLC",69bc0d686bc195aa02a7e3b0,69bc0d686bc195aa02a7e372,active,,,,,,,11640 Northpark Drive,Wake Forest,North Carolina,United States,27587,,,,,69bc0d686bc195aa02a7e3ac,2026-05-08,2026-09-21,2026-09-24
"Block Real Estate Services, LLC",69fded0c62446148bd848b02,24 Hour Check Cashing,69bc0d686bc195aa02a7e3b0,69bc0d686bc195aa02a7e372,active,,,,,,,8437 Wornall Road,Kansas City,Missouri,United States,64114,,,,,69bc0d686bc195aa02a7e3ac; 69bc0d686bc195aa02a7e3ae,2026-05-08,2026-08-04,2026-09-24
"Block Real Estate Services, LLC",69fded0c62446148bd848b05,"Big Biscuit / 27 Biscuits, LLC",69bc0d686bc195aa02a7e3b0,69bc0d686bc195aa02a7e372,active,,,,,,,5215 West 94th Terrace,Prairie Village,Kansas,United States,66207,,,,,69bc0d686bc195aa02a7e3ac; 69bc0d686bc195aa02a7e3ae,2026-05-08,2026-09-22,2026-09-24
"Block Real Estate Services, LLC",69fded0c62446148bd848b08,"Ray's Donuts & Deli / 6tinos, LLC",69bc0d686bc195aa02a7e3b0,69bc0d686bc195aa02a7e372,active,,,,,,,315 Northeast Vivion Road,Kansas City,Missouri,United States,64118,,,,,69bc0d686bc195aa02a7e3ac; 69bc0d686bc195aa02a7e3ae,2026-05-08,2026-08-04,2026-09-24
"Block Real Estate Services, LLC",69fded0c62446148bd848b0b,717 Office Group LLC,69bc0d686bc195aa02a7e3b0,69bc0d686bc195aa02a7e372,active,,,,,,,800 West 47th Street,Kansas City,Missouri,United States,64112,,,,,69bc0d686bc195aa02a7e3ac; 69bc0d686bc195aa02a7e3ae,2026-05-08,2026-08-04,2026-09-24
"Block Real Estate Services, LLC",69fded0c62446148bd848b0e,A.N.D. Design Studio LLC,69bc0d686bc195aa02a7e3b0,69bc0d686bc195aa02a7e372,active,,,,,,,852 Southwest Highland Avenue,Grain Valley,Missouri,United States,64029,,,,,69bc0d686bc195aa02a7e3ac,2026-05-08,2026-07-15,2026-09-24
"Block Real Estate Services, LLC",69fded0c62446148bd848b14,Academy Bank,69bc0d686bc195aa02a7e3b0,69bc0d686bc195aa02a7e372,active,,,,,,,1111 Main Street,Kansas City,Missouri,United States,64105,,,,,69bc0d686bc195aa02a7e3ac,2026-05-08,2026-08-21,2026-09-24
"Block Real Estate Services, LLC",69fded0c62446148bd848b17,"Pertronix (Aeromotive) / Accelerate Auto Works Intermediate, LLC",69bc0d686bc195aa02a7e3b0,69bc0d686bc195aa02a7e372,active,,,,,,,10925 Mill Creek Road,Olathe,Kansas,United States,66061,,,,,69bc0d686bc195aa02a7e3ac; 69bc0d686bc195aa02a7e3ae,2026-05-08,2026-08-10,2026-09-24
"Block Real Estate Services, LLC",69fded0c62446148bd848b1a,Actuarial Resources Corporation (ARC),69bc0d686bc195aa02a7e3b0,69bc0d686bc195aa02a7e372,active,,,,,,,,,,,,,,,,69bc0d686bc195aa02a7e3ac,2026-05-08,2026-09-09,2026-09-24
"Block Real Estate Services, LLC",69fded0c62446148bd848b1d,"Adams Cable Equipment, Inc.",69bc0d686bc195aa02a7e3b0,69bc0d686bc195aa02a7e372,active,,,,,,,9700 Widmer Road,Lenexa,Kansas,United States,66215,,,,,69bc0d686bc195aa02a7e3ac,2026-05-08,2026-09-18,2026-09-24
"Block Real Estate Services, LLC",69fded0c62446148bd848b20,Adare Pharma Solutions,69bc0d686bc195aa02a7e3b0,69bc0d686bc195aa02a7e372,active,,,,,,,,,,,,,,,,69bc0d686bc195aa02a7e3ac; 69bc0d686bc195aa02a7e3ae,2026-05-08,2026-08-04,2026-09-24
"Block Real Estate Services, LLC",69fded0c62446148bd848b23,"ADI (Ademco Distribution, Inc.) / Honeywell International, Inc.",69bc0d686bc195aa02a7e3b0,69bc0d686bc195aa02a7e372,active,,,,,,,275 Broadhollow Road,Melville,New York,United States,11747,,,,,69bc0d686bc195aa02a7e3ac; 69bc0d686bc195aa02a7e3ae,2026-05-08,2026-08-04,2026-09-24
"Block Real Estate Services, LLC",69fded0c62446148bd848b26,"Advanced Auto / Advanced Stores Co., Inc.",69bc0d686bc195aa02a7e3b0,69bc0d686bc195aa02a7e372,active,,,,,,,4401 East Truman Road,Kansas City,Missouri,United States,64127,,,,,69bc0d686bc195aa02a7e3ac; 69bc0d686bc195aa02a7e3ae,2026-05-08,2026-09-22,2026-09-24
"Block Real Estate Services, LLC",69fded0c62446148bd848b29,Advanced Pharmaceuticals LLC,69bc0d686bc195aa02a7e3b0,69bc0d686bc195aa02a7e372,active,,,,,,,8071 Flint Street,Lenexa,Kansas,United States,66214,,,,,69bc0d686bc195aa02a7e3ac; 69bc0d686bc195aa02a7e3ae,2026-05-08,2026-09-22,2026-09-24
"Block Real Estate Services, LLC",69fded0c62446148bd848b2c,Advanced Turf Solutions Inc,69bc0d686bc195aa02a7e3b0,69bc0d686bc195aa02a7e372,active,,,,,,,12955 Ford Drive,Fishers,Indiana,United States,46038,,,,,69bc0d686bc195aa02a7e3ac,2026-05-08,2026-07-28,2026-09-24
"Block Real Estate Services, LLC",69fded0c62446148bd848b2f,"Daymon / Advantage Sales & Marketing, LLC",69bc0d686bc195aa02a7e3b0,69bc0d686bc195aa02a7e372,active,,,,,,,,,,,,,,,,69bc0d686bc195aa02a7e3ac; 69bc0d686bc195aa02a7e3ae,2026-05-08,2026-09-22,2026-09-24
"Block Real Estate Services, LLC",69fded0c62446148bd848b32,Advocate Construction Inc,69bc0d686bc195aa02a7e3b0,69bc0d686bc195aa02a7e372,active,,,,,,,827 North Avenue,Glendale Heights,Illinois,United States,60139,,,,,69bc0d686bc195aa02a7e3ac,2026-05-08,2026-09-21,2026-09-24
"Block Real Estate Services, LLC",69fded0d62446148bd848b35,"Aircraft Electrical / AEE-EMF, Inc.",69bc0d686bc195aa02a7e3b0,69bc0d686bc195aa02a7e372,active,,,,,,,102 Northwest Business Park Lane,Riverside,Missouri,United States,64150,,,,,69bc0d686bc195aa02a7e3ac; 69bc0d686bc195aa02a7e3ae,2026-05-08,2026-08-04,2026-09-24
"Block Real Estate Services, LLC",69fded0d62446148bd848b3b,Agape Montessori School/Pulliam Properties LLC,69bc0d686bc195aa02a7e3b0,69bc0d686bc195aa02a7e372,active,,,,,,,16551 West 129th Street,Olathe,Kansas,United States,66062,,,,,69bc0d686bc195aa02a7e3ac; 69bc0d686bc195aa02a7e3ae,2026-05-08,2026-08-10,2026-09-24
"Block Real Estate Services, LLC",69fded0d62446148bd848b3e,AgForce Transport Services / Consolidated Grain and Barge Co.,69bc0d686bc195aa02a7e3b0,69bc0d686bc195aa02a7e372,active,,,,,,,5101 College Boulevard,Leawood,Kansas,United States,66211,,,,,69bc0d686bc195aa02a7e3ac; 69bc0d686bc195aa02a7e3ae,2026-05-08,2026-08-18,2026-09-24
"Block Real Estate Services, LLC",69fded0d62446148bd848b41,AGI SureTrack LLC,69bc0d686bc195aa02a7e3b0,69bc0d686bc195aa02a7e372,active,,,,,,,8040 Bond Street,Overland Park,Kansas,United States,66214,,,,,69bc0d686bc195aa02a7e3ac; 69bc0d686bc195aa02a7e3ae,2026-05-08,2026-09-22,2026-09-24
"Block Real Estate Services, LLC",69fded0d62446148bd848b44,All Access Garage Doors,69bc0d686bc195aa02a7e3b0,69bc0d686bc195aa02a7e372,active,,,,,,,,Platte City,Missouri,United States,64079,,,,,69bc0d686bc195aa02a7e3ac,2026-05-08,2026-07-20,2026-09-24
"Block Real Estate Services, LLC",69fded0d62446148bd848b47,All Copy Products Inc,69bc0d686bc195aa02a7e3b0,69bc0d686bc195aa02a7e372,active,,,,,,,1635 West 13th Avenue,Denver,Colorado,United States,80204,,,,,69bc0d686bc195aa02a7e3ac; 69bc0d686bc195aa02a7e3ae,2026-05-08,2026-09-22,2026-09-24
"Block Real Estate Services, LLC",69fded0d62446148bd848b4a,Allergy & Asthma Care,69bc0d686bc195aa02a7e3b0,69bc0d686bc195aa02a7e372,active,,,,,,,10787 Nall Avenue,Overland Park,Kansas,United States,66211,,,,,69bc0d686bc195aa02a7e3ac,2026-05-08,2026-08-14,2026-09-24
"Block Real Estate Services, LLC",69fded0d62446148bd848b4d,Allstate Insurance,69bc0d686bc195aa02a7e3b0,69bc0d686bc195aa02a7e372,active,,,,,,,12755 South Mur-Len Road,Olathe,Kansas,United States,66062,,,,,69bc0d686bc195aa02a7e3ac; 69bc0d686bc195aa02a7e3ae,2026-05-08,2026-08-24,2026-09-24
"Block Real Estate Services, LLC",69fded0d62446148bd848b50,Allure Hair Studio / Alisha N. Bauer,69bc0d686bc195aa02a7e3b0,69bc0d686bc195aa02a7e372,active,,,,,,,18005 East 30th Terrace Court South,Independence,Missouri,United States,64057,,,,,69bc0d686bc195aa02a7e3ac; 69bc0d686bc195aa02a7e3ae,2026-05-08,2026-09-22,2026-09-24
"Block Real Estate Services, LLC",69fded0d62446148bd848b53,"Altium Healthcare, Inc (fka Tri State Distribution)",69bc0d686bc195aa02a7e3b0,69bc0d686bc195aa02a7e372,active,,,,,,,,Spencer,Tennessee,United States,38585,,,,,69bc0d686bc195aa02a7e3ac; 69bc0d686bc195aa02a7e3ae,2026-05-08,2026-09-22,2026-09-24
"Block Real Estate Services, LLC",69fded0d62446148bd848b56,"Amazon / Amazon.com Services, LLC (MCI5)",69bc0d686bc195aa02a7e3b0,69bc0d686bc195aa02a7e372,active,,,,,,,410 Terry Avenue North,Seattle,Washington,United States,98109,,,,,69bc0d686bc195aa02a7e3ac,2026-05-08,2026-09-04,2026-09-24
"Block Real Estate Services, LLC",69fded0d62446148bd848b59,"Hamilton Plumbing / Roger The Plumber / American Residential Services, LLC (ARS)",69bc0d686bc195aa02a7e3b0,69bc0d686bc195aa02a7e372,active,,,,,,,965 Ridge Lake Boulevard,Memphis,Tennessee,United States,38120,,,,,69bc0d686bc195aa02a7e3ac,2026-05-08,2026-09-21,2026-09-24
"Block Real Estate Services, LLC",69fded0d62446148bd848b5c,"Earth Brands, Inc. subtenant of  American West Worldwide Express, Inc. / Renew",69bc0d686bc195aa02a7e3b0,69bc0d686bc195aa02a7e372,active,,,,,,,51 Zaca Lane,San Luis Obispo,California,United States,93401,,,,,69bc0d686bc195aa02a7e3ac,2026-05-08,2026-09-22,2026-09-24
"Block Real Estate Services, LLC",69fded0d62446148bd848b5f,"Ameriprise Financial / Ameriprise Holdings, Inc.",69bc0d686bc195aa02a7e3b0,69bc0d686bc195aa02a7e372,active,,,,,,,,Minneapolis,Minnesota,United States,55485,,,,,,2026-05-08,2026-07-27,2026-09-24
"Block Real Estate Services, LLC",69fded0d62446148bd848b62,"AMSCO Supply / Flegler Investment Co., Inc.",69bc0d686bc195aa02a7e3b0,69bc0d686bc195aa02a7e372,active,,,,,,,2021 South Lewis Avenue,Tulsa,Oklahoma,United States,74104,,,,,69bc0d686bc195aa02a7e3ac,2026-05-08,2026-09-17,2026-09-24
"Block Real Estate Services, LLC",69fded0d62446148bd848b65,Amsted Rail Company Inc,69bc0d686bc195aa02a7e3b0,69bc0d686bc195aa02a7e372,active,,,,,,,10902 Strang Line Road,Lenexa,Kansas,United States,66215,,,,,69bc0d686bc195aa02a7e3ac,2026-05-08,2026-09-15,2026-09-24
"Block Real Estate Services, LLC",69fded0d62446148bd848b68,AN Cubed Marketing LLC,69bc0d686bc195aa02a7e3b0,69bc0d686bc195aa02a7e372,archived,,,,,,,,,,,,,,,,,2026-05-08,2026-07-02,2026-09-24
"Block Real Estate Services, LLC",69fded0d62446148bd848b6b,Anixter Inc,69bc0d686bc195aa02a7e3b0,69bc0d686bc195aa02a7e372,active,,,,,,,167 North Green Street,Chicago,Illinois,United States,60607,,,,,69bc0d686bc195aa02a7e3ac,2026-05-08,2026-08-11,2026-09-24
"Block Real Estate Services, LLC",69fded0d62446148bd848b6e,Puppy Love Grooming / Anntippia Young,69bc0d686bc195aa02a7e3b0,69bc0d686bc195aa02a7e372,active,,,,,,,1454 Southwest Eagles Parkway,Grain Valley,Missouri,United States,64029,,,,,69bc0d686bc195aa02a7e3ac; 69bc0d686bc195aa02a7e3ae,2026-05-08,2026-09-22,2026-09-24
"Block Real Estate Services, LLC",69fded0d62446148bd848b71,Anthony's Barber Shop / Anthony Vasquez,69bc0d686bc195aa02a7e3b0,69bc0d686bc195aa02a7e372,active,,,,,,,1312 East North Avenue,Belton,Missouri,United States,64012,,,,,69bc0d686bc195aa02a7e3ac; 69bc0d686bc195aa02a7e3ae,2026-05-08,2026-09-22,2026-09-24
"Block Real Estate Services, LLC",69fded0d62446148bd848b74,LaborMax Staffing / Anytime Labor - KC Metro,69bc0d686bc195aa02a7e3b0,69bc0d686bc195aa02a7e372,active,,,,,,,,Kearney,Missouri,United States,,,,,,69bc0d686bc195aa02a7e3ac; 69bc0d686bc195aa02a7e3ae,2026-05-08,2026-09-22,2026-09-24
"Block Real Estate Services, LLC",69fded0d62446148bd848b77,"Apex Products, LLC",69bc0d686bc195aa02a7e3b0,69bc0d686bc195aa02a7e372,active,,,,,,,8333 Melrose Drive,Lenexa,Kansas,United States,66214,,,,,69bc0d686bc195aa02a7e3ac,2026-05-08,2026-07-27,2026-09-24
"Block Real Estate Services, LLC",69fded0d62446148bd848b7a,"ApexSite Cleaning, LLC",69bc0d686bc195aa02a7e3b0,69bc0d686bc195aa02a7e372,active,,,,,,,8542 Grandview Avenue,Overland Park,Kansas,United States,66212,,,,,69bc0d686bc195aa02a7e3ac; 69bc0d686bc195aa02a7e3ae,2026-05-08,2026-09-22,2026-09-24
"Block Real Estate Services, LLC",69fded0e62446148bd848b7d,"APLOS, Inc.",69bc0d686bc195aa02a7e3b0,69bc0d686bc195aa02a7e372,active,,,,,,,1042 Catalonia Avenue,Coral Gables,Florida,United States,33134,,,,,69bc0d686bc195aa02a7e3ac; 69bc0d686bc195aa02a7e3ae,2026-05-08,2026-09-22,2026-09-24
"Block Real Estate Services, LLC",69fded0e62446148bd848b80,"Applebee's Bar & Grill / Apple Central, LLC",69bc0d686bc195aa02a7e3b0,69bc0d686bc195aa02a7e372,active,,,,,,,170 Mason Street,Greenwich,Connecticut,United States,06830,,,,,69bc0d686bc195aa02a7e3ac,2026-05-08,2026-09-15,2026-09-24
"Block Real Estate Services, LLC",69fded0e62446148bd848b83,Applied Industrial Technologies Inc,69bc0d686bc195aa02a7e3b0,69bc0d686bc195aa02a7e372,active,,,,,,,,Cleveland,Ohio,United States,,,,,,69bc0d686bc195aa02a7e3ac; 69bc0d686bc195aa02a7e3ae,2026-05-08,2026-09-07,2026-09-24
"Block Real Estate Services, LLC",69fded0e62446148bd848b86,ARC Physical Therapy Plus,69bc0d686bc195aa02a7e3b0,69bc0d686bc195aa02a7e372,active,,,,,,,1300 West Sam Houston Parkway South,Houston,Texas,United States,77042,,,,,69bc0d686bc195aa02a7e3ac; 69bc0d686bc195aa02a7e3ae,2026-05-08,2026-09-22,2026-09-24
"Block Real Estate Services, LLC",69fded0e62446148bd848b89,Archway Technology LLC,69bc0d686bc195aa02a7e3b0,69bc0d686bc195aa02a7e372,active,,,,,,,,,,,,,,,,69bc0d686bc195aa02a7e3ae; 69bc0d686bc195aa02a7e3ac,2026-05-08,2026-09-22,2026-09-24
"Block Real Estate Services, LLC",69fded0e62446148bd848b8c,ARJ Infusion Services,69bc0d686bc195aa02a7e3b0,69bc0d686bc195aa02a7e372,active,,,,,,,7930 Marshall Drive,Lenexa,Kansas,United States,66214,,,,,69bc0d686bc195aa02a7e3ac; 69bc0d686bc195aa02a7e3ae,2026-05-08,2026-09-22,2026-09-24
"Block Real Estate Services, LLC",69fded0e62446148bd848b8f,Arrowhead Forensics,69bc0d686bc195aa02a7e3b0,69bc0d686bc195aa02a7e372,active,,,,,,,11006 Strang Line Road,Lenexa,Kansas,United States,66215,,,,,69bc0d686bc195aa02a7e3ac; 69bc0d686bc195aa02a7e3ae,2026-05-08,2026-09-21,2026-09-24
"Block Real Estate Services, LLC",69fded0e62446148bd848b92,Arthur J Gallagher Risk Management Services Inc,69bc0d686bc195aa02a7e3b0,69bc0d686bc195aa02a7e372,active,,,,,,,,,,,,,,,,69bc0d686bc195aa02a7e3ac,2026-05-08,2026-09-21,2026-09-24
"Block Real Estate Services, LLC",69fded0e62446148bd848b95,Ashley Nelson Studios,69bc0d686bc195aa02a7e3b0,69bc0d686bc195aa02a7e372,active,,,,,,,7606 West 86th Street,Overland Park,Kansas,United States,66212,,,,,69bc0d686bc195aa02a7e3ac; 69bc0d686bc195aa02a7e3ae,2026-05-08,2026-09-22,2026-09-24
"Block Real Estate Services, LLC",69fded0e62446148bd848b98,Aspen Properties Group,69bc0d686bc195aa02a7e3b0,69bc0d686bc195aa02a7e372,active,,,,,,,,,,,,,,,,69bc0d686bc195aa02a7e3ac,2026-05-08,2026-09-22,2026-09-24
"Block Real Estate Services, LLC",69fded0e62446148bd848b9b,Aspire Wealth Management LLC,69bc0d686bc195aa02a7e3b0,69bc0d686bc195aa02a7e372,active,,,,,,,7400 West 130th Street,Overland Park,Kansas,United States,66213,,,,,69bc0d686bc195aa02a7e3ac,2026-05-08,2026-06-23,2026-09-24
"Block Real Estate Services, LLC",69fded0e62446148bd848ba1,Asurion LLC,69bc0d686bc195aa02a7e3b0,69bc0d686bc195aa02a7e372,active,,,,,,,648 Grassmere Park,Nashville,Tennessee,United States,37211,,,,,69bc0d686bc195aa02a7e3ac,2026-05-08,2026-08-19,2026-09-24
"Block Real Estate Services, LLC",69fded0e62446148bd848ba4,Asurion UBIF,69bc0d686bc195aa02a7e3b0,69bc0d686bc195aa02a7e372,active,,,,,,,,,,,,,,,,69bc0d686bc195aa02a7e3ac,2026-05-08,2026-07-27,2026-09-24
"Block Real Estate Services, LLC",69fded0e62446148bd848ba7,"Athletico Physical Therapy / Athletico Management, LLC",69bc0d686bc195aa02a7e3b0,69bc0d686bc195aa02a7e372,active,,,,,,,6055 Primacy Parkway,Memphis,Tennessee,United States,38119,,,,,69bc0d686bc195aa02a7e3ac; 69bc0d686bc195aa02a7e3ae,2026-05-08,2026-09-22,2026-09-24
"Block Real Estate Services, LLC",69fded0e62446148bd848baa,Auction Merchandise of KC,69bc0d686bc195aa02a7e3b0,69bc0d686bc195aa02a7e372,active,,,,,,,7150 Southeast Rhodus Road,Lawson,Missouri,United States,64062,,,,,69bc0d686bc195aa02a7e3ac,2026-05-08,2026-09-21,2026-09-24
"Block Real Estate Services, LLC",69fded0e62446148bd848bad,Recognition Plus Audio Video Graphics,69bc0d686bc195aa02a7e3b0,69bc0d686bc195aa02a7e372,active,,,,,,,17501 East 40th Street,Independence,Missouri,United States,64055,,,,,69bc0d686bc195aa02a7e3ac; 69bc0d686bc195aa02a7e3ae,2026-05-08,2026-08-11,2026-09-24
"Block Real Estate Services, LLC",69fded0e62446148bd848bb0,AVI-SPL LLC,69bc0d686bc195aa02a7e3b0,69bc0d686bc195aa02a7e372,active,,,,,,,,,,,,,,,,69bc0d686bc195aa02a7e3ac; 69bc0d686bc195aa02a7e3ae,2026-05-08,2026-09-22,2026-09-24
"Block Real Estate Services, LLC",69fded0e62446148bd848bb3,Axiom Strategies LLC,69bc0d686bc195aa02a7e3b0,69bc0d686bc195aa02a7e372,active,,,,,,,800 West 47th Street,Kansas City,Missouri,United States,64112,,,,,69bc0d686bc195aa02a7e3ac,2026-05-08,2026-09-16,2026-09-24
"Block Real Estate Services, LLC",69fded0e62446148bd848bb6,AXIS Capital / AXIS Reinsurance Company,69bc0d686bc195aa02a7e3b0,69bc0d686bc195aa02a7e372,active,,,,,,,,,,,,,,,,69bc0d686bc195aa02a7e3ac; 69bc0d686bc195aa02a7e3ae,2026-05-08,2026-09-22,2026-09-24
"Block Real Estate Services, LLC",69fded0e62446148bd848bb9,"Pet Supplies Plus / B&B Pet Products, LLC",69bc0d686bc195aa02a7e3b0,69bc0d686bc195aa02a7e372,active,,,,,,,770 West Bedford Euless Road,Hurst,Texas,United States,76053,,,,,69bc0d686bc195aa02a7e3ac; 69bc0d686bc195aa02a7e3ae,2026-05-08,2026-09-22,2026-09-24
"Block Real Estate Services, LLC",69fded0e62446148bd848bbc,Bachelor Controls Inc,69bc0d686bc195aa02a7e3b0,69bc0d686bc195aa02a7e372,active,,,,,,,123 North Washington Street,Sabetha,Kansas,United States,66534,,,,,69bc0d686bc195aa02a7e3ac,2026-05-08,2026-06-23,2026-09-24
"Block Real Estate Services, LLC",69fded0e62446148bd848bbf,Baking With A Bass / Kayla Bass,69bc0d686bc195aa02a7e3b0,69bc0d686bc195aa02a7e372,active,,,,,,,1428 Southwest Eagles Parkway,Grain Valley,Missouri,United States,64029,,,,,69bc0d686bc195aa02a7e3ac,2026-05-08,2026-07-28,2026-09-24
"Block Real Estate Services, LLC",69fded0e62446148bd848bc2,Bank of America,69bc0d686bc195aa02a7e3b0,69bc0d686bc195aa02a7e372,active,,,,,,,525 North Tryon Street,Charlotte,North Carolina,United States,28202,,,,,69bc0d686bc195aa02a7e3ac,2026-05-08,2026-08-12,2026-09-24
"Block Real Estate Services, LLC",69fded0e62446148bd848bc5,Bankers Life and Casualty Company,69bc0d686bc195aa02a7e3b0,69bc0d686bc195aa02a7e372,active,,,,,,,111 East Wacker Drive,Chicago,Illinois,United States,60601,,,,,69bc0d686bc195aa02a7e3ac; 69bc0d686bc195aa02a7e3ae,2026-05-08,2026-09-22,2026-09-24
"Block Real Estate Services, LLC",69fded0f62446148bd848bcb,"Banner Logistics, Inc",69bc0d686bc195aa02a7e3b0,69bc0d686bc195aa02a7e372,active,,,,,,,1600 Vernon Street,North Kansas City,Missouri,United States,64116,,,,,69bc0d686bc195aa02a7e3ac; 69bc0d686bc195aa02a7e3ae,2026-05-08,2026-08-12,2026-09-24
"Block Real Estate Services, LLC",69fded0f62446148bd848bce,"Saturday Morning Bazaar / Bazaar Collectibles, LLC",69bc0d686bc195aa02a7e3b0,69bc0d686bc195aa02a7e372,archived,,,,,,,8600 East 55th Street,Kansas City,Missouri,United States,64129,,,,,,2026-05-08,2026-07-02,2026-09-24
"Block Real Estate Services, LLC",69fded0f62446148bd848bd4,Costa Vida Fresh Mexican Grill / BB Magical Fruit,69bc0d686bc195aa02a7e3b0,69bc0d686bc195aa02a7e372,active,,,,,,,SE M 291 Hwy,Lee's Summit,Missouri,United States,64082,,,,,69bc0d686bc195aa02a7e3ac,2026-05-08,2026-06-25,2026-09-24
"Block Real Estate Services, LLC",69fded0f62446148bd848bd7,BDM Inc,69bc0d686bc195aa02a7e3b0,69bc0d686bc195aa02a7e372,active,,,,,,,246 Northwest Plaza Drive,Riverside,Missouri,United States,64150,,,,,69bc0d686bc195aa02a7e3ac; 69bc0d686bc195aa02a7e3ae,2026-05-08,2026-09-18,2026-09-24
"Block Real Estate Services, LLC",69fded0f62446148bd848bda,Bella's Italian Restaurant Inc,69bc0d686bc195aa02a7e3b0,69bc0d686bc195aa02a7e372,active,,,,,,,617 Southeast Battery Drive,Lee's Summit,Missouri,United States,64063,,,,,69bc0d686bc195aa02a7e3ac; 69bc0d686bc195aa02a7e3ae,2026-05-08,2026-09-24,2026-09-24
"Block Real Estate Services, LLC",69fded0f62446148bd848bdd,"Pepper Jax Grill / Belton North Cass, LLC",69bc0d686bc195aa02a7e3b0,69bc0d686bc195aa02a7e372,active,,,,,,,,,,,,,,,,69bc0d686bc195aa02a7e3ac,2026-05-08,2026-08-26,2026-09-24
"Block Real Estate Services, LLC",69fded0f62446148bd848be0,Beltone Hearing Aid Center,69bc0d686bc195aa02a7e3b0,69bc0d686bc195aa02a7e372,active,,,,,,,1415 West Highway 50,O'Fallon,Illinois,United States,62269,,,,,69bc0d686bc195aa02a7e3ac,2026-05-08,2026-08-31,2026-09-24
"Block Real Estate Services, LLC",69fded0f62446148bd848be3,"Best Wash Laundromats / Best Wash Holdings, LLC",69bc0d686bc195aa02a7e3b0,69bc0d686bc195aa02a7e372,active,,,,,,,3600 North Lindbergh Boulevard,Saint Ann,Missouri,United States,63074,,,,,69bc0d686bc195aa02a7e3ac; 69bc0d686bc195aa02a7e3ae,2026-05-08,2026-09-22,2026-09-24
"Block Real Estate Services, LLC",69fded0f62446148bd848bec,Sarpino's / BHPS Restaurant Group LLC,69bc0d686bc195aa02a7e3b0,69bc0d686bc195aa02a7e372,active,,,,,,,,,,,,,,,,69bc0d686bc195aa02a7e3ac; 69bc0d686bc195aa02a7e3ae,2026-05-08,2026-09-22,2026-09-24
"Block Real Estate Services, LLC",69fded0f62446148bd848bef,"CEVA Animal Health, LLC / Bioimmune Company",69bc0d686bc195aa02a7e3b0,69bc0d686bc195aa02a7e372,active,,,,,,,8735 Rosehill Road,Lenexa,Kansas,United States,66215,,,,,69bc0d686bc195aa02a7e3ac; 69bc0d686bc195aa02a7e3ae,2026-05-08,2026-09-22,2026-09-24
"Block Real Estate Services, LLC",69fded0f62446148bd848bf2,Bird Dog Shaved Ice (Vacant but still leasing),69bc0d686bc195aa02a7e3b0,69bc0d686bc195aa02a7e372,archived,,,,,,,1400 Southwest Eagles Parkway,Grain Valley,Missouri,United States,64029,,,,,,2026-05-08,2026-09-03,2026-09-24
"Block Real Estate Services, LLC",69fded0f62446148bd848bf8,Block Multi-Family Group,69bc0d686bc195aa02a7e3b0,69bc0d686bc195aa02a7e372,active,,,,,,,,,,,,,,,,69bc0d686bc195aa02a7e3ac; 69bc0d686bc195aa02a7e3ae,2026-05-08,2026-09-22,2026-09-24
"Block Real Estate Services, LLC",69fded0f62446148bd848bfb,"Block Real Estate Services, LLC / Block Partners, LLC",69bc0d686bc195aa02a7e3b0,69bc0d686bc195aa02a7e372,active,,,,,,,,,,,,,,,,69bc0d686bc195aa02a7e3ac; 69bc0d686bc195aa02a7e3ae,2026-05-08,2026-09-22,2026-09-24
"Block Real Estate Services, LLC",69fded0f62446148bd848c01,BluSky Restoration Contractors LLC,69bc0d686bc195aa02a7e3b0,69bc0d686bc195aa02a7e372,active,,,,,,,,,,,,,,,,69bc0d686bc195aa02a7e3ac,2026-05-08,2026-09-11,2026-09-24
"Block Real Estate Services, LLC",69fded0f62446148bd848c04,"BluSky Salon Suites, Inc.",69bc0d686bc195aa02a7e3b0,69bc0d686bc195aa02a7e372,active,,,,,,,29621 Ashmore Way,Spring Hill,Kansas,United States,66083,,,,,69bc0d686bc195aa02a7e3ac; 69bc0d686bc195aa02a7e3ae,2026-05-08,2026-09-22,2026-09-24
"Block Real Estate Services, LLC",69fded0f62446148bd848c07,"BMO Harris Commercial Banking / BMO Harris Bank, NA",69bc0d686bc195aa02a7e3b0,69bc0d686bc195aa02a7e372,active,,,,,,,111 West Monroe Street,Chicago,Illinois,United States,60603,,,,,69bc0d686bc195aa02a7e3ac,2026-05-08,2026-06-23,2026-09-24
"Block Real Estate Services, LLC",69fded0f62446148bd848c0a,"AKKA Karate USA / BMS Fitnes Solutions, Inc. (AKKA Olathe Martial Arts)",69bc0d686bc195aa02a7e3b0,69bc0d686bc195aa02a7e372,active,,,,,,,15601 West 125th Terrace,Olathe,Kansas,United States,66062,,,,,69bc0d686bc195aa02a7e3ac; 69bc0d686bc195aa02a7e3ae,2026-05-08,2026-09-21,2026-09-24
"Block Real Estate Services, LLC",69fded0f62446148bd848c0d,Bode Cellmark Forensics Inc,69bc0d686bc195aa02a7e3b0,69bc0d686bc195aa02a7e372,active,,,,,,,10430 Furnace Road,Lorton,Virginia,United States,22079,,,,,69bc0d686bc195aa02a7e3ac; 69bc0d686bc195aa02a7e3ae,2026-05-08,2026-09-22,2026-09-24
"Block Real Estate Services, LLC",69fded0f62446148bd848c10,"Sono Bello / Body Contour Centers, LLC",69bc0d686bc195aa02a7e3b0,69bc0d686bc195aa02a7e372,active,,,,,,,980 North Michigan Avenue,Chicago,Illinois,United States,60611,,,,,69bc0d686bc195aa02a7e3ac; 69bc0d686bc195aa02a7e3ae,2026-05-08,2026-09-22,2026-09-24
"Block Real Estate Services, LLC",69fded0f62446148bd848c13,"Celebrate Dental & Braces / Brave, LLC",69bc0d686bc195aa02a7e3b0,69bc0d686bc195aa02a7e372,active,,,,,,,319 Northeast Vivion Road,Kansas City,Missouri,United States,64118,,,,,69bc0d686bc195aa02a7e3ac; 69bc0d686bc195aa02a7e3ae,2026-05-08,2026-09-22,2026-09-24
"Block Real Estate Services, LLC",69fded0f62446148bd848c19,"Kitchen and Bath by Briggs / Briggs, Inc.",69bc0d686bc195aa02a7e3b0,69bc0d686bc195aa02a7e372,active,,,,,,,,,,,,,,,,69bc0d686bc195aa02a7e3ac,2026-05-08,2026-09-23,2026-09-24
"Block Real Estate Services, LLC",69fded1062446148bd848c1c,Brown & Root Industrial Services LLC,69bc0d686bc195aa02a7e3b0,69bc0d686bc195aa02a7e372,active,,,,,,,4171 Essen Lane,Baton Rouge,Louisiana,United States,70809,,,,,69bc0d686bc195aa02a7e3ac; 69bc0d686bc195aa02a7e3ae,2026-05-08,2026-09-22,2026-09-24
"Block Real Estate Services, LLC",69fded1062446148bd848c1f,The Professional Group / Bryan Torez,69bc0d686bc195aa02a7e3b0,69bc0d686bc195aa02a7e372,active,,,,,,,8131 Parallel Parkway,Kansas City,Kansas,United States,66112,,,,,69bc0d686bc195aa02a7e3ac; 69bc0d686bc195aa02a7e3ae,2026-05-08,2026-09-17,2026-09-24
"Block Real Estate Services, LLC",69fded1062446148bd848c22,Bryght Labs,69bc0d686bc195aa02a7e3b0,69bc0d686bc195aa02a7e372,active,,,,,,,11069 Strang Line Road,Lenexa,Kansas,United States,66215,,,,,69bc0d686bc195aa02a7e3ac; 69bc0d686bc195aa02a7e3ae,2026-05-08,2026-08-05,2026-09-24
"Block Real Estate Services, LLC",69fded1062446148bd848c25,"Buckeye Cleaning Center KC / Buckeye International, Inc.",69bc0d686bc195aa02a7e3b0,69bc0d686bc195aa02a7e372,active,,,,,,,2700 Wagner Place,Maryland Heights,Missouri,United States,63043,,,,,69bc0d686bc195aa02a7e3ac,2026-05-08,2026-06-25,2026-09-24
"Block Real Estate Services, LLC",69fded1062446148bd848c28,Builder Direct LLC,69bc0d686bc195aa02a7e3b0,69bc0d686bc195aa02a7e372,active,,,,,,,13215 Logan Lane,Lenexa,Kansas,United States,66215,,,,,69bc0d686bc195aa02a7e3ac,2026-05-08,2026-08-03,2026-09-24
"Block Real Estate Services, LLC",69fded1062446148bd848c2b,Bunzl Distribution Inc,69bc0d686bc195aa02a7e3b0,69bc0d686bc195aa02a7e372,active,,,,,,,,Creve Coeur,Missouri,United States,63141,,,,,69bc0d686bc195aa02a7e3ac; 69bc0d686bc195aa02a7e3ae,2026-05-08,2026-09-22,2026-09-24
"Block Real Estate Services, LLC",69fded1062446148bd848c2e,BUNZL,69bc0d686bc195aa02a7e3b0,69bc0d686bc195aa02a7e372,active,,,,,,,5710 Northwest 41st Street,Riverside,Missouri,United States,64150,,,,,69bc0d686bc195aa02a7e3ae; 69bc0d686bc195aa02a7e3ac,2026-05-08,2026-09-22,2026-09-24
"Block Real Estate Services, LLC",69fded1062446148bd848c31,"Equipment Preference, Inc. (fka Burlis-Lawson Group, Inc.)",69bc0d686bc195aa02a7e3b0,69bc0d686bc195aa02a7e372,active,,,,,,,,,,,,,,,,69bc0d686bc195aa02a7e3ac,2026-05-08,2026-09-11,2026-09-24
"Block Real Estate Services, LLC",69fded1062446148bd848c37,Butler Suppy Inc,69bc0d686bc195aa02a7e3b0,69bc0d686bc195aa02a7e372,active,,,,,,,,,,,,,,,,69bc0d686bc195aa02a7e3ac; 69bc0d686bc195aa02a7e3ae,2026-05-08,2026-09-22,2026-09-24
"Block Real Estate Services, LLC",69fded1062446148bd848c3a,BWI Companies Inc,69bc0d686bc195aa02a7e3b0,69bc0d686bc195aa02a7e372,active,,,,,,,,,,,,,,,,69bc0d686bc195aa02a7e3ac,2026-05-08,2026-09-17,2026-09-24
"Block Real Estate Services, LLC",69fded1062446148bd848c3d,"Corbion / Caravan Ingredients, Inc.",69bc0d686bc195aa02a7e3b0,69bc0d686bc195aa02a7e372,active,,,,,,,8250 Flint Street,Lenexa,Kansas,United States,66214,,,,,69bc0d686bc195aa02a7e3ac,2026-05-08,2026-09-22,2026-09-24
"Block Real Estate Services, LLC",69fded1062446148bd848c40,"APEX / KC Orthopedic Institute (fka Carondelet Orthopedic Surgeons, PA)",69bc0d686bc195aa02a7e3b0,69bc0d686bc195aa02a7e372,active,,,,,,,10777 Nall Avenue,Overland Park,Kansas,United States,66211,,,,,69bc0d686bc195aa02a7e3ac,2026-05-08,2026-08-11,2026-09-24
"Block Real Estate Services, LLC",69fded1062446148bd848c43,Carrier Corporation,69bc0d686bc195aa02a7e3b0,69bc0d686bc195aa02a7e372,active,,,,,,,,,,,,,,,,69bc0d686bc195aa02a7e3ac,2026-05-08,2026-06-11,2026-09-24
"Block Real Estate Services, LLC",69fded1062446148bd848c46,CarStar Riverside (fka Autobody on the Run),69bc0d686bc195aa02a7e3b0,69bc0d686bc195aa02a7e372,active,,,,,,,4104-4110 Northwest Riverside Street,Riverside,Missouri,United States,64150,,,,,69bc0d686bc195aa02a7e3ac; 69bc0d686bc195aa02a7e3ae,2026-05-08,2026-08-13,2026-09-24
"Block Real Estate Services, LLC",69fded1062446148bd848c49,Cass County Public Library,69bc0d686bc195aa02a7e3b0,69bc0d686bc195aa02a7e372,active,,,,,,,400 East Mechanic Street,Harrisonville,Missouri,United States,64701,,,,,69bc0d686bc195aa02a7e3ac,2026-05-08,2026-08-03,2026-09-24
"Block Real Estate Services, LLC",69fded1062446148bd848c4f,CBD American Shaman LLC,69bc0d686bc195aa02a7e3b0,69bc0d686bc195aa02a7e372,active,,,,,,,1501 Iron Street,Kansas City,Missouri,United States,64116,,,,,69bc0d686bc195aa02a7e3ac; 69bc0d686bc195aa02a7e3ae,2026-05-08,2026-09-22,2026-09-24
"Block Real Estate Services, LLC",69fded1062446148bd848c52,"Sunflower Health Plan / Centene Management Company, LLC",69bc0d686bc195aa02a7e3b0,69bc0d686bc195aa02a7e372,active,,,,,,,8325 Lenexa Drive,Overland Park,Kansas,United States,66214,,,,,69bc0d686bc195aa02a7e3ac,2026-05-08,2026-08-21,2026-09-24
"Block Real Estate Services, LLC",69fded1062446148bd848c55,Central Power Systems & Services LLC,69bc0d686bc195aa02a7e3b0,69bc0d686bc195aa02a7e372,active,,,,,,,,,,,,,,,,69bc0d686bc195aa02a7e3ac,2026-05-08,2026-07-15,2026-09-24
"Block Real Estate Services, LLC",69fded1062446148bd848c58,"The Retirement Planning Group / Cetera Financial Group, Inc.",69bc0d686bc195aa02a7e3b0,69bc0d686bc195aa02a7e372,active,,,,,,,,,,,,,,,,69bc0d686bc195aa02a7e3ac,2026-05-08,2026-07-06,2026-09-24
"Block Real Estate Services, LLC",69fded1062446148bd848c5b,"Challenger Sports, Inc.",69bc0d686bc195aa02a7e3b0,69bc0d686bc195aa02a7e372,active,,,,,,,,,,,,,,,,69bc0d686bc195aa02a7e3ac; 69bc0d686bc195aa02a7e3ae,2026-05-08,2026-08-13,2026-09-24
"Block Real Estate Services, LLC",69fded1062446148bd848c5e,Champion Supply Company LLC,69bc0d686bc195aa02a7e3b0,69bc0d686bc195aa02a7e372,active,,,,,,,5201 Southwest 36th Street,Oklahoma City,Oklahoma,United States,73179,,,,,69bc0d686bc195aa02a7e3ac,2026-05-08,2026-06-15,2026-09-24
"Block Real Estate Services, LLC",69fded1062446148bd848c61,Charles D Jones Company,69bc0d686bc195aa02a7e3b0,69bc0d686bc195aa02a7e372,active,,,,,,,4400 Northwest 41st Street,Riverside,Missouri,United States,64150,,,,,69bc0d686bc195aa02a7e3ac; 69bc0d686bc195aa02a7e3ae,2026-05-08,2026-09-22,2026-09-24
"Block Real Estate Services, LLC",69fded1062446148bd848c67,Check Into Cash,69bc0d686bc195aa02a7e3b0,69bc0d686bc195aa02a7e372,active,,,,,,,,,,,,,,,,69bc0d686bc195aa02a7e3ac; 69bc0d686bc195aa02a7e3ae,2026-05-08,2026-09-22,2026-09-24
"Block Real Estate Services, LLC",69fded1062446148bd848c6a,Cherish The Furs LLC,69bc0d686bc195aa02a7e3b0,69bc0d686bc195aa02a7e372,active,,,,,,,3416 West 144th Street,Overland Park,Kansas,United States,66224,,,,,69bc0d686bc195aa02a7e3ac; 69bc0d686bc195aa02a7e3ae,2026-05-08,2026-09-01,2026-09-24
"Block Real Estate Services, LLC",69fded1162446148bd848c6d,"Chin Asian Restaurant, LLC",69bc0d686bc195aa02a7e3b0,69bc0d686bc195aa02a7e372,active,,,,,,,,,,,,,,,,69bc0d686bc195aa02a7e3ac; 69bc0d686bc195aa02a7e3ae,2026-05-08,2026-09-22,2026-09-24
"Block Real Estate Services, LLC",69fded1162446148bd848c70,Chipotle Mexican Grill,69bc0d686bc195aa02a7e3b0,69bc0d686bc195aa02a7e372,active,,,,,,,,,,,,,,,,69bc0d686bc195aa02a7e3ac; 69bc0d686bc195aa02a7e3ae,2026-05-08,2026-09-22,2026-09-24
"Block Real Estate Services, LLC",69fded1162446148bd848c73,Triple Black Tattoo / Chris Keegan,69bc0d686bc195aa02a7e3b0,69bc0d686bc195aa02a7e372,active,,,,,,,401 East 117th Street,Kansas City,Missouri,United States,64131,,,,,69bc0d686bc195aa02a7e3ac; 69bc0d686bc195aa02a7e3ae,2026-05-08,2026-09-22,2026-09-24
"Block Real Estate Services, LLC",69fded1162446148bd848c76,"Chrysalis Center, LLC",69bc0d686bc195aa02a7e3b0,69bc0d686bc195aa02a7e372,active,,,,,,,9500 East 63rd Street,Raytown,Missouri,United States,64133,,,,,69bc0d686bc195aa02a7e3ac; 69bc0d686bc195aa02a7e3ae,2026-05-08,2026-09-01,2026-09-24
"Block Real Estate Services, LLC",69fded1162446148bd848c79,CigaWatt LLC,69bc0d686bc195aa02a7e3b0,69bc0d686bc195aa02a7e372,active,,,,,,,1420 Southwest Eagles Parkway,Grain Valley,Missouri,United States,64029,,,,,69bc0d686bc195aa02a7e3ac; 69bc0d686bc195aa02a7e3ae,2026-05-08,2026-09-22,2026-09-24
"Block Real Estate Services, LLC",69fded1162446148bd848c7f,CJ Industries LLC,69bc0d686bc195aa02a7e3b0,69bc0d686bc195aa02a7e372,active,,,,,,,610 South 78 Street,Kansas City,Kansas,United States,66111,,,,,69bc0d686bc195aa02a7e3ac,2026-05-08,2026-06-15,2026-09-24
"Block Real Estate Services, LLC",69fded1162446148bd848c82,Clarivate Analytics LLC,69bc0d686bc195aa02a7e3b0,69bc0d686bc195aa02a7e372,active,,,,,,,,,,,,,,,,69bc0d686bc195aa02a7e3ac,2026-05-08,2026-07-06,2026-09-24
"Block Real Estate Services, LLC",69fded1162446148bd848c85,ClassOneModelWorks.com LLC,69bc0d686bc195aa02a7e3b0,69bc0d686bc195aa02a7e372,active,,,,,,,6130 Northwest Hickory Place,Parkville,Missouri,United States,64152,,,,,69bc0d686bc195aa02a7e3ac,2026-05-08,2026-07-31,2026-09-24
"Block Real Estate Services, LLC",69fded1162446148bd848c88,Clopay Building Products,69bc0d686bc195aa02a7e3b0,69bc0d686bc195aa02a7e372,active,,,,,,,8585 Duke Boulevard,Mason,Ohio,United States,45040,,,,,69bc0d686bc195aa02a7e3ac; 69bc0d686bc195aa02a7e3ae,2026-05-08,2026-09-22,2026-09-24
"Block Real Estate Services, LLC",69fded1162446148bd848c8b,CNR Construction KC LLC,69bc0d686bc195aa02a7e3b0,69bc0d686bc195aa02a7e372,active,,,,,,,,,,,,,,,,69bc0d686bc195aa02a7e3ac,2026-05-08,2026-07-01,2026-09-24
"Block Real Estate Services, LLC",69fded1162446148bd848c8e,Coffel Construction LLC,69bc0d686bc195aa02a7e3b0,69bc0d686bc195aa02a7e372,active,,,,,,,9500 East 63rd Street,Raytown,Missouri,United States,64133,,,,,69bc0d686bc195aa02a7e3ac; 69bc0d686bc195aa02a7e3ae,2026-05-08,2026-09-22,2026-09-24
"Block Real Estate Services, LLC",69fded1162446148bd848c91,CMA / Colarelli Meyer & Associates,69bc0d686bc195aa02a7e3b0,69bc0d686bc195aa02a7e372,active,,,,,,,,,,,,,,,,69bc0d686bc195aa02a7e3ac; 69bc0d686bc195aa02a7e3ae,2026-05-08,2026-09-22,2026-09-24
"Block Real Estate Services, LLC",69fded1162446148bd848c94,"HCA aka College Park Endoscopy Center, LLC / Surgery Ventures",69bc0d686bc195aa02a7e3b0,69bc0d686bc195aa02a7e372,active,,,,,,,,,,,,,,,,69bc0d686bc195aa02a7e3ac; 69bc0d686bc195aa02a7e3ae,2026-05-08,2026-09-22,2026-09-24
"Block Real Estate Services, LLC",69fded1162446148bd848c97,"Commercial Industrial Supply, LLC",69bc0d686bc195aa02a7e3b0,69bc0d686bc195aa02a7e372,active,,,,,,,112 Northwest Business Park Lane,Riverside,Missouri,United States,64150,,,,,69bc0d686bc195aa02a7e3ac,2026-05-08,2026-06-22,2026-09-24
"Block Real Estate Services, LLC",69fded1162446148bd848c9a,Companion Protect Agency,69bc0d686bc195aa02a7e3b0,69bc0d686bc195aa02a7e372,active,,,,,,,,,,,,,,,,69bc0d686bc195aa02a7e3ac; 69bc0d686bc195aa02a7e3ae,2026-05-08,2026-09-14,2026-09-24
"Block Real Estate Services, LLC",69fded1162446148bd848c9d,Concrete Strategies LLC,69bc0d686bc195aa02a7e3b0,69bc0d686bc195aa02a7e372,active,,,,,,,167 North Green Street,Chicago,Illinois,United States,60607,,,,,69bc0d686bc195aa02a7e3ac,2026-05-08,2026-07-14,2026-09-24
"Block Real Estate Services, LLC",69fded1162446148bd848ca0,"CKF / Consolidated Supply, Inc.",69bc0d686bc195aa02a7e3b0,69bc0d686bc195aa02a7e372,active,,,,,,,10325 J Street,Omaha,Nebraska,United States,68127,,,,,69bc0d686bc195aa02a7e3ac,2026-05-08,2026-06-15,2026-09-24
"Block Real Estate Services, LLC",69fded1162446148bd848ca3,Converge LLC,69bc0d686bc195aa02a7e3b0,69bc0d686bc195aa02a7e372,active,,,,,,,8405 Pflumm Circle,Lenexa,Kansas,United States,66215,,,,,69bc0d686bc195aa02a7e3ac,2026-05-08,2026-08-26,2026-09-24
"Block Real Estate Services, LLC",69fded1162446148bd848ca6,Convergint Technologies LLC,69bc0d686bc195aa02a7e3b0,69bc0d686bc195aa02a7e372,active,,,,,,,8345 Lenexa Drive,Lenexa,Kansas,United States,66214,,,,,69bc0d686bc195aa02a7e3ac,2026-05-08,2026-06-23,2026-09-24
"Block Real Estate Services, LLC",69fded1162446148bd848ca9,Core Adventures LLC,69bc0d686bc195aa02a7e3b0,69bc0d686bc195aa02a7e372,active,,,,,,,,,,,,,,,,69bc0d686bc195aa02a7e3ac,2026-05-08,2026-09-22,2026-09-24
"Block Real Estate Services, LLC",69fded1162446148bd848cac,CORE Cashless LLC,69bc0d686bc195aa02a7e3b0,69bc0d686bc195aa02a7e372,active,,,,,,,,,,,,,,,,69bc0d686bc195aa02a7e3ac; 69bc0d686bc195aa02a7e3ae,2026-05-08,2026-09-22,2026-09-24
"Block Real Estate Services, LLC",69fded1162446148bd848caf,Cornerstones Barbershop LLC,69bc0d686bc195aa02a7e3b0,69bc0d686bc195aa02a7e372,active,,,,,,,,,,,,,,,,69bc0d686bc195aa02a7e3ac; 69bc0d686bc195aa02a7e3ae,2026-05-08,2026-09-22,2026-09-24
"Block Real Estate Services, LLC",69fded1162446148bd848cb2,Corporate Flooring Inc,69bc0d686bc195aa02a7e3b0,69bc0d686bc195aa02a7e372,active,,,,,,,,,,,,,,,,69bc0d686bc195aa02a7e3ac,2026-05-08,2026-06-17,2026-09-24
"Block Real Estate Services, LLC",69fded1162446148bd848cb5,Cort Furniture Rental / Cort Business Services Corporation,69bc0d686bc195aa02a7e3b0,69bc0d686bc195aa02a7e372,active,,,,,,,167 North Green Street,Chicago,Illinois,United States,60607,,,,,69bc0d686bc195aa02a7e3ac,2026-05-08,2026-09-22,2026-09-24
"Block Real Estate Services, LLC",69fded1162446148bd848cb8,CorVel Healthcare Corporation,69bc0d686bc195aa02a7e3b0,69bc0d686bc195aa02a7e372,active,,,,,,,11101 Switzer Road,Overland Park,Kansas,United States,66210,,,,,69bc0d686bc195aa02a7e3ac,2026-05-08,2026-07-27,2026-09-24
"Block Real Estate Services, LLC",69fded1162446148bd848cbb,"Cosentino, Group, Inc. / Associated Wholesale Grocers, Inc.",69bc0d686bc195aa02a7e3b0,69bc0d686bc195aa02a7e372,active,,,,,,,13180 Metcalf Avenue,Overland Park,Kansas,United States,66213,,,,,69bc0d686bc195aa02a7e3ac; 69bc0d686bc195aa02a7e3ae,2026-05-08,2026-08-18,2026-09-24
"Block Real Estate Services, LLC",69fded1162446148bd848cbe,"Costco-Innovel Properties, LLC (fka Sears Logistics Service, Inc.)",69bc0d686bc195aa02a7e3b0,69bc0d686bc195aa02a7e372,active,,,,,,,3333 Beverly Road,Hoffman Estates,Illinois,United States,60179,,,,,69bc0d686bc195aa02a7e3ac,2026-05-08,2026-08-26,2026-09-24
"Block Real Estate Services, LLC",69fded1262446148bd848cc1,"Covisian CTX, LLC (fka RGMI Consultant / Centrinex, LLC)",69bc0d686bc195aa02a7e3b0,69bc0d686bc195aa02a7e372,active,,,,,,,,,,,,,,,,69bc0d686bc195aa02a7e3ac,2026-05-08,2026-07-29,2026-09-24
"Block Real Estate Services, LLC",69fded1262446148bd848cc4,"Ameriprise Financial Services, LLC / Respective Wealth / Schenck, Thompson & Associates, LLC (fka Creative Collaboration)",69bc0d686bc195aa02a7e3b0,69bc0d686bc195aa02a7e372,active,,,,,,,,,,,,,,,,69bc0d686bc195aa02a7e3ac,2026-05-08,2026-06-30,2026-09-24
"Block Real Estate Services, LLC",69fded1262446148bd848cc7,Creative Consumer Concepts Inc,69bc0d686bc195aa02a7e3b0,69bc0d686bc195aa02a7e372,active,,,,,,,,,Kansas,United States,66207,,,,,69bc0d686bc195aa02a7e3ac; 69bc0d686bc195aa02a7e3ae,2026-05-08,2026-08-06,2026-09-24
"Block Real Estate Services, LLC",69fded1262446148bd848cca,"Crescent Electric Supply Company, Inc.",69bc0d686bc195aa02a7e3b0,69bc0d686bc195aa02a7e372,active,,,,,,,,,,,,,,,,69bc0d686bc195aa02a7e3ac,2026-05-08,2026-09-21,2026-09-24
"Block Real Estate Services, LLC",69fded1262446148bd848ccd,Crescent Springs Healing Center,69bc0d686bc195aa02a7e3b0,69bc0d686bc195aa02a7e372,active,,,,,,,,,,,,,,,,69bc0d686bc195aa02a7e3ac; 69bc0d686bc195aa02a7e3ae,2026-05-08,2026-09-22,2026-09-24
"Block Real Estate Services, LLC",69fded1262446148bd848cd0,Crossroads Courier Inc,69bc0d686bc195aa02a7e3b0,69bc0d686bc195aa02a7e372,active,,,,,,,2008 Altom Court,St. Louis,Missouri,United States,63146,,,,,69bc0d686bc195aa02a7e3ac,2026-05-08,2026-08-19,2026-09-24
"Block Real Estate Services, LLC",69fded1262446148bd848cd3,Crown MedRealty Partners LLC,69bc0d686bc195aa02a7e3b0,69bc0d686bc195aa02a7e372,active,,,,,,,11460 Tomahawk Creek Parkway,Leawood,Kansas,United States,66211,,,,,69bc0d686bc195aa02a7e3ac,2026-05-08,2026-07-09,2026-09-24
"Block Real Estate Services, LLC",69fded1262446148bd848cd6,Cruise Marketing Inc,69bc0d686bc195aa02a7e3b0,69bc0d686bc195aa02a7e372,active,,,,,,,5512 Northeast 17th Street,Des Moines,Iowa,United States,50313,,,,,69bc0d686bc195aa02a7e3ac,2026-05-08,2026-08-11,2026-09-24
"Block Real Estate Services, LLC",69fded1262446148bd848cd9,KK Express Employment / Curtis Holding Company,69bc0d686bc195aa02a7e3b0,69bc0d686bc195aa02a7e372,active,,,,,,,12705 South Mur-Len Road,Olathe,Kansas,United States,66062,,,,,69bc0d686bc195aa02a7e3ac; 69bc0d686bc195aa02a7e3ae,2026-05-08,2026-09-22,2026-09-24
"Block Real Estate Services, LLC",69fded1262446148bd848cdc,"DL Smith Electrical Construction, Inc.",69bc0d686bc195aa02a7e3b0,69bc0d686bc195aa02a7e372,active,,,,,,,,,,,,,,,,69bc0d686bc195aa02a7e3ac,2026-05-08,2026-06-17,2026-09-24
"Block Real Estate Services, LLC",69fded1262446148bd848cdf,"D.A. Davidson, Inc. / DA Davidson & Co.",69bc0d686bc195aa02a7e3b0,69bc0d686bc195aa02a7e372,active,,,,,,,,,,,,,,,,69bc0d686bc195aa02a7e3ac; 69bc0d686bc195aa02a7e3ae,2026-05-08,2026-09-22,2026-09-24
"Block Real Estate Services, LLC",69fded1262446148bd848ce2,"Roadhouse Restaurant / Dactyl, LLC",69bc0d686bc195aa02a7e3b0,69bc0d686bc195aa02a7e372,active,,,,,,,340 Northeast Parks Edge Drive,Lee's Summit,Missouri,United States,64064,,,,,69bc0d686bc195aa02a7e3ac; 69bc0d686bc195aa02a7e3ae,2026-05-08,2026-09-22,2026-09-24
"Block Real Estate Services, LLC",69fded1262446148bd848ce5,"Thermal Mechanics, Inc. (TMI)",69bc0d686bc195aa02a7e3b0,69bc0d686bc195aa02a7e372,active,,,,,,,715 Goddard Avenue,Chesterfield,Missouri,United States,63005,,,,,69bc0d686bc195aa02a7e3ac,2026-05-08,2026-07-06,2026-09-24
"Block Real Estate Services, LLC",69fded1262446148bd848ce8,Dairy Farmers Of America,69bc0d686bc195aa02a7e3b0,69bc0d686bc195aa02a7e372,active,,,,,,,1405 North 98th Street,Kansas City,Kansas,United States,66111,,,,,69bc0d686bc195aa02a7e3ac,2026-05-08,2026-09-21,2026-09-24
"Block Real Estate Services, LLC",69fded1262446148bd848ceb,Dairy Farmers of America Inc,69bc0d686bc195aa02a7e3b0,69bc0d686bc195aa02a7e372,active,,,,,,,2711 North Haskell Avenue,Dallas,Texas,United States,75204,,,,,69bc0d686bc195aa02a7e3ac,2026-05-08,2026-09-21,2026-09-24
"Block Real Estate Services, LLC",69fded1262446148bd848cee,"Dark Horse Coffee / Dark Horse Collective, LLC",69bc0d686bc195aa02a7e3b0,69bc0d686bc195aa02a7e372,active,,,,,,,723 East 18th Street,Kansas City,Missouri,United States,64108,,,,,69bc0d686bc195aa02a7e3ac,2026-05-08,2026-06-23,2026-09-24
"Block Real Estate Services, LLC",69fded1262446148bd848cf1,"Retail Data Systems of KC (RDS) / Data Systems, Inc.",69bc0d686bc195aa02a7e3b0,69bc0d686bc195aa02a7e372,active,,,,,,,11316 West 80th Street,Shawnee,Kansas,United States,66214,,,,,69bc0d686bc195aa02a7e3ac,2026-05-08,2026-09-09,2026-09-24
"Block Real Estate Services, LLC",69fded1262446148bd848cf4,Data Systems International/ Nextworld / Cloud Inventory,69bc0d686bc195aa02a7e3b0,69bc0d686bc195aa02a7e372,active,,,,,,,11101 Switzer Road,Overland Park,Kansas,United States,66210,,,,,69bc0d686bc195aa02a7e3ac,2026-05-08,2026-09-17,2026-09-24
"Block Real Estate Services, LLC",69fded1262446148bd848cf7,DataLocker Inc,69bc0d686bc195aa02a7e3b0,69bc0d686bc195aa02a7e372,active,,,,,,,12695 Metcalf Avenue,Overland Park,Kansas,United States,66213,,,,,69bc0d686bc195aa02a7e3ac,2026-05-08,2026-09-23,2026-09-24
"Block Real Estate Services, LLC",69fded1262446148bd848cfa,B-Envied Salon / David M & Lisa Walla,69bc0d686bc195aa02a7e3b0,69bc0d686bc195aa02a7e372,active,,,,,,,805 Northwest Donovan Road,Lee's Summit,Missouri,United States,64086,,,,,69bc0d686bc195aa02a7e3ac,2026-05-08,2026-07-27,2026-09-24
"Block Real Estate Services, LLC",69fded1262446148bd848cfd,Residential - renter occupied: David Remick,69bc0d686bc195aa02a7e3b0,69bc0d686bc195aa02a7e372,archived,,,,,,,3909 Bell Street,Kansas City,Missouri,United States,64111,,,,,,2026-05-08,2026-06-05,2026-09-24
"Block Real Estate Services, LLC",69fded1262446148bd848d00,Daylight Donuts-Olathe LLC,69bc0d686bc195aa02a7e3b0,69bc0d686bc195aa02a7e372,active,,,,,,,12705 South Mur-Len Road,Olathe,Kansas,United States,66062,,,,,69bc0d686bc195aa02a7e3ac,2026-05-08,2026-08-27,2026-09-24
"Block Real Estate Services, LLC",69fded1262446148bd848d03,DCB Homes LLC,69bc0d686bc195aa02a7e3b0,69bc0d686bc195aa02a7e372,active,,,,,,,9059 Overhill Circle,De Soto,Kansas,United States,66018,,,,,69bc0d686bc195aa02a7e3ac,2026-05-08,2026-09-01,2026-09-24
"Block Real Estate Services, LLC",69fded1262446148bd848d06,"Dental Health Essentials, LLC",69bc0d686bc195aa02a7e3b0,69bc0d686bc195aa02a7e372,active,,,,,,,8299 Melrose Drive,Lenexa,Kansas,United States,66214,,,,,69bc0d686bc195aa02a7e3ac; 69bc0d686bc195aa02a7e3ae,2026-05-08,2026-09-22,2026-09-24
"Block Real Estate Services, LLC",69fded1262446148bd848d09,Dentek Inc DBA Sokolov Dental Laboratory Inc,69bc0d686bc195aa02a7e3b0,69bc0d686bc195aa02a7e372,active,,,,,,,,,,,,,,,,69bc0d686bc195aa02a7e3ac,2026-05-08,2026-09-07,2026-09-24
"Block Real Estate Services, LLC",69fded1262446148bd848d0c,Dermatology Consultants,69bc0d686bc195aa02a7e3b0,69bc0d686bc195aa02a7e372,active,,,,,,,10777 Nall Avenue,Overland Park,Kansas,United States,66211,,,,,69bc0d686bc195aa02a7e3ac,2026-05-08,2026-08-03,2026-09-24
"Block Real Estate Services, LLC",69fded1262446148bd848d0f,"Diamond Towel and Supply Company, LLC",69bc0d686bc195aa02a7e3b0,69bc0d686bc195aa02a7e372,active,,,,,,,3146 South 24th Street,Kansas City,Kansas,United States,66106,,,,,69bc0d686bc195aa02a7e3ac; 69bc0d686bc195aa02a7e3ae,2026-05-08,2026-09-22,2026-09-24
"Block Real Estate Services, LLC",69fded1362446148bd848d12,Diana M. Dang,69bc0d686bc195aa02a7e3b0,69bc0d686bc195aa02a7e372,active,,,,,,,6205 North Harrison Street,Kansas City,Missouri,United States,64118,,,,,69bc0d686bc195aa02a7e3ac; 69bc0d686bc195aa02a7e3ae,2026-05-08,2026-09-22,2026-09-24
"Block Real Estate Services, LLC",69fded1362446148bd848d15,Green Leaf Dispensary / DineShkumar P. Patel & Jingeshkumar D. Patel,69bc0d686bc195aa02a7e3b0,69bc0d686bc195aa02a7e372,active,,,,,,,5804 Lightpost Drive,Columbia,Missouri,United States,65201,,,,,69bc0d686bc195aa02a7e3ac; 69bc0d686bc195aa02a7e3ae,2026-05-08,2026-08-24,2026-09-24
"Block Real Estate Services, LLC",69fded1362446148bd848d18,Discover Church,69bc0d686bc195aa02a7e3b0,69bc0d686bc195aa02a7e372,active,,,,,,,8400 Northwest 107th Terrace,Kansas City,Missouri,United States,64153,,,,,69bc0d686bc195aa02a7e3ac; 69bc0d686bc195aa02a7e3ae,2026-05-08,2026-09-24,2026-09-24
"Block Real Estate Services, LLC",69fded1362446148bd848d1e,"Dollar General / Dolgencorp, Inc.",69bc0d686bc195aa02a7e3b0,69bc0d686bc195aa02a7e372,active,,,,,,,,,,,,,,,,69bc0d686bc195aa02a7e3ac,2026-05-08,2026-09-22,2026-09-24
"Block Real Estate Services, LLC",69fded1362446148bd848d21,Dollar Tree,69bc0d686bc195aa02a7e3b0,69bc0d686bc195aa02a7e372,active,,,,,,,,,,,,,,,,69bc0d686bc195aa02a7e3ac; 69bc0d686bc195aa02a7e3ae,2026-05-08,2026-09-21,2026-09-24
"Block Real Estate Services, LLC",69fded1362446148bd848d24,Dollar Tree #03352,69bc0d686bc195aa02a7e3b0,69bc0d686bc195aa02a7e372,active,,,,,,,500 Volvo Parkway,Chesapeake,Virginia,United States,23320,,,,,69bc0d686bc195aa02a7e3ac,2026-05-08,2026-08-21,2026-09-24
"Block Real Estate Services, LLC",69fded1362446148bd848d27,Dollar Tree #4044,69bc0d686bc195aa02a7e3b0,69bc0d686bc195aa02a7e372,active,,,,,,,,,,,,,,,,69bc0d686bc195aa02a7e3ac,2026-05-08,2026-09-21,2026-09-24
"Block Real Estate Services, LLC",69fded1362446148bd848d2a,Dollar Tree #8462,69bc0d686bc195aa02a7e3b0,69bc0d686bc195aa02a7e372,active,,,,,,,500 Volvo Parkway,Chesapeake,Virginia,United States,23320,,,,,69bc0d686bc195aa02a7e3ac,2026-05-08,2026-09-03,2026-09-24
"Block Real Estate Services, LLC",69fded1362446148bd848d2d,"Perry Plaza Dental / Dr. Darren Perry, DDS",69bc0d686bc195aa02a7e3b0,69bc0d686bc195aa02a7e372,archived,,,,,,,800 West 47th Street,Kansas City,Missouri,United States,64112,,,,,,2026-05-08,2026-09-21,2026-09-24
"Block Real Estate Services, LLC",69fded1362446148bd848d30,Personal Care Dental Group / Dr. Floyd Wiggins III,69bc0d686bc195aa02a7e3b0,69bc0d686bc195aa02a7e372,active,,,,,,,9500 East 63rd Street,Raytown,Missouri,United States,64133,,,,,69bc0d686bc195aa02a7e3ac; 69bc0d686bc195aa02a7e3ae,2026-05-08,2026-09-22,2026-09-24
"Block Real Estate Services, LLC",69fded1362446148bd848d33,DTG Medical Electronics,69bc0d686bc195aa02a7e3b0,69bc0d686bc195aa02a7e372,active,,,,,,,8323 Melrose Drive,Overland Park,Kansas,United States,66214,,,,,69bc0d686bc195aa02a7e3ac; 69bc0d686bc195aa02a7e3ae,2026-05-08,2026-09-24,2026-09-24
"Block Real Estate Services, LLC",69fded1362446148bd848d36,DaVita Dialysis / DVA Renal Healthcare,69bc0d686bc195aa02a7e3b0,69bc0d686bc195aa02a7e372,active,,,,,,,,Tacoma,Washington,United States,98401,,,,,69bc0d686bc195aa02a7e3ac,2026-05-08,2026-09-21,2026-09-24
"Block Real Estate Services, LLC",69fded1362446148bd848d39,E & T Plastics MFG. CO. INC.,69bc0d686bc195aa02a7e3b0,69bc0d686bc195aa02a7e372,active,,,,,,,45-45 37th Street,,New York,United States,11101,,,,,69bc0d686bc195aa02a7e3ac; 69bc0d686bc195aa02a7e3ae,2026-05-08,2026-09-22,2026-09-24
"Block Real Estate Services, LLC",69fded1362446148bd848d3c,E2 Optics LLC,69bc0d686bc195aa02a7e3b0,69bc0d686bc195aa02a7e372,active,,,,,,,76 Inverness Drive East,Centennial,Colorado,United States,80112,,,,,69bc0d686bc195aa02a7e3ac,2026-05-08,2026-06-17,2026-09-24
"Block Real Estate Services, LLC",69fded1362446148bd848d3f,Eaton Electric / Eaton Corporation,69bc0d686bc195aa02a7e3b0,69bc0d686bc195aa02a7e372,active,,,,,,,6055 Primacy Parkway,Memphis,Tennessee,United States,38119,,,,,69bc0d686bc195aa02a7e3ac; 69bc0d686bc195aa02a7e3ae,2026-05-08,2026-09-22,2026-09-24
"Block Real Estate Services, LLC",69fded1362446148bd848d42,EcoShield Pest Solutions,69bc0d686bc195aa02a7e3b0,69bc0d686bc195aa02a7e372,active,,,,,,,,,,,,,,,,69bc0d686bc195aa02a7e3ac,2026-05-08,2026-09-03,2026-09-24
"Block Real Estate Services, LLC",69fded1362446148bd848d45,Edible Arrangements,69bc0d686bc195aa02a7e3b0,69bc0d686bc195aa02a7e372,active,,,,,,,,,,,,,,,,69bc0d686bc195aa02a7e3ac; 69bc0d686bc195aa02a7e3ae,2026-05-08,2026-09-22,2026-09-24
"Block Real Estate Services, LLC",69fded1362446148bd848d48,Edward Jones,69bc0d686bc195aa02a7e3b0,69bc0d686bc195aa02a7e372,active,,,,,,,12555 Manchester Road,Des Peres,Missouri,United States,63131,,,,,69bc0d686bc195aa02a7e3ac; 69bc0d686bc195aa02a7e3ae,2026-05-08,2026-09-22,2026-09-24
"Block Real Estate Services, LLC",69fded1362446148bd848d4b,Edward D Jones & Co LP,69bc0d686bc195aa02a7e3b0,69bc0d686bc195aa02a7e372,active,,,,,,,,,,,,,,,,69bc0d686bc195aa02a7e3ac; 69bc0d686bc195aa02a7e3ae,2026-05-08,2026-09-21,2026-09-24
"Block Real Estate Services, LLC",69fded1362446148bd848d4e,Einstein Bros Bagels #3961,69bc0d686bc195aa02a7e3b0,69bc0d686bc195aa02a7e372,active,,,,,,,1720 South Bellaire Street,Denver,Colorado,United States,80222,,,,,69bc0d686bc195aa02a7e3ac; 69bc0d686bc195aa02a7e3ae,2026-05-08,2026-09-22,2026-09-24
"Block Real Estate Services, LLC",69fded1362446148bd848d51,Electrical Investments Inc,69bc0d686bc195aa02a7e3b0,69bc0d686bc195aa02a7e372,active,,,,,,,,,,,,,,,,69bc0d686bc195aa02a7e3ac,2026-05-08,2026-06-17,2026-09-24
"Block Real Estate Services, LLC",69fded1362446148bd848d54,Electronics for Imaging / EFI Ink Jet Solutions,69bc0d686bc195aa02a7e3b0,69bc0d686bc195aa02a7e372,active,,,,,,,6750 Dumbarton Circle,Fremont,California,United States,94555,,,,,69bc0d686bc195aa02a7e3ac,2026-05-08,2026-06-30,2026-09-24
"Block Real Estate Services, LLC",69fded1362446148bd848d57,"NTR Metals / Elemental Direct USA, LLC",69bc0d686bc195aa02a7e3b0,69bc0d686bc195aa02a7e372,active,,,,,,,10720 Composite Drive,Dallas,Texas,United States,75220,,,,,69bc0d686bc195aa02a7e3ac; 69bc0d686bc195aa02a7e3ae,2026-05-08,2026-09-21,2026-09-24
"Block Real Estate Services, LLC",69fded1362446148bd848d5a,Elliott Electric Supply Inc,69bc0d686bc195aa02a7e3b0,69bc0d686bc195aa02a7e372,active,,,,,,,10917 Mill Creek Road,Shawnee,Kansas,United States,66217,,,,,69bc0d686bc195aa02a7e3ac,2026-05-08,2026-07-17,2026-09-24
"Block Real Estate Services, LLC",69fded1362446148bd848d5d,Elysian Salon and Spa LLC,69bc0d686bc195aa02a7e3b0,69bc0d686bc195aa02a7e372,active,,,,,,,,,,,,,,,,69bc0d686bc195aa02a7e3ac,2026-05-08,2026-07-10,2026-09-24
"Block Real Estate Services, LLC",69fded1362446148bd848d60,Emerson Ecologics LLC,69bc0d686bc195aa02a7e3b0,69bc0d686bc195aa02a7e372,active,,,,,,,1230 Elm Street,Manchester,New Hampshire,United States,03101,,,,,69bc0d686bc195aa02a7e3ac,2026-05-08,2026-06-30,2026-09-24
"Block Real Estate Services, LLC",69fded1362446148bd848d63,Employers Mutual Casualty Company (EMC Insurance),69bc0d686bc195aa02a7e3b0,69bc0d686bc195aa02a7e372,active,,,,,,,,,,,,,,,,69bc0d686bc195aa02a7e3ac,2026-05-08,2026-07-01,2026-09-24
"Block Real Estate Services, LLC",69fded1462446148bd848d66,"EnerSys Delaware, Inc",69bc0d686bc195aa02a7e3b0,69bc0d686bc195aa02a7e372,active,,,,,,,,,,,,,,,,69bc0d686bc195aa02a7e3ac; 69bc0d686bc195aa02a7e3ae,2026-05-08,2026-09-22,2026-09-24
"Block Real Estate Services, LLC",69fded1462446148bd848d69,"Engaged Athletics Training Center / Engaged Holdings, LLC",69bc0d686bc195aa02a7e3b0,69bc0d686bc195aa02a7e372,active,,,,,,,Missouri 45,,Missouri,United States,,,,,,69bc0d686bc195aa02a7e3ac,2026-05-08,2026-09-21,2026-09-24
"Block Real Estate Services, LLC",69fded1462446148bd848d6c,EDT Engineers / Engineering Design & Testing Corporation,69bc0d686bc195aa02a7e3b0,69bc0d686bc195aa02a7e372,active,,,,,,,1105 State Street,Cayce,South Carolina,United States,29033,,,,,69bc0d686bc195aa02a7e3ac,2026-05-08,2026-09-17,2026-09-24
"Block Real Estate Services, LLC",69fded1462446148bd848d6f,Enterprise Leasing Company of Kansas,69bc0d686bc195aa02a7e3b0,69bc0d686bc195aa02a7e372,active,,,,,,,10661 Metcalf Avenue,Overland Park,Kansas,United States,66212,,,,,69bc0d686bc195aa02a7e3ac; 69bc0d686bc195aa02a7e3ae,2026-05-08,2026-09-22,2026-09-24
"Block Real Estate Services, LLC",69fded1462446148bd848d72,Enterprise Leasing Company of Kansas,69bc0d686bc195aa02a7e3b0,69bc0d686bc195aa02a7e372,active,,,,,,,5359 Merriam Drive,Shawnee,Kansas,United States,66203,,,,,69bc0d686bc195aa02a7e3ac; 69bc0d686bc195aa02a7e3ae,2026-05-08,2026-09-22,2026-09-24
"Block Real Estate Services, LLC",69fded1462446148bd848d75,Equipmentshare.com Inc,69bc0d686bc195aa02a7e3b0,69bc0d686bc195aa02a7e372,active,,,,,,,5710 Bull Run Drive,Columbia,Missouri,United States,65201,,,,,69bc0d686bc195aa02a7e3ac; 69bc0d686bc195aa02a7e3ae,2026-05-08,2026-09-22,2026-09-24
"Block Real Estate Services, LLC",69fded1462446148bd848d78,Erin McCandless Massage,69bc0d686bc195aa02a7e3b0,69bc0d686bc195aa02a7e372,active,,,,,,,,,,,,,,,,69bc0d686bc195aa02a7e3ac; 69bc0d686bc195aa02a7e3ae,2026-05-08,2026-08-24,2026-09-24
"Block Real Estate Services, LLC",69fded1462446148bd848d7b,Essense of Australia Inc,69bc0d686bc195aa02a7e3b0,69bc0d686bc195aa02a7e372,active,,,,,,,11066 Strang Line Road,Lenexa,Kansas,United States,66215,,,,,69bc0d686bc195aa02a7e3ac; 69bc0d686bc195aa02a7e3ae,2026-05-08,2026-09-22,2026-09-24
"Block Real Estate Services, LLC",69fded1462446148bd848d81,Excel Automation Inc.,69bc0d686bc195aa02a7e3b0,69bc0d686bc195aa02a7e372,active,,,,,,,2967 Nationwide Parkway,Brunswick,Ohio,United States,44212,,,,,69bc0d686bc195aa02a7e3ac; 69bc0d686bc195aa02a7e3ae,2026-05-08,2026-08-11,2026-09-24
"Block Real Estate Services, LLC",69fded1462446148bd848d84,"Emerson / Experitec, Inc.",69bc0d686bc195aa02a7e3b0,69bc0d686bc195aa02a7e372,active,,,,,,,504 Trade Center Boulevard,Chesterfield,Missouri,United States,63005,,,,,69bc0d686bc195aa02a7e3ac; 69bc0d686bc195aa02a7e3ae,2026-05-08,2026-09-22,2026-09-24
"Block Real Estate Services, LLC",69fded1462446148bd848d87,Express Hardwood Floors LLC,69bc0d686bc195aa02a7e3b0,69bc0d686bc195aa02a7e372,active,,,,,,,14288 West 129th Terrace,Olathe,Kansas,United States,66062,,,,,69bc0d686bc195aa02a7e3ac; 69bc0d686bc195aa02a7e3ae,2026-05-08,2026-09-22,2026-09-24
"Block Real Estate Services, LLC",69fded1462446148bd848d8a,F & M Traders LLC,69bc0d686bc195aa02a7e3b0,69bc0d686bc195aa02a7e372,active,,,,,,,4036 Northwest Riverside Street,Kansas City,Missouri,United States,64150,,,,,69bc0d686bc195aa02a7e3ac; 69bc0d686bc195aa02a7e3ae,2026-05-08,2026-09-22,2026-09-24
"Block Real Estate Services, LLC",69fded1462446148bd848d8d,Faith Technologies Inc,69bc0d686bc195aa02a7e3b0,69bc0d686bc195aa02a7e372,active,,,,,,,,Milwaukee,Wisconsin,United States,,,,,,69bc0d686bc195aa02a7e3ac; 69bc0d686bc195aa02a7e3ae,2026-05-08,2026-09-22,2026-09-24
"Block Real Estate Services, LLC",69fded1462446148bd848d90,"Farm & Home Builders, Inc",69bc0d686bc195aa02a7e3b0,69bc0d686bc195aa02a7e372,active,,,,,,,234 Northwest Plaza Drive,Riverside,Missouri,United States,64150,,,,,69bc0d686bc195aa02a7e3ac; 69bc0d686bc195aa02a7e3ae,2026-05-08,2026-09-22,2026-09-24
"Block Real Estate Services, LLC",69fded1462446148bd848d93,Fastenal Company,69bc0d686bc195aa02a7e3b0,69bc0d686bc195aa02a7e372,archived,,,,,,,,Winona,Minnesota,United States,55987,,,,,,2026-05-08,2026-08-04,2026-09-24
"Block Real Estate Services, LLC",69fded1462446148bd848d96,FastSigns,69bc0d686bc195aa02a7e3b0,69bc0d686bc195aa02a7e372,active,,,,,,,17331 East 40th Street,Independence,Missouri,United States,64055,,,,,69bc0d686bc195aa02a7e3ac; 69bc0d686bc195aa02a7e3ae,2026-05-08,2026-09-22,2026-09-24
"Block Real Estate Services, LLC",69fded1462446148bd848d99,FedEx/Kinko's,69bc0d686bc195aa02a7e3b0,69bc0d686bc195aa02a7e372,active,,,,,,,7900 Legacy Drive,Plano,Texas,United States,75024,,,,,69bc0d686bc195aa02a7e3ac,2026-05-08,2026-09-21,2026-09-24
"Block Real Estate Services, LLC",69fded1462446148bd848d9c,"Daley & Fey, LLP",69bc0d686bc195aa02a7e3b0,69bc0d686bc195aa02a7e372,archived,,,,,,,,,,,,,,,,,2026-05-08,2026-09-03,2026-09-24
"Block Real Estate Services, LLC",69fded1462446148bd848d9f,"Popculture Gourmet Popcorn / FILGR, LLC",69bc0d686bc195aa02a7e3b0,69bc0d686bc195aa02a7e372,active,,,,,,,801 South Franklin Street,Raymore,Missouri,United States,64083,,,,,69bc0d686bc195aa02a7e3ac,2026-05-08,2026-09-20,2026-09-24
"Block Real Estate Services, LLC",69fded1462446148bd848da2,"Fine Line Graphics, Inc.",69bc0d686bc195aa02a7e3b0,69bc0d686bc195aa02a7e372,active,,,,,,,14 Breakneck Hill Road,Lincoln,Rhode Island,United States,02865,,,,,69bc0d686bc195aa02a7e3ac; 69bc0d686bc195aa02a7e3ae,2026-05-08,2026-09-22,2026-09-24
"Block Real Estate Services, LLC",69fded1462446148bd848da5,Fireplace & Bar-B-Q Center Inc,69bc0d686bc195aa02a7e3b0,69bc0d686bc195aa02a7e372,active,,,,,,,10470 Metcalf Avenue,Overland Park,Kansas,United States,66212,,,,,69bc0d686bc195aa02a7e3ac,2026-05-08,2026-07-29,2026-09-24
"Block Real Estate Services, LLC",69fded1462446148bd848da8,"InfuSystem / First Biomedical, Inc.",69bc0d686bc195aa02a7e3b0,69bc0d686bc195aa02a7e372,active,,,,,,,3851 West Hamlin Road,Rochester Hills,Michigan,United States,48309,,,,,69bc0d686bc195aa02a7e3ac,2026-05-08,2026-07-17,2026-09-24
"Block Real Estate Services, LLC",69fded1462446148bd848dab,First Church of Christ Scientist,69bc0d686bc195aa02a7e3b0,69bc0d686bc195aa02a7e372,active,,,,,,,6401 West 87th Street,Overland Park,Kansas,United States,66212,,,,,,2026-05-08,2026-07-02,2026-09-24
"Block Real Estate Services, LLC",69fded1462446148bd848dae,First Citizens Bank & Trust Company,69bc0d686bc195aa02a7e3b0,69bc0d686bc195aa02a7e372,archived,,,,,,,1299 Farnam Street,Omaha,Nebraska,United States,68102,,,,,,2026-05-08,2026-06-24,2026-09-24
"Block Real Estate Services, LLC",69fded1462446148bd848db1,First Key Homes,69bc0d686bc195aa02a7e3b0,69bc0d686bc195aa02a7e372,active,,,,,,,1850 Parkway Place,Marietta,Georgia,United States,30067,,,,,69bc0d686bc195aa02a7e3ac; 69bc0d686bc195aa02a7e3ae,2026-05-08,2026-09-22,2026-09-24
"Block Real Estate Services, LLC",69fded1562446148bd848db4,First Watch,69bc0d686bc195aa02a7e3b0,69bc0d686bc195aa02a7e372,active,,,,,,,,,,,,,,,,69bc0d686bc195aa02a7e3ac,2026-05-08,2026-08-27,2026-09-24
"Block Real Estate Services, LLC",69fded1562446148bd848db7,Fisher & Phillips LLP,69bc0d686bc195aa02a7e3b0,69bc0d686bc195aa02a7e372,active,,,,,,,,,,,,,,,,69bc0d686bc195aa02a7e3ac,2026-05-08,2026-06-17,2026-09-24
"Block Real Estate Services, LLC",69fded1562446148bd848dba,"Helen Jon / Five Clothes, LLC",69bc0d686bc195aa02a7e3b0,69bc0d686bc195aa02a7e372,active,,,,,,,8251 Melrose Drive,Lenexa,Kansas,United States,66214,,,,,69bc0d686bc195aa02a7e3ac,2026-05-08,2026-08-21,2026-09-24
"Block Real Estate Services, LLC",69fded1562446148bd848dbd,"FleetPride, Inc",69bc0d686bc195aa02a7e3b0,69bc0d686bc195aa02a7e372,active,,,,,,,,,,,,,,,,69bc0d686bc195aa02a7e3ac; 69bc0d686bc195aa02a7e3ae,2026-05-08,2026-09-09,2026-09-24
"Block Real Estate Services, LLC",69fded1562446148bd848dc0,Force America Inc,69bc0d686bc195aa02a7e3b0,69bc0d686bc195aa02a7e372,active,,,,,,,8633 Eagle Creek Parkway,Savage,Minnesota,United States,55378,,,,,69bc0d686bc195aa02a7e3ac; 69bc0d686bc195aa02a7e3ae,2026-05-08,2026-09-22,2026-09-24
"Block Real Estate Services, LLC",69fded1562446148bd848dc3,"Fresenius Medical Care - Pittsburg Midwest Dialysis / Fort Scott Regional Dialysis Center, Inc.",69bc0d686bc195aa02a7e3b0,69bc0d686bc195aa02a7e372,active,,,,,,,,Waltham,Massachusetts,United States,02451,,,,,69bc0d686bc195aa02a7e3ac; 69bc0d686bc195aa02a7e3ae,2026-05-08,2026-09-22,2026-09-24
"Block Real Estate Services, LLC",69fded1562446148bd848dc6,Foxx Equipment Company,69bc0d686bc195aa02a7e3b0,69bc0d686bc195aa02a7e372,active,,,,,,,,,,,,,,,,69bc0d686bc195aa02a7e3ac,2026-05-08,2026-06-17,2026-09-24
"Block Real Estate Services, LLC",69fded1562446148bd848dc9,Freightsnap LLC,69bc0d686bc195aa02a7e3b0,69bc0d686bc195aa02a7e372,active,,,,,,,7327 Hardy Street,Overland Park,Kansas,United States,66204,,,,,69bc0d686bc195aa02a7e3ac; 69bc0d686bc195aa02a7e3ae,2026-05-08,2026-08-18,2026-09-24
"Block Real Estate Services, LLC",69fded1562446148bd848dcc,"Freirich & Katz, L.C. and JD Rosen CPA, PA / Freirich & Company, LLC",69bc0d686bc195aa02a7e3b0,69bc0d686bc195aa02a7e372,active,,,,,,,2309 West 69th Street,Mission Hills,Kansas,United States,66208,,,,,69bc0d686bc195aa02a7e3ac,2026-05-08,2026-07-27,2026-09-24
"Block Real Estate Services, LLC",69fded1562446148bd848dcf,Frey Commodities USA Inc,69bc0d686bc195aa02a7e3b0,69bc0d686bc195aa02a7e372,active,,,,,,,,,,,,,,,,69bc0d686bc195aa02a7e3ac,2026-05-08,2026-08-13,2026-09-24
"Block Real Estate Services, LLC",69fded1562446148bd848dd2,Friends of the Johnson County Library,69bc0d686bc195aa02a7e3b0,69bc0d686bc195aa02a7e372,active,,,,,,,,,,,,,,,,69bc0d686bc195aa02a7e3ac; 69bc0d686bc195aa02a7e3ae,2026-05-08,2026-09-21,2026-09-24
"Block Real Estate Services, LLC",69fded1562446148bd848dd5,FS Investment Services Inc,69bc0d686bc195aa02a7e3b0,69bc0d686bc195aa02a7e372,active,,,,,,,,,,,,,,,,69bc0d686bc195aa02a7e3ac; 69bc0d686bc195aa02a7e3ae,2026-05-08,2026-09-22,2026-09-24
"Block Real Estate Services, LLC",69fded1562446148bd848dd8,"Future Foam, Inc",69bc0d686bc195aa02a7e3b0,69bc0d686bc195aa02a7e372,active,,,,,,,,,,,,,,,,69bc0d686bc195aa02a7e3ac; 69bc0d686bc195aa02a7e3ae,2026-05-08,2026-08-05,2026-09-24
"Block Real Estate Services, LLC",69fded1562446148bd848ddb,"Servpro / G&C Restoration, LLC",69bc0d686bc195aa02a7e3b0,69bc0d686bc195aa02a7e372,active,,,,,,,1001 West Hunters Ridge,Lone Jack,Missouri,United States,64086,,,,,69bc0d686bc195aa02a7e3ac,2026-05-08,2026-07-14,2026-09-24
"Block Real Estate Services, LLC",69fded1562446148bd848dde,G3 Industrial Solutions LLC,69bc0d686bc195aa02a7e3b0,69bc0d686bc195aa02a7e372,active,,,,,,,8291 Melrose Drive,Lenexa,Kansas,United States,66214,,,,,69bc0d686bc195aa02a7e3ac; 69bc0d686bc195aa02a7e3ae,2026-05-08,2026-09-22,2026-09-24
"Block Real Estate Services, LLC",69fded1562446148bd848de1,G5 Enterprises Inc,69bc0d686bc195aa02a7e3b0,69bc0d686bc195aa02a7e372,active,,,,,,,2050 East Trafficway Street,Springfield,Missouri,United States,65802,,,,,69bc0d686bc195aa02a7e3ac,2026-05-08,2026-08-04,2026-09-24
"Block Real Estate Services, LLC",69fded1562446148bd848de4,Vitev / Gabe Hunninghake,69bc0d686bc195aa02a7e3b0,69bc0d686bc195aa02a7e372,active,,,,,,,919 East 29th Street,Lawrence,Kansas,United States,66046,,,,,69bc0d686bc195aa02a7e3ac; 69bc0d686bc195aa02a7e3ae,2026-05-08,2026-09-22,2026-09-24
"Block Real Estate Services, LLC",69fded1562446148bd848de7,"Triad Capital Advisors, Inc. / Gantry, Inc.",69bc0d686bc195aa02a7e3b0,69bc0d686bc195aa02a7e372,active,,,,,,,,,,,,,,,,69bc0d686bc195aa02a7e3ac,2026-05-08,2026-08-21,2026-09-24
"Block Real Estate Services, LLC",69fded1562446148bd848dea,"Garage Experts of Kansas City / Win-Win Concrete & Storage, LLC",69bc0d686bc195aa02a7e3b0,69bc0d686bc195aa02a7e372,active,,,,,,,5805 Bedford,Kansas City,Missouri,United States,64151,,,,,69bc0d686bc195aa02a7e3ac,2026-05-08,2026-09-02,2026-09-24
"Block Real Estate Services, LLC",69fded1562446148bd848ded,"Gas Equipment Company / Gas Equipment, Inc.",69bc0d686bc195aa02a7e3b0,69bc0d686bc195aa02a7e372,active,,,,,,,1536 Hutton Drive,Carrollton,Texas,United States,75006,,,,,69bc0d686bc195aa02a7e3ac; 69bc0d686bc195aa02a7e3ae,2026-05-08,2026-09-02,2026-09-24
"Block Real Estate Services, LLC",69fded1562446148bd848df0,Gateway Spine & Joint LLC,69bc0d686bc195aa02a7e3b0,69bc0d686bc195aa02a7e372,active,,,,,,,800 West 47th Street,Kansas City,Missouri,United States,64112,,,,,69bc0d686bc195aa02a7e3ac; 69bc0d686bc195aa02a7e3ae,2026-05-08,2026-09-22,2026-09-24
"Block Real Estate Services, LLC",69fded1562446148bd848df3,Generate-Ubiquity Management LLC,69bc0d686bc195aa02a7e3b0,69bc0d686bc195aa02a7e372,active,,,,,,,,,,,,,,,,69bc0d686bc195aa02a7e3ae; 69bc0d686bc195aa02a7e3ac,2026-05-08,2026-09-22,2026-09-24
"Block Real Estate Services, LLC",69fded1662446148bd848dff,Geotechnology LLC,69bc0d686bc195aa02a7e3b0,69bc0d686bc195aa02a7e372,active,,,,,,,11816 Lackland Road,St. Louis,Missouri,United States,63146,,,,,69bc0d686bc195aa02a7e3ac,2026-05-08,2026-07-22,2026-09-24
"Block Real Estate Services, LLC",69fded1662446148bd848e02,"Pizza Hut / GMRG ACQ 1, LLC #0359",69bc0d686bc195aa02a7e3b0,69bc0d686bc195aa02a7e372,active,,,,,,,12705 South Mur-Len Road,Olathe,Kansas,United States,66062,,,,,69bc0d686bc195aa02a7e3ac,2026-05-08,2026-06-17,2026-09-24
"Block Real Estate Services, LLC",69fded1662446148bd848e08,GNC (Store #581-02),69bc0d686bc195aa02a7e3b0,69bc0d686bc195aa02a7e372,active,,,,,,,75 Hopper Place,Pittsburgh,Pennsylvania,United States,15222,,,,,69bc0d686bc195aa02a7e3ac; 69bc0d686bc195aa02a7e3ae,2026-05-08,2026-09-22,2026-09-24
"Block Real Estate Services, LLC",69fded1662446148bd848e0b,"GoPuff Lease / GoBrands, Inc.",69bc0d686bc195aa02a7e3b0,69bc0d686bc195aa02a7e372,active,,,,,,,,,,,,,,,,69bc0d686bc195aa02a7e3ac; 69bc0d686bc195aa02a7e3ae,2026-05-08,2026-09-22,2026-09-24
"Block Real Estate Services, LLC",69fded1662446148bd848e0e,"Golden Distributing Company, Inc.",69bc0d686bc195aa02a7e3b0,69bc0d686bc195aa02a7e372,archived,,,,,,,,Riverside,Missouri,United States,64168,,,,,,2026-05-08,2026-07-02,2026-09-24
"Block Real Estate Services, LLC",69fded1662446148bd848e11,Google Fiber Inc,69bc0d686bc195aa02a7e3b0,69bc0d686bc195aa02a7e372,active,,,,,,,1600 Amphitheatre Parkway,Mountain View,California,United States,94043,,,,,69bc0d686bc195aa02a7e3ac; 69bc0d686bc195aa02a7e3ae,2026-05-08,2026-09-22,2026-09-24
"Block Real Estate Services, LLC",69fded1662446148bd848e14,Grain Valley Chop Shop,69bc0d686bc195aa02a7e3b0,69bc0d686bc195aa02a7e372,active,,,,,,,1404 Southwest Eagles Parkway,Grain Valley,Missouri,United States,64029,,,,,69bc0d686bc195aa02a7e3ac; 69bc0d686bc195aa02a7e3ae,2026-05-08,2026-09-22,2026-09-24
"Block Real Estate Services, LLC",69fded1662446148bd848e17,Sni Valley Academy / Dr. Warren L. Moss - Grain Valley School District,69bc0d686bc195aa02a7e3b0,69bc0d686bc195aa02a7e372,active,,,,,,,,Grain Valley,Missouri,United States,,,,,,69bc0d686bc195aa02a7e3ac; 69bc0d686bc195aa02a7e3ae,2026-05-08,2026-09-21,2026-09-24
"Block Real Estate Services, LLC",69fded1662446148bd848e1a,"Patio Enclosures / Great Day Improvements, LLC",69bc0d686bc195aa02a7e3b0,69bc0d686bc195aa02a7e372,active,,,,,,,700 Highland Road,Macedonia,Ohio,United States,44056,,,,,69bc0d686bc195aa02a7e3ac,2026-05-08,2026-06-30,2026-09-24
"Block Real Estate Services, LLC",69fded1662446148bd848e1d,Great Rivers Associates,69bc0d686bc195aa02a7e3b0,69bc0d686bc195aa02a7e372,active,,,,,,,908 Broadway Boulevard,Kansas City,Missouri,United States,64105,,,,,69bc0d686bc195aa02a7e3ac,2026-05-08,2026-07-22,2026-09-24
"Block Real Estate Services, LLC",69fded1662446148bd848e20,"The Shredder + MedShred / Green Resource Management, Inc.",69bc0d686bc195aa02a7e3b0,69bc0d686bc195aa02a7e372,active,,,,,,,1000 Thomas Beck Road,Des Moines,Iowa,United States,50315,,,,,69bc0d686bc195aa02a7e3ac,2026-05-08,2026-09-09,2026-09-24
"Block Real Estate Services, LLC",69fded1662446148bd848e23,"Action Stainless & Alloys / ACT Acquisition, Inc. (sublease from Hello Fresh / Grocery Delivery Logistics, Inc.)",69bc0d686bc195aa02a7e3b0,69bc0d686bc195aa02a7e372,active,,,,,,,28 Liberty Street,New York,New York,United States,10005,,,,,69bc0d686bc195aa02a7e3ac; 69bc0d686bc195aa02a7e3ae,2026-05-08,2026-09-22,2026-09-24
"Block Real Estate Services, LLC",69fded1662446148bd848e26,"Gexpro Services / Rexel USA, Inc. (fka GS Operating, LLC )",69bc0d686bc195aa02a7e3b0,69bc0d686bc195aa02a7e372,active,,,,,,,9500 North Royal Lane,Irving,Texas,United States,75063,,,,,69bc0d686bc195aa02a7e3ac,2026-05-08,2026-06-11,2026-09-24
"Block Real Estate Services, LLC",69fded1662446148bd848e29,Internal Revenue Service / Government Services Administration (GSA),69bc0d686bc195aa02a7e3b0,69bc0d686bc195aa02a7e372,active,,,,,,,2312 Bannister Road,Kansas City,Missouri,United States,64131,,,,,69bc0d686bc195aa02a7e3ac; 69bc0d686bc195aa02a7e3ae,2026-05-08,2026-09-21,2026-09-24
"Block Real Estate Services, LLC",69fded1662446148bd848e2c,Guardian Water & Air Systems LLC,69bc0d686bc195aa02a7e3b0,69bc0d686bc195aa02a7e372,active,,,,,,,,,,,,,,,,69bc0d686bc195aa02a7e3ac; 69bc0d686bc195aa02a7e3ae,2026-05-08,2026-09-24,2026-09-24
"Block Real Estate Services, LLC",69fded1662446148bd848e2f,"VIALS / Gunn & Richards, Inc.",69bc0d686bc195aa02a7e3b0,69bc0d686bc195aa02a7e372,active,,,,,,,10800 Strang Line Road,Lenexa,Kansas,United States,66215,,,,,69bc0d686bc195aa02a7e3ac,2026-05-08,2026-08-10,2026-09-24
"Block Real Estate Services, LLC",69fded1662446148bd848e32,H & R Block Enterprises LLC,69bc0d686bc195aa02a7e3b0,69bc0d686bc195aa02a7e372,active,,,,,,,,,,,,,,,,69bc0d686bc195aa02a7e3ac; 69bc0d686bc195aa02a7e3ae,2026-05-08,2026-09-22,2026-09-24
"Block Real Estate Services, LLC",69fded1662446148bd848e35,H M Cragg Co,69bc0d686bc195aa02a7e3b0,69bc0d686bc195aa02a7e372,active,,,,,,,7490 Bush Lake Road,Edina,Minnesota,United States,55439,,,,,69bc0d686bc195aa02a7e3ac,2026-05-08,2026-07-17,2026-09-24
"Block Real Estate Services, LLC",69fded1662446148bd848e38,"H&R Block Eastern Tax Svc., Inc. / H&R Block 24167",69bc0d686bc195aa02a7e3b0,69bc0d686bc195aa02a7e372,active,,,,,,,,,,,,,,,,69bc0d686bc195aa02a7e3ac; 69bc0d686bc195aa02a7e3ae,2026-05-08,2026-09-22,2026-09-24
"Block Real Estate Services, LLC",69fded1662446148bd848e3b,"Discount Tire / Halle Properties, Inc.",69bc0d686bc195aa02a7e3b0,69bc0d686bc195aa02a7e372,active,,,,,,,20225 North Scottsdale Road,Scottsdale,Arizona,United States,85255,,,,,69bc0d686bc195aa02a7e3ac,2026-05-08,2026-06-11,2026-09-24
"Block Real Estate Services, LLC",69fded1662446148bd848e3e,"Harbor Freight Tools USA, Inc",69bc0d686bc195aa02a7e3b0,69bc0d686bc195aa02a7e372,active,,,,,,,26677 Agoura Road,Calabasas,California,United States,91302,,,,,69bc0d686bc195aa02a7e3ac,2026-05-08,2026-09-15,2026-09-24
"Block Real Estate Services, LLC",69fded1662446148bd848e41,"Hartfiel Automation, Inc.",69bc0d686bc195aa02a7e3b0,69bc0d686bc195aa02a7e372,active,,,,,,,6533 Flying Cloud Drive,Eden Prairie,Minnesota,United States,55344,,,,,69bc0d686bc195aa02a7e3ac; 69bc0d686bc195aa02a7e3ae,2026-05-08,2026-09-22,2026-09-24
"Block Real Estate Services, LLC",69fded1662446148bd848e44,HCA Realty,69bc0d686bc195aa02a7e3b0,69bc0d686bc195aa02a7e372,active,,,,,,,Park Plaza,Nashville,Tennessee,United States,37203,,,,,69bc0d686bc195aa02a7e3ac; 69bc0d686bc195aa02a7e3ae,2026-05-08,2026-09-22,2026-09-24
"Block Real Estate Services, LLC",69fded1762446148bd848e4a,Healthy Meals Inc,69bc0d686bc195aa02a7e3b0,69bc0d686bc195aa02a7e372,active,,,,,,,204 Northwest Platte Valley Drive,Riverside,Missouri,United States,64150,,,,,69bc0d686bc195aa02a7e3ac,2026-05-08,2026-07-20,2026-09-24
"Block Real Estate Services, LLC",69fded1762446148bd848e4d,Wright/Laird Casting / Heather Laird,69bc0d686bc195aa02a7e3b0,69bc0d686bc195aa02a7e372,active,,,,,,,1719 West 39th Street,Kansas City,Missouri,United States,64111,,,,,69bc0d686bc195aa02a7e3ac; 69bc0d686bc195aa02a7e3ae,2026-05-08,2026-09-02,2026-09-24
"Block Real Estate Services, LLC",69fded1762446148bd848e50,"Hyper Energy /HEB KS, LLC",69bc0d686bc195aa02a7e3b0,69bc0d686bc195aa02a7e372,active,,,,,,,1501 River Drive,Moline,Illinois,United States,61265,,,,,69bc0d686bc195aa02a7e3ac; 69bc0d686bc195aa02a7e3ae,2026-05-08,2026-09-22,2026-09-24
"Block Real Estate Services, LLC",69fded1762446148bd848e53,Henderson Engineers Inc,69bc0d686bc195aa02a7e3b0,69bc0d686bc195aa02a7e372,active,,,,,,,8428 Melrose Drive,Lenexa,Kansas,United States,66214,,,,,69bc0d686bc195aa02a7e3ac,2026-05-08,2026-08-24,2026-09-24
"Block Real Estate Services, LLC",69fded1762446148bd848e56,Hennessy Enterprises LLC,69bc0d686bc195aa02a7e3b0,69bc0d686bc195aa02a7e372,active,,,,,,,8745 Mission Road,Leawood,Kansas,United States,66206,,,,,69bc0d686bc195aa02a7e3ac; 69bc0d686bc195aa02a7e3ae,2026-05-08,2026-08-05,2026-09-24
"Block Real Estate Services, LLC",69fded1762446148bd848e59,Hensley Electric Inc,69bc0d686bc195aa02a7e3b0,69bc0d686bc195aa02a7e372,active,,,,,,,7911 Bond Street,Overland Park,Kansas,United States,66214,,,,,69bc0d686bc195aa02a7e3ac,2026-05-08,2026-09-24,2026-09-24
"Block Real Estate Services, LLC",69fded1762446148bd848e5c,"Heritage First, Inc.",69bc0d686bc195aa02a7e3b0,69bc0d686bc195aa02a7e372,active,,,,,,,800 West 47th Street,Kansas City,Missouri,United States,64112,,,,,69bc0d686bc195aa02a7e3ac; 69bc0d686bc195aa02a7e3ae,2026-05-08,2026-09-22,2026-09-24
"Block Real Estate Services, LLC",69fded1762446148bd848e5f,"Hibbett Sports / Hibbett Retail, Inc.",69bc0d686bc195aa02a7e3b0,69bc0d686bc195aa02a7e372,active,,,,,,,2700 Milan Court,Birmingham,Alabama,United States,35211,,,,,69bc0d686bc195aa02a7e3ac,2026-05-08,2026-09-18,2026-09-24
"Block Real Estate Services, LLC",69fded1762446148bd848e62,Hoambrecker Enterprises LLC,69bc0d686bc195aa02a7e3b0,69bc0d686bc195aa02a7e372,active,,,,,,,,,,,,,,,,69bc0d686bc195aa02a7e3ac; 69bc0d686bc195aa02a7e3ae,2026-05-08,2026-09-23,2026-09-24
"Block Real Estate Services, LLC",69fded1762446148bd848e65,"Hoang Tran Nhat Pham, Phuoc Duc Ngo and Binh Xuan Nguyen",69bc0d686bc195aa02a7e3b0,69bc0d686bc195aa02a7e372,active,,,,,,,313 Northeast Vivion Road,Kansas City,Missouri,United States,64118,,,,,69bc0d686bc195aa02a7e3ac; 69bc0d686bc195aa02a7e3ae,2026-05-08,2026-09-22,2026-09-24
"Block Real Estate Services, LLC",69fded1762446148bd848e68,Hoefer Welker LLC,69bc0d686bc195aa02a7e3b0,69bc0d686bc195aa02a7e372,active,,,,,,,,,,,,,,,,69bc0d686bc195aa02a7e3ac,2026-05-08,2026-07-14,2026-09-24
"Block Real Estate Services, LLC",69fded1762446148bd848e6b,"Horizon PSI / Horizon Systems, Inc.",69bc0d686bc195aa02a7e3b0,69bc0d686bc195aa02a7e372,active,,,,,,,1101 Horizon Drive,Lawrence,Kansas,United States,66046,,,,,69bc0d686bc195aa02a7e3ac,2026-05-08,2026-06-22,2026-09-24
"Block Real Estate Services, LLC",69fded1762446148bd848e6e,Hot Dog Design LLC,69bc0d686bc195aa02a7e3b0,69bc0d686bc195aa02a7e372,active,,,,,,,8820 Foster Lane,Overland Park,Kansas,United States,66212,,,,,69bc0d686bc195aa02a7e3ac,2026-05-08,2026-08-26,2026-09-24
"Block Real Estate Services, LLC",69fded1762446148bd848e71,Hughes Machinery Company,69bc0d686bc195aa02a7e3b0,69bc0d686bc195aa02a7e372,active,,,,,,,,,,,,,,,,69bc0d686bc195aa02a7e3ac; 69bc0d686bc195aa02a7e3ae,2026-05-08,2026-09-08,2026-09-24
"Block Real Estate Services, LLC",69fded1762446148bd848e74,Husqvarna Construction Products North America Inc,69bc0d686bc195aa02a7e3b0,69bc0d686bc195aa02a7e372,active,,,,,,,17400 West 119th Street,Olathe,Kansas,United States,66061,,,,,69bc0d686bc195aa02a7e3ac; 69bc0d686bc195aa02a7e3ae,2026-05-08,2026-09-22,2026-09-24
"Block Real Estate Services, LLC",69fded1762446148bd848e77,Hyalogic LLC,69bc0d686bc195aa02a7e3b0,69bc0d686bc195aa02a7e372,active,,,,,,,610 Northwest Platte Valley Drive,Riverside,Missouri,United States,64150,,,,,69bc0d686bc195aa02a7e3ac,2026-05-08,2026-07-27,2026-09-24
"Block Real Estate Services, LLC",69fded1762446148bd848e7a,Hydro Extrusion USA LLC,69bc0d686bc195aa02a7e3b0,69bc0d686bc195aa02a7e372,active,,,,,,,114 Northwest Plaza Drive,Riverside,Missouri,United States,64150,,,,,69bc0d686bc195aa02a7e3ac; 69bc0d686bc195aa02a7e3ae,2026-05-08,2026-09-22,2026-09-24
"Block Real Estate Services, LLC",69fded1762446148bd848e7d,Hy-Vee Inc,69bc0d686bc195aa02a7e3b0,69bc0d686bc195aa02a7e372,active,,,,,,,5820 Westown Parkway,West Des Moines,Iowa,United States,50266,,,,,69bc0d686bc195aa02a7e3ac,2026-05-08,2026-09-22,2026-09-24
"Block Real Estate Services, LLC",69fded1762446148bd848e80,"SOFIE / IBA Molecular North America, Inc.",69bc0d686bc195aa02a7e3b0,69bc0d686bc195aa02a7e372,active,,,,,,,100 Executive Drive,Sterling,Virginia,United States,20166,,,,,69bc0d686bc195aa02a7e3ac; 69bc0d686bc195aa02a7e3ae,2026-05-08,2026-09-22,2026-09-24
"Block Real Estate Services, LLC",69fded1762446148bd848e83,"Xerox / Image Quest, Inc.",69bc0d686bc195aa02a7e3b0,69bc0d686bc195aa02a7e372,active,,,,,,,260 Forbes Avenue,Pittsburgh,Pennsylvania,United States,15222,,,,,69bc0d686bc195aa02a7e3ac,2026-05-08,2026-07-22,2026-09-24
"Block Real Estate Services, LLC",69fded1762446148bd848e86,Infinity Fasteners Inc,69bc0d686bc195aa02a7e3b0,69bc0d686bc195aa02a7e372,active,,,,,,,17451 College Boulevard,Lenexa,Kansas,United States,66219,,,,,69bc0d686bc195aa02a7e3ac; 69bc0d686bc195aa02a7e3ae,2026-05-08,2026-09-22,2026-09-24
"Block Real Estate Services, LLC",69fded1762446148bd848e89,Inspire Therapy LLC,69bc0d686bc195aa02a7e3b0,69bc0d686bc195aa02a7e372,active,,,,,,,,,,,,,,,,69bc0d686bc195aa02a7e3ac; 69bc0d686bc195aa02a7e3ae,2026-05-08,2026-08-18,2026-09-24
"Block Real Estate Services, LLC",69fded1762446148bd848e8c,Great Clips / Iris Corporation,69bc0d686bc195aa02a7e3b0,69bc0d686bc195aa02a7e372,active,,,,,,,15525 Switzer Road,Overland Park,Kansas,United States,66221,,,,,69bc0d686bc195aa02a7e3ac; 69bc0d686bc195aa02a7e3ae,2026-05-08,2026-09-21,2026-09-24
"Block Real Estate Services, LLC",69fded1762446148bd848e8f,"Tea Garden / Iris Restaurant, LLC",69bc0d686bc195aa02a7e3b0,69bc0d686bc195aa02a7e372,active,,,,,,,12755 South Mur-Len Road,Olathe,Kansas,United States,66062,,,,,69bc0d686bc195aa02a7e3ac; 69bc0d686bc195aa02a7e3ae,2026-05-08,2026-09-22,2026-09-24
"Block Real Estate Services, LLC",69fded1862446148bd848e98,"JACO / JACO General Contractor, Inc.",69bc0d686bc195aa02a7e3b0,69bc0d686bc195aa02a7e372,active,,,,,,,8424 Melrose Drive,Overland Park,Kansas,United States,66214,,,,,69bc0d686bc195aa02a7e3ac; 69bc0d686bc195aa02a7e3ae,2026-05-08,2026-09-22,2026-09-24
"Block Real Estate Services, LLC",69fded1862446148bd848e9e,"Janette Brown Insurance Agency, LLC (Farmer's Insurance)",69bc0d686bc195aa02a7e3b0,69bc0d686bc195aa02a7e372,active,,,,,,,1436 Southwest Eagles Parkway,Grain Valley,Missouri,United States,64029,,,,,69bc0d686bc195aa02a7e3ac; 69bc0d686bc195aa02a7e3ae,2026-05-08,2026-09-22,2026-09-24
"Block Real Estate Services, LLC",69fded1862446148bd848ea1,Studio 5 Beauty Boutique / Jayci Lynn Stratton,69bc0d686bc195aa02a7e3b0,69bc0d686bc195aa02a7e372,active,,,,,,,912 Southwest Shorthorn Drive,Grain Valley,Missouri,United States,64029,,,,,69bc0d686bc195aa02a7e3ac; 69bc0d686bc195aa02a7e3ae,2026-05-08,2026-09-22,2026-09-24
"Block Real Estate Services, LLC",69fded1862446148bd848ea4,"Proforma Idology Marketing Group / JES Business Solutions, LLC",69bc0d686bc195aa02a7e3b0,69bc0d686bc195aa02a7e372,active,,,,,,,8399 Melrose Drive,Lenexa,Kansas,United States,66214,,,,,69bc0d686bc195aa02a7e3ac,2026-05-08,2026-09-17,2026-09-24
"Block Real Estate Services, LLC",69fded1862446148bd848ea7,"Jetalum Windows & Doors / JetAlum, LLC",69bc0d686bc195aa02a7e3b0,69bc0d686bc195aa02a7e372,active,,,,,,,1414 East 19th Street,Kansas City,Missouri,United States,64108,,,,,69bc0d686bc195aa02a7e3ac; 69bc0d686bc195aa02a7e3ae,2026-05-08,2026-09-22,2026-09-24
"Block Real Estate Services, LLC",69fded1862446148bd848eaa,Jimmy John's,69bc0d686bc195aa02a7e3b0,69bc0d686bc195aa02a7e372,active,,,,,,,,,,,,,,,,69bc0d686bc195aa02a7e3ac,2026-05-08,2026-06-25,2026-09-24
"Block Real Estate Services, LLC",69fded1862446148bd848ead,"Pinches / JLJ Holdings, LLC",69bc0d686bc195aa02a7e3b0,69bc0d686bc195aa02a7e372,active,,,,,,,5924 Northeast Parks View Place,Lee's Summit,Missouri,United States,64064,,,,,69bc0d686bc195aa02a7e3ac; 69bc0d686bc195aa02a7e3ae,2026-05-08,2026-09-24,2026-09-24
"Block Real Estate Services, LLC",69fded1862446148bd848eb0,"Johnson Controls Fire Protection, LP (fka Simplex Grinnell)",69bc0d686bc195aa02a7e3b0,69bc0d686bc195aa02a7e372,active,,,,,,,6055 Primacy Parkway,Memphis,Tennessee,United States,38119,,,,,69bc0d686bc195aa02a7e3ac; 69bc0d686bc195aa02a7e3ae,2026-05-08,2026-09-22,2026-09-24
"Block Real Estate Services, LLC",69fded1862446148bd848eb3,Johnson Granite Supply Inc,69bc0d686bc195aa02a7e3b0,69bc0d686bc195aa02a7e372,active,,,,,,,400 Northwest Platte Valley Drive,Riverside,Missouri,United States,64150,,,,,69bc0d686bc195aa02a7e3ac,2026-05-08,2026-08-11,2026-09-24
"Block Real Estate Services, LLC",69fded1862446148bd848eb9,JP Morgan Chase Bank,69bc0d686bc195aa02a7e3b0,69bc0d686bc195aa02a7e372,active,,,,,,,1111 Polaris Parkway,Columbus,Ohio,United States,43240,,,,,69bc0d686bc195aa02a7e3ac; 69bc0d686bc195aa02a7e3ae,2026-05-08,2026-09-22,2026-09-24
"Block Real Estate Services, LLC",69fded1862446148bd848ebc,Juro International Systems Inc,69bc0d686bc195aa02a7e3b0,69bc0d686bc195aa02a7e372,active,,,,,,,800 West 47th Street,Kansas City,Missouri,United States,64112,,,,,69bc0d686bc195aa02a7e3ac; 69bc0d686bc195aa02a7e3ae,2026-05-08,2026-09-22,2026-09-24
"Block Real Estate Services, LLC",69fded1862446148bd848ebf,Kababs,69bc0d686bc195aa02a7e3b0,69bc0d686bc195aa02a7e372,active,,,,,,,6715 West Garden Ridge Circle,Wichita,Kansas,United States,67205,,,,,69bc0d686bc195aa02a7e3ac; 69bc0d686bc195aa02a7e3ae,2026-05-08,2026-08-11,2026-09-24
"Block Real Estate Services, LLC",69fded1862446148bd848ec2,"Noblemans Barber Lounge / Kansas City Barber Group, LLC",69bc0d686bc195aa02a7e3b0,69bc0d686bc195aa02a7e372,active,,,,,,,1717 West 39th Street,Kansas City,Missouri,United States,64111,,,,,69bc0d686bc195aa02a7e3ac; 69bc0d686bc195aa02a7e3ae,2026-05-08,2026-09-22,2026-09-24
"Block Real Estate Services, LLC",69fded1862446148bd848ec5,Kansas City Bone & Joint Clinic,69bc0d686bc195aa02a7e3b0,69bc0d686bc195aa02a7e372,active,,,,,,,10701 Nall Avenue,Overland Park,Kansas,United States,66211,,,,,69bc0d686bc195aa02a7e3ac; 69bc0d686bc195aa02a7e3ae,2026-05-08,2026-09-21,2026-09-24
"Block Real Estate Services, LLC",69fded1862446148bd848ec8,Central Links Golf / Kansas City Golf Association (fka KCGA),69bc0d686bc195aa02a7e3b0,69bc0d686bc195aa02a7e372,active,,,,,,,8330 Melrose Drive,Lenexa,Kansas,United States,66214,,,,,69bc0d686bc195aa02a7e3ac; 69bc0d686bc195aa02a7e3ae,2026-05-08,2026-08-13,2026-09-24
"Block Real Estate Services, LLC",69fded1862446148bd848ecb,"Kansas City Gymnastics, Inc.",69bc0d686bc195aa02a7e3b0,69bc0d686bc195aa02a7e372,active,,,,,,,,Riverside,Missouri,United States,64150,,,,,69bc0d686bc195aa02a7e3ac; 69bc0d686bc195aa02a7e3ae,2026-05-08,2026-09-22,2026-09-24
"Block Real Estate Services, LLC",69fded1862446148bd848ece,Kansas City Urology Care,69bc0d686bc195aa02a7e3b0,69bc0d686bc195aa02a7e372,active,,,,,,,8551 Bluejacket Street,Lenexa,Kansas,United States,66214,,,,,69bc0d686bc195aa02a7e3ac,2026-05-08,2026-07-01,2026-09-24
"Block Real Estate Services, LLC",69fded1862446148bd848ed1,"Kansas City Urology Care, PA",69bc0d686bc195aa02a7e3b0,69bc0d686bc195aa02a7e372,active,,,,,,,8551 Bluejacket Street,Lenexa,Kansas,United States,66214,,,,,69bc0d686bc195aa02a7e3ac,2026-05-08,2026-07-01,2026-09-24
"Block Real Estate Services, LLC",69fded1862446148bd848ed4,WinAir,69bc0d686bc195aa02a7e3b0,69bc0d686bc195aa02a7e372,active,,,,,,,,,,,,,,,,69bc0d686bc195aa02a7e3ac,2026-05-08,2026-09-21,2026-09-24
"Block Real Estate Services, LLC",69fded1862446148bd848ed7,"Kansas Gas Co / ONE Gas, Inc",69bc0d686bc195aa02a7e3b0,69bc0d686bc195aa02a7e372,active,,,,,,,,Topeka,Kansas,United States,66601,,,,,69bc0d686bc195aa02a7e3ac,2026-05-08,2026-09-17,2026-09-24
"Block Real Estate Services, LLC",69fded1862446148bd848eda,Kansas Granite Mart,69bc0d686bc195aa02a7e3b0,69bc0d686bc195aa02a7e372,archived,,,,,,,1223 Macon Street,Kansas City,Missouri,United States,64116,,,,,,2026-05-08,2026-07-02,2026-09-24
"Block Real Estate Services, LLC",69fded1862446148bd848edd,Kansas Granite Mart Inc,69bc0d686bc195aa02a7e3b0,69bc0d686bc195aa02a7e372,active,,,,,,,9831 Lackman Road,Lenexa,Kansas,United States,66215,,,,,69bc0d686bc195aa02a7e3ac; 69bc0d686bc195aa02a7e3ae,2026-05-08,2026-09-22,2026-09-24
"Block Real Estate Services, LLC",69fded1862446148bd848ee0,Kate Smith Soiree LLC,69bc0d686bc195aa02a7e3b0,69bc0d686bc195aa02a7e372,active,,,,,,,7611 Westgate Street,Shawnee,Kansas,United States,66216,,,,,69bc0d686bc195aa02a7e3ac,2026-05-08,2026-08-26,2026-09-24
"Block Real Estate Services, LLC",69fded1962446148bd848ee3,Kavar Capital Partners / Douglas G & Kara L,69bc0d686bc195aa02a7e3b0,69bc0d686bc195aa02a7e372,active,,,,,,,11460 Tomahawk Creek Parkway,Leawood,Kansas,United States,66211,,,,,69bc0d686bc195aa02a7e3ac,2026-05-08,2026-09-18,2026-09-24
"Block Real Estate Services, LLC",69fded1962446148bd848ee6,"Kawneer Company, Inc.",69bc0d686bc195aa02a7e3b0,69bc0d686bc195aa02a7e372,active,,,,,,,555 Guthridge Court Northwest,Peachtree Corners,Georgia,United States,30092,,,,,69bc0d686bc195aa02a7e3ac,2026-05-08,2026-09-02,2026-09-24
"Block Real Estate Services, LLC",69fded1962446148bd848ee9,"KC Classic Auto, LLC",69bc0d686bc195aa02a7e3b0,69bc0d686bc195aa02a7e372,active,,,,,,,,,,,,,,,,69bc0d686bc195aa02a7e3ac,2026-05-08,2026-07-15,2026-09-24
"Block Real Estate Services, LLC",69fded1962446148bd848eec,KC Cocktail Company LLC,69bc0d686bc195aa02a7e3b0,69bc0d686bc195aa02a7e372,active,,,,,,,8395 Melrose Drive,Lenexa,Kansas,United States,66214,,,,,69bc0d686bc195aa02a7e3ac; 69bc0d686bc195aa02a7e3ae,2026-05-08,2026-09-22,2026-09-24
"Block Real Estate Services, LLC",69fded1962446148bd848eef,"The Dotte Spot / KC Smashers, LLC",69bc0d686bc195aa02a7e3b0,69bc0d686bc195aa02a7e372,active,,,,,,,8123 Parallel Parkway,Kansas City,Kansas,United States,66112,,,,,69bc0d686bc195aa02a7e3ac; 69bc0d686bc195aa02a7e3ae,2026-05-08,2026-09-22,2026-09-24
"Block Real Estate Services, LLC",69fded1962446148bd848ef2,"KGPCo / KGP Telecommunications, LLC",69bc0d686bc195aa02a7e3b0,69bc0d686bc195aa02a7e372,active,,,,,,,,,,,,,,,,69bc0d686bc195aa02a7e3ac; 69bc0d686bc195aa02a7e3ae,2026-05-08,2026-09-22,2026-09-24
"Block Real Estate Services, LLC",69fded1962446148bd848ef5,"Merry Maids 391 & 604 / Khaos, Inc.",69bc0d686bc195aa02a7e3b0,69bc0d686bc195aa02a7e372,active,,,,,,,211 Southwest 33rd Street,Topeka,Kansas,United States,66611,,,,,69bc0d686bc195aa02a7e3ac,2026-05-08,2026-06-30,2026-09-24
"Block Real Estate Services, LLC",69fded1962446148bd848ef8,Salon Expose / Kim Medina,69bc0d686bc195aa02a7e3b0,69bc0d686bc195aa02a7e372,active,,,,,,,10131 Roe Avenue,Overland Park,Kansas,United States,66207,,,,,69bc0d686bc195aa02a7e3ac,2026-05-08,2026-09-13,2026-09-24
"Block Real Estate Services, LLC",69fded1962446148bd848efb,Knappco LLC,69bc0d686bc195aa02a7e3b0,69bc0d686bc195aa02a7e372,active,,,,,,,9393 Princeton Glendale Road,Hamilton,Ohio,United States,45011,,,,,69bc0d686bc195aa02a7e3ac; 69bc0d686bc195aa02a7e3ae,2026-05-08,2026-09-22,2026-09-24
"Block Real Estate Services, LLC",69fded1962446148bd848efe,Knapstein Design,69bc0d686bc195aa02a7e3b0,69bc0d686bc195aa02a7e372,active,,,,,,,300 Westport Road,Kansas City,Missouri,United States,64111,,,,,69bc0d686bc195aa02a7e3ac; 69bc0d686bc195aa02a7e3ae,2026-05-08,2026-09-22,2026-09-24
"Block Real Estate Services, LLC",69fded1962446148bd848f01,"KTI / Kruger Technologies, Inc.",69bc0d686bc195aa02a7e3b0,69bc0d686bc195aa02a7e372,active,,,,,,,8271 Melrose Drive,Overland Park,Kansas,United States,66214,,,,,69bc0d686bc195aa02a7e3ac,2026-05-08,2026-09-10,2026-09-24
"Block Real Estate Services, LLC",69fded1962446148bd848f04,KU Women's Health Specialty Centers / KU Gynocology and Obstetrical Foundation,69bc0d686bc195aa02a7e3b0,69bc0d686bc195aa02a7e372,active,,,,,,,201 East 4th Street,Cincinnati,Ohio,United States,45202,,,,,69bc0d686bc195aa02a7e3ac; 69bc0d686bc195aa02a7e3ae,2026-05-08,2026-09-22,2026-09-24
"Block Real Estate Services, LLC",69fded1962446148bd848f07,LabCorp / Laboratory Corporation of America Holdings,69bc0d686bc195aa02a7e3b0,69bc0d686bc195aa02a7e372,active,,,,,,,7777 Forest Lane,Dallas,Texas,United States,75230,,,,,69bc0d686bc195aa02a7e3ac,2026-05-08,2026-09-17,2026-09-24
"Block Real Estate Services, LLC",69fded1962446148bd848f0a,Landers Visions LLC,69bc0d686bc195aa02a7e3b0,69bc0d686bc195aa02a7e372,active,,,,,,,4114 Northwest Riverside Street,Riverside,Missouri,United States,64150,,,,,69bc0d686bc195aa02a7e3ac; 69bc0d686bc195aa02a7e3ae,2026-05-08,2026-09-22,2026-09-24
"Block Real Estate Services, LLC",69fded1962446148bd848f0d,Landmarc Environmental Systems LLC,69bc0d686bc195aa02a7e3b0,69bc0d686bc195aa02a7e372,active,,,,,,,424 Northwest Business Park Lane,Riverside,Missouri,United States,64150,,,,,69bc0d686bc195aa02a7e3ac,2026-05-08,2026-06-17,2026-09-24
"Block Real Estate Services, LLC",69fded1962446148bd848f13,"LeafFilter North, LLC/Leaf Home Safety Solutions, LLC",69bc0d686bc195aa02a7e3b0,69bc0d686bc195aa02a7e372,active,,,,,,,1595 Georgetown Road,Hudson,Ohio,United States,44236,,,,,69bc0d686bc195aa02a7e3ac,2026-05-08,2026-09-15,2026-09-24
"Block Real Estate Services, LLC",69fded1962446148bd848f16,"LeafFilter North, LLC/Leaf Home Safety Solutions, LLC",69bc0d686bc195aa02a7e3b0,69bc0d686bc195aa02a7e372,active,,,,,,,1595 Georgetown Road,Hudson,Ohio,United States,44236,,,,,69bc0d686bc195aa02a7e3ac,2026-05-08,2026-06-11,2026-09-24
"Block Real Estate Services, LLC",69fded1962446148bd848f19,Legacy Restaurant Group LLC,69bc0d686bc195aa02a7e3b0,69bc0d686bc195aa02a7e372,active,,,,,,,,,,,,,,,,69bc0d686bc195aa02a7e3ac,2026-05-08,2026-06-17,2026-09-24
"Block Real Estate Services, LLC",69fded1962446148bd848f1c,Lenexa Manufacturing Company LLC,69bc0d686bc195aa02a7e3b0,69bc0d686bc195aa02a7e372,active,,,,,,,10854 Strang Line Road,Lenexa,Kansas,United States,66215,,,,,69bc0d686bc195aa02a7e3ac,2026-05-08,2026-07-10,2026-09-24
"Block Real Estate Services, LLC",69fded1962446148bd848f1f,Leslie's Poolmart Inc,69bc0d686bc195aa02a7e3b0,69bc0d686bc195aa02a7e372,active,,,,,,,,,,,,,,,,69bc0d686bc195aa02a7e3ac,2026-05-08,2026-09-17,2026-09-24
"Block Real Estate Services, LLC",69fded1962446148bd848f22,Life Assist Inc,69bc0d686bc195aa02a7e3b0,69bc0d686bc195aa02a7e372,active,,,,,,,11277 Sunrise Park Drive,Rancho Cordova,California,United States,95742,,,,,69bc0d686bc195aa02a7e3ac,2026-05-08,2026-07-21,2026-09-24
"Block Real Estate Services, LLC",69fded1962446148bd848f25,Lightning Logistics,69bc0d686bc195aa02a7e3b0,69bc0d686bc195aa02a7e372,active,,,,,,,608 Northwest Platte Valley Drive,Riverside,Missouri,United States,64150,,,,,69bc0d686bc195aa02a7e3ac; 69bc0d686bc195aa02a7e3ae,2026-05-08,2026-09-22,2026-09-24
"Block Real Estate Services, LLC",69fded1962446148bd848f28,Medical Midwest / Lincare,69bc0d686bc195aa02a7e3b0,69bc0d686bc195aa02a7e372,active,,,,,,,19387 US Highway 19 North,Clearwater,Florida,United States,33764,,,,,69bc0d686bc195aa02a7e3ac; 69bc0d686bc195aa02a7e3ae,2026-05-08,2026-09-22,2026-09-24
"Block Real Estate Services, LLC",69fded1962446148bd848f2b,Gilded Chaos / Lindsay Kupper,69bc0d686bc195aa02a7e3b0,69bc0d686bc195aa02a7e372,active,,,,,,,3408 Holmes Street,Kansas City,Missouri,United States,64109,,,,,69bc0d686bc195aa02a7e3ac; 69bc0d686bc195aa02a7e3ae,2026-05-08,2026-09-22,2026-09-24
"Block Real Estate Services, LLC",69fded1962446148bd848f2e,Link Media Omaha LLC,69bc0d686bc195aa02a7e3b0,69bc0d686bc195aa02a7e372,active,,,,,,,4725 F Street,Omaha,Nebraska,United States,68117,,,,,69bc0d686bc195aa02a7e3ac; 69bc0d686bc195aa02a7e3ae,2026-05-08,2026-09-22,2026-09-24
"Block Real Estate Services, LLC",69fded1962446148bd848f31,"Workforce Partnership / Local Workforce Investment Area, III (Vacating 5/31/26)",69bc0d686bc195aa02a7e3b0,69bc0d686bc195aa02a7e372,archived,,,,,,,,,,,,,,,,,2026-05-08,2026-07-02,2026-09-24
"Block Real Estate Services, LLC",69fded1a62446148bd848f34,Long's Shotokan Karate Academy and Martial Arts LLC,69bc0d686bc195aa02a7e3b0,69bc0d686bc195aa02a7e372,active,,,,,,,17501 U.S. 40,Steamboat Springs,Colorado,United States,80487,,,,,69bc0d686bc195aa02a7e3ac; 69bc0d686bc195aa02a7e3ae,2026-05-08,2026-09-22,2026-09-24
"Block Real Estate Services, LLC",69fded1a62446148bd848f37,"Mobile Air And Power / Resolute Industrial, LLC (sublease from Loomis Armored Services)",69bc0d686bc195aa02a7e3b0,69bc0d686bc195aa02a7e372,active,,,,,,,2500 CityWest Boulevard,Houston,Texas,United States,77042,,,,,69bc0d686bc195aa02a7e3ac,2026-05-08,2026-09-15,2026-09-24
"Block Real Estate Services, LLC",69fded1a62446148bd848f3a,"Lynk, Inc.",69bc0d686bc195aa02a7e3b0,69bc0d686bc195aa02a7e372,active,,,,,,,8241 Melrose Drive,Overland Park,Kansas,United States,66214,,,,,69bc0d686bc195aa02a7e3ac,2026-05-08,2026-07-29,2026-09-24
"Block Real Estate Services, LLC",69fded1a62446148bd848f3d,Mactan Asian Market / Steve Shatto,69bc0d686bc195aa02a7e3b0,69bc0d686bc195aa02a7e372,active,,,,,,,,,,,,,,,,69bc0d686bc195aa02a7e3ac; 69bc0d686bc195aa02a7e3ae,2026-05-08,2026-08-13,2026-09-24
"Block Real Estate Services, LLC",69fded1a62446148bd848f40,Magic Kitchen Inc,69bc0d686bc195aa02a7e3b0,69bc0d686bc195aa02a7e372,active,,,,,,,11310 West 80th Street,Lenexa,Kansas,United States,66214,,,,,69bc0d686bc195aa02a7e3ac,2026-05-08,2026-06-18,2026-09-24
"Block Real Estate Services, LLC",69fded1a62446148bd848f43,Magnum Systems Inc,69bc0d686bc195aa02a7e3b0,69bc0d686bc195aa02a7e372,active,,,,,,,2205 Jothi Avenue,Parsons,Kansas,United States,67357,,,,,69bc0d686bc195aa02a7e3ac; 69bc0d686bc195aa02a7e3ae,2026-05-08,2026-08-31,2026-09-24
"Block Real Estate Services, LLC",69fded1a62446148bd848f46,"Magvia Percussion, LLC / WFLIII Drums",69bc0d686bc195aa02a7e3b0,69bc0d686bc195aa02a7e372,active,,,,,,,10323 West 84th Terrace,Overland Park,Kansas,United States,66214,,,,,69bc0d686bc195aa02a7e3ac; 69bc0d686bc195aa02a7e3ae,2026-05-08,2026-09-22,2026-09-24
"Block Real Estate Services, LLC",69fded1a62446148bd848f49,Mainland Valuation Services,69bc0d686bc195aa02a7e3b0,69bc0d686bc195aa02a7e372,active,,,,,,,340 Lake Shore Drive,Lake Quivira,Kansas,United States,66217,,,,,69bc0d686bc195aa02a7e3ac; 69bc0d686bc195aa02a7e3ae,2026-05-08,2026-07-21,2026-09-24
"Block Real Estate Services, LLC",69fded1a62446148bd848f4c,"Shoot 360 / Mambas Basketball Academy, LLC",69bc0d686bc195aa02a7e3b0,69bc0d686bc195aa02a7e372,active,,,,,,,,,,,,,,,,69bc0d686bc195aa02a7e3ac; 69bc0d686bc195aa02a7e3ae,2026-05-08,2026-09-22,2026-09-24
"Block Real Estate Services, LLC",69fded1a62446148bd848f52,Manna Pro Products LLC,69bc0d686bc195aa02a7e3b0,69bc0d686bc195aa02a7e372,active,,,,,,,707 Spirit 40 Park Drive,Chesterfield,Missouri,United States,63005,,,,,69bc0d686bc195aa02a7e3ac; 69bc0d686bc195aa02a7e3ae,2026-05-08,2026-09-22,2026-09-24
"Block Real Estate Services, LLC",69fded1a62446148bd848f55,"Bistro / Marcie, Inc.",69bc0d686bc195aa02a7e3b0,69bc0d686bc195aa02a7e372,active,,,,,,,303 Westport Road,Kansas City,Missouri,United States,64111,,,,,69bc0d686bc195aa02a7e3ac,2026-05-08,2026-09-09,2026-09-24
"Block Real Estate Services, LLC",69fded1a62446148bd848f58,Marcon Marketing Concepts Inc,69bc0d686bc195aa02a7e3b0,69bc0d686bc195aa02a7e372,active,,,,,,,500 Northwest Platte Valley Drive,Riverside,Missouri,United States,64150,,,,,69bc0d686bc195aa02a7e3ac,2026-05-08,2026-07-21,2026-09-24
"Block Real Estate Services, LLC",69fded1a62446148bd848f5b,"Marel, USA",69bc0d686bc195aa02a7e3b0,69bc0d686bc195aa02a7e372,active,,,,,,,1024 Airport Parkway,Gainesville,Georgia,United States,30501,,,,,69bc0d686bc195aa02a7e3ac; 69bc0d686bc195aa02a7e3ae,2026-05-08,2026-09-22,2026-09-24
"Block Real Estate Services, LLC",69fded1a62446148bd848f5e,"Mariner Wealth Advisors / Mariner Holdings, LLC",69bc0d686bc195aa02a7e3b0,69bc0d686bc195aa02a7e372,active,,,,,,,,,,,,,,,,69bc0d686bc195aa02a7e3ac; 69bc0d686bc195aa02a7e3ae,2026-05-08,2026-09-22,2026-09-24
"Block Real Estate Services, LLC",69fded1a62446148bd848f61,"Blue Endo / Market-tiers, Inc.",69bc0d686bc195aa02a7e3b0,69bc0d686bc195aa02a7e372,active,,,,,,,8097 Flint Street,Lenexa,Kansas,United States,66214,,,,,69bc0d686bc195aa02a7e3ac,2026-05-08,2026-09-21,2026-09-24
"Block Real Estate Services, LLC",69fded1a62446148bd848f64,Martinrea Riverside LLC,69bc0d686bc195aa02a7e3b0,69bc0d686bc195aa02a7e372,active,,,,,,,5233 Northwest 41st Street,Riverside,Missouri,United States,64150,,,,,69bc0d686bc195aa02a7e3ac; 69bc0d686bc195aa02a7e3ae,2026-05-08,2026-09-23,2026-09-24
"Block Real Estate Services, LLC",69fded1a62446148bd848f67,Massage Envy,69bc0d686bc195aa02a7e3b0,69bc0d686bc195aa02a7e372,active,,,,,,,12927 South Widmer Street,Olathe,Kansas,United States,66062,,,,,69bc0d686bc195aa02a7e3ac,2026-05-08,2026-09-22,2026-09-24
"Block Real Estate Services, LLC",69fded1a62446148bd848f6d,Mattress Firm Inc,69bc0d686bc195aa02a7e3b0,69bc0d686bc195aa02a7e372,active,,,,,,,3250 Briarpark Drive,Houston,Texas,United States,77042,,,,,69bc0d686bc195aa02a7e3ac,2026-05-08,2026-09-23,2026-09-24
"Block Real Estate Services, LLC",69fded1a62446148bd848f70,"Mavs Volleyball / MAVS, LLC",69bc0d686bc195aa02a7e3b0,69bc0d686bc195aa02a7e372,active,,,,,,,,,,,,,,,,69bc0d686bc195aa02a7e3ac,2026-05-08,2026-09-01,2026-09-24
"Block Real Estate Services, LLC",69fded1a62446148bd848f73,MAWD Pathology Group P.A.,69bc0d686bc195aa02a7e3b0,69bc0d686bc195aa02a7e372,active,,,,,,,14425 College Boulevard,Lenexa,Kansas,United States,66215,,,,,69bc0d686bc195aa02a7e3ac; 69bc0d686bc195aa02a7e3ae,2026-05-08,2026-09-22,2026-09-24
"Block Real Estate Services, LLC",69fded1a62446148bd848f76,"Clear Choice Dental Implant Center / MB Properties, LLC",69bc0d686bc195aa02a7e3b0,69bc0d686bc195aa02a7e372,active,,,,,,,8350 East Crescent Parkway,Greenwood Village,Colorado,United States,80111,,,,,69bc0d686bc195aa02a7e3ac; 69bc0d686bc195aa02a7e3ae,2026-05-08,2026-09-22,2026-09-24
"Block Real Estate Services, LLC",69fded1a62446148bd848f79,MC Flooring LLC,69bc0d686bc195aa02a7e3b0,69bc0d686bc195aa02a7e372,active,,,,,,,,,,,,,,,,69bc0d686bc195aa02a7e3ac,2026-05-08,2026-09-20,2026-09-24
"Block Real Estate Services, LLC",69fded1a62446148bd848f7c,McClure Engineering Company,69bc0d686bc195aa02a7e3b0,69bc0d686bc195aa02a7e372,active,,,,,,,1360 Northwest 121st Street,Clive,Iowa,United States,50325,,,,,69bc0d686bc195aa02a7e3ac; 69bc0d686bc195aa02a7e3ae,2026-05-08,2026-09-22,2026-09-24
"Block Real Estate Services, LLC",69fded1a62446148bd848f82,McQuaid Brothers Remodeling,69bc0d686bc195aa02a7e3b0,69bc0d686bc195aa02a7e372,active,,,,,,,7927 Bond Street,Overland Park,Kansas,United States,66214,,,,,69bc0d686bc195aa02a7e3ac,2026-05-08,2026-09-21,2026-09-24
"Block Real Estate Services, LLC",69fded1a62446148bd848f85,"McShane & Brady, LLC",69bc0d686bc195aa02a7e3b0,69bc0d686bc195aa02a7e372,active,,,,,,,,,,,,,,,,69bc0d686bc195aa02a7e3ac; 69bc0d686bc195aa02a7e3ae,2026-05-08,2026-09-22,2026-09-24
"Block Real Estate Services, LLC",69fded1b62446148bd848f88,"Mechanical Sales Midwest, Inc",69bc0d686bc195aa02a7e3b0,69bc0d686bc195aa02a7e372,active,,,,,,,7222 South 142 Street,Omaha,Nebraska,United States,68138,,,,,69bc0d686bc195aa02a7e3ac; 69bc0d686bc195aa02a7e3ae,2026-05-08,2026-09-22,2026-09-24
"Block Real Estate Services, LLC",69fded1b62446148bd848f8b,"Med Resources, Inc.",69bc0d686bc195aa02a7e3b0,69bc0d686bc195aa02a7e372,active,,,,,,,14805 North Outer 40 Road,Chesterfield,Missouri,United States,63017,,,,,69bc0d686bc195aa02a7e3ac; 69bc0d686bc195aa02a7e3ae,2026-05-08,2026-09-22,2026-09-24
"Block Real Estate Services, LLC",69fded1b62446148bd848f8e,Medical Missions Foundation,69bc0d686bc195aa02a7e3b0,69bc0d686bc195aa02a7e372,active,,,,,,,,,,,,,,,,69bc0d686bc195aa02a7e3ac; 69bc0d686bc195aa02a7e3ae,2026-05-08,2026-09-22,2026-09-24
"Block Real Estate Services, LLC",69fded1b62446148bd848f91,Medical Technology Associates Inc,69bc0d686bc195aa02a7e3b0,69bc0d686bc195aa02a7e372,active,,,,,,,6651 102nd Avenue North,Pinellas Park,Florida,United States,33782,,,,,69bc0d686bc195aa02a7e3ac,2026-05-08,2026-06-08,2026-09-24
"Block Real Estate Services, LLC",69fded1b62446148bd848f94,"Mr. Handy Man / Melcar Enterprises (fka Stagg Enterprises, LLC)",69bc0d686bc195aa02a7e3b0,69bc0d686bc195aa02a7e372,active,,,,,,,,,,,,,,,,69bc0d686bc195aa02a7e3ac,2026-05-08,2026-06-15,2026-09-24
"Block Real Estate Services, LLC",69fded1b62446148bd848f97,"Melcher Investment Company, LP",69bc0d686bc195aa02a7e3b0,69bc0d686bc195aa02a7e372,active,,,,,,,800 West 47th Street,Kansas City,Missouri,United States,64112,,,,,69bc0d686bc195aa02a7e3ac; 69bc0d686bc195aa02a7e3ae,2026-05-08,2026-08-13,2026-09-24
"Block Real Estate Services, LLC",69fded1b62446148bd848f9a,"510 Counseling Group / Melissa Winston, LLC",69bc0d686bc195aa02a7e3b0,69bc0d686bc195aa02a7e372,active,,,,,,,1406 Southwest Eagles Parkway,Grain Valley,Missouri,United States,64029,,,,,69bc0d686bc195aa02a7e3ac; 69bc0d686bc195aa02a7e3ae,2026-05-08,2026-09-22,2026-09-24
"Block Real Estate Services, LLC",69fded1b62446148bd848f9d,"Salom Asian Market / Men Sui and Naa Aung, Wife and Husband",69bc0d686bc195aa02a7e3b0,69bc0d686bc195aa02a7e372,active,,,,,,,2611 North 82nd Terrace,Kansas City,Kansas,United States,66109,,,,,69bc0d686bc195aa02a7e3ac; 69bc0d686bc195aa02a7e3ae,2026-05-08,2026-09-22,2026-09-24
"Block Real Estate Services, LLC",69fded1b62446148bd848fa0,The Shul of Leawood / Merkos Linyonci Chinuch of Kansas dba Chabad of Leawood,69bc0d686bc195aa02a7e3b0,69bc0d686bc195aa02a7e372,active,,,,,,,5051 West 134th Street,Leawood,Kansas,United States,66209,,,,,69bc0d686bc195aa02a7e3ac; 69bc0d686bc195aa02a7e3ae,2026-05-08,2026-09-22,2026-09-24
"Block Real Estate Services, LLC",69fded1b62446148bd848fa3,"Metro Spine & Rehab PA (Dr. Galate) / Precision Spine & Orthopedic Specialists, LLC",69bc0d686bc195aa02a7e3b0,69bc0d686bc195aa02a7e372,active,,,,,,,10777 Nall Avenue,Overland Park,Kansas,United States,66211,,,,,69bc0d686bc195aa02a7e3ac; 69bc0d686bc195aa02a7e3ae,2026-05-08,2026-09-22,2026-09-24
"Block Real Estate Services, LLC",69fded1b62446148bd848fa6,MicroProtein Technologies Inc,69bc0d686bc195aa02a7e3b0,69bc0d686bc195aa02a7e372,active,,,,,,,10405 West 84th Terrace,Lenexa,Kansas,United States,66214,,,,,69bc0d686bc195aa02a7e3ac; 69bc0d686bc195aa02a7e3ae,2026-05-08,2026-08-24,2026-09-24
"Block Real Estate Services, LLC",69fded1b62446148bd848fa9,Midland Exteriors LLC,69bc0d686bc195aa02a7e3b0,69bc0d686bc195aa02a7e372,active,,,,,,,8226 South Port Drive,Manhattan,Kansas,United States,66502,,,,,69bc0d686bc195aa02a7e3ac; 69bc0d686bc195aa02a7e3ae,2026-05-08,2026-09-24,2026-09-24
"Block Real Estate Services, LLC",69fded1b62446148bd848fac,"Midland Steel Erection, LLC",69bc0d686bc195aa02a7e3b0,69bc0d686bc195aa02a7e372,active,,,,,,,,Wathena,Kansas,United States,66090,,,,,69bc0d686bc195aa02a7e3ac,2026-05-08,2026-07-17,2026-09-24
"Block Real Estate Services, LLC",69fded1b62446148bd848faf,"Midwest Administrative Services, LLC (fka Fail-Safe Product Protection, Inc.)",69bc0d686bc195aa02a7e3b0,69bc0d686bc195aa02a7e372,active,,,,,,,8341 Melrose Drive,Lenexa,Kansas,United States,66214,,,,,69bc0d686bc195aa02a7e3ac,2026-07-02,2026-09-15,2026-09-24
"Block Real Estate Services, LLC",69fded1b62446148bd848fb2,Midwest Dance Center / Priscilla Lea Young,69bc0d686bc195aa02a7e3b0,69bc0d686bc195aa02a7e372,active,,,,,,,1430 Southwest Eagles Parkway,Grain Valley,Missouri,United States,64029,,,,,69bc0d686bc195aa02a7e3ac; 69bc0d686bc195aa02a7e3ae,2026-05-08,2026-09-23,2026-09-24
"Block Real Estate Services, LLC",69fded1b62446148bd848fb8,MIdwest Model Railroad LLC,69bc0d686bc195aa02a7e3b0,69bc0d686bc195aa02a7e372,active,,,,,,,400 Fort Washington Avenue,New York,New York,United States,10033,,,,,69bc0d686bc195aa02a7e3ac,2026-05-08,2026-07-17,2026-09-24
"Block Real Estate Services, LLC",69fded1b62446148bd848fbb,"Midwest Vacuums / Cast, Inc.",69bc0d686bc195aa02a7e3b0,69bc0d686bc195aa02a7e372,active,,,,,,,1628 Hanover Lane,Raymore,Missouri,United States,64083,,,,,69bc0d686bc195aa02a7e3ac; 69bc0d686bc195aa02a7e3ae,2026-05-08,2026-09-24,2026-09-24
"Block Real Estate Services, LLC",69fded1b62446148bd848fbe,"Mills Record Company / Mills Records, LLC",69bc0d686bc195aa02a7e3b0,69bc0d686bc195aa02a7e372,active,,,,,,,4045 Broadway Boulevard,Kansas City,Missouri,United States,64111,,,,,69bc0d686bc195aa02a7e3ac; 69bc0d686bc195aa02a7e3ae,2026-05-08,2026-09-22,2026-09-24
"Block Real Estate Services, LLC",69fded1b62446148bd848fc1,"Ingersol Rand / Milton Roy, LLC",69bc0d686bc195aa02a7e3b0,69bc0d686bc195aa02a7e372,active,,,,,,,201 Ivyland Road,Ivyland,Pennsylvania,United States,18974,,,,,69bc0d686bc195aa02a7e3ac,2026-05-08,2026-07-22,2026-09-24
"Block Real Estate Services, LLC",69fded1b62446148bd848fc4,"Mindful Child Wellness + Aeriel Yoga, LLC",69bc0d686bc195aa02a7e3b0,69bc0d686bc195aa02a7e372,active,,,,,,,,,,,,,,,,69bc0d686bc195aa02a7e3ac; 69bc0d686bc195aa02a7e3ae,2026-05-08,2026-08-13,2026-09-24
"Block Real Estate Services, LLC",69fded1b62446148bd848fc7,Miner Ltd,69bc0d686bc195aa02a7e3b0,69bc0d686bc195aa02a7e372,active,,,,,,,,,,,,,,,,69bc0d686bc195aa02a7e3ac; 69bc0d686bc195aa02a7e3ae,2026-05-08,2026-09-22,2026-09-24
"Block Real Estate Services, LLC",69fded1b62446148bd848fca,"Wingstop / Missouri Wings XIV, LLC",69bc0d686bc195aa02a7e3b0,69bc0d686bc195aa02a7e372,active,,,,,,,18803 Meisner Drive,San Antonio,Texas,United States,78258,,,,,69bc0d686bc195aa02a7e3ac,2026-05-08,2026-07-01,2026-09-24
"Block Real Estate Services, LLC",69fded1b62446148bd848fcd,Mitchell Capital Management Company,69bc0d686bc195aa02a7e3b0,69bc0d686bc195aa02a7e372,active,,,,,,,11460 Tomahawk Creek Parkway,Leawood,Kansas,United States,66211,,,,,69bc0d686bc195aa02a7e3ac; 69bc0d686bc195aa02a7e3ae,2026-05-08,2026-09-22,2026-09-24
"Block Real Estate Services, LLC",69fded1b62446148bd848fd0,"Pride Cleaners / MJV-A, LLC",69bc0d686bc195aa02a7e3b0,69bc0d686bc195aa02a7e372,active,,,,,,,121 Route 291,Lee's Summit,Missouri,United States,64063,,,,,69bc0d686bc195aa02a7e3ac,2026-05-08,2026-08-26,2026-09-24
"Block Real Estate Services, LLC",69fded1b62446148bd848fd3,"Dal Tile / Mohawk Carpet Distribution, Inc.",69bc0d686bc195aa02a7e3b0,69bc0d686bc195aa02a7e372,active,,,,,,,7834 C F Hawn Freeway,Dallas,Texas,United States,75217,,,,,69bc0d686bc195aa02a7e3ac; 69bc0d686bc195aa02a7e3ae,2026-05-08,2026-09-22,2026-09-24
"Block Real Estate Services, LLC",69fded1b62446148bd848fd6,Moncayo Legal LLC,69bc0d686bc195aa02a7e3b0,69bc0d686bc195aa02a7e372,active,,,,,,,12755 South Mur-Len Road,Olathe,Kansas,United States,66062,,,,,69bc0d686bc195aa02a7e3ac; 69bc0d686bc195aa02a7e3ae,2026-05-08,2026-09-13,2026-09-24
"Block Real Estate Services, LLC",69fded1b62446148bd848fd9,Moncom LLC,69bc0d686bc195aa02a7e3b0,69bc0d686bc195aa02a7e372,active,,,,,,,17 Smallwood Court,Evesham,New Jersey,United States,08053,,,,,69bc0d686bc195aa02a7e3ac; 69bc0d686bc195aa02a7e3ae,2026-05-08,2026-09-22,2026-09-24
"Block Real Estate Services, LLC",69fded1c62446148bd848fdc,Monte Cook Games LLC,69bc0d686bc195aa02a7e3b0,69bc0d686bc195aa02a7e372,active,,,,,,,8920 West 126th Street,Overland Park,Kansas,United States,66213,,,,,69bc0d686bc195aa02a7e3ac; 69bc0d686bc195aa02a7e3ae,2026-05-08,2026-09-22,2026-09-24
"Block Real Estate Services, LLC",69fded1c62446148bd848fdf,"Munch's Supply O'Connor LLC / O'Connor Company, Inc.",69bc0d686bc195aa02a7e3b0,69bc0d686bc195aa02a7e372,active,,,,,,,,,,,,,,,,69bc0d686bc195aa02a7e3ac; 69bc0d686bc195aa02a7e3ae,2026-05-08,2026-09-20,2026-09-24
"Block Real Estate Services, LLC",69fded1c62446148bd848fe2,"National Vision, Inc",69bc0d686bc195aa02a7e3b0,69bc0d686bc195aa02a7e372,active,,,,,,,,Town and Country,Missouri,United States,,,,,,69bc0d686bc195aa02a7e3ac; 69bc0d686bc195aa02a7e3ae,2026-05-08,2026-09-22,2026-09-24
"Block Real Estate Services, LLC",69fded1c62446148bd848fe5,Nationwide Life and Benefits Insurance Company / Nationwide (fka Allstate Insurance and National General Management Corp.),69bc0d686bc195aa02a7e3b0,69bc0d686bc195aa02a7e372,active,,,,,,,3100 Sanders Road,Northbrook,Illinois,United States,60062,,,,,69bc0d686bc195aa02a7e3ac,2026-05-08,2026-08-04,2026-09-24
"Block Real Estate Services, LLC",69fded1c62446148bd848fe8,"Prosperity Partners / NDH Advisors, LLC (fka Mariner Group, LLC & Stratus Group, LLC)",69bc0d686bc195aa02a7e3b0,69bc0d686bc195aa02a7e372,active,,,,,,,11300 Tomahawk Creek Parkway,Leawood,Kansas,United States,66211,,,,,69bc0d686bc195aa02a7e3ac; 69bc0d686bc195aa02a7e3ae,2026-05-08,2026-08-12,2026-09-24
"Block Real Estate Services, LLC",69fded1c62446148bd848feb,Neenan Company,69bc0d686bc195aa02a7e3b0,69bc0d686bc195aa02a7e372,active,,,,,,,5701 Blue Parkway,Kansas City,Missouri,United States,64130,,,,,69bc0d686bc195aa02a7e3ac; 69bc0d686bc195aa02a7e3ae,2026-05-08,2026-09-22,2026-09-24
"Block Real Estate Services, LLC",69fded1c62446148bd848fee,"Creche Innovations / Neonatal Product Group, Inc.",69bc0d686bc195aa02a7e3b0,69bc0d686bc195aa02a7e372,active,,,,,,,8045 Bond Street,Lenexa,Kansas,United States,66214,,,,,69bc0d686bc195aa02a7e3ac; 69bc0d686bc195aa02a7e3ae,2026-05-08,2026-09-22,2026-09-24
"Block Real Estate Services, LLC",69fded1c62446148bd848ff1,Nestle Purina PetCare Co.,69bc0d686bc195aa02a7e3b0,69bc0d686bc195aa02a7e372,active,,,,,,,607 Schmidt Road,Davenport,Iowa,United States,52802,,,,,69bc0d686bc195aa02a7e3ac,2026-05-08,2026-09-18,2026-09-24
"Block Real Estate Services, LLC",69fded1c62446148bd848ff4,Netsmart Technologies Inc,69bc0d686bc195aa02a7e3b0,69bc0d686bc195aa02a7e372,active,,,,,,,,,,,,,,,,69bc0d686bc195aa02a7e3ac,2026-05-08,2026-07-14,2026-09-24
"Block Real Estate Services, LLC",69fded1c62446148bd848ff7,New Century Dodge Chrysler Wholesale Parts,69bc0d686bc195aa02a7e3b0,69bc0d686bc195aa02a7e372,active,,,,,,,807 Baptiste Drive,Paola,Kansas,United States,66071,,,,,69bc0d686bc195aa02a7e3ac,2026-05-08,2026-08-19,2026-09-24
"Block Real Estate Services, LLC",69fded1c62446148bd848ffa,New China Super Buffet,69bc0d686bc195aa02a7e3b0,69bc0d686bc195aa02a7e372,active,,,,,,,,,,,,,,,,69bc0d686bc195aa02a7e3ac,2026-05-08,2026-09-21,2026-09-24
"Block Real Estate Services, LLC",69fded1c62446148bd848ffd,"New Cingular Wireless PCS, LLC",69bc0d686bc195aa02a7e3b0,69bc0d686bc195aa02a7e372,active,,,,,,,AT&T Way,Bedminster,New Jersey,United States,07921,,,,,69bc0d686bc195aa02a7e3ac,2026-05-08,2026-08-19,2026-09-24
"Block Real Estate Services, LLC",69fded1c62446148bd849000,New Lawn LLC,69bc0d686bc195aa02a7e3b0,69bc0d686bc195aa02a7e372,active,,,,,,,19602 West 198th Terrace,Spring Hill,Kansas,United States,66083,,,,,69bc0d686bc195aa02a7e3ac,2026-05-08,2026-08-21,2026-09-24
"Block Real Estate Services, LLC",69fded1c62446148bd849003,New Nail & Spa,69bc0d686bc195aa02a7e3b0,69bc0d686bc195aa02a7e372,active,,,,,,,,,,,,,,,,69bc0d686bc195aa02a7e3ac; 69bc0d686bc195aa02a7e3ae,2026-05-08,2026-09-22,2026-09-24
"Block Real Estate Services, LLC",69fded1c62446148bd849006,New York Air Brake Co,69bc0d686bc195aa02a7e3b0,69bc0d686bc195aa02a7e372,active,,,,,,,748 Starbuck Avenue,Watertown,New York,United States,13601,,,,,69bc0d686bc195aa02a7e3ac; 69bc0d686bc195aa02a7e3ae,2026-05-08,2026-09-22,2026-09-24
"Block Real Estate Services, LLC",69fded1c62446148bd849009,Nextaff Group LLC,69bc0d686bc195aa02a7e3b0,69bc0d686bc195aa02a7e372,archived,,,,,,,11101 Switzer Road,Overland Park,Kansas,United States,66210,,,,,,2026-05-08,2026-07-02,2026-09-24
"Block Real Estate Services, LLC",69fded1c62446148bd84900c,"Nexus Medical, LLC",69bc0d686bc195aa02a7e3b0,69bc0d686bc195aa02a7e372,active,,,,,,,11313 Strang Line Road,Lenexa,Kansas,United States,66215,,,,,69bc0d686bc195aa02a7e3ac; 69bc0d686bc195aa02a7e3ae,2026-05-08,2026-09-22,2026-09-24
"Block Real Estate Services, LLC",69fded1c62446148bd84900f,Nifty Promotions LLC,69bc0d686bc195aa02a7e3b0,69bc0d686bc195aa02a7e372,active,,,,,,,,,,,,,,,,69bc0d686bc195aa02a7e3ac,2026-05-08,2026-09-12,2026-09-24
"Block Real Estate Services, LLC",69fded1c62446148bd849012,"Pirtek / Norris Ventures, LLC",69bc0d686bc195aa02a7e3b0,69bc0d686bc195aa02a7e372,active,,,,,,,10176 South Highland Lane,Olathe,Kansas,United States,66061,,,,,69bc0d686bc195aa02a7e3ac; 69bc0d686bc195aa02a7e3ae,2026-05-08,2026-09-22,2026-09-24
"Block Real Estate Services, LLC",69fded1c62446148bd849015,O' Reilly Automotive,69bc0d686bc195aa02a7e3b0,69bc0d686bc195aa02a7e372,active,,,,,,,7712 Wornall Road,Kansas City,Missouri,United States,64114,,,,,69bc0d686bc195aa02a7e3ac; 69bc0d686bc195aa02a7e3ae,2026-05-08,2026-09-22,2026-09-24
"Block Real Estate Services, LLC",69fded1c62446148bd849018,Office Depot,69bc0d686bc195aa02a7e3b0,69bc0d686bc195aa02a7e372,active,,,,,,,,,,,,,,,,69bc0d686bc195aa02a7e3ac; 69bc0d686bc195aa02a7e3ae,2026-05-08,2026-09-22,2026-09-24
"Block Real Estate Services, LLC",69fded1c62446148bd84901b,"Office Max, Inc #472",69bc0d686bc195aa02a7e3b0,69bc0d686bc195aa02a7e372,active,,,,,,,6600 North Military Trail,Boca Raton,Florida,United States,33496,,,,,69bc0d686bc195aa02a7e3ac; 69bc0d686bc195aa02a7e3ae,2026-05-08,2026-09-22,2026-09-24
"Block Real Estate Services, LLC",69fded1c62446148bd84901e,Old National Bank (fka First Midwest Bank ),69bc0d686bc195aa02a7e3b0,69bc0d686bc195aa02a7e372,active,,,,,,,8750 West Bryn Mawr Avenue,Chicago,Illinois,United States,60631,,,,,69bc0d686bc195aa02a7e3ac; 69bc0d686bc195aa02a7e3ae,2026-05-08,2026-09-22,2026-09-24
"Block Real Estate Services, LLC",69fded1c62446148bd849021,Olivia Wang,69bc0d686bc195aa02a7e3b0,69bc0d686bc195aa02a7e372,active,,,,,,,15209 West 132nd Place,Olathe,Kansas,United States,66062,,,,,69bc0d686bc195aa02a7e3ac; 69bc0d686bc195aa02a7e3ae,2026-05-08,2026-09-22,2026-09-24
"Block Real Estate Services, LLC",69fded1c62446148bd849024,Ollie's Bargain Outlet Inc,69bc0d686bc195aa02a7e3b0,69bc0d686bc195aa02a7e372,active,,,,,,,6295 Allentown Boulevard,Harrisburg,Pennsylvania,United States,17112,,,,,69bc0d686bc195aa02a7e3ac; 69bc0d686bc195aa02a7e3ae,2026-05-08,2026-09-22,2026-09-24
"Block Real Estate Services, LLC",69fded1c62446148bd849027,OMB Bank,69bc0d686bc195aa02a7e3b0,69bc0d686bc195aa02a7e372,active,,,,,,,3110 South Delaware Avenue,Springfield,Missouri,United States,65804,,,,,69bc0d686bc195aa02a7e3ac; 69bc0d686bc195aa02a7e3ae,2026-05-08,2026-08-18,2026-09-24
"Block Real Estate Services, LLC",69fded1c62446148bd84902a,OneDigital Borrower LLC,69bc0d686bc195aa02a7e3b0,69bc0d686bc195aa02a7e372,active,,,,,,,,,,,,,,,,69bc0d686bc195aa02a7e3ac; 69bc0d686bc195aa02a7e3ae,2026-05-08,2026-09-21,2026-09-24
"Block Real Estate Services, LLC",69fded1c62446148bd84902d,"Ocean Prime / OPKC, LLC",69bc0d686bc195aa02a7e3b0,69bc0d686bc195aa02a7e372,active,,,,,,,,,,,,,,,,69bc0d686bc195aa02a7e3ac; 69bc0d686bc195aa02a7e3ae,2026-05-08,2026-09-22,2026-09-24
"Block Real Estate Services, LLC",69fded1d62446148bd849030,"Walgreens / Option Care Enterprises, Inc.",69bc0d686bc195aa02a7e3b0,69bc0d686bc195aa02a7e372,active,,,,,,,3000 Lakeside Drive,Bannockburn,Illinois,United States,60015,,,,,69bc0d686bc195aa02a7e3ac,2026-05-08,2026-08-03,2026-09-24
"Block Real Estate Services, LLC",69fded1d62446148bd849033,O'Reilly Automotive,69bc0d686bc195aa02a7e3b0,69bc0d686bc195aa02a7e372,active,,,,,,,,Springfield,Missouri,United States,65801,,,,,69bc0d686bc195aa02a7e3ac; 69bc0d686bc195aa02a7e3ae,2026-05-08,2026-09-22,2026-09-24
"Block Real Estate Services, LLC",69fded1d62446148bd849036,Orkin LLC,69bc0d686bc195aa02a7e3b0,69bc0d686bc195aa02a7e372,active,,,,,,,2710 Piedmont Road Northeast,Atlanta,Georgia,United States,30305,,,,,69bc0d686bc195aa02a7e3ac; 69bc0d686bc195aa02a7e3ae,2026-05-08,2026-09-22,2026-09-24
"Block Real Estate Services, LLC",69fded1d62446148bd849039,Orscheln Farm & Home LLC,69bc0d686bc195aa02a7e3b0,69bc0d686bc195aa02a7e372,active,,,,,,,5401 Virginia Way,Brentwood,Tennessee,United States,37027,,,,,69bc0d686bc195aa02a7e3ac,2026-05-08,2026-07-02,2026-09-24
"Block Real Estate Services, LLC",69fded1d62446148bd84903c,Orscheln Farm and Home LLC,69bc0d686bc195aa02a7e3b0,69bc0d686bc195aa02a7e372,active,,,,,,,1800 Overcenter Drive,Moberly,Missouri,United States,65270,,,,,69bc0d686bc195aa02a7e3ac; 69bc0d686bc195aa02a7e3ae,2026-05-08,2026-09-22,2026-09-24
"Block Real Estate Services, LLC",69fded1d62446148bd84903f,"OUTFRONT Media, LLC / Gannett Outdoor Co., Inc.",69bc0d686bc195aa02a7e3b0,69bc0d686bc195aa02a7e372,active,,,,,,,2459 Summit Street,Kansas City,Missouri,United States,64108,,,,,69bc0d686bc195aa02a7e3ac; 69bc0d686bc195aa02a7e3ae,2026-05-08,2026-09-22,2026-09-24
"Block Real Estate Services, LLC",69fded1d62446148bd849042,"Oz Accommodations, Inc.",69bc0d686bc195aa02a7e3b0,69bc0d686bc195aa02a7e372,active,,,,,,,,,,,,,,,,69bc0d686bc195aa02a7e3ac; 69bc0d686bc195aa02a7e3ae,2026-05-08,2026-08-10,2026-09-24
"Block Real Estate Services, LLC",69fded1d62446148bd849045,Downtown Liquor / P & S Investment LLC,69bc0d686bc195aa02a7e3b0,69bc0d686bc195aa02a7e372,active,,,,,,,13828 South Hallet Street,Olathe,Kansas,United States,66062,,,,,69bc0d686bc195aa02a7e3ac; 69bc0d686bc195aa02a7e3ae,2026-05-08,2026-09-22,2026-09-24
"Block Real Estate Services, LLC",69fded1d62446148bd849048,"P1 Group / P1 Service, LLC",69bc0d686bc195aa02a7e3b0,69bc0d686bc195aa02a7e372,active,,,,,,,,,,,,,,,,69bc0d686bc195aa02a7e3ac; 69bc0d686bc195aa02a7e3ae,2026-05-08,2026-09-21,2026-09-24
"Block Real Estate Services, LLC",69fded1d62446148bd84904b,Belton Modern Dentistry / Pacific Dental Services,69bc0d686bc195aa02a7e3b0,69bc0d686bc195aa02a7e372,active,,,,,,,2460 Paseo Verde Parkway,Henderson,Nevada,United States,89074,,,,,69bc0d686bc195aa02a7e3ac; 69bc0d686bc195aa02a7e3ae,2026-05-08,2026-09-22,2026-09-24
"Block Real Estate Services, LLC",69fded1d62446148bd84904e,Pack3000 LLC,69bc0d686bc195aa02a7e3b0,69bc0d686bc195aa02a7e372,active,,,,,,,460 Northwest Parkway Drive,Riverside,Missouri,United States,64150,,,,,69bc0d686bc195aa02a7e3ac,2026-05-08,2026-08-03,2026-09-24
"Block Real Estate Services, LLC",69fded1d62446148bd849051,"Hydro Ponics / River Market Hydro / Palm Green, LLC",69bc0d686bc195aa02a7e3b0,69bc0d686bc195aa02a7e372,active,,,,,,,17501 East 40th Terrace South,Independence,Missouri,United States,64055,,,,,69bc0d686bc195aa02a7e3ac; 69bc0d686bc195aa02a7e3ae,2026-05-08,2026-09-22,2026-09-24
"Block Real Estate Services, LLC",69fded1d62446148bd849054,Papa Murphy's / Papa's Partners,69bc0d686bc195aa02a7e3b0,69bc0d686bc195aa02a7e372,active,,,,,,,15800 Boones Ferry Road,Lake Oswego,Oregon,United States,97035,,,,,69bc0d686bc195aa02a7e3ac,2026-05-08,2026-09-21,2026-09-24
"Block Real Estate Services, LLC",69fded1d62446148bd849057,"W + D North America, Inc. / Paper Converting Machine Corporation/BW Converting",69bc0d686bc195aa02a7e3b0,69bc0d686bc195aa02a7e372,active,,,,,,,11300 West 80th Street,Lenexa,Kansas,United States,66214,,,,,69bc0d686bc195aa02a7e3ac; 69bc0d686bc195aa02a7e3ae,2026-05-08,2026-09-22,2026-09-24
"Block Real Estate Services, LLC",69fded1d62446148bd84905a,Park Hill Alano Club,69bc0d686bc195aa02a7e3b0,69bc0d686bc195aa02a7e372,active,,,,,,,216 Northwest Business Park Lane,Riverside,Missouri,United States,64150,,,,,69bc0d686bc195aa02a7e3ac,2026-05-08,2026-07-27,2026-09-24
"Block Real Estate Services, LLC",69fded1d62446148bd84905d,Nitto Denko Automotive / Parkers America,69bc0d686bc195aa02a7e3b0,69bc0d686bc195aa02a7e372,active,,,,,,,8485 Prospect Avenue,Kansas City,Missouri,United States,64132,,,,,69bc0d686bc195aa02a7e3ac; 69bc0d686bc195aa02a7e3ae,2026-05-08,2026-08-18,2026-09-24
"Block Real Estate Services, LLC",69fded1d62446148bd849060,Parris Communications,69bc0d686bc195aa02a7e3b0,69bc0d686bc195aa02a7e372,active,,,,,,,4622 Pennsylvania Avenue,Kansas City,Missouri,United States,64112,,,,,69bc0d686bc195aa02a7e3ac,2026-05-08,2026-07-16,2026-09-24
"Block Real Estate Services, LLC",69fded1d62446148bd849063,"The Laundry Hut, LLC / Parvin Laundry, LLC",69bc0d686bc195aa02a7e3b0,69bc0d686bc195aa02a7e372,archived,,,,,,,2601 North 8th Street,Kansas City,Kansas,United States,66101,,,,,,2026-05-08,2026-07-02,2026-09-24
"Block Real Estate Services, LLC",69fded1d62446148bd849066,Paycom Payroll LLC,69bc0d686bc195aa02a7e3b0,69bc0d686bc195aa02a7e372,active,,,,,,,,,,,,,,,,69bc0d686bc195aa02a7e3ac,2026-05-08,2026-06-25,2026-09-24
"Block Real Estate Services, LLC",69fded1d62446148bd849069,PCG Wealth Management LLC,69bc0d686bc195aa02a7e3b0,69bc0d686bc195aa02a7e372,active,,,,,,,5700 West 112th Street,Overland Park,Kansas,United States,66211,,,,,69bc0d686bc195aa02a7e3ac,2026-05-08,2026-06-18,2026-09-24
"Block Real Estate Services, LLC",69fded1d62446148bd84906c,Pennsylvania Tool Sales and Service Inc,69bc0d686bc195aa02a7e3b0,69bc0d686bc195aa02a7e372,active,,,,,,,601 Northwest Business Park Lane,Riverside,Missouri,United States,64150,,,,,69bc0d686bc195aa02a7e3ac,2026-05-08,2026-06-15,2026-09-24
"Block Real Estate Services, LLC",69fded1d62446148bd84906f,Penske Truck Leasing Co LP,69bc0d686bc195aa02a7e3b0,69bc0d686bc195aa02a7e372,active,,,,,,,,Reading,Pennsylvania,United States,19603,,,,,69bc0d686bc195aa02a7e3ac,2026-05-08,2026-08-13,2026-09-24
"Block Real Estate Services, LLC",69fded1d62446148bd849072,People First Network of Kansas LLC,69bc0d686bc195aa02a7e3b0,69bc0d686bc195aa02a7e372,active,,,,,,,,,Kansas,United States,66203,,,,,69bc0d686bc195aa02a7e3ac; 69bc0d686bc195aa02a7e3ae,2026-05-08,2026-09-22,2026-09-24
"Block Real Estate Services, LLC",69fded1d62446148bd849075,"Pine Ridge Management Office & BMS / PERG Buildings, LLC",69bc0d686bc195aa02a7e3b0,69bc0d686bc195aa02a7e372,active,,,,,,,,Kansas City,Missouri,United States,64112,,,,,69bc0d686bc195aa02a7e3ac; 69bc0d686bc195aa02a7e3ae,2026-05-08,2026-09-22,2026-09-24
"Block Real Estate Services, LLC",69fded1d62446148bd849078,"PERG Buildings, LLC",69bc0d686bc195aa02a7e3b0,69bc0d686bc195aa02a7e372,active,,,,,,,,Kansas City,Missouri,United States,64112,,,,,69bc0d686bc195aa02a7e3ac; 69bc0d686bc195aa02a7e3ae,2026-05-08,2026-09-22,2026-09-24
"Block Real Estate Services, LLC",69fded1d62446148bd84907b,Petfolk Real Estate Holdings LLC,69bc0d686bc195aa02a7e3b0,69bc0d686bc195aa02a7e372,active,,,,,,,,,,,,,,,,69bc0d686bc195aa02a7e3ac; 69bc0d686bc195aa02a7e3ae,2026-05-08,2026-09-18,2026-09-24
"Block Real Estate Services, LLC",69fded1d62446148bd84907e,"PetSense, LLC",69bc0d686bc195aa02a7e3b0,69bc0d686bc195aa02a7e372,active,,,,,,,5401 Virginia Way,Brentwood,Tennessee,United States,37027,,,,,69bc0d686bc195aa02a7e3ac; 69bc0d686bc195aa02a7e3ae,2026-05-08,2026-09-22,2026-09-24
"Block Real Estate Services, LLC",69fded1d62446148bd849081,"ICON / PRA Health Sciences / Pharmaceutical Research Associates, Inc.",69bc0d686bc195aa02a7e3b0,69bc0d686bc195aa02a7e372,active,,,,,,,4131 Parklake Avenue,Raleigh,North Carolina,United States,27612,,,,,69bc0d686bc195aa02a7e3ac; 69bc0d686bc195aa02a7e3ae,2026-05-08,2026-09-22,2026-09-24
"Block Real Estate Services, LLC",69fded1d62446148bd849084,Pharmacy Corp of America,69bc0d686bc195aa02a7e3b0,69bc0d686bc195aa02a7e372,archived,,,,,,,,,,,,,,,,,2026-05-08,2026-07-27,2026-09-24
"Block Real Estate Services, LLC",69fded1e62446148bd84908a,Phoenix Fastpitch LLC,69bc0d686bc195aa02a7e3b0,69bc0d686bc195aa02a7e372,active,,,,,,,14450 Northwest 67th Circle,Kansas City,Missouri,United States,64152,,,,,69bc0d686bc195aa02a7e3ac; 69bc0d686bc195aa02a7e3ae,2026-05-08,2026-09-22,2026-09-24
"Block Real Estate Services, LLC",69fded1e62446148bd84908d,"Servpro / Piat, Inc.",69bc0d686bc195aa02a7e3b0,69bc0d686bc195aa02a7e372,active,,,,,,,8066 Flint Street,Lenexa,Kansas,United States,66214,,,,,69bc0d686bc195aa02a7e3ac,2026-05-08,2026-09-15,2026-09-24
"Block Real Estate Services, LLC",69fded1e62446148bd849090,"Pinnacle Construction Group, LLC",69bc0d686bc195aa02a7e3b0,69bc0d686bc195aa02a7e372,active,,,,,,,8355 Melrose Drive,Lenexa,Kansas,United States,66214,,,,,69bc0d686bc195aa02a7e3ac; 69bc0d686bc195aa02a7e3ae,2026-05-08,2026-09-22,2026-09-24
"Block Real Estate Services, LLC",69fded1e62446148bd849093,Pivot International Inc,69bc0d686bc195aa02a7e3b0,69bc0d686bc195aa02a7e372,active,,,,,,,11030 Strang Line Road,Lenexa,Kansas,United States,66215,,,,,69bc0d686bc195aa02a7e3ac,2026-05-08,2026-07-07,2026-09-24
"Block Real Estate Services, LLC",69fded1e62446148bd849096,"Pizza Hut of America, Inc.",69bc0d686bc195aa02a7e3b0,69bc0d686bc195aa02a7e372,active,,,,,,,720 West 20th Street,Pittsburg,Kansas,United States,66762,,,,,69bc0d686bc195aa02a7e3ac,2026-05-08,2026-09-18,2026-09-24
"Block Real Estate Services, LLC",69fded1e62446148bd84909c,"Northstar Wealth / Polaris, LLC",69bc0d686bc195aa02a7e3b0,69bc0d686bc195aa02a7e372,active,,,,,,,5251 West 116th Place,Leawood,Kansas,United States,66211,,,,,69bc0d686bc195aa02a7e3ac,2026-05-08,2026-09-15,2026-09-24
"Block Real Estate Services, LLC",69fded1e62446148bd84909f,Polaris Pharmacy Services of Missouri,69bc0d686bc195aa02a7e3b0,69bc0d686bc195aa02a7e372,active,,,,,,,2900 Northwest 60th Street,Fort Lauderdale,Florida,United States,33309,,,,,69bc0d686bc195aa02a7e3ac; 69bc0d686bc195aa02a7e3ae,2026-05-08,2026-09-22,2026-09-24
"Block Real Estate Services, LLC",69fded1e62446148bd8490a2,Polymershapes LLC,69bc0d686bc195aa02a7e3b0,69bc0d686bc195aa02a7e372,active,,,,,,,310 Grant Street,Pittsburgh,Pennsylvania,United States,15219,,,,,69bc0d686bc195aa02a7e3ac,2026-05-08,2026-09-17,2026-09-24
"Block Real Estate Services, LLC",69fded1e62446148bd8490a5,Power Motion Inc,69bc0d686bc195aa02a7e3b0,69bc0d686bc195aa02a7e372,active,,,,,,,652 Axminister Drive,Fenton,Missouri,United States,63026,,,,,69bc0d686bc195aa02a7e3ac; 69bc0d686bc195aa02a7e3ae,2026-05-08,2026-09-22,2026-09-24
"Block Real Estate Services, LLC",69fded1e62446148bd8490a8,Power Sales & Advertising Inc,69bc0d686bc195aa02a7e3b0,69bc0d686bc195aa02a7e372,active,,,,,,,9909 Lakeview Avenue,Lenexa,Kansas,United States,66219,,,,,69bc0d686bc195aa02a7e3ac,2026-05-08,2026-07-15,2026-09-24
"Block Real Estate Services, LLC",69fded1e62446148bd8490ab,Prairie Engineers PC,69bc0d686bc195aa02a7e3b0,69bc0d686bc195aa02a7e372,active,,,,,,,404 North Main Street,Columbia,Illinois,United States,62236,,,,,69bc0d686bc195aa02a7e3ac,2026-05-08,2026-07-22,2026-09-24
"Block Real Estate Services, LLC",69fded1e62446148bd8490ae,Prestige Land Title LLC,69bc0d686bc195aa02a7e3b0,69bc0d686bc195aa02a7e372,active,,,,,,,600 Southwest Jefferson Street,Lee's Summit,Missouri,United States,64063,,,,,69bc0d686bc195aa02a7e3ac; 69bc0d686bc195aa02a7e3ae,2026-05-08,2026-09-22,2026-09-24
"Block Real Estate Services, LLC",69fded1e62446148bd8490b1,"Prime Source Building Products, Inc.",69bc0d686bc195aa02a7e3b0,69bc0d686bc195aa02a7e372,active,,,,,,,,,,,,,,,,69bc0d686bc195aa02a7e3ac,2026-05-08,2026-07-02,2026-09-24
"Block Real Estate Services, LLC",69fded1e62446148bd8490b4,Principal Life Insurance Company,69bc0d686bc195aa02a7e3b0,69bc0d686bc195aa02a7e372,active,,,,,,,711 High Street,Des Moines,Iowa,United States,50392,,,,,69bc0d686bc195aa02a7e3ac; 69bc0d686bc195aa02a7e3ae,2026-05-08,2026-08-18,2026-09-24
"Block Real Estate Services, LLC",69fded1e62446148bd8490b7,Pro Concrete Design Inc,69bc0d686bc195aa02a7e3b0,69bc0d686bc195aa02a7e372,active,,,,,,,2462 Northwest Tullison Road,Riverside,Missouri,United States,64150,,,,,69bc0d686bc195aa02a7e3ac; 69bc0d686bc195aa02a7e3ae,2026-05-08,2026-09-21,2026-09-24
"Block Real Estate Services, LLC",69fded1e62446148bd8490ba,Professional Toxicology Services Inc,69bc0d686bc195aa02a7e3b0,69bc0d686bc195aa02a7e372,active,,,,,,,7917 Bond Street,Lenexa,Kansas,United States,66214,,,,,69bc0d686bc195aa02a7e3ac,2026-05-08,2026-07-22,2026-09-24
"Block Real Estate Services, LLC",69fded1e62446148bd8490bd,Promex Limited,69bc0d686bc195aa02a7e3b0,69bc0d686bc195aa02a7e372,active,,,,,,,5001 South 36th Street,Omaha,Nebraska,United States,68107,,,,,69bc0d686bc195aa02a7e3ac; 69bc0d686bc195aa02a7e3ae,2026-05-08,2026-09-22,2026-09-24
"Block Real Estate Services, LLC",69fded1e62446148bd8490c0,"Sportsman's Cap / Promotional Headwear International, Inc.",69bc0d686bc195aa02a7e3b0,69bc0d686bc195aa02a7e372,active,,,,,,,,,,,,,,,,69bc0d686bc195aa02a7e3ac,2026-05-08,2026-09-17,2026-09-24
"Block Real Estate Services, LLC",69fded1e62446148bd8490c3,Propak Logistics Inc,69bc0d686bc195aa02a7e3b0,69bc0d686bc195aa02a7e372,active,,,,,<p>Removed jeanie.miller@stephens.com &amp; teresa.reed@stephens.com - No longer agent - 26.09.16 - Collin R</p>,,1100 Garrison Avenue,Fort Smith,Arkansas,United States,72901,,,,,69bc0d686bc195aa02a7e3ac; 69bc0d686bc195aa02a7e3ae,2026-05-08,2026-09-22,2026-09-24
"Block Real Estate Services, LLC",69fded1e62446148bd8490c9,"Adapt Health / Provider Plus, Inc.",69bc0d686bc195aa02a7e3b0,69bc0d686bc195aa02a7e372,active,,,,,,,,Richmond,Virginia,United States,23225,,,,,69bc0d686bc195aa02a7e3ac; 69bc0d686bc195aa02a7e3ae,2026-05-08,2026-08-10,2026-09-24
"Block Real Estate Services, LLC",69fded1e62446148bd8490cc,"Psychology Office Management, Inc.",69bc0d686bc195aa02a7e3b0,69bc0d686bc195aa02a7e372,active,,,,,,,800 West 47th Street,Kansas City,Missouri,United States,64112,,,,,69bc0d686bc195aa02a7e3ac; 69bc0d686bc195aa02a7e3ae,2026-05-08,2026-09-23,2026-09-24
"Block Real Estate Services, LLC",69fded1e62446148bd8490cf,Pulse Design Group,69bc0d686bc195aa02a7e3b0,69bc0d686bc195aa02a7e372,active,,,,,,,4622 Pennsylvania Avenue,Kansas City,Missouri,United States,64112,,,,,69bc0d686bc195aa02a7e3ac; 69bc0d686bc195aa02a7e3ae,2026-05-08,2026-08-18,2026-09-24
"Block Real Estate Services, LLC",69fded1e62446148bd8490d2,"Q4 Industries, LLC",69bc0d686bc195aa02a7e3b0,69bc0d686bc195aa02a7e372,active,,,,,,,8261 Melrose Drive,Overland Park,Kansas,United States,66214,,,,,69bc0d686bc195aa02a7e3ac; 69bc0d686bc195aa02a7e3ae,2026-05-08,2026-09-22,2026-09-24
"Block Real Estate Services, LLC",69fded1f62446148bd8490d8,R & R Communications Inc,69bc0d686bc195aa02a7e3b0,69bc0d686bc195aa02a7e372,active,,,,,,,8367 Melrose Drive,Overland Park,Kansas,United States,66214,,,,,69bc0d686bc195aa02a7e3ac,2026-05-08,2026-08-24,2026-09-24
"Block Real Estate Services, LLC",69fded1f62446148bd8490db,Brinkmann Constructors / R G Brinkman Company,69bc0d686bc195aa02a7e3b0,69bc0d686bc195aa02a7e372,active,,,,,,,,,,,,,,,,69bc0d686bc195aa02a7e3ac; 69bc0d686bc195aa02a7e3ae,2026-05-08,2026-09-22,2026-09-24
"Block Real Estate Services, LLC",69fded1f62446148bd8490de,Longhorn Steakhouse / RARE Hospitality of Kansas,69bc0d686bc195aa02a7e3b0,69bc0d686bc195aa02a7e372,active,,,,,,,1000 Darden Center Drive,Orlando,Florida,United States,32837,,,,,69bc0d686bc195aa02a7e3ac; 69bc0d686bc195aa02a7e3ae,2026-05-08,2026-09-22,2026-09-24
"Block Real Estate Services, LLC",69fded1f62446148bd8490e1,"RBC Capital Markets, LLC / Royal Bank of Canada",69bc0d686bc195aa02a7e3b0,69bc0d686bc195aa02a7e372,active,,,,,,,,Minneapolis,Minnesota,United States,55485,,,,,69bc0d686bc195aa02a7e3ac; 69bc0d686bc195aa02a7e3ae,2026-05-08,2026-09-22,2026-09-24
"Block Real Estate Services, LLC",69fded1f62446148bd8490e4,"LynTec, Inc. / RDC, Inc.",69bc0d686bc195aa02a7e3b0,69bc0d686bc195aa02a7e372,active,,,,,,,,,,,,,,,,69bc0d686bc195aa02a7e3ac; 69bc0d686bc195aa02a7e3ae,2026-05-08,2026-09-22,2026-09-24
"Block Real Estate Services, LLC",69fded1f62446148bd8490e7,Reeves-Wiedeman Co,69bc0d686bc195aa02a7e3b0,69bc0d686bc195aa02a7e372,active,,,,,,,3635 Main Street,Kansas City,Missouri,United States,64111,,,,,69bc0d686bc195aa02a7e3ac,2026-05-08,2026-09-09,2026-09-24
"Block Real Estate Services, LLC",69fded1f62446148bd8490ea,"Regal Staffing, LLC",69bc0d686bc195aa02a7e3b0,69bc0d686bc195aa02a7e372,active,,,,,,,809 South 7th Street,Kansas City,Kansas,United States,66105,,,,,69bc0d686bc195aa02a7e3ac,2026-05-08,2026-08-19,2026-09-24
"Block Real Estate Services, LLC",69fded1f62446148bd8490ed,Releve Performing Arts / Ashley Collier,69bc0d686bc195aa02a7e3b0,69bc0d686bc195aa02a7e372,active,,,,,,,1446 Southwest Eagles Parkway,Grain Valley,Missouri,United States,64029,,,,,69bc0d686bc195aa02a7e3ac; 69bc0d686bc195aa02a7e3ae,2026-05-08,2026-09-22,2026-09-24
"Block Real Estate Services, LLC",69fded1f62446148bd8490f0,"Remax Real Estate / Harry C. Meierarend, III",69bc0d686bc195aa02a7e3b0,69bc0d686bc195aa02a7e372,active,,,,,,,17000 East 40th Street,Independence,Missouri,United States,64057,,,,,69bc0d686bc195aa02a7e3ac; 69bc0d686bc195aa02a7e3ae,2026-05-08,2026-09-22,2026-09-24
"Block Real Estate Services, LLC",69fded1f62446148bd8490f3,Rent-A-Center #1724,69bc0d686bc195aa02a7e3b0,69bc0d686bc195aa02a7e372,active,,,,,,,5501 Headquarters Drive,Plano,Texas,United States,75024,,,,,69bc0d686bc195aa02a7e3ac,2026-05-08,2026-08-19,2026-09-24
"Block Real Estate Services, LLC",69fded1f62446148bd8490f6,"Ambius / Rentokil North America, Inc. (fka JC Ehrlich Company)",69bc0d686bc195aa02a7e3b0,69bc0d686bc195aa02a7e372,active,,,,,,,1125 Berkshire Boulevard,Wyomissing,Pennsylvania,United States,19610,,,,,69bc0d686bc195aa02a7e3ac,2026-05-08,2026-09-21,2026-09-24
"Block Real Estate Services, LLC",69fded1f62446148bd8490f9,Repairs Unlimited LLC,69bc0d686bc195aa02a7e3b0,69bc0d686bc195aa02a7e372,active,,,,,,,8416 Melrose Drive,Lenexa,Kansas,United States,66214,,,,,69bc0d686bc195aa02a7e3ac; 69bc0d686bc195aa02a7e3ae,2026-05-08,2026-09-22,2026-09-24
"Block Real Estate Services, LLC",69fded1f62446148bd8490fc,Reserve Applied Management of Kansas City LLC,69bc0d686bc195aa02a7e3b0,69bc0d686bc195aa02a7e372,active,,,,,,,202 Bradley Street,Carrollton,Georgia,United States,30117,,,,,69bc0d686bc195aa02a7e3ac; 69bc0d686bc195aa02a7e3ae,2026-05-08,2026-09-22,2026-09-24
"Block Real Estate Services, LLC",69fded1f62446148bd8490ff,"Revolutionary Business Concepts, Inc",69bc0d686bc195aa02a7e3b0,69bc0d686bc195aa02a7e372,active,,,,,,,15200 Santa Fe Trail Drive,Lenexa,Kansas,United States,66219,,,,,69bc0d686bc195aa02a7e3ac; 69bc0d686bc195aa02a7e3ae,2026-05-08,2026-09-22,2026-09-24
"Block Real Estate Services, LLC",69fded1f62446148bd849102,"IVXPRESS, Inc. (fka Riverside Pharmacy Associates)",69bc0d686bc195aa02a7e3b0,69bc0d686bc195aa02a7e372,active,,,,,,,214 Centerview Drive,Brentwood,Tennessee,United States,37027,,,,,69bc0d686bc195aa02a7e3ac; 69bc0d686bc195aa02a7e3ae,2026-05-08,2026-09-22,2026-09-24
"Block Real Estate Services, LLC",69fded1f62446148bd849105,Rockwell Automation,69bc0d686bc195aa02a7e3b0,69bc0d686bc195aa02a7e372,active,,,,,,,1 Allen Bradley Drive,Mayfield Heights,Ohio,United States,44124,,,,,69bc0d686bc195aa02a7e3ac; 69bc0d686bc195aa02a7e3ae,2026-05-08,2026-09-22,2026-09-24
"Block Real Estate Services, LLC",69fded1f62446148bd849108,"Rosen's, Inc.",69bc0d686bc195aa02a7e3b0,69bc0d686bc195aa02a7e372,active,,,,,,,1120 Lake Avenue,Fairmont,Minnesota,United States,56031,,,,,69bc0d686bc195aa02a7e3ac,2026-05-08,2026-07-22,2026-09-24
"Block Real Estate Services, LLC",69fded1f62446148bd84910b,Roto-Rooter Services Company Inc,69bc0d686bc195aa02a7e3b0,69bc0d686bc195aa02a7e372,active,,,,,,,255 East 5th Street,Cincinnati,Ohio,United States,45202,,,,,69bc0d686bc195aa02a7e3ac; 69bc0d686bc195aa02a7e3ae,2026-05-08,2026-09-18,2026-09-24
"Block Real Estate Services, LLC",69fded1f62446148bd84910e,Rottler Pest & Lawn Solutions / Rottler Pest Control Company,69bc0d686bc195aa02a7e3b0,69bc0d686bc195aa02a7e372,active,,,,,,,2690 Masterson Avenue,St. Louis,Missouri,United States,63114,,,,,69bc0d686bc195aa02a7e3ac; 69bc0d686bc195aa02a7e3ae,2026-05-08,2026-09-22,2026-09-24
"Block Real Estate Services, LLC",69fded1f62446148bd849111,"Taco Bell / Royal City Bell, LLC",69bc0d686bc195aa02a7e3b0,69bc0d686bc195aa02a7e372,active,,,,,,,,,,,,,,,,69bc0d686bc195aa02a7e3ac,2026-05-08,2026-08-26,2026-09-24
"Block Real Estate Services, LLC",69fded1f62446148bd849114,"Royal Gyros (Royal Donuts, LLC) / Ahed Kalifa",69bc0d686bc195aa02a7e3b0,69bc0d686bc195aa02a7e372,active,,,,,,,1316 East North Avenue,Belton,Missouri,United States,64012,,,,,69bc0d686bc195aa02a7e3ac,2026-05-08,2026-09-18,2026-09-24
"Block Real Estate Services, LLC",69fded1f62446148bd849117,Royal Seamless Gutter Inc,69bc0d686bc195aa02a7e3b0,69bc0d686bc195aa02a7e372,active,,,,,,,12120 State Line Road,Leawood,Kansas,United States,66209,,,,,69bc0d686bc195aa02a7e3ac; 69bc0d686bc195aa02a7e3ae,2026-05-08,2026-09-22,2026-09-24
"Block Real Estate Services, LLC",69fded1f62446148bd84911a,RSM US LLP,69bc0d686bc195aa02a7e3b0,69bc0d686bc195aa02a7e372,active,,,,,,,,,,,,,,,,69bc0d686bc195aa02a7e3ac; 69bc0d686bc195aa02a7e3ae,2026-05-08,2026-09-22,2026-09-24
"Block Real Estate Services, LLC",69fded1f62446148bd849120,Ryan Poage & Company,69bc0d686bc195aa02a7e3b0,69bc0d686bc195aa02a7e372,archived,,,,,,,404 West Dartmouth Road,Kansas City,Missouri,United States,64113,,,,,,2026-05-08,2026-06-15,2026-09-24
"Block Real Estate Services, LLC",69fded1f62446148bd849123,Safari Mart,69bc0d686bc195aa02a7e3b0,69bc0d686bc195aa02a7e372,active,,,,,,,12755 South Mur-Len Road,Olathe,Kansas,United States,66062,,,,,69bc0d686bc195aa02a7e3ac; 69bc0d686bc195aa02a7e3ae,2026-05-08,2026-09-22,2026-09-24
"Block Real Estate Services, LLC",69fded2062446148bd849129,"Sally Beauty Co., Inc. / Sally Beauty 1717",69bc0d686bc195aa02a7e3b0,69bc0d686bc195aa02a7e372,active,,,,,,,,,,,,,,,,69bc0d686bc195aa02a7e3ac,2026-05-08,2026-09-23,2026-09-24
"Block Real Estate Services, LLC",69fded2062446148bd84912c,Salon Ji,69bc0d686bc195aa02a7e3b0,69bc0d686bc195aa02a7e372,active,,,,,,,19013 East Ringo Circle,Independence,Missouri,United States,64057,,,,,69bc0d686bc195aa02a7e3ac,2026-05-08,2026-08-05,2026-09-24
"Block Real Estate Services, LLC",69fded2062446148bd84912f,Salvation Army Family Store / The Salvation Army,69bc0d686bc195aa02a7e3b0,69bc0d686bc195aa02a7e372,active,,,,,,,,,,,,,,,,69bc0d686bc195aa02a7e3ac; 69bc0d686bc195aa02a7e3ae,2026-05-08,2026-09-22,2026-09-24
"Block Real Estate Services, LLC",69fded2062446148bd849132,"Sanders Management, Inc",69bc0d686bc195aa02a7e3b0,69bc0d686bc195aa02a7e372,active,,,,,,,210 Northwest Plaza Drive,Riverside,Missouri,United States,64150,,,,,69bc0d686bc195aa02a7e3ac,2026-05-08,2026-08-19,2026-09-24
"Block Real Estate Services, LLC",69fded2062446148bd849135,Savanah Hunt,69bc0d686bc195aa02a7e3b0,69bc0d686bc195aa02a7e372,active,,,,,,,15213 Woodson Street,Overland Park,Kansas,United States,66223,,,,,69bc0d686bc195aa02a7e3ac; 69bc0d686bc195aa02a7e3ae,2026-05-08,2026-09-22,2026-09-24
"Block Real Estate Services, LLC",69fded2062446148bd849138,Scheels All Sports Inc,69bc0d686bc195aa02a7e3b0,69bc0d686bc195aa02a7e372,active,,,,,,,1707 Gold Drive South,Fargo,North Dakota,United States,58103,,,,,69bc0d686bc195aa02a7e3ac,2026-05-08,2026-07-08,2026-09-24
"Block Real Estate Services, LLC",69fded2062446148bd84913b,New Image Leasing / Seal Harbor Capital,69bc0d686bc195aa02a7e3b0,69bc0d686bc195aa02a7e372,active,,,,,,,3199 South Platte River Drive,Englewood,Colorado,United States,80110,,,,,69bc0d686bc195aa02a7e3ac; 69bc0d686bc195aa02a7e3ae,2026-05-08,2026-09-22,2026-09-24
"Block Real Estate Services, LLC",69fded2062446148bd84913e,Security Data Supply,69bc0d686bc195aa02a7e3b0,69bc0d686bc195aa02a7e372,active,,,,,,,4104 Northwest Riverside Street,Riverside,Missouri,United States,64150,,,,,69bc0d686bc195aa02a7e3ac,2026-05-08,2026-07-14,2026-09-24
"Block Real Estate Services, LLC",69fded2062446148bd849141,Seen Merchandising LLC,69bc0d686bc195aa02a7e3b0,69bc0d686bc195aa02a7e372,active,,,,,,,,,,,,,,,,69bc0d686bc195aa02a7e3ac,2026-05-08,2026-09-20,2026-09-24
"Block Real Estate Services, LLC",69fded2062446148bd849144,Select Comfort Retail Corporation,69bc0d686bc195aa02a7e3b0,69bc0d686bc195aa02a7e372,active,,,,,,,,,,,,,,,,69bc0d686bc195aa02a7e3ac,2026-05-08,2026-06-17,2026-09-24
"Block Real Estate Services, LLC",69fded2062446148bd849147,Select Physical Therapy / Healthsouth Corp,69bc0d686bc195aa02a7e3b0,69bc0d686bc195aa02a7e372,active,,,,,,,4714 Gettysburg Road,Mechanicsburg,Pennsylvania,United States,17055,,,,,69bc0d686bc195aa02a7e3ac; 69bc0d686bc195aa02a7e3ae,2026-05-08,2026-09-22,2026-09-24
"Block Real Estate Services, LLC",69fded2062446148bd84914a,"Senior Day KC / The Respite House, LLC",69bc0d686bc195aa02a7e3b0,69bc0d686bc195aa02a7e372,active,,,,,,,1412 West 50th Street,Kansas City,Missouri,United States,64112,,,,,69bc0d686bc195aa02a7e3ac; 69bc0d686bc195aa02a7e3ae,2026-05-08,2026-09-22,2026-09-24
"Block Real Estate Services, LLC",69fded2062446148bd84914d,"SERC Physical Therapy / SERC Rehabilitation Partners, LLC",69bc0d686bc195aa02a7e3b0,69bc0d686bc195aa02a7e372,active,,,,,,,8823 Production Lane,Ooltewah,Tennessee,United States,37363,,,,,69bc0d686bc195aa02a7e3ac; 69bc0d686bc195aa02a7e3ae,2026-05-08,2026-09-22,2026-09-24
"Block Real Estate Services, LLC",69fded2062446148bd849153,Anthony's Plumbing,69bc0d686bc195aa02a7e3b0,69bc0d686bc195aa02a7e372,archived,,,,,,,,,,,,,,,,,2026-05-08,2026-09-03,2026-09-24
"Block Real Estate Services, LLC",69fded2062446148bd849156,"Echo Electric / Springfield Electric Supply Company, LLC (fka Shaw Supply Company)",69bc0d686bc195aa02a7e3b0,69bc0d686bc195aa02a7e372,active,,,,,,,,,,,,,,,,69bc0d686bc195aa02a7e3ac,2026-05-08,2026-08-11,2026-09-24
"Block Real Estate Services, LLC",69fded2062446148bd84915c,Sherwin Williams-SW 07526,69bc0d686bc195aa02a7e3b0,69bc0d686bc195aa02a7e372,active,,,,,,,,,,,,,,,,69bc0d686bc195aa02a7e3ac,2026-05-08,2026-08-06,2026-09-24
"Block Real Estate Services, LLC",69fded2062446148bd84915f,"Shoe Sensation, Inc.",69bc0d686bc195aa02a7e3b0,69bc0d686bc195aa02a7e372,active,,,,,,,,,,,,,,,,69bc0d686bc195aa02a7e3ac,2026-05-08,2026-09-09,2026-09-24
"Block Real Estate Services, LLC",69fded2062446148bd849162,"Show Me State Vital Care / Show Me State Infusion Pharmacy, LLC",69bc0d686bc195aa02a7e3b0,69bc0d686bc195aa02a7e372,active,,,,,,,420 Northwest Business Park Lane,Riverside,Missouri,United States,64150,,,,,69bc0d686bc195aa02a7e3ac,2026-05-08,2026-08-18,2026-09-24
"Block Real Estate Services, LLC",69fded2062446148bd849165,Side Pockets Inc,69bc0d686bc195aa02a7e3b0,69bc0d686bc195aa02a7e372,active,,,,,,,,,,,,,,,,69bc0d686bc195aa02a7e3ac,2026-05-08,2026-09-11,2026-09-24
"Block Real Estate Services, LLC",69fded2062446148bd849168,Siemens Corporation,69bc0d686bc195aa02a7e3b0,69bc0d686bc195aa02a7e372,active,,,,,,,200 South Wood Avenue,Woodbridge Township,New Jersey,United States,08830,,,,,69bc0d686bc195aa02a7e3ac,2026-05-08,2026-07-13,2026-09-24
"Block Real Estate Services, LLC",69fded2062446148bd84916b,Siemens Energy Inc,69bc0d686bc195aa02a7e3b0,69bc0d686bc195aa02a7e372,active,,,,,,,,,,,,,,,,69bc0d686bc195aa02a7e3ac; 69bc0d686bc195aa02a7e3ae,2026-05-08,2026-09-22,2026-09-24
"Block Real Estate Services, LLC",69fded2062446148bd84916e,SJK Global LLC,69bc0d686bc195aa02a7e3b0,69bc0d686bc195aa02a7e372,active,,,,,,,,,,,,,,,,69bc0d686bc195aa02a7e3ac,2026-05-08,2026-08-17,2026-09-24
"Block Real Estate Services, LLC",69fded2062446148bd849171,Skechers Outlet,69bc0d686bc195aa02a7e3b0,69bc0d686bc195aa02a7e372,active,,,,,,,225 South Sepulveda Boulevard,Manhattan Beach,California,United States,90266,,,,,69bc0d686bc195aa02a7e3ac,2026-05-08,2026-09-21,2026-09-24
"Block Real Estate Services, LLC",69fded2062446148bd849174,Slim 4 Life Weight Loss Centers Inc,69bc0d686bc195aa02a7e3b0,69bc0d686bc195aa02a7e372,active,,,,,,,,Scottsdale,Arizona,United States,,,,,,69bc0d686bc195aa02a7e3ac,2026-05-08,2026-06-17,2026-09-24
"Block Real Estate Services, LLC",69fded2062446148bd849177,"Epic Vision Center / Smithville Eye Center, LLC",69bc0d686bc195aa02a7e3b0,69bc0d686bc195aa02a7e372,active,,,,,,,8305 Melrose Drive,Lenexa,Kansas,United States,66214,,,,,69bc0d686bc195aa02a7e3ac; 69bc0d686bc195aa02a7e3ae,2026-05-08,2026-09-02,2026-09-24
"Block Real Estate Services, LLC",69fded2162446148bd84917a,"Church's Chicken / SNSA, Inc.",69bc0d686bc195aa02a7e3b0,69bc0d686bc195aa02a7e372,active,,,,,,,8397 Melrose Drive,Overland Park,Kansas,United States,66214,,,,,69bc0d686bc195aa02a7e3ac; 69bc0d686bc195aa02a7e3ae,2026-05-08,2026-09-09,2026-09-24
"Block Real Estate Services, LLC",69fded2162446148bd84917d,Soar Nutrition,69bc0d686bc195aa02a7e3b0,69bc0d686bc195aa02a7e372,active,,,,,,,400 East Ryan Road,Grain Valley,Missouri,United States,64029,,,,,69bc0d686bc195aa02a7e3ac,2026-05-08,2026-09-15,2026-09-24
"Block Real Estate Services, LLC",69fded2162446148bd849180,Sobriety First,69bc0d686bc195aa02a7e3b0,69bc0d686bc195aa02a7e372,active,,,,,,,116 South Clairborne Road,Olathe,Kansas,United States,66062,,,,,69bc0d686bc195aa02a7e3ac,2026-05-08,2026-08-24,2026-09-24
"Block Real Estate Services, LLC",69fded2162446148bd849183,"Soleran, Inc. (sublease from Sunflower Health Plan / Centene Management Company, LLC)",69bc0d686bc195aa02a7e3b0,69bc0d686bc195aa02a7e372,active,,,,,,,8325 Lenexa Drive,Overland Park,Kansas,United States,66214,,,,,69bc0d686bc195aa02a7e3ac,2026-05-08,2026-08-19,2026-09-24
"Block Real Estate Services, LLC",69fded2162446148bd849189,South Western Communications Inc,69bc0d686bc195aa02a7e3b0,69bc0d686bc195aa02a7e372,active,,,,,,,,,,,,,,,,69bc0d686bc195aa02a7e3ac,2026-05-08,2026-06-23,2026-09-24
"Block Real Estate Services, LLC",69fded2162446148bd84918c,Southwest Solutions Group Inc,69bc0d686bc195aa02a7e3b0,69bc0d686bc195aa02a7e372,active,,,,,,,State 121,Lewisville,Texas,United States,75056,,,,,69bc0d686bc195aa02a7e3ac; 69bc0d686bc195aa02a7e3ae,2026-05-08,2026-09-22,2026-09-24
"Block Real Estate Services, LLC",69fded2162446148bd849192,Sport Clips,69bc0d686bc195aa02a7e3b0,69bc0d686bc195aa02a7e372,active,,,,,,,8900 Nieman Road,Overland Park,Kansas,United States,66214,,,,,69bc0d686bc195aa02a7e3ac; 69bc0d686bc195aa02a7e3ae,2026-05-08,2026-09-22,2026-09-24
"Block Real Estate Services, LLC",69fded2162446148bd849195,Sports Rehab & Physical Therapy Inc,69bc0d686bc195aa02a7e3b0,69bc0d686bc195aa02a7e372,active,,,,,,,10777 Nall Avenue,Overland Park,Kansas,United States,66211,,,,,69bc0d686bc195aa02a7e3ac; 69bc0d686bc195aa02a7e3ae,2026-05-08,2026-09-21,2026-09-24
"Block Real Estate Services, LLC",69fded2162446148bd849198,"Sports Rehab and Physical Therapy Associates, Inc. (sublease from Kansas City Bone & Joint)",69bc0d686bc195aa02a7e3b0,69bc0d686bc195aa02a7e372,active,,,,,,,10777 Nall Avenue,Overland Park,Kansas,United States,66211,,,,,69bc0d686bc195aa02a7e3ac,2026-05-08,2026-07-21,2026-09-24
"Block Real Estate Services, LLC",69fded2162446148bd84919b,"SRS Commercial AVL, LLC (fka Stark Raving Solutions, LLC)",69bc0d686bc195aa02a7e3b0,69bc0d686bc195aa02a7e372,active,,,,,,,10413 West 84th Terrace,Lenexa,Kansas,United States,66214,,,,,69bc0d686bc195aa02a7e3ac; 69bc0d686bc195aa02a7e3ae,2026-05-08,2026-09-22,2026-09-24
"Block Real Estate Services, LLC",69fded2162446148bd84919e,"Midwest Roofing / SRS Distribution, Inc.",69bc0d686bc195aa02a7e3b0,69bc0d686bc195aa02a7e372,active,,,,,,,801 South 7th Street,Kansas City,Kansas,United States,66103,,,,,69bc0d686bc195aa02a7e3ac; 69bc0d686bc195aa02a7e3ae,2026-05-08,2026-09-22,2026-09-24
"Block Real Estate Services, LLC",69fded2162446148bd8491a1,"Spirit Haven / SSB, LLC",69bc0d686bc195aa02a7e3b0,69bc0d686bc195aa02a7e372,active,,,,,,,1618 South Highway 7,Blue Springs,Missouri,United States,64014,,,,,69bc0d686bc195aa02a7e3ac; 69bc0d686bc195aa02a7e3ae,2026-05-08,2026-09-22,2026-09-24
"Block Real Estate Services, LLC",69fded2162446148bd8491a4,"Midwest Office Technology / STA-MOT-KS, LLC",69bc0d686bc195aa02a7e3b0,69bc0d686bc195aa02a7e372,active,,,,,,,6294 Northeast 14th Street,Des Moines,Iowa,United States,50313,,,,,69bc0d686bc195aa02a7e3ac,2026-05-08,2026-09-10,2026-09-24
"Block Real Estate Services, LLC",69fded2162446148bd8491a7,"Staples, Inc.",69bc0d686bc195aa02a7e3b0,69bc0d686bc195aa02a7e372,active,,,,,,,500 Staples Drive,Framingham,Massachusetts,United States,01702,,,,,69bc0d686bc195aa02a7e3ac,2026-05-08,2026-07-27,2026-09-24
"Block Real Estate Services, LLC",69fded2162446148bd8491aa,Star Beauty,69bc0d686bc195aa02a7e3b0,69bc0d686bc195aa02a7e372,active,,,,,,,,,,,,,,,,69bc0d686bc195aa02a7e3ac,2026-05-08,2026-09-18,2026-09-24
"Block Real Estate Services, LLC",69fded2162446148bd8491ad,Starbucks #2436,69bc0d686bc195aa02a7e3b0,69bc0d686bc195aa02a7e372,active,,,,,,,,Seattle,Washington,United States,,,,,,69bc0d686bc195aa02a7e3ac,2026-05-08,2026-09-21,2026-09-24
"Block Real Estate Services, LLC",69fded2162446148bd8491b0,Starbucks Corporation #9654,69bc0d686bc195aa02a7e3b0,69bc0d686bc195aa02a7e372,active,,,,,,,,Seattle,Washington,United States,,,,,,69bc0d686bc195aa02a7e3ac,2026-05-08,2026-09-21,2026-09-24
"Block Real Estate Services, LLC",69fded2162446148bd8491b3,Starbucks Corporation,69bc0d686bc195aa02a7e3b0,69bc0d686bc195aa02a7e372,active,,,,,,,,Seattle,Washington,United States,,,,,,69bc0d686bc195aa02a7e3ac,2026-05-08,2026-09-21,2026-09-24
"Block Real Estate Services, LLC",69fded2162446148bd8491b6,Creative Nails / Steven Lam & Bang Nguyen,69bc0d686bc195aa02a7e3b0,69bc0d686bc195aa02a7e372,active,,,,,,,1034 Northwest Willow Drive,Grain Valley,Missouri,United States,64029,,,,,69bc0d686bc195aa02a7e3ac; 69bc0d686bc195aa02a7e3ae,2026-05-08,2026-09-22,2026-09-24
"Block Real Estate Services, LLC",69fded2162446148bd8491b9,Stifel Nicolaus & Company Inc,69bc0d686bc195aa02a7e3b0,69bc0d686bc195aa02a7e372,active,,,,,,,,,,,,,,,,69bc0d686bc195aa02a7e3ac,2026-05-08,2026-08-24,2026-09-24
"Block Real Estate Services, LLC",69fded2162446148bd8491bc,Stratus Surfaces LLC,69bc0d686bc195aa02a7e3b0,69bc0d686bc195aa02a7e372,active,,,,,,,17343 College Boulevard,Lenexa,Kansas,United States,66219,,,,,69bc0d686bc195aa02a7e3ac; 69bc0d686bc195aa02a7e3ae,2026-05-08,2026-08-10,2026-09-24
"Block Real Estate Services, LLC",69fded2162446148bd8491bf,Studio Local LLC,69bc0d686bc195aa02a7e3b0,69bc0d686bc195aa02a7e372,active,,,,,,,,,,,,,,,,69bc0d686bc195aa02a7e3ac; 69bc0d686bc195aa02a7e3ae,2026-05-08,2026-09-22,2026-09-24
"Block Real Estate Services, LLC",69fded2162446148bd8491c2,"Style Crest, Inc. (fka Durham Supply, Inc.)",69bc0d686bc195aa02a7e3b0,69bc0d686bc195aa02a7e372,active,,,,,,,,,,,,,,,,69bc0d686bc195aa02a7e3ac,2026-05-08,2026-09-21,2026-09-24
"Block Real Estate Services, LLC",69fded2162446148bd8491c5,Subway #41462,69bc0d686bc195aa02a7e3b0,69bc0d686bc195aa02a7e372,active,,,,,,,,,,,,,,,,69bc0d686bc195aa02a7e3ac; 69bc0d686bc195aa02a7e3ae,2026-05-08,2026-09-22,2026-09-24
"Block Real Estate Services, LLC",69fded2162446148bd8491c8,"Subway Real Estate, LLC",69bc0d686bc195aa02a7e3b0,69bc0d686bc195aa02a7e372,active,,,,,,,1802 Northeast Parvin Road,Kansas City,Missouri,United States,64116,,,,,69bc0d686bc195aa02a7e3ac; 69bc0d686bc195aa02a7e3ae,2026-05-08,2026-09-21,2026-09-24
"Block Real Estate Services, LLC",69fded2162446148bd8491cb,Summit Heating & Cooling LLC,69bc0d686bc195aa02a7e3b0,69bc0d686bc195aa02a7e372,active,,,,,,,,,,,,,,,,69bc0d686bc195aa02a7e3ac,2026-05-08,2026-07-27,2026-09-24
"Block Real Estate Services, LLC",69fded2162446148bd8491ce,"UDP (Unisource Document Products)/ Datamax / Sumner Group, Inc.",69bc0d686bc195aa02a7e3b0,69bc0d686bc195aa02a7e372,active,,,,,,,6717 Waldemar Avenue,St. Louis,Missouri,United States,63139,,,,,69bc0d686bc195aa02a7e3ac,2026-05-08,2026-09-20,2026-09-24
"Block Real Estate Services, LLC",69fded2262446148bd8491d1,Sunbelt Rentals Inc,69bc0d686bc195aa02a7e3b0,69bc0d686bc195aa02a7e372,active,,,,,,,2341 Deerfield Drive,Fort Mill,South Carolina,United States,29715,,,,,69bc0d686bc195aa02a7e3ac; 69bc0d686bc195aa02a7e3ae,2026-05-08,2026-09-22,2026-09-24
"Block Real Estate Services, LLC",69fded2262446148bd8491d4,"Sunflower Food Company / Sunflower Hills, Inc.",69bc0d686bc195aa02a7e3b0,69bc0d686bc195aa02a7e372,active,,,,,,,,,,,,,,,,69bc0d686bc195aa02a7e3ac; 69bc0d686bc195aa02a7e3ae,2026-05-08,2026-08-18,2026-09-24
"Block Real Estate Services, LLC",69fded2262446148bd8491d7,"SPI Coatings / Superior Products International II, Inc.",69bc0d686bc195aa02a7e3b0,69bc0d686bc195aa02a7e372,active,,,,,,,10835 West 78th Street,Shawnee,Kansas,United States,66214,,,,,69bc0d686bc195aa02a7e3ac,2026-05-08,2026-08-04,2026-09-24
"Block Real Estate Services, LLC",69fded2262446148bd8491da,Southwestern Bell Telephone Company - IT Room,69bc0d686bc195aa02a7e3b0,69bc0d686bc195aa02a7e372,active,,,,,,,AT&T Way,Bedminster,New Jersey,United States,07921,,,,,69bc0d686bc195aa02a7e3ac; 69bc0d686bc195aa02a7e3ae,2026-05-08,2026-09-22,2026-09-24
"Block Real Estate Services, LLC",69fded2262446148bd8491dd,Tallgrass Energy / Tallgrass MLP,69bc0d686bc195aa02a7e3b0,69bc0d686bc195aa02a7e372,active,,,,,,,4200 West 115th Street,Leawood,Kansas,United States,66211,,,,,69bc0d686bc195aa02a7e3ac; 69bc0d686bc195aa02a7e3ae,2026-05-08,2026-09-22,2026-09-24
"Block Real Estate Services, LLC",69fded2262446148bd8491e0,TeamSmile Inc,69bc0d686bc195aa02a7e3b0,69bc0d686bc195aa02a7e372,active,,,,,,,422 Northwest Business Park Lane,Riverside,Missouri,United States,64150,,,,,69bc0d686bc195aa02a7e3ac,2026-05-08,2026-06-25,2026-09-24
"Block Real Estate Services, LLC",69fded2262446148bd8491e3,Tech Electronics of Kansas,69bc0d686bc195aa02a7e3b0,69bc0d686bc195aa02a7e372,active,,,,,,,,,,,,,,,,69bc0d686bc195aa02a7e3ac; 69bc0d686bc195aa02a7e3ae,2026-05-08,2026-09-14,2026-09-24
"Block Real Estate Services, LLC",69fded2262446148bd8491e6,Telamon Technologies Corporation,69bc0d686bc195aa02a7e3b0,69bc0d686bc195aa02a7e372,active,,,,,,,1000 East 116th Street,Carmel,Indiana,United States,46032,,,,,69bc0d686bc195aa02a7e3ac; 69bc0d686bc195aa02a7e3ae,2026-05-08,2026-09-22,2026-09-24
"Block Real Estate Services, LLC",69fded2262446148bd8491e9,Temp-Con,69bc0d686bc195aa02a7e3b0,69bc0d686bc195aa02a7e372,active,,,,,,,15670 South Keeler Street,Olathe,Kansas,United States,66062,,,,,69bc0d686bc195aa02a7e3ac,2026-05-08,2026-06-23,2026-09-24
"Block Real Estate Services, LLC",69fded2262446148bd8491ec,Tesla Inc,69bc0d686bc195aa02a7e3b0,69bc0d686bc195aa02a7e372,active,,,,,,,3500 Deer Creek Road,Palo Alto,California,United States,94304,,,,,69bc0d686bc195aa02a7e3ac,2026-05-08,2026-09-16,2026-09-24
"Block Real Estate Services, LLC",69fded2262446148bd8491ef,Test & Measurement Inc,69bc0d686bc195aa02a7e3b0,69bc0d686bc195aa02a7e372,active,,,,,,,7931 Bond Street,Overland Park,Kansas,United States,66214,,,,,69bc0d686bc195aa02a7e3ac,2026-05-08,2026-06-30,2026-09-24
"Block Real Estate Services, LLC",69fded2262446148bd8491f2,"NetSmart Technologies, Inc (sublease from TEVA Pharmaceutical USA, Inc.)",69bc0d686bc195aa02a7e3b0,69bc0d686bc195aa02a7e372,active,,,,,,,,,,,,,,,,69bc0d686bc195aa02a7e3ac; 69bc0d686bc195aa02a7e3ae,2026-05-08,2026-09-22,2026-09-24
"Block Real Estate Services, LLC",69fded2262446148bd8491f5,"Assist RX (sublease from TEVA Pharmaceutical USA, Inc.)",69bc0d686bc195aa02a7e3b0,69bc0d686bc195aa02a7e372,active,,,,,,,11100 Nall Avenue,Overland Park,Kansas,United States,66211,,,,,69bc0d686bc195aa02a7e3ac; 69bc0d686bc195aa02a7e3ae,2026-05-08,2026-09-22,2026-09-24
"Block Real Estate Services, LLC",69fded2262446148bd8491fb,Thai Chili Cuisine,69bc0d686bc195aa02a7e3b0,69bc0d686bc195aa02a7e372,active,,,,,,,,,,,,,,,,69bc0d686bc195aa02a7e3ac; 69bc0d686bc195aa02a7e3ae,2026-05-08,2026-08-13,2026-09-24
"Block Real Estate Services, LLC",69fded2262446148bd8491fe,The American National Red Cross,69bc0d686bc195aa02a7e3b0,69bc0d686bc195aa02a7e372,active,,,,,,,9450 Southwest Gemini Drive,Beaverton,Oregon,United States,97008,,,,,69bc0d686bc195aa02a7e3ac,2026-05-08,2026-09-04,2026-09-24
"Block Real Estate Services, LLC",69fded2262446148bd849201,The CapFinancial Group LLC,69bc0d686bc195aa02a7e3b0,69bc0d686bc195aa02a7e372,active,,,,,,,4208 Six Forks Road,Raleigh,North Carolina,United States,27609,,,,,69bc0d686bc195aa02a7e3ac; 69bc0d686bc195aa02a7e3ae,2026-05-08,2026-09-22,2026-09-24
"Block Real Estate Services, LLC",69fded2262446148bd849204,CATO / The Cato Corporation,69bc0d686bc195aa02a7e3b0,69bc0d686bc195aa02a7e372,active,,,,,,,,Charlotte,North Carolina,United States,,,,,,69bc0d686bc195aa02a7e3ac; 69bc0d686bc195aa02a7e3ae,2026-05-08,2026-09-22,2026-09-24
"Block Real Estate Services, LLC",69fded2262446148bd849207,"Rogers Labs (fka P&C Next) / The Compatibility Center, LLC",69bc0d686bc195aa02a7e3b0,69bc0d686bc195aa02a7e372,active,,,,,,,,,,,,,,,,69bc0d686bc195aa02a7e3ac; 69bc0d686bc195aa02a7e3ae,2026-05-08,2026-09-24,2026-09-24
"Block Real Estate Services, LLC",69fded2262446148bd84920a,"The Hairem / The Hairem of Olathe, LLC",69bc0d686bc195aa02a7e3b0,69bc0d686bc195aa02a7e372,active,,,,,,,12805 South Mur-Len Road,Olathe,Kansas,United States,66062,,,,,69bc0d686bc195aa02a7e3ac; 69bc0d686bc195aa02a7e3ae,2026-05-08,2026-09-01,2026-09-24
"Block Real Estate Services, LLC",69fded2262446148bd84920d,Argosy Casino & Hotel / The Missouri Gaming Company,69bc0d686bc195aa02a7e3b0,69bc0d686bc195aa02a7e372,active,,,,,,,777 Northwest Argosy Casino Parkway,Riverside,Missouri,United States,64150,,,,,69bc0d686bc195aa02a7e3ac,2026-05-08,2026-07-13,2026-09-24
"Block Real Estate Services, LLC",69fded2262446148bd849210,The Peavey Corporation,69bc0d686bc195aa02a7e3b0,69bc0d686bc195aa02a7e372,active,,,,,,,11042 Strang Line Road,Lenexa,Kansas,United States,66215,,,,,69bc0d686bc195aa02a7e3ac,2026-05-08,2026-09-22,2026-09-24
"Block Real Estate Services, LLC",69fded2262446148bd849213,The Sunderland Foundation,69bc0d686bc195aa02a7e3b0,69bc0d686bc195aa02a7e372,active,,,,,,,5700 West 112th Street,Overland Park,Kansas,United States,66211,,,,,69bc0d686bc195aa02a7e3ac; 69bc0d686bc195aa02a7e3ae,2026-05-08,2026-09-22,2026-09-24
"Block Real Estate Services, LLC",69fded2262446148bd849216,The Waldinger Corporation,69bc0d686bc195aa02a7e3b0,69bc0d686bc195aa02a7e372,active,,,,,,,1800 Levee Road,North Kansas City,Missouri,United States,64116,,,,,69bc0d686bc195aa02a7e3ac; 69bc0d686bc195aa02a7e3ae,2026-05-08,2026-09-22,2026-09-24
"Block Real Estate Services, LLC",69fded2262446148bd849219,"Theodore Habiger and Rm 39 Midtown, LLC",69bc0d686bc195aa02a7e3b0,69bc0d686bc195aa02a7e372,active,,,,,,,932 West 32 Street,Kansas City,Missouri,United States,64111,,,,,69bc0d686bc195aa02a7e3ac; 69bc0d686bc195aa02a7e3ae,2026-05-08,2026-09-22,2026-09-24
"Block Real Estate Services, LLC",69fded2262446148bd84921c,"TK Elevator (TKE) / thyssenkrupp Real Estate North America, LLC",69bc0d686bc195aa02a7e3b0,69bc0d686bc195aa02a7e372,active,,,,,,,210 Sixth Avenue,Pittsburgh,Pennsylvania,United States,15222,,,,,69bc0d686bc195aa02a7e3ac; 69bc0d686bc195aa02a7e3ae,2026-05-08,2026-09-22,2026-09-24
"Block Real Estate Services, LLC",69fded2262446148bd84921f,"THA Hydraulics / China Lifts - Tingheng, Inc.",69bc0d686bc195aa02a7e3b0,69bc0d686bc195aa02a7e372,active,,,,,,,8406 Northwest 107th Terrace,Kansas City,Missouri,United States,64153,,,,,69bc0d686bc195aa02a7e3ac; 69bc0d686bc195aa02a7e3ae,2026-05-08,2026-09-22,2026-09-24
"Block Real Estate Services, LLC",69fded2262446148bd849222,Titan Built LLC,69bc0d686bc195aa02a7e3b0,69bc0d686bc195aa02a7e372,active,,,,,,,,,,,,,,,,69bc0d686bc195aa02a7e3ac,2026-05-08,2026-08-21,2026-09-24
"Block Real Estate Services, LLC",69fded2262446148bd849225,"T-Mobile USA, Inc. (fka Sprint CMC / Sprint United Management Company)",69bc0d686bc195aa02a7e3b0,69bc0d686bc195aa02a7e372,active,,,,,,,,,,,,,,,,69bc0d686bc195aa02a7e3ac; 69bc0d686bc195aa02a7e3ae,2026-05-08,2026-07-21,2026-09-24
"Block Real Estate Services, LLC",69fded2362446148bd849228,Tool Source Warehouse Inc,69bc0d686bc195aa02a7e3b0,69bc0d686bc195aa02a7e372,active,,,,,,,2000 Mountain Industrial Boulevard,Tucker,Georgia,United States,30084,,,,,69bc0d686bc195aa02a7e3ac; 69bc0d686bc195aa02a7e3ae,2026-05-08,2026-09-22,2026-09-24
"Block Real Estate Services, LLC",69fded2362446148bd84922e,Torgeson Electric Company,69bc0d686bc195aa02a7e3b0,69bc0d686bc195aa02a7e372,active,,,,,,,3545 Southwest 6th Avenue,Topeka,Kansas,United States,66606,,,,,69bc0d686bc195aa02a7e3ac; 69bc0d686bc195aa02a7e3ae,2026-05-08,2026-09-22,2026-09-24
"Block Real Estate Services, LLC",69fded2362446148bd849231,"Johnson County Davita / Total Renal Care, Inc.",69bc0d686bc195aa02a7e3b0,69bc0d686bc195aa02a7e372,active,,,,,,,951 16th Street Mall,Denver,Colorado,United States,80202,,,,,69bc0d686bc195aa02a7e3ac,2026-05-08,2026-09-21,2026-09-24
"Block Real Estate Services, LLC",69fded2362446148bd849234,"DaVita Dialysis / Total Renal Care, Inc.",69bc0d686bc195aa02a7e3b0,69bc0d686bc195aa02a7e372,active,,,,,,,,Columbus,Ohio,United States,,,,,,69bc0d686bc195aa02a7e3ac,2026-05-08,2026-09-21,2026-09-24
"Block Real Estate Services, LLC",69fded2362446148bd849237,Transtar Industries LLC,69bc0d686bc195aa02a7e3b0,69bc0d686bc195aa02a7e372,active,,,,,,,7350 Young Drive,Walton Hills,Ohio,United States,44146,,,,,69bc0d686bc195aa02a7e3ac; 69bc0d686bc195aa02a7e3ae,2026-05-08,2026-09-22,2026-09-24
"Block Real Estate Services, LLC",69fded2362446148bd84923a,Trinity Property Management LLC,69bc0d686bc195aa02a7e3b0,69bc0d686bc195aa02a7e372,active,,,,,,,8371 Melrose Drive,Lenexa,Kansas,United States,66214,,,,,69bc0d686bc195aa02a7e3ac; 69bc0d686bc195aa02a7e3ae,2026-05-08,2026-09-22,2026-09-24
"Block Real Estate Services, LLC",69fded2362446148bd84923d,"Liquor Houzz / Trivedi and Riaz, Inc.",69bc0d686bc195aa02a7e3b0,69bc0d686bc195aa02a7e372,active,,,,,,,15542 Valley View Drive,Overland Park,Kansas,United States,66223,,,,,69bc0d686bc195aa02a7e3ac; 69bc0d686bc195aa02a7e3ae,2026-05-08,2026-09-22,2026-09-24
"Block Real Estate Services, LLC",69fded2362446148bd849240,True Blue Plumbing LLC,69bc0d686bc195aa02a7e3b0,69bc0d686bc195aa02a7e372,active,,,,,,,19310 Quinn Road,Trimble,Missouri,United States,64492,,,,,69bc0d686bc195aa02a7e3ac; 69bc0d686bc195aa02a7e3ae,2026-05-08,2026-09-22,2026-09-24
"Block Real Estate Services, LLC",69fded2362446148bd849243,"University Health WIC / Truman Medical Center, Inc.",69bc0d686bc195aa02a7e3b0,69bc0d686bc195aa02a7e372,active,,,,,,,,,,,,,,,,69bc0d686bc195aa02a7e3ac; 69bc0d686bc195aa02a7e3ae,2026-05-08,2026-09-22,2026-09-24
"Block Real Estate Services, LLC",69fded2362446148bd849246,Turn5 Inc,69bc0d686bc195aa02a7e3b0,69bc0d686bc195aa02a7e372,active,,,,,,,17790 College Boulevard,Lenexa,Kansas,United States,66219,,,,,69bc0d686bc195aa02a7e3ac; 69bc0d686bc195aa02a7e3ae,2026-05-08,2026-09-22,2026-09-24
"Block Real Estate Services, LLC",69fded2362446148bd849249,Twentyseven Global LLC,69bc0d686bc195aa02a7e3b0,69bc0d686bc195aa02a7e372,active,,,,,,,4001 West 114th Street,Leawood,Kansas,United States,66211,,,,,69bc0d686bc195aa02a7e3ac; 69bc0d686bc195aa02a7e3ae,2026-05-08,2026-09-22,2026-09-24
"Block Real Estate Services, LLC",69fded2362446148bd84924c,"Once Upon A Smile / UB Dental, LLC",69bc0d686bc195aa02a7e3b0,69bc0d686bc195aa02a7e372,active,,,,,,,,,,,,,,,,69bc0d686bc195aa02a7e3ac; 69bc0d686bc195aa02a7e3ae,2026-05-08,2026-09-22,2026-09-24
"Block Real Estate Services, LLC",69fded2362446148bd84924f,UBS Financial Services Inc,69bc0d686bc195aa02a7e3b0,69bc0d686bc195aa02a7e372,active,,,,,,,,,,,,,,,,69bc0d686bc195aa02a7e3ac; 69bc0d686bc195aa02a7e3ae,2026-05-08,2026-09-18,2026-09-24
"Block Real Estate Services, LLC",69fded2362446148bd849252,UMB Bank N.A.,69bc0d686bc195aa02a7e3b0,69bc0d686bc195aa02a7e372,active,,,,,,,4200 West 115th Street,Leawood,Kansas,United States,66211,,,,,69bc0d686bc195aa02a7e3ac; 69bc0d686bc195aa02a7e3ae,2026-05-08,2026-09-22,2026-09-24
"Block Real Estate Services, LLC",69fded2362446148bd849255,Unified Door & Hardware Group LLC,69bc0d686bc195aa02a7e3b0,69bc0d686bc195aa02a7e372,active,,,,,,,2520 Red Hill Avenue,Santa Ana,California,United States,92705,,,,,69bc0d686bc195aa02a7e3ac,2026-05-08,2026-06-23,2026-09-24
"Block Real Estate Services, LLC",69fded2362446148bd849258,Union Bank & Trust Co.,69bc0d686bc195aa02a7e3b0,69bc0d686bc195aa02a7e372,active,,,,,,,4243 Pioneer Woods Drive,Lincoln,Nebraska,United States,68506,,,,,69bc0d686bc195aa02a7e3ac; 69bc0d686bc195aa02a7e3ae,2026-05-08,2026-09-22,2026-09-24
"Block Real Estate Services, LLC",69fded2362446148bd84925e,"Triton Stone Group/Triton Stone of Kansas City / Unique Stone Concepts, LLC",69bc0d686bc195aa02a7e3b0,69bc0d686bc195aa02a7e372,active,,,,,,,6120 Jefferson Highway,New Orleans,Louisiana,United States,70123,,,,,69bc0d686bc195aa02a7e3ac; 69bc0d686bc195aa02a7e3ae,2026-05-08,2026-09-22,2026-09-24
"Block Real Estate Services, LLC",69fded2362446148bd849261,Unistrut Corporation,69bc0d686bc195aa02a7e3b0,69bc0d686bc195aa02a7e372,active,,,,,,,2171 Executive Drive,Addison,Illinois,United States,60101,,,,,69bc0d686bc195aa02a7e3ac,2026-05-08,2026-09-22,2026-09-24
"Block Real Estate Services, LLC",69fded2362446148bd849264,"United Access of KC, LLC",69bc0d686bc195aa02a7e3b0,69bc0d686bc195aa02a7e372,active,,,,,,,9389 Natural Bridge Road,Berkeley,Missouri,United States,63134,,,,,69bc0d686bc195aa02a7e3ac; 69bc0d686bc195aa02a7e3ae,2026-05-08,2026-07-21,2026-09-24
"Block Real Estate Services, LLC",69fded2362446148bd849267,"Planet Fitness / United PF JLM, LLC",69bc0d686bc195aa02a7e3b0,69bc0d686bc195aa02a7e372,active,,,,,,,,,,,,,,,,69bc0d686bc195aa02a7e3ac; 69bc0d686bc195aa02a7e3ae,2026-05-08,2026-09-22,2026-09-24
"Block Real Estate Services, LLC",69fded2362446148bd84926a,United Refrigeration Inc,69bc0d686bc195aa02a7e3b0,69bc0d686bc195aa02a7e372,active,,,,,,,11401 Roosevelt Boulevard,Philadelphia,Pennsylvania,United States,19154,,,,,69bc0d686bc195aa02a7e3ac,2026-05-08,2026-08-24,2026-09-24
"Block Real Estate Services, LLC",69fded2362446148bd84926d,University of Kansas Hospital Authority,69bc0d686bc195aa02a7e3b0,69bc0d686bc195aa02a7e372,active,,,,,,,201 East 4th Street,Cincinnati,Ohio,United States,45202,,,,,69bc0d686bc195aa02a7e3ac; 69bc0d686bc195aa02a7e3ae,2026-05-08,2026-09-22,2026-09-24
"Block Real Estate Services, LLC",69fded2362446148bd849270,"KCBR DESIGN/REMODEL / Unlimited Contracting, LLC",69bc0d686bc195aa02a7e3b0,69bc0d686bc195aa02a7e372,active,,,,,,,8317 Melrose Drive,Overland Park,Kansas,United States,66214,,,,,69bc0d686bc195aa02a7e3ac,2026-05-08,2026-09-18,2026-09-24
"Block Real Estate Services, LLC",69fded2362446148bd849273,Unopenedpackman Sportscards and Collectibles LLC,69bc0d686bc195aa02a7e3b0,69bc0d686bc195aa02a7e372,active,,,,,,,12755 South Mur-Len Road,Olathe,Kansas,United States,66062,,,,,69bc0d686bc195aa02a7e3ac; 69bc0d686bc195aa02a7e3ae,2026-05-08,2026-09-22,2026-09-24
"Block Real Estate Services, LLC",69fded2362446148bd849276,Unum Life Insurance Company of America & Colonial Life Insurance,69bc0d686bc195aa02a7e3b0,69bc0d686bc195aa02a7e372,active,,,,,,,260 Forbes Avenue,Pittsburgh,Pennsylvania,United States,15222,,,,,69bc0d686bc195aa02a7e3ac,2026-05-08,2026-07-15,2026-09-24
"Block Real Estate Services, LLC",69fded2362446148bd849279,"Vakok Asian Market, LLC",69bc0d686bc195aa02a7e3b0,69bc0d686bc195aa02a7e372,active,,,,,,,2124 North 83rd Street,Kansas City,Kansas,United States,66109,,,,,69bc0d686bc195aa02a7e3ac; 69bc0d686bc195aa02a7e3ae,2026-05-08,2026-09-22,2026-09-24
"Block Real Estate Services, LLC",69fded2462446148bd84927c,"Vape Time / AVRWL, LLC (fka Aqueous Vapor)",69bc0d686bc195aa02a7e3b0,69bc0d686bc195aa02a7e372,active,,,,,,,5940 Leavenworth Road,Kansas City,Kansas,United States,66104,,,,,69bc0d686bc195aa02a7e3ac; 69bc0d686bc195aa02a7e3ae,2026-05-08,2026-09-22,2026-09-24
"Block Real Estate Services, LLC",69fded2462446148bd84927f,Var City Maintenance LLC,69bc0d686bc195aa02a7e3b0,69bc0d686bc195aa02a7e372,active,,,,,,,8255 Melrose Drive,Lenexa,Kansas,United States,66214,,,,,69bc0d686bc195aa02a7e3ac,2026-05-08,2026-08-26,2026-09-24
"Block Real Estate Services, LLC",69fded2462446148bd849282,Verizon / Cellular Sales,69bc0d686bc195aa02a7e3b0,69bc0d686bc195aa02a7e372,active,,,,,,,,,,,,,,,,69bc0d686bc195aa02a7e3ac,2026-05-08,2026-09-22,2026-09-24
"Block Real Estate Services, LLC",69fded2462446148bd849288,Victor Caballero,69bc0d686bc195aa02a7e3b0,69bc0d686bc195aa02a7e372,active,,,,,,,1701 West 39th Street,Kansas City,Missouri,United States,64111,,,,,69bc0d686bc195aa02a7e3ac; 69bc0d686bc195aa02a7e3ae,2026-05-08,2026-09-22,2026-09-24
"Block Real Estate Services, LLC",69fded2462446148bd84928b,Vintage Stock,69bc0d686bc195aa02a7e3b0,69bc0d686bc195aa02a7e372,active,,,,,,,,,,,,,,,,69bc0d686bc195aa02a7e3ac,2026-05-08,2026-08-27,2026-09-24
"Block Real Estate Services, LLC",69fded2462446148bd84928e,Vintegrity Kansas LLC,69bc0d686bc195aa02a7e3b0,69bc0d686bc195aa02a7e372,active,,,,,,,8059 Flint Street,Lenexa,Kansas,United States,66214,,,,,69bc0d686bc195aa02a7e3ac,2026-05-08,2026-08-24,2026-09-24
"Block Real Estate Services, LLC",69fded2462446148bd849291,"Vision Savage Media, LLC",69bc0d686bc195aa02a7e3b0,69bc0d686bc195aa02a7e372,active,,,,,,,5424 Northwest Walden Drive,Kansas City,Missouri,United States,64151,,,,,69bc0d686bc195aa02a7e3ac; 69bc0d686bc195aa02a7e3ae,2026-05-08,2026-09-22,2026-09-24
"Block Real Estate Services, LLC",69fded2462446148bd849294,Vitas Healthcare Corporation Midwest,69bc0d686bc195aa02a7e3b0,69bc0d686bc195aa02a7e372,active,,,,,,,3046 Corporate Way,Miramar,Florida,United States,33025,,,,,69bc0d686bc195aa02a7e3ac; 69bc0d686bc195aa02a7e3ae,2026-05-08,2026-09-21,2026-09-24
"Block Real Estate Services, LLC",69fded2462446148bd849297,Vortex Industries LLC,69bc0d686bc195aa02a7e3b0,69bc0d686bc195aa02a7e372,active,,,,,,,,,,,,,,,,69bc0d686bc195aa02a7e3ac; 69bc0d686bc195aa02a7e3ae,2026-05-08,2026-09-01,2026-09-24
"Block Real Estate Services, LLC",69fded2462446148bd84929a,"VRC Companies, LLC (fka T2 Holdings, LLC/Redishred Kansas, Inc. dba Proshred Security)",69bc0d686bc195aa02a7e3b0,69bc0d686bc195aa02a7e372,active,,,,,,,3052 South 24th Street,Kansas City,Kansas,United States,66106,,,,,69bc0d686bc195aa02a7e3ac,2026-05-08,2026-07-21,2026-09-24
"Block Real Estate Services, LLC",69fded2462446148bd84929d,"Mike's Liquor / Waldo Spirits, Inc.",69bc0d686bc195aa02a7e3b0,69bc0d686bc195aa02a7e372,active,,,,,,,8447 Wornall Road,Kansas City,Missouri,United States,64114,,,,,69bc0d686bc195aa02a7e3ac; 69bc0d686bc195aa02a7e3ae,2026-05-08,2026-09-22,2026-09-24
"Block Real Estate Services, LLC",69fded2462446148bd8492a3,Warners Stellian Co Inc,69bc0d686bc195aa02a7e3b0,69bc0d686bc195aa02a7e372,active,,,,,,,550 Atwater Circle,Saint Paul,Minnesota,United States,55103,,,,,69bc0d686bc195aa02a7e3ac; 69bc0d686bc195aa02a7e3ae,2026-05-08,2026-09-22,2026-09-24
"Block Real Estate Services, LLC",69fded2462446148bd8492a6,Wayfair LLC,69bc0d686bc195aa02a7e3b0,69bc0d686bc195aa02a7e372,active,,,,,,,10804 Strang Line Road,Lenexa,Kansas,United States,66215,,,,,69bc0d686bc195aa02a7e3ac,2026-05-08,2026-09-15,2026-09-24
"Block Real Estate Services, LLC",69fded2462446148bd8492a9,"Advena Living /Cornerstone Group Holdings, Inc. (sublease of Midlands Independent Review Board, LLC / WCG IRB, Inc.)",69bc0d686bc195aa02a7e3b0,69bc0d686bc195aa02a7e372,active,,,,,,,5000 Centregreen Way,Cary,North Carolina,United States,27513,,,,,69bc0d686bc195aa02a7e3ac; 69bc0d686bc195aa02a7e3ae,2026-05-08,2026-08-05,2026-09-24
"Block Real Estate Services, LLC",69fded2462446148bd8492ac,WellSky Corporation,69bc0d686bc195aa02a7e3b0,69bc0d686bc195aa02a7e372,active,,,,,,,11300 Switzer Road,Overland Park,Kansas,United States,66212,,,,,69bc0d686bc195aa02a7e3ac; 69bc0d686bc195aa02a7e3ae,2026-05-08,2026-09-22,2026-09-24
"Block Real Estate Services, LLC",69fded2462446148bd8492af,"Satellite Engineering / WESCO Distribution, Inc.",69bc0d686bc195aa02a7e3b0,69bc0d686bc195aa02a7e372,active,,,,,,,167 North Green Street,Chicago,Illinois,United States,60607,,,,,69bc0d686bc195aa02a7e3ac,2026-05-08,2026-07-14,2026-09-24
"Block Real Estate Services, LLC",69fded2462446148bd8492b2,West Shore Home LLC,69bc0d686bc195aa02a7e3b0,69bc0d686bc195aa02a7e372,active,,,,,,,3 Crossgate Drive,Mechanicsburg,Pennsylvania,United States,17050,,,,,69bc0d686bc195aa02a7e3ac; 69bc0d686bc195aa02a7e3ae,2026-05-08,2026-09-22,2026-09-24
"Block Real Estate Services, LLC",69fded2462446148bd8492b5,Westlake Hardware 54,69bc0d686bc195aa02a7e3b0,69bc0d686bc195aa02a7e372,active,,,,,,,,,,,,,,,,69bc0d686bc195aa02a7e3ac; 69bc0d686bc195aa02a7e3ae,2026-05-08,2026-09-22,2026-09-24
"Block Real Estate Services, LLC",69fded2462446148bd8492bb,Woodbridge Corporation,69bc0d686bc195aa02a7e3b0,69bc0d686bc195aa02a7e372,active,,,,,,,555 Northwest Platte Valley Drive,Riverside,Missouri,United States,64150,,,,,69bc0d686bc195aa02a7e3ac; 69bc0d686bc195aa02a7e3ae,2026-05-08,2026-09-22,2026-09-24
"Block Real Estate Services, LLC",69fded2462446148bd8492be,Workout Anytime,69bc0d686bc195aa02a7e3b0,69bc0d686bc195aa02a7e372,active,,,,,,,25949 West 142nd Court,Olathe,Kansas,United States,66061,,,,,69bc0d686bc195aa02a7e3ac; 69bc0d686bc195aa02a7e3ae,2026-05-08,2026-09-22,2026-09-24
"Block Real Estate Services, LLC",69fded2462446148bd8492c1,World Acceptance Corporation / World Finance,69bc0d686bc195aa02a7e3b0,69bc0d686bc195aa02a7e372,active,,,,,,,104 South Main Street,Greenville,South Carolina,United States,29601,,,,,69bc0d686bc195aa02a7e3ac,2026-05-08,2026-07-13,2026-09-24
"Block Real Estate Services, LLC",69fded2462446148bd8492c4,"Advance Auto Store #4362 / Worldpac, Inc.",69bc0d686bc195aa02a7e3b0,69bc0d686bc195aa02a7e372,active,,,,,,,700 Commerce Drive,Oak Brook,Illinois,United States,60523,,,,,69bc0d686bc195aa02a7e3ac; 69bc0d686bc195aa02a7e3ae,2026-05-08,2026-09-22,2026-09-24
"Block Real Estate Services, LLC",69fded2462446148bd8492c7,"Worldwide Express / WWEX Franchise Holdings, LLC",69bc0d686bc195aa02a7e3b0,69bc0d686bc195aa02a7e372,active,,,,,,,2700 Commerce Street,Dallas,Texas,United States,75226,,,,,69bc0d686bc195aa02a7e3ac; 69bc0d686bc195aa02a7e3ae,2026-05-08,2026-09-15,2026-09-24
"Block Real Estate Services, LLC",69fded2462446148bd8492ca,"Galvin's Wholesale / WWMAJ Systems, LLC",69bc0d686bc195aa02a7e3b0,69bc0d686bc195aa02a7e372,active,,,,,,,8253 Melrose Drive,Lenexa,Kansas,United States,66214,,,,,69bc0d686bc195aa02a7e3ac; 69bc0d686bc195aa02a7e3ae,2026-05-08,2026-09-22,2026-09-24
"Block Real Estate Services, LLC",69fded2462446148bd8492cd,Xpress Stop 2 LLC / World of Spirits,69bc0d686bc195aa02a7e3b0,69bc0d686bc195aa02a7e372,active,,,,,,,1804 Northeast Parvin Road,Kansas City,Missouri,United States,64116,,,,,69bc0d686bc195aa02a7e3ac; 69bc0d686bc195aa02a7e3ae,2026-05-08,2026-08-18,2026-09-24
"Block Real Estate Services, LLC",69fded2562446148bd8492d0,"The Zen Den Massage / Calm Seas, LLC",69bc0d686bc195aa02a7e3b0,69bc0d686bc195aa02a7e372,active,,,,,,,,,,,,,,,,69bc0d686bc195aa02a7e3ac; 69bc0d686bc195aa02a7e3ae,2026-05-08,2026-09-22,2026-09-24
"Block Real Estate Services, LLC",69fded2562446148bd8492d3,Yia Yias Tattoo Parlor LLC,69bc0d686bc195aa02a7e3b0,69bc0d686bc195aa02a7e372,active,,,,,,,8439 Wornall Road,Kansas City,Missouri,United States,64114,,,,,69bc0d686bc195aa02a7e3ac; 69bc0d686bc195aa02a7e3ae,2026-05-08,2026-09-22,2026-09-24
"Block Real Estate Services, LLC",69fded2562446148bd8492d6,Zeller & Gmelin,69bc0d686bc195aa02a7e3b0,69bc0d686bc195aa02a7e372,active,,,,,,,,,,,,,,,,69bc0d686bc195aa02a7e3ac; 69bc0d686bc195aa02a7e3ae,2026-05-08,2026-09-22,2026-09-24
"Block Real Estate Services, LLC",69fded2562446148bd8492d9,ZSF USA LLC,69bc0d686bc195aa02a7e3b0,69bc0d686bc195aa02a7e372,active,,,,,,,21518 West 50th Terrace,Shawnee,Kansas,United States,66226,,,,,69bc0d686bc195aa02a7e3ac; 69bc0d686bc195aa02a7e3ae,2026-05-08,2026-09-22,2026-09-24
"Block Real Estate Services, LLC",6a072930f523b35823695c72,Taikan Development Corporation,69bc0d686bc195aa02a7e3b0,69bc0d686bc195aa02a7e372,active,,,,,,,,,,,,,,,,69bc0d686bc195aa02a7e3ac,2026-05-15,2026-08-13,2026-09-24
"Block Real Estate Services, LLC",6a16fbaf1814afc0f5360986,"Dr. Robert Browne, DDS",69bc0d686bc195aa02a7e3b0,69bc0d686bc195aa02a7e372,active,,,,,,,,,,,,,,,,69bc0d686bc195aa02a7e3ac; 69bc0d686bc195aa02a7e3ae,2026-05-27,2026-09-21,2026-09-24
"Block Real Estate Services, LLC",6a16fd4062a03ce510d12d9b,"Liberda Consulting, LLC",69bc0d686bc195aa02a7e3b0,69bc0d686bc195aa02a7e372,archived,,,,,,,,,,,,,,,,,2026-05-27,2026-09-03,2026-09-24
"Block Real Estate Services, LLC",6a170f97efde9f2154ab7751,Vitale Realtors,69bc0d686bc195aa02a7e3b0,69bc0d686bc195aa02a7e372,active,,,,,,,,,,,,,,,,69bc0d686bc195aa02a7e3ac; 69bc0d686bc195aa02a7e3ae,2026-05-27,2026-09-21,2026-09-24
"Block Real Estate Services, LLC",6a170fafee5ef0b8dcf50e8a,Tom Platt Residence,69bc0d686bc195aa02a7e3b0,69bc0d686bc195aa02a7e372,active,,,,,,,,,,,,,,,,69bc0d686bc195aa02a7e3ac; 69bc0d686bc195aa02a7e3ae,2026-05-27,2026-09-21,2026-09-24
"Block Real Estate Services, LLC",6a170fd6da8b48075226ce37,"Page Communication, LLC",69bc0d686bc195aa02a7e3b0,69bc0d686bc195aa02a7e372,active,,,,,,,,,,,,,,,,69bc0d686bc195aa02a7e3ac; 69bc0d686bc195aa02a7e3ae,2026-05-27,2026-09-21,2026-09-24
"Block Real Estate Services, LLC",6a170fecda8b48075226d712,WLM Warehouse,69bc0d686bc195aa02a7e3b0,69bc0d686bc195aa02a7e372,active,,,,,,,,,,,,,,,,,2026-05-27,2026-07-02,2026-09-24
"Block Real Estate Services, LLC",6a171003ee5ef0b8dcf522cf,"Pop! Vintage Furniture & Accessories, LLC",69bc0d686bc195aa02a7e3b0,69bc0d686bc195aa02a7e372,active,,,,,,,,,,,,,,,,69bc0d686bc195aa02a7e3ac,2026-05-27,2026-08-24,2026-09-24
"Block Real Estate Services, LLC",6a171027da8b48075226e443,Wearhouse Vintage / Madalynn Ramirez & Lily Davis,69bc0d686bc195aa02a7e3b0,69bc0d686bc195aa02a7e372,active,,,,,,,,,,,,,,,,69bc0d686bc195aa02a7e3ac; 69bc0d686bc195aa02a7e3ae,2026-05-27,2026-09-21,2026-09-24
"Block Real Estate Services, LLC",6a17103e4ee870c0f8575639,"WGN & Associates, LLC",69bc0d686bc195aa02a7e3b0,69bc0d686bc195aa02a7e372,active,,,,,,,,,,,,,,,,69bc0d686bc195aa02a7e3ac,2026-05-27,2026-09-13,2026-09-24
"Block Real Estate Services, LLC",6a17105b1814afc0f53b2a39,Computers To Go / Scott Petrak,69bc0d686bc195aa02a7e3b0,69bc0d686bc195aa02a7e372,active,,,,,,,,,,,,,,,,69bc0d686bc195aa02a7e3ac; 69bc0d686bc195aa02a7e3ae,2026-05-27,2026-09-21,2026-09-24
"Block Real Estate Services, LLC",6a17132fefde9f2154ac6af4,The Underground Lab / Animal Kingdom Athletics,69bc0d686bc195aa02a7e3b0,69bc0d686bc195aa02a7e372,archived,,,,,,,,,,,,,,,,,2026-05-27,2026-07-06,2026-09-24
"Block Real Estate Services, LLC",6a174c521814afc0f550857c,"Money N Minutes / Z & H Holding, LLC",69bc0d686bc195aa02a7e3b0,69bc0d686bc195aa02a7e372,archived,,,,,,,,,,,,,,,,,2026-05-27,2026-07-06,2026-09-24
"Block Real Estate Services, LLC",6a174c5f68ca7e99894e866e,"Party Time Liquor / LEXMI, LLC",69bc0d686bc195aa02a7e3b0,69bc0d686bc195aa02a7e372,active,,,,,,,,,,,,,,,,69bc0d686bc195aa02a7e3ac,2026-05-27,2026-08-26,2026-09-24
"Block Real Estate Services, LLC",6a1750d2df078f8120119232,Dr. Julia Loecker Dentistry,69bc0d686bc195aa02a7e3b0,69bc0d686bc195aa02a7e372,active,,,,,,,,,,,,,,,,69bc0d686bc195aa02a7e3ac,2026-05-27,2026-08-19,2026-09-24
"Block Real Estate Services, LLC",6a1750de402cef48fa2e24a7,Cheezsteak Company / Asma Shane,69bc0d686bc195aa02a7e3b0,69bc0d686bc195aa02a7e372,active,,,,,,,,,,,,,,,,69bc0d686bc195aa02a7e3ac; 69bc0d686bc195aa02a7e3ae,2026-05-27,2026-09-21,2026-09-24
"Block Real Estate Services, LLC",6a17544d68ca7e9989502900,Spurgeon Chiropractic / Dr. Ryan Spurgeon Healing Neck & Joints,69bc0d686bc195aa02a7e3b0,69bc0d686bc195aa02a7e372,active,,,,,,,,,,,,,,,,69bc0d686bc195aa02a7e3ac,2026-05-27,2026-08-20,2026-09-24
"Block Real Estate Services, LLC",6a1757dbf2985118876d7f9a,Afrah Event Center / Astro Ventures,69bc0d686bc195aa02a7e3b0,69bc0d686bc195aa02a7e372,active,,,,,,,,,,,,,,,,69bc0d686bc195aa02a7e3ac; 69bc0d686bc195aa02a7e3ae,2026-05-27,2026-09-14,2026-09-24
"Block Real Estate Services, LLC",6a175a7bee5ef0b8dc066236,"PropertyRate, LLC",69bc0d686bc195aa02a7e3b0,69bc0d686bc195aa02a7e372,active,,,,,,,,,,,,,,,,69bc0d686bc195aa02a7e3ac,2026-05-27,2026-09-04,2026-09-24
"Block Real Estate Services, LLC",6a1842e4b517ae25a873e28c,"Kari's On 39th, LLC",69bc0d686bc195aa02a7e3b0,69bc0d686bc195aa02a7e372,archived,,,,,,,,,,,,,,,,,2026-05-28,2026-07-02,2026-09-24
"Block Real Estate Services, LLC",6a1842efb517ae25a873e629,Lisa Coryell,69bc0d686bc195aa02a7e3b0,69bc0d686bc195aa02a7e372,archived,,,,,,,,,,,,,,,,,2026-05-28,2026-08-04,2026-09-24
"Block Real Estate Services, LLC",6a1842f8e701796d85d37b7e,Myla Ruffin,69bc0d686bc195aa02a7e3b0,69bc0d686bc195aa02a7e372,archived,,,,,,,,,,,,,,,,,2026-05-28,2026-08-04,2026-09-24
"Block Real Estate Services, LLC",6a184302bda7a44c6000696a,Anthony Falcon,69bc0d686bc195aa02a7e3b0,69bc0d686bc195aa02a7e372,archived,,,,,,,,,,,,,,,,,2026-05-28,2026-08-04,2026-09-24
"Block Real Estate Services, LLC",6a18430bf8f612ef09496270,Angel Romero,69bc0d686bc195aa02a7e3b0,69bc0d686bc195aa02a7e372,archived,,,,,,,,,,,,,,,,,2026-05-28,2026-08-04,2026-09-24
"Block Real Estate Services, LLC",6a1843168bbe0a0890e878d2,"Seen Productions, LLC",69bc0d686bc195aa02a7e3b0,69bc0d686bc195aa02a7e372,archived,,,,,,,,,,,,,,,,,2026-05-28,2026-07-02,2026-09-24
"Block Real Estate Services, LLC",6a1843228bbe0a0890e87ab8,Residential - renter occupied: Taylor Hill,69bc0d686bc195aa02a7e3b0,69bc0d686bc195aa02a7e372,archived,,,,,,,,,,,,,,,,,2026-05-28,2026-07-02,2026-09-24
"Block Real Estate Services, LLC",6a18432d8bbe0a0890e87ff9,Residential - renter occupied: John Woods,69bc0d686bc195aa02a7e3b0,69bc0d686bc195aa02a7e372,archived,,,,,,,,,,,,,,,,,2026-05-28,2026-07-02,2026-09-24
"Block Real Estate Services, LLC",6a184f0e5a886bcac1349c23,"Veseris / ES OPCO OSE, LLC",69bc0d686bc195aa02a7e3b0,69bc0d686bc195aa02a7e372,active,,,,,,,,,,,,,,,,69bc0d686bc195aa02a7e3ac,2026-05-28,2026-08-10,2026-09-24
"Block Real Estate Services, LLC",6a184f4af8f612ef094c4c00,PharMerica / Pharmacy Corporation of America,69bc0d686bc195aa02a7e3b0,69bc0d686bc195aa02a7e372,active,,,,,,,,,,,,,,,,69bc0d686bc195aa02a7e3ac; 69bc0d686bc195aa02a7e3ae,2026-05-28,2026-09-22,2026-09-24
"Block Real Estate Services, LLC",6a184fbc8bbe0a0890eb6a1d,"HD Supply Facilities Maintenance, LTD.",69bc0d686bc195aa02a7e3b0,69bc0d686bc195aa02a7e372,active,,,,,"<p>Updated entity name from Home Depot U.S.A., Inc. (fka Interline Brands, Inc.) per Amendment 4</p>",,,,,,,,,,,69bc0d686bc195aa02a7e3ac,2026-05-28,2026-09-11,2026-09-24
"Block Real Estate Services, LLC",6a18531ae701796d85d75b3b,Voya Services Company,69bc0d686bc195aa02a7e3b0,69bc0d686bc195aa02a7e372,archived,,,,,,,,,,,,,,,,,2026-05-28,2026-07-02,2026-09-24
"Block Real Estate Services, LLC",6a1855835a886bcac1362a47,"Sheldon Fleishman, DPM, PA",69bc0d686bc195aa02a7e3b0,69bc0d686bc195aa02a7e372,archived,,,,,,,,,,,,,,,,,2026-05-28,2026-08-04,2026-09-24
"Block Real Estate Services, LLC",6a1857c8bda7a44c60055e47,KU Neurology  / University of Kansas Hospital Authority,69bc0d686bc195aa02a7e3b0,69bc0d686bc195aa02a7e372,active,,,,,,,,,,,,,,,,69bc0d686bc195aa02a7e3ae; 69bc0d686bc195aa02a7e3ac,2026-05-28,2026-09-22,2026-09-24
"Block Real Estate Services, LLC",6a1857d1b517ae25a878d29f,The University of Kansas Physicians Plastic Surgery,69bc0d686bc195aa02a7e3b0,69bc0d686bc195aa02a7e372,active,,,,,,,,,,,,,,,,69bc0d686bc195aa02a7e3ae; 69bc0d686bc195aa02a7e3ac,2026-05-28,2026-09-22,2026-09-24
"Block Real Estate Services, LLC",6a1857dba4bcce858bf09778,Hanger Clinic (sublease of APEX / KC Orthopaedic Institute),69bc0d686bc195aa02a7e3b0,69bc0d686bc195aa02a7e372,archived,,,,,,,,,,,,,,,,,2026-05-28,2026-08-04,2026-09-24
"Block Real Estate Services, LLC",6a1857e9a4bcce858bf099bb,"USA Vein Clinics (fka Vein Clinics of America, Inc.)",69bc0d686bc195aa02a7e3b0,69bc0d686bc195aa02a7e372,active,,,,,,,,,,,,,,,,69bc0d686bc195aa02a7e3ae; 69bc0d686bc195aa02a7e3ac,2026-05-28,2026-09-22,2026-09-24
"Block Real Estate Services, LLC",6a1858dddf417460157fddd6,"Anytime Fitness / Southside Fitness, LLC",69bc0d686bc195aa02a7e3b0,69bc0d686bc195aa02a7e372,active,,,,,,,,,,,,,,,,69bc0d686bc195aa02a7e3ac,2026-05-28,2026-09-01,2026-09-24
"Block Real Estate Services, LLC",6a185a8317ab90e8a02c371c,Otolaryngology-Head and Neck Surgery / University of Kansas Hospital Authority,69bc0d686bc195aa02a7e3b0,69bc0d686bc195aa02a7e372,active,,,,,,,,,,,,,,,,69bc0d686bc195aa02a7e3ae; 69bc0d686bc195aa02a7e3ac,2026-05-28,2026-09-22,2026-09-24
"Block Real Estate Services, LLC",6a185a8e462ef1e78ea1ad25,Mid America Cardiology / University of Kansas Hospital,69bc0d686bc195aa02a7e3b0,69bc0d686bc195aa02a7e372,active,,,,,,,,,,,,,,,,69bc0d686bc195aa02a7e3ae; 69bc0d686bc195aa02a7e3ac,2026-05-28,2026-09-22,2026-09-24
"Block Real Estate Services, LLC",6a185a9ab517ae25a8797914,Jayhawk Primary Care / Medical Plaza Internal Medicine,69bc0d686bc195aa02a7e3b0,69bc0d686bc195aa02a7e372,active,,,,,,,,,,,,,,,,69bc0d686bc195aa02a7e3ae; 69bc0d686bc195aa02a7e3ac,2026-05-28,2026-09-22,2026-09-24
"Block Real Estate Services, LLC",6a185d6484a21cbe19a54e57,"Endura Services, LLC",69bc0d686bc195aa02a7e3b0,69bc0d686bc195aa02a7e372,active,,,,,,,,,,,,,,,,69bc0d686bc195aa02a7e3ac; 69bc0d686bc195aa02a7e3ae,2026-05-28,2026-09-21,2026-09-24
"Block Real Estate Services, LLC",6a185d785a886bcac13835bd,"Aperture Credentialing, LLC",69bc0d686bc195aa02a7e3b0,69bc0d686bc195aa02a7e372,active,,,,,,,,,,,,,,,,69bc0d686bc195aa02a7e3ac; 69bc0d686bc195aa02a7e3ae,2026-05-28,2026-09-21,2026-09-24
"Block Real Estate Services, LLC",6a185d8617ab90e8a02d0292,"TW Telecom of Kansas City, LLC (Roof Lease)",69bc0d686bc195aa02a7e3b0,69bc0d686bc195aa02a7e372,active,,,,,,,,,,,,,,,,69bc0d686bc195aa02a7e3ac; 69bc0d686bc195aa02a7e3ae,2026-05-28,2026-09-21,2026-09-24
"Block Real Estate Services, LLC",6a185e8d5a886bcac13878a0,NAPA / Genuine Parts Company,69bc0d686bc195aa02a7e3b0,69bc0d686bc195aa02a7e372,active,,,,,,,,,,,,,,,,69bc0d686bc195aa02a7e3ac; 69bc0d686bc195aa02a7e3ae,2026-05-28,2026-09-21,2026-09-24
"Block Real Estate Services, LLC",6a186100b517ae25a87b054a,CrossFirst Bank,69bc0d686bc195aa02a7e3b0,69bc0d686bc195aa02a7e372,active,,,,,,,,,,,,,,,,,2026-05-28,2026-07-02,2026-09-24
"Block Real Estate Services, LLC",6a18614617ab90e8a02de8cb,"Prime Social / OPKC, LLC",69bc0d686bc195aa02a7e3b0,69bc0d686bc195aa02a7e372,active,,,,,,,,,,,,,,,,69bc0d686bc195aa02a7e3ae; 69bc0d686bc195aa02a7e3ac,2026-05-28,2026-09-22,2026-09-24
"Block Real Estate Services, LLC",6a1862ef17ab90e8a02e444c,Fire House Subs,69bc0d686bc195aa02a7e3b0,69bc0d686bc195aa02a7e372,active,,,,,,,,,,,,,,,,69bc0d686bc195aa02a7e3ac,2026-05-28,2026-07-27,2026-09-24
"Block Real Estate Services, LLC",6a1863036b3214c65fe64e2c,Mathnasium,69bc0d686bc195aa02a7e3b0,69bc0d686bc195aa02a7e372,active,,,,,,,,,,,,,,,,69bc0d686bc195aa02a7e3ac; 69bc0d686bc195aa02a7e3ae,2026-05-28,2026-09-21,2026-09-24
"Block Real Estate Services, LLC",6a18630f5a886bcac1399a34,"Westside Grill and Bar / Cheers 221, LLC",69bc0d686bc195aa02a7e3b0,69bc0d686bc195aa02a7e372,active,,,,,,,,,,,,,,,,69bc0d686bc195aa02a7e3ac,2026-05-28,2026-08-19,2026-09-24
"Block Real Estate Services, LLC",6a18646fe701796d85db75b6,To the Hoop Bar & Grill,69bc0d686bc195aa02a7e3b0,69bc0d686bc195aa02a7e372,archived,,,,,,,,,,,,,,,,,2026-05-28,2026-08-04,2026-09-24
"Block Real Estate Services, LLC",6a1866145a886bcac13a5c35,Bariatric & Metabolic Classroom / HCA-MMC-Menorah Medical Center,69bc0d686bc195aa02a7e3b0,69bc0d686bc195aa02a7e372,active,,,,,,,,,,,,,,,,69bc0d686bc195aa02a7e3ac; 69bc0d686bc195aa02a7e3ae,2026-05-28,2026-09-21,2026-09-24
"Block Real Estate Services, LLC",6a18661fa4bcce858bf426d7,Premier Gastroenterology of Kansas City (fka KC Gastroenterology & Hepatology / HCA-MMC-Menorah Medical Center),69bc0d686bc195aa02a7e3b0,69bc0d686bc195aa02a7e372,active,,,,,,,,,,,,,,,,69bc0d686bc195aa02a7e3ac,2026-05-28,2026-08-05,2026-09-24
"Block Real Estate Services, LLC",6a18663117ab90e8a02f12a9,Midwest Heart & Vascular and KCHRI (Kansas City Heart Rhythm Institute),69bc0d686bc195aa02a7e3b0,69bc0d686bc195aa02a7e372,active,,,,,,,3910 Northwest Helena,Riverside,Missouri,United States,64150,,,,,69bc0d686bc195aa02a7e3ac; 69bc0d686bc195aa02a7e3ae,2026-07-02,2026-09-20,2026-09-24
"Block Real Estate Services, LLC",6a18663d462ef1e78ea4b046,HCA-OPRMC,69bc0d686bc195aa02a7e3b0,69bc0d686bc195aa02a7e372,active,,,,,,,,,,,,,,,,69bc0d686bc195aa02a7e3ac; 69bc0d686bc195aa02a7e3ae,2026-05-28,2026-09-22,2026-09-24
"Block Real Estate Services, LLC",6a186650b517ae25a87c5643,Kansas City Vascular & General Surgery Group / HCA Midwest Health,69bc0d686bc195aa02a7e3b0,69bc0d686bc195aa02a7e372,active,,,,,,,,,,,,,,,,69bc0d686bc195aa02a7e3ac,2026-05-28,2026-08-05,2026-09-24
"Block Real Estate Services, LLC",6a1869cab517ae25a87d2e2e,"Metro Elevator Kansas City, Inc.",69bc0d686bc195aa02a7e3b0,69bc0d686bc195aa02a7e372,active,,,,,,,,,,,,,,,,69bc0d686bc195aa02a7e3ac; 69bc0d686bc195aa02a7e3ae,2026-05-28,2026-09-21,2026-09-24
"Block Real Estate Services, LLC",6a186a17e701796d85dca48c,85 Degrees Bakery / DA FA Inc 85C,69bc0d686bc195aa02a7e3b0,69bc0d686bc195aa02a7e372,active,,,,,,,,,,,,,,,,69bc0d686bc195aa02a7e3ac,2026-05-28,2026-09-23,2026-09-24
"Block Real Estate Services, LLC",6a186a26b517ae25a87d3e04,Old Navy,69bc0d686bc195aa02a7e3b0,69bc0d686bc195aa02a7e372,archived,,,,,,,,,,,,,,,,,2026-05-28,2026-07-02,2026-09-24
"Block Real Estate Services, LLC",6a18721753ab917b1e649498,"Critical Facilities Technology, LLC",69bc0d686bc195aa02a7e3b0,69bc0d686bc195aa02a7e372,active,,,,,,,,,,,,,,,,69bc0d686bc195aa02a7e3ac,2026-05-28,2026-08-24,2026-09-24
"Block Real Estate Services, LLC",6a187263e701796d85de7c91,"LVT Trucking, Inc.",69bc0d686bc195aa02a7e3b0,69bc0d686bc195aa02a7e372,active,,,,,,,,,,,,,,,,69bc0d686bc195aa02a7e3ac; 69bc0d686bc195aa02a7e3ae,2026-05-28,2026-09-22,2026-09-24
"Block Real Estate Services, LLC",6a18740bdf41746015864e9a,"Morton Fence, LLC",69bc0d686bc195aa02a7e3b0,69bc0d686bc195aa02a7e372,active,,,,,,,,,,,,,,,,69bc0d686bc195aa02a7e3ae; 69bc0d686bc195aa02a7e3ac,2026-05-28,2026-08-04,2026-09-24
"Block Real Estate Services, LLC",6a187768b517ae25a8805ad8,"KC Roofscapes, LLC",69bc0d686bc195aa02a7e3b0,69bc0d686bc195aa02a7e372,active,,,,,,,,,,,,,,,,69bc0d686bc195aa02a7e3ac; 69bc0d686bc195aa02a7e3ae,2026-05-28,2026-09-18,2026-09-24
"Block Real Estate Services, LLC",6a187790d2723fbba9a43f46,"Integrated Health Systems, LLC",69bc0d686bc195aa02a7e3b0,69bc0d686bc195aa02a7e372,active,,,,,,,,,,,,,,,,69bc0d686bc195aa02a7e3ae; 69bc0d686bc195aa02a7e3ac,2026-05-28,2026-09-22,2026-09-24
"Block Real Estate Services, LLC",6a187b32d2723fbba9a51c41,"Re-View Windows, Inc. (fka Architectural Specialties, Inc. )",69bc0d686bc195aa02a7e3b0,69bc0d686bc195aa02a7e372,active,,,,,,,,,,,,,,,,69bc0d686bc195aa02a7e3ac; 69bc0d686bc195aa02a7e3ae,2026-05-28,2026-09-21,2026-09-24
"Block Real Estate Services, LLC",6a187b72462ef1e78ea98fda,"Heper USA, Inc.",69bc0d686bc195aa02a7e3b0,69bc0d686bc195aa02a7e372,active,,,,,,,,,,,,,,,,69bc0d686bc195aa02a7e3ac,2026-05-28,2026-07-17,2026-09-24
"Block Real Estate Services, LLC",6a1885319ef1cffe57c7679c,Dutch Brothers Coffee,69bc0d686bc195aa02a7e3b0,69bc0d686bc195aa02a7e372,active,,,,,,,,,,,,,,,,69bc0d686bc195aa02a7e3ac,2026-05-28,2026-09-22,2026-09-24
"Block Real Estate Services, LLC",6a18853c9ef1cffe57c768cc,Nails 4 U,69bc0d686bc195aa02a7e3b0,69bc0d686bc195aa02a7e372,active,,,,,,,,,,,,,,,,69bc0d686bc195aa02a7e3ac; 69bc0d686bc195aa02a7e3ae,2026-05-28,2026-09-21,2026-09-24
"Block Real Estate Services, LLC",6a1885479ef1cffe57c76a9d,Community Bank of Raymore,69bc0d686bc195aa02a7e3b0,69bc0d686bc195aa02a7e372,archived,,,,,,,,,,,,,,,,,2026-05-28,2026-08-04,2026-09-24
"Block Real Estate Services, LLC",6a188717b517ae25a883e8df,"Lot 7, Village West",69bc0d686bc195aa02a7e3b0,69bc0d686bc195aa02a7e372,active,,,,,,,,,,,,,,,,69bc0d686bc195aa02a7e3ac; 69bc0d686bc195aa02a7e3ae,2026-05-28,2026-09-18,2026-09-24
"Block Real Estate Services, LLC",6a199d6fabae685b1c514ece,CB Smoothie Supps LLC,69bc0d686bc195aa02a7e3b0,69bc0d686bc195aa02a7e372,active,,,,,,,,,,,,,,,,69bc0d686bc195aa02a7e3ac; 69bc0d686bc195aa02a7e3ae,2026-05-29,2026-09-22,2026-09-24
"Block Real Estate Services, LLC",6a19b8b18805769e5038a2ed,Savor Strategy,69bc0d686bc195aa02a7e3b0,69bc0d686bc195aa02a7e372,active,,,,,,,,,,,,,,,,69bc0d686bc195aa02a7e3ac; 69bc0d686bc195aa02a7e3ae,2026-05-29,2026-09-22,2026-09-24
"Block Real Estate Services, LLC",6a1dccbb23b401dcff773de7,TitleMax Title Loans / Title Max of Missouri,69bc0d686bc195aa02a7e3b0,69bc0d686bc195aa02a7e372,active,,,,,,,,,,,,,,,,69bc0d686bc195aa02a7e3ac,2026-06-01,2026-09-03,2026-09-24
"Block Real Estate Services, LLC",6a1dcea405955276b691e1da,Regal Distributing Co.,69bc0d686bc195aa02a7e3b0,69bc0d686bc195aa02a7e372,active,,,,,,,,,,,,,,,,69bc0d686bc195aa02a7e3ac,2026-06-01,2026-08-24,2026-09-24
"Block Real Estate Services, LLC",6a1dceb25e529bb0fc8a0f0a,"Integrated Opening Solutions, LLC",69bc0d686bc195aa02a7e3b0,69bc0d686bc195aa02a7e372,active,,,,,,,,,,,,,,,,69bc0d686bc195aa02a7e3ac,2026-06-01,2026-09-22,2026-09-24
"Block Real Estate Services, LLC",6a1dd8f38805769e5068fd19,"Living Spaces Furniture, LLC",69bc0d686bc195aa02a7e3b0,69bc0d686bc195aa02a7e372,active,,,,,,,,,,,,,,,,69bc0d686bc195aa02a7e3ae; 69bc0d686bc195aa02a7e3ac,2026-06-01,2026-09-22,2026-09-24
"Block Real Estate Services, LLC",6a1dd8fdfec65127865d9614,"Jaeckle Wholesale, Inc.",69bc0d686bc195aa02a7e3b0,69bc0d686bc195aa02a7e372,active,,,,,,,,,,,,,,,,69bc0d686bc195aa02a7e3ae; 69bc0d686bc195aa02a7e3ac,2026-06-01,2026-09-22,2026-09-24
"Block Real Estate Services, LLC",6a1dd90798a3fac93a1b2583,"ASMI Stone and Tile, LLC",69bc0d686bc195aa02a7e3b0,69bc0d686bc195aa02a7e372,active,,,,,,,,,,,,,,,,69bc0d686bc195aa02a7e3ac,2026-06-01,2026-09-17,2026-09-24
"Block Real Estate Services, LLC",6a1dd913a0ed8c51ab1dfbe5,"Hercules Industries, Inc. (fka National Sales Company)",69bc0d686bc195aa02a7e3b0,69bc0d686bc195aa02a7e372,active,,,,,,,,,,,,,,,,69bc0d686bc195aa02a7e3ac; 69bc0d686bc195aa02a7e3ae,2026-06-01,2026-09-22,2026-09-24
"Block Real Estate Services, LLC",6a1dd91da0ed8c51ab1e0010,"Golden Star, Inc.",69bc0d686bc195aa02a7e3b0,69bc0d686bc195aa02a7e372,active,,,,,,,,,,,,,,,,69bc0d686bc195aa02a7e3ae; 69bc0d686bc195aa02a7e3ac,2026-06-01,2026-09-22,2026-09-24
"Block Real Estate Services, LLC",6a1ddfeea0ed8c51ab1fa0c7,Jeff Thomson Orthodontics,69bc0d686bc195aa02a7e3b0,69bc0d686bc195aa02a7e372,active,,,,,,,,,,,,,,,,69bc0d686bc195aa02a7e3ac,2026-06-01,2026-08-04,2026-09-24
"Block Real Estate Services, LLC",6a1ddffd98a3fac93a1cc908,"DPTRE, LLC (fka Fleming Advisors, LLC)",69bc0d686bc195aa02a7e3b0,69bc0d686bc195aa02a7e372,active,,,,,,,,,,,,,,,,69bc0d686bc195aa02a7e3ac,2026-06-01,2026-08-04,2026-09-24
"Block Real Estate Services, LLC",6a1de0072575f4fed44847a8,Home Cleaning Center of America,69bc0d686bc195aa02a7e3b0,69bc0d686bc195aa02a7e372,active,,,,,,,,,,,,,,,,69bc0d686bc195aa02a7e3ac,2026-06-01,2026-08-04,2026-09-24
"Block Real Estate Services, LLC",6a1de0142575f4fed4484ab8,"Gentry Dental / James D Gentry, Dmd",69bc0d686bc195aa02a7e3b0,69bc0d686bc195aa02a7e372,active,,,,,,,,,,,,,,,,69bc0d686bc195aa02a7e3ac; 69bc0d686bc195aa02a7e3ae,2026-06-01,2026-09-23,2026-09-24
"Block Real Estate Services, LLC",6a1de01f98a3fac93a1cd31d,Leawood Cosmetic and Family Dentistry,69bc0d686bc195aa02a7e3b0,69bc0d686bc195aa02a7e372,active,,,,,,,,,,,,,,,,69bc0d686bc195aa02a7e3ac,2026-06-01,2026-08-24,2026-09-24
"Block Real Estate Services, LLC",6a1de39a3dca02afc00b3666,St. Luke's Hospital,69bc0d686bc195aa02a7e3b0,69bc0d686bc195aa02a7e372,active,,,,,,,,,,,,,,,,,2026-06-01,2026-07-02,2026-09-24
"Block Real Estate Services, LLC",6a1dec22a0ed8c51ab231e08,"IMA Financial Group, Inc.",69bc0d686bc195aa02a7e3b0,69bc0d686bc195aa02a7e372,active,,,,,,,,,,,,,,,,69bc0d686bc195aa02a7e3ae; 69bc0d686bc195aa02a7e3ac,2026-06-01,2026-09-22,2026-09-24
"Block Real Estate Services, LLC",6a1dec74a79f4c38d50cc8b0,Property Tax Advisory Group - PTAG,69bc0d686bc195aa02a7e3b0,69bc0d686bc195aa02a7e372,active,,,,,,,,,,,,,,,,69bc0d686bc195aa02a7e3ac,2026-06-01,2026-08-26,2026-09-24
"Block Real Estate Services, LLC",6a1dec8ab9a647219f2d816b,"The Andersons, Inc.",69bc0d686bc195aa02a7e3b0,69bc0d686bc195aa02a7e372,active,,,,,,,,,,,,,,,,69bc0d686bc195aa02a7e3ac,2026-06-01,2026-09-17,2026-09-24
"Block Real Estate Services, LLC",6a1df24c23b401dcff806fc2,"Viking Power / Shoppa's Material Handling, LTD",69bc0d686bc195aa02a7e3b0,69bc0d686bc195aa02a7e372,active,,,,,,,,,,,,,,,,69bc0d686bc195aa02a7e3ac; 69bc0d686bc195aa02a7e3ae,2026-06-01,2026-09-21,2026-09-24
"Block Real Estate Services, LLC",6a1df25998a3fac93a21a0b8,"Indra Air Traffic, Inc. / Indra Sistemas, SA",69bc0d686bc195aa02a7e3b0,69bc0d686bc195aa02a7e372,active,,,,,,,,,,,,,,,,69bc0d686bc195aa02a7e3ac; 69bc0d686bc195aa02a7e3ae,2026-06-01,2026-09-21,2026-09-24
"Block Real Estate Services, LLC",6a1df440fec6512786651841,Red Wok Chinese,69bc0d686bc195aa02a7e3b0,69bc0d686bc195aa02a7e372,active,,,,,,,,,,,,,,,,69bc0d686bc195aa02a7e3ac; 69bc0d686bc195aa02a7e3ae,2026-06-01,2026-09-21,2026-09-24
"Block Real Estate Services, LLC",6a1df44f98a3fac93a2216bd,Dominos Pizza,69bc0d686bc195aa02a7e3b0,69bc0d686bc195aa02a7e372,active,,,,,,,,,,,,,,,,69bc0d686bc195aa02a7e3ac; 69bc0d686bc195aa02a7e3ae,2026-06-01,2026-09-21,2026-09-24
"Block Real Estate Services, LLC",6a1df45b23b401dcff80d7c4,Salon 152,69bc0d686bc195aa02a7e3b0,69bc0d686bc195aa02a7e372,active,,,,,,,,,,,,,,,,69bc0d686bc195aa02a7e3ac; 69bc0d686bc195aa02a7e3ae,2026-06-01,2026-09-21,2026-09-24
"Block Real Estate Services, LLC",6a1df4662575f4fed44df021,KC Smoke Shop,69bc0d686bc195aa02a7e3b0,69bc0d686bc195aa02a7e372,active,,,,,,,,,,,,,,,,69bc0d686bc195aa02a7e3ac; 69bc0d686bc195aa02a7e3ae,2026-06-01,2026-09-21,2026-09-24
"Block Real Estate Services, LLC",6a1df472b9a647219f2f2916,Jeweler's Bench,69bc0d686bc195aa02a7e3b0,69bc0d686bc195aa02a7e372,active,,,,,,,,,,,,,,,,69bc0d686bc195aa02a7e3ac; 69bc0d686bc195aa02a7e3ae,2026-06-01,2026-09-22,2026-09-24
"Block Real Estate Services, LLC",6a1df835fec651278665b987,"CBS Outdoor, Inc.",69bc0d686bc195aa02a7e3b0,69bc0d686bc195aa02a7e372,active,,,,,,,,,,,,,,,,,2026-06-01,2026-07-02,2026-09-24
"Block Real Estate Services, LLC",6a1df84165d51d7aa5739d4e,Protective Animal Welfare Society / Sandra L. Outlaw f/k/a A Dogs' Fun Playce,69bc0d686bc195aa02a7e3b0,69bc0d686bc195aa02a7e372,active,,,,,,,,,,,,,,,,69bc0d686bc195aa02a7e3ac,2026-06-01,2026-09-01,2026-09-24
"Block Real Estate Services, LLC",6a1dfcd80a51a0db79c1dfba,JRJ Partners - Condo Owners (Clancey Design Distributor),69bc0d686bc195aa02a7e3b0,69bc0d686bc195aa02a7e372,active,,,,,,,,,,,,,,,,69bc0d686bc195aa02a7e3ac,2026-06-01,2026-08-05,2026-09-24
"Block Real Estate Services, LLC",6a1dfce4a0ed8c51ab262c0b,Building 28 TIC,69bc0d686bc195aa02a7e3b0,69bc0d686bc195aa02a7e372,archived,,,,,,,,,,,,,,,,,2026-06-01,2026-08-28,2026-09-24
"Block Real Estate Services, LLC",6a1dff1ca79f4c38d5103b69,"Design & Detail / Mel B, LLC",69bc0d686bc195aa02a7e3b0,69bc0d686bc195aa02a7e372,active,,,,,,,,,,,,,,,,69bc0d686bc195aa02a7e3ae; 69bc0d686bc195aa02a7e3ac,2026-06-01,2026-09-22,2026-09-24
"Block Real Estate Services, LLC",6a1e004c23b401dcff82ac21,BRES Management Office,69bc0d686bc195aa02a7e3b0,69bc0d686bc195aa02a7e372,active,,,,,,,,,,,,,,,,69bc0d686bc195aa02a7e3ac,2026-06-01,2026-08-06,2026-09-24
"Block Real Estate Services, LLC",6a1ee9c0aa8b4d40c45d9cb4,"Ridgeview Eye Care, LLC",69bc0d686bc195aa02a7e3b0,69bc0d686bc195aa02a7e372,active,,,,,,,,,,,,,,,,69bc0d686bc195aa02a7e3ac; 69bc0d686bc195aa02a7e3ae,2026-06-02,2026-09-18,2026-09-24
"Block Real Estate Services, LLC",6a1ee9ca9e67678941bccbb6,"Olathe Health Physicians, Inc.",69bc0d686bc195aa02a7e3b0,69bc0d686bc195aa02a7e372,archived,,,,,,,,,,,,,,,,,2026-06-02,2026-07-02,2026-09-24
"Block Real Estate Services, LLC",6a1eecf750bfd60555852c16,"ERGO Midwest, Inc.",69bc0d686bc195aa02a7e3b0,69bc0d686bc195aa02a7e372,active,,,,,,,,,,,,,,,,69bc0d686bc195aa02a7e3ae; 69bc0d686bc195aa02a7e3ac,2026-06-02,2026-09-22,2026-09-24
"Block Real Estate Services, LLC",6a46a9fa881712769bd59511,Abdalla Osman,69bc0d686bc195aa02a7e3b0,69bc0d686bc195aa02a7e372,active,,,,,,,1715 West 39th Street,Kansas City,Missouri,United States,64111,,,,,69bc0d686bc195aa02a7e3ac; 69bc0d686bc195aa02a7e3ae,2026-07-02,2026-09-18,2026-09-24
"Block Real Estate Services, LLC",6a46a9fa881712769bd59518,"Better Way Dogs, LLC",69bc0d686bc195aa02a7e3b0,69bc0d686bc195aa02a7e372,active,,,,,,,1719 West 39th Street,Kansas City,Missouri,United States,64111,,,,,69bc0d686bc195aa02a7e3ae; 69bc0d686bc195aa02a7e3ac,2026-07-02,2026-09-22,2026-09-24
"Block Real Estate Services, LLC",6a46a9fa881712769bd5951f,"Betur, LLC",69bc0d686bc195aa02a7e3b0,69bc0d686bc195aa02a7e372,active,,,,,,,1719 West 39th Street,Kansas City,Missouri,United States,64111,,,,,69bc0d686bc195aa02a7e3ae; 69bc0d686bc195aa02a7e3ac,2026-07-02,2026-09-22,2026-09-24
"Block Real Estate Services, LLC",6a46a9fa881712769bd59526,"Catholic Charities of Northeast Kansas, Inc.",69bc0d686bc195aa02a7e3b0,69bc0d686bc195aa02a7e372,active,,,,,,,12065 Metcalf Avenue,Overland Park,Kansas,United States,66213,,,,,69bc0d686bc195aa02a7e3ac; 69bc0d686bc195aa02a7e3ae,2026-07-02,2026-09-23,2026-09-24
"Block Real Estate Services, LLC",6a46a9fa881712769bd5952d,Chazmine English,69bc0d686bc195aa02a7e3b0,69bc0d686bc195aa02a7e372,active,,,,,,,1717 West 39th Street,Kansas City,Missouri,United States,64111,,,,,69bc0d686bc195aa02a7e3ae; 69bc0d686bc195aa02a7e3ac,2026-07-02,2026-09-22,2026-09-24
"Block Real Estate Services, LLC",6a46a9fa881712769bd59534,"Divino Brands, LLC",69bc0d686bc195aa02a7e3b0,69bc0d686bc195aa02a7e372,active,,,,,,,1721 West 39th Street,Kansas City,Missouri,United States,64111,,,,,,2026-07-02,2026-07-02,2026-09-24
"Block Real Estate Services, LLC",6a46a9fa881712769bd5953b,Evalinesthetics,69bc0d686bc195aa02a7e3b0,69bc0d686bc195aa02a7e372,active,,,,,,,1719 West 39th Street,Kansas City,Missouri,United States,64111,,,,,69bc0d686bc195aa02a7e3ae; 69bc0d686bc195aa02a7e3ac,2026-07-02,2026-09-22,2026-09-24
"Block Real Estate Services, LLC",6a46a9fa881712769bd59542,"GuideTech, LLC",69bc0d686bc195aa02a7e3b0,69bc0d686bc195aa02a7e372,active,,,,,,,11036 Strang Line Road,Lenexa,Kansas,United States,66215,,,,,69bc0d686bc195aa02a7e3ac,2026-07-02,2026-09-22,2026-09-24
"Block Real Estate Services, LLC",6a46a9fa881712769bd59549,"Isaiah Ink, LLC",69bc0d686bc195aa02a7e3b0,69bc0d686bc195aa02a7e372,active,,,,,,,1715 1/2 West 39th Street,Kansas City,Missouri,United States,64111,,,,,69bc0d686bc195aa02a7e3ae; 69bc0d686bc195aa02a7e3ac,2026-07-02,2026-09-22,2026-09-24
"Block Real Estate Services, LLC",6a46a9fb881712769bd59550,"Jade & Ember Munchery / Savor Strategy Group, LLC",69bc0d686bc195aa02a7e3b0,69bc0d686bc195aa02a7e372,active,,,,,,,8431 Wornall Road,Kansas City,Missouri,United States,64114,,,,,69bc0d686bc195aa02a7e3ac; 69bc0d686bc195aa02a7e3ae,2026-07-02,2026-09-22,2026-09-24
"Block Real Estate Services, LLC",6a46a9fb881712769bd59557,Jonathan Walker,69bc0d686bc195aa02a7e3b0,69bc0d686bc195aa02a7e372,active,,,,,,,1719 1/2 West 39th Street,Kansas City,Missouri,United States,64111,,,,,69bc0d686bc195aa02a7e3ae; 69bc0d686bc195aa02a7e3ac,2026-07-02,2026-09-22,2026-09-24
"Block Real Estate Services, LLC",6a46a9fb881712769bd59566,"Parkway Animal Hospital / Village Vet, LLC",69bc0d686bc195aa02a7e3b0,69bc0d686bc195aa02a7e372,archived,,,,,,,8645 Hauser Court,Lenexa,Kansas,United States,66215,,,,,,2026-07-02,2026-08-04,2026-09-24
"Block Real Estate Services, LLC",6a46a9fb881712769bd5956d,"R Hays, LLC",69bc0d686bc195aa02a7e3b0,69bc0d686bc195aa02a7e372,active,,,,,,,11300 Tomahawk Creek Parkway,Leawood,Kansas,United States,66211,,,,,69bc0d686bc195aa02a7e3ac; 69bc0d686bc195aa02a7e3ae,2026-07-02,2026-09-15,2026-09-24
"Block Real Estate Services, LLC",6a46a9fb881712769bd59574,Residential - renter occupied: George & Kelsey K.,69bc0d686bc195aa02a7e3b0,69bc0d686bc195aa02a7e372,active,,,,,,,3909 Bell Street,Kansas City,Missouri,United States,64111,,,,,69bc0d686bc195aa02a7e3ae; 69bc0d686bc195aa02a7e3ac,2026-07-02,2026-09-22,2026-09-24
"Block Real Estate Services, LLC",6a46a9fb881712769bd5957b,Shelby Lawson & Co.,69bc0d686bc195aa02a7e3b0,69bc0d686bc195aa02a7e372,active,,,,,,,1719 West 39th Street,Kansas City,Missouri,United States,64111,,,,,69bc0d686bc195aa02a7e3ae; 69bc0d686bc195aa02a7e3ac,2026-07-02,2026-09-22,2026-09-24
"Block Real Estate Services, LLC",6a46a9fb881712769bd59582,Veterans Ascent Corp,69bc0d686bc195aa02a7e3b0,69bc0d686bc195aa02a7e372,active,,,,,,,1715 West 39th Street,Kansas City,Missouri,United States,64111,,,,,69bc0d686bc195aa02a7e3ae; 69bc0d686bc195aa02a7e3ac,2026-07-02,2026-09-22,2026-09-24
"Block Real Estate Services, LLC",6a70fd6dfbd38db02fd82322,"Decker Integrated Orthotics and Prosthetics, LLC",69bc0d686bc195aa02a7e3b0,69bc0d686bc195aa02a7e372,active,,,,,,,,,,,,,,,,69bc0d686bc195aa02a7e3ac; 69bc0d686bc195aa02a7e3ae,2026-08-03,2026-09-22,2026-09-24
"Block Real Estate Services, LLC",6a7100a9132501a25c9e41ac,"The Reynolds Law Firm, LLC",69bc0d686bc195aa02a7e3b0,69bc0d686bc195aa02a7e372,active,,,,,,,,,,,,,,,,69bc0d686bc195aa02a7e3ae,2026-08-03,2026-09-18,2026-09-24
"Block Real Estate Services, LLC",6a71f9b8bcf6cdcf331ccfcd,"Hennessy Enterprises, LLC",69bc0d686bc195aa02a7e3b0,69bc0d686bc195aa02a7e372,active,,,,,,,,,,,,,,,,69bc0d686bc195aa02a7e3ae; 69bc0d686bc195aa02a7e3ac,2026-08-04,2026-09-22,2026-09-24
"Block Real Estate Services, LLC",6a71fb111df1817c9d71e47a,Wholesale Electric Supply Co.,69bc0d686bc195aa02a7e3b0,69bc0d686bc195aa02a7e372,active,,,,,,,,,,,,,,,,69bc0d686bc195aa02a7e3ac,2026-08-04,2026-09-18,2026-09-24
"Block Real Estate Services, LLC",6a71fb4d1df1817c9d71edf9,"L&C Cabinetry KCI, LLC",69bc0d686bc195aa02a7e3b0,69bc0d686bc195aa02a7e372,active,,,,,,,,,,,,,,,,69bc0d686bc195aa02a7e3ac; 69bc0d686bc195aa02a7e3ae,2026-08-04,2026-09-18,2026-09-24
"Block Real Estate Services, LLC",6a71fe9c1df1817c9d72a945,"Thrift World, Inc.",69bc0d686bc195aa02a7e3b0,69bc0d686bc195aa02a7e372,active,,,,,,,,,,,,,,,,,2026-08-04,2026-08-04,2026-09-24
"Block Real Estate Services, LLC",6a72067ea7b0558ab72338fb,Lure Creative,69bc0d686bc195aa02a7e3b0,69bc0d686bc195aa02a7e372,active,,,,,,,,,,,,,,,,69bc0d686bc195aa02a7e3ac,2026-08-04,2026-09-20,2026-09-24
"Block Real Estate Services, LLC",6a7c9366ee0b08ce4f040184,Halbrook Wood PC,69bc0d686bc195aa02a7e3b0,69bc0d686bc195aa02a7e372,active,,,,,,,,,,,,,,,,,2026-08-12,2026-09-20,2026-09-24
"Block Real Estate Services, LLC",6a7ccb7c72f903848e0cb0d8,Robin's Gluten Free Bakery,69bc0d686bc195aa02a7e3b0,69bc0d686bc195aa02a7e372,active,,,,,,,,,,,,,,,,,2026-08-12,2026-08-13,2026-09-24
"Block Real Estate Services, LLC",6a7de8128ae97a448204bb45,LRIco Services LLC,69bc0d686bc195aa02a7e3b0,69bc0d686bc195aa02a7e372,active,,,,,,,,,,,,,,,,69bc0d686bc195aa02a7e3ac,2026-08-13,2026-09-20,2026-09-24
"Block Real Estate Services, LLC",6a9ada38bfedaa57c4931d01,"Fry Orthodontics / Jeremy R. Fry, D.D.S, M.S, LLC",69bc0d686bc195aa02a7e3b0,69bc0d686bc195aa02a7e372,active,,,,,,,11106 South Lone Elm Road,Olathe,Kansas,United States,66061,,,,,,2026-09-04,2026-09-04,2026-09-24
"Block Real Estate Services, LLC",6a9ada38bfedaa57c4931d08,"Back Nine Golf / C&E Ventures, LLC",69bc0d686bc195aa02a7e3b0,69bc0d686bc195aa02a7e372,active,,,,,,,11108 South Lone Elm Road,Olathe,Kansas,United States,66061,,,,,,2026-09-04,2026-09-04,2026-09-24
"Block Real Estate Services, LLC",6a9ada38bfedaa57c4931d0f,"Hokulia Shave Ice / Yellow Snow, Inc.",69bc0d686bc195aa02a7e3b0,69bc0d686bc195aa02a7e372,active,,,,,,,11110 South Lone Elm Road,Olathe,Kansas,United States,66061,,,,,,2026-09-04,2026-09-04,2026-09-24
"Block Real Estate Services, LLC",6a9ada38bfedaa57c4931d16,Insight Vision Center #1155,69bc0d686bc195aa02a7e3b0,69bc0d686bc195aa02a7e372,active,,,,,,,11114 South Lone Elm Road,Olathe,Kansas,United States,66061,,,,,,2026-09-04,2026-09-04,2026-09-24
"Block Real Estate Services, LLC",6a9ada38bfedaa57c4931d1d,"Decomm Systems, LLC",69bc0d686bc195aa02a7e3b0,69bc0d686bc195aa02a7e372,active,,,,,,,919 East 29th Street,Lawrence,Kansas,United States,66046,,,,,,2026-09-04,2026-09-04,2026-09-24
"Block Real Estate Services, LLC",6a9ada38bfedaa57c4931d24,"CB Smoothie Supps, LLC",69bc0d686bc195aa02a7e3b0,69bc0d686bc195aa02a7e372,active,,,,,,,1614 Southwest State Route 7,Blue Springs,Missouri,United States,64014,,,,,,2026-09-04,2026-09-04,2026-09-24
"Block Real Estate Services, LLC",6a9ada38bfedaa57c4931d2b,"KIDSUNITED / Goal Getters 2, LLC",69bc0d686bc195aa02a7e3b0,69bc0d686bc195aa02a7e372,active,,,,,,,8619 Hauser Court,Lenexa,Kansas,United States,66215,,,,,69bc0d686bc195aa02a7e3ac; 69bc0d686bc195aa02a7e3ae,2026-09-04,2026-09-22,2026-09-24
"Block Real Estate Services, LLC",6a9ada38bfedaa57c4931d32,"Parkway Animal Hospital, LLC / Village Vet, LLC",69bc0d686bc195aa02a7e3b0,69bc0d686bc195aa02a7e372,active,,,,,,,8645 Hauser Court,Lenexa,Kansas,United States,66215,,,,,,2026-09-04,2026-09-04,2026-09-24
"Block Real Estate Services, LLC",6a9af48732939092ea863a26,Daley & Fey,69bc0d686bc195aa02a7e3b0,69bc0d686bc195aa02a7e372,active,,,,,,,,,,,,,,,,69bc0d686bc195aa02a7e3ae; 69bc0d686bc195aa02a7e3ac,2026-09-04,2026-09-20,2026-09-24
"Block Real Estate Services, LLC",6aa85fceac91ff43d2d77bcb,MHC Group / McElroy's Inc,69bc0d686bc195aa02a7e3b0,69bc0d686bc195aa02a7e372,active,,,,,,,,,,,,,,,,,2026-09-14,2026-09-22,2026-09-24
"Block Real Estate Services, LLC",6aa861419efb7603ecfc63ae,CapFinancial Group,69bc0d686bc195aa02a7e3b0,69bc0d686bc195aa02a7e372,active,,,,,,,,,,,,,,,,,2026-09-14,2026-09-15,2026-09-24
"Block Real Estate Services, LLC",6aa86494ac91ff43d2d86f38,Direct Impact Logistics INC,69bc0d686bc195aa02a7e3b0,69bc0d686bc195aa02a7e372,active,,,,,,,,,,,,,,,,,2026-09-14,2026-09-15,2026-09-24
"Block Real Estate Services, LLC",6aad904d55224622f2d2f233,Empower Gymnastics LLC,69bc0d686bc195aa02a7e3b0,69bc0d686bc195aa02a7e372,active,,,,,,,,,,,,,,,,69bc0d686bc195aa02a7e3ae,2026-09-18,2026-09-22,2026-09-24
QTS Data Centers,69f0f3c4beb6279e947be0d0,"AP Gulf States, Inc.",Party,69f0f3c3beb6279e947be0bd,active,,,,,,,,,,,,,,,,69f0b71d7b24cf3460d0c079; 69f0b71d7b24cf3460d0c07b,2026-04-28,2026-09-22,2026-09-24
QTS Data Centers,69f0f3c4beb6279e947be0d5,Brasfield & Gorrie L.L.C.,Party,69f0f3c3beb6279e947be0bd,active,,,,,,,,,,,,,,,,69f0b71d7b24cf3460d0c079,2026-04-28,2026-09-18,2026-09-24
QTS Data Centers,69f0f3c4beb6279e947be0da,"Clayco, Inc.",Party,69f0f3c3beb6279e947be0bd,active,,,,,,,,,,,,,,,,69f0b71d7b24cf3460d0c079,2026-04-28,2026-09-20,2026-09-24
QTS Data Centers,69f0f3c4beb6279e947be0df,Evans General Contractors LLC,Party,69f0f3c3beb6279e947be0bd,active,,,,,,,,,,,,,,,,69f0b71d7b24cf3460d0c079; 69f0b71d7b24cf3460d0c07b,2026-04-28,2026-09-22,2026-09-24
QTS Data Centers,69f0f3c4beb6279e947be0e4,Gilbane Building Company,Party,69f0f3c3beb6279e947be0bd,active,,,,,,,,,,,,,,,,69f0b71d7b24cf3460d0c079,2026-04-28,2026-09-23,2026-09-24
QTS Data Centers,69f0f3c4beb6279e947be0e9,"Gray Construction, Inc.",Party,69f0f3c3beb6279e947be0bd,active,,,,,,,,,,,,,,,,69f0b71d7b24cf3460d0c079,2026-04-28,2026-09-21,2026-09-24
QTS Data Centers,69f0f3c5beb6279e947be0ee,"HITT Contracting, Inc.",Party,69f0f3c3beb6279e947be0bd,active,,,,,,,,,,,,,,,,69f0b71d7b24cf3460d0c079,2026-04-28,2026-09-23,2026-09-24
QTS Data Centers,69f0f3c5beb6279e947be0f3,"Holder Construction Group, LLC",Party,69f0f3c3beb6279e947be0bd,active,,,,,,,,,,,,,,,,,2026-04-28,2026-06-24,2026-09-24
QTS Data Centers,69f0f3c5beb6279e947be0f8,"Layton Construction Company, LLC",Party,69f0f3c3beb6279e947be0bd,active,,,,,,,,,,,,,,,,69f0b71d7b24cf3460d0c079; 69f0b71d7b24cf3460d0c07b,2026-04-28,2026-09-23,2026-09-24
QTS Data Centers,69f0f3c5beb6279e947be0fd,M. A. Mortenson Company,Party,69f0f3c3beb6279e947be0bd,active,,,,,,,,,,,,,,,,69f0b71d7b24cf3460d0c079; 69f0b71d7b24cf3460d0c07b,2026-04-28,2026-09-23,2026-09-24
QTS Data Centers,69f0f3c5beb6279e947be102,Rogers-O-Brien Construction Company Ltd.,Party,69f0f3c3beb6279e947be0bd,active,,,,,<p>AM Best IX accepted by Denise Fahnbulleh</p>,,,,,,,,,,,69f0b71d7b24cf3460d0c079,2026-04-28,2026-09-20,2026-09-24
QTS Data Centers,69f0f3c5beb6279e947be107,"Structure Tone, LLC",Party,69f0f3c3beb6279e947be0bd,active,,,,,,,,,,,,,,,,69f0b71d7b24cf3460d0c079,2026-04-28,2026-09-14,2026-09-24
QTS Data Centers,69f0f3c5beb6279e947be10c,"Suffolk Construction Company, Inc.",Party,69f0f3c3beb6279e947be0bd,active,,,,,,,,,,,,,,,,69f0b71d7b24cf3460d0c079,2026-04-28,2026-09-20,2026-09-24
QTS Data Centers,69f0f3c5beb6279e947be111,Whitting-Turner Contracting Company,Party,69f0f3c3beb6279e947be0bd,active,,,,,,,,,,,,,,,,69f0b71d7b24cf3460d0c079; 69f0b71d7b24cf3460d0c07b,2026-04-28,2026-09-24,2026-09-24