client,id,vendor_id,vendor_name,name,types,policy_number,status,processing,reviewed_at,archived_at,expiration_date,issue_date,flagged,flag_level,flag_notes,applies_to_all,insurer_names,created_at,updated_at,sync_date
"Block Real Estate Services, LLC",6a05e6f6fe7b4a8a036194e9,69fded0c62446148bd848b02,24 Hour Check Cashing,CERT_Block_Real_Estate_Services_LLC_218628_179011.pdf,,,processed,false,2026-06-01,,2027-04-16,2026-03-23,false,,,false,"Acuity, A Mutual Insurance Company",2026-05-14,,2026-09-22
"Block Real Estate Services, LLC",6a625a41293db0c1319f2be1,69fded0c62446148bd848af9,"1&1 Internet / IONOS, Inc.","co Block Real Estate Services_IONOS, INC_2627 GLAutoUmbWCProp_7-23-2026_1213674639.pdf",,,processed,false,2026-07-27,,2027-01-01,2026-07-23,false,,,false,"National Union Fire Insurance Company of Pittsburgh, Pa.; Allianz Global Risks US Insurance Company; Chubb Indemnity Insurance Company; Federal Insurance Company",2026-07-23,,2026-09-22
"Block Real Estate Services, LLC",6a67c08497397b0cc4d78d5d,69fded0c62446148bd848af9,"1&1 Internet / IONOS, Inc.",Lease - tic765 - 1&1 Internet.pdf,,,processed,false,2026-07-27,,,,false,,,false,,2026-07-27,,2026-09-22
"Block Real Estate Services, LLC",6a2599e5781c6c479f910adb,69fded0c62446148bd848afc,1248 Holdings LLC,1248 Holdings COI.pdf,,,processed,false,2026-06-08,,2027-04-01,,false,,,false,,2026-06-07,,2026-09-22
"Block Real Estate Services, LLC",6a3e916bc35829c634df586f,69fded0c62446148bd848afc,1248 Holdings LLC,1248 COI - Block - 4.26-4.27-updated.pdf,,,processed,false,2026-06-30,,2027-06-25,2026-06-22,false,,,false,Stonington Insurance Company,2026-06-26,,2026-09-22
"Block Real Estate Services, LLC",6a2c73107ea10850bf9fee8e,69fded0c62446148bd848aff,"1-800-Pack Rat, LLC","Block Real Estate Services, LLC_1-800-Pack-Rat, LLC_25-26 Master_6-12-2026_531717594.pdf",,,processed,false,2026-06-15,,2026-10-01,2026-06-12,false,,,false,Arch Insurance Company; Arch Indemnity Insurance Company; Scottsdale Insurance Company; Allied World Assurance Company (U.S.) Inc.,2026-06-12,,2026-09-22
"Block Real Estate Services, LLC",6a282910da52b0ee99d2eb99,69fded0c62446148bd848b05,"Big Biscuit / 27 Biscuits, LLC",Big Biscuit Industries LLC_Block Real Estate Services.pdf,,,processed,false,2026-06-11,,2027-05-01,2026-06-08,false,,,false,American Guarantee and Liability Insurance Company; Zurich American Insurance Company,2026-06-09,,2026-09-22
"Block Real Estate Services, LLC",6a394c69accacb8cab636d9b,69fded0c62446148bd848b0e,A.N.D. Design Studio LLC,COI FOR KCG.pdf,,,processed,false,2026-06-30,,2027-04-01,,false,,,false,ACE Property and Casualty Insurance Company,2026-06-22,,2026-09-22
"Block Real Estate Services, LLC",6a57aafa22af1dedc09c94be,69fded0c62446148bd848b0e,A.N.D. Design Studio LLC,Lease - 3rd657 - AND Design Studio.pdf,,,processed,false,2026-07-15,,,,false,,,false,,2026-07-15,,2026-09-22
"Block Real Estate Services, LLC",6a7dec4a6798c591b2cd67ed,69fded0c62446148bd848b14,Academy Bank,COI.pdf,,,processed,false,2026-08-21,,2027-08-18,2026-07-22,false,,,false,Travelers Property Casualty Company of America; The Charter Oak Fire Insurance Company,2026-08-13,,2026-09-22
"Block Real Estate Services, LLC",6a7351e21d2a69d97160738b,69fded0c62446148bd848b17,"Pertronix (Aeromotive) / Accelerate Auto Works Intermediate, LLC",Block Real Estate Services - COI.pdf,,,processed,false,2026-08-10,,2026-12-31,2026-08-05,false,,,false,Continental Casualty Company; Continental Casualty Company,2026-08-05,,2026-09-22
"Block Real Estate Services, LLC",6aa04bfc7a58e9868bb0e0cb,69fded0c62446148bd848b1a,Actuarial Resources Corporation (ARC),c_oBlockRealEstateServicesLLC_W47837952.pdf,,,processed,false,2026-09-09,,2027-08-31,2026-09-08,false,,,false,American Guarantee and Liability Insurance Company; American Zurich Insurance Company,2026-09-08,,2026-09-22
"Block Real Estate Services, LLC",6a26f800caa475a04620536a,69fded0c62446148bd848b1d,"Adams Cable Equipment, Inc.",Updated COI 16200.pdf,,,processed,false,2026-06-11,,2025-09-01,2026-03-31,false,,,false,Liberty Mutual Fire Insurance Company; Liberty Insurance Corporation; Evanston Insurance Company,2026-06-08,,2026-09-22
"Block Real Estate Services, LLC",6aad4a7a6d940b16438f71b5,69fded0c62446148bd848b1d,"Adams Cable Equipment, Inc.",Lease - lle449 - Adams Cable Equipment Inc.pdf,,,processed,false,2026-09-18,,,,false,,,false,,2026-09-18,,2026-09-22
"Block Real Estate Services, LLC",6a199b589d7340e121a98009,69fded0c62446148bd848b26,"Advanced Auto / Advanced Stores Co., Inc.",cert_CLE_ALLEN and GLORIA BLOCK FAMILY LIMITED_6889424_9.pdf,,,processed,false,2026-06-01,,2027-06-01,2026-05-28,false,,,true,ACE American Insurance Company; ACE Property and Casualty Insurance Company; SEE ACORD 101,2026-05-29,,2026-09-22
"Block Real Estate Services, LLC",6a67aede72e3a2f582038caa,69fded0c62446148bd848b23,"ADI (Ademco Distribution, Inc.) / Honeywell International, Inc.",Lease - prg841 - ADI.pdf,,,processed,false,2026-07-27,,,,false,,,false,,2026-07-27,,2026-09-22
"Block Real Estate Services, LLC",6a8319f11a2ab413a24db924,69fded0c62446148bd848b29,Advanced Pharmaceuticals LLC,Lease - prg841 - Advanced Pharmaceuticals LLC.pdf,,,processed,false,2026-08-17,,,,false,,,false,,2026-08-17,,2026-09-22
"Block Real Estate Services, LLC",6aa44ac5dfb189ee83b93840,69fded0c62446148bd848b29,Advanced Pharmaceuticals LLC,"Cert 26-27 - CO Block Real Estate Services, LLC.pdf",,,processed,false,2026-09-15,,2027-09-08,2026-09-11,false,,,false,Nautilus Insurance Company; Kinsale Insurance Company; Markel American Insurance Company,2026-09-11,,2026-09-22
"Block Real Estate Services, LLC",6a67d7fb72e3a2f582038ccb,69fded0c62446148bd848b2c,Advanced Turf Solutions Inc,Platte Investments.pdf,,,processed,false,2026-07-28,,2027-07-01,2026-07-02,false,,,false,Allied Insurance Company of America; Nationwide Mutual Insurance Company; Nationwide General Insurance Company; Nationwide Property and Casualty Insurance Company,2026-07-27,,2026-09-22
"Block Real Estate Services, LLC",6aad4b16b48c522ebbb3e285,69fded0c62446148bd848b2f,"Daymon / Advantage Sales & Marketing, LLC",Lease - llc449 - Daymon  Advantage Sales and Marketing (1).pdf,,,processed,false,,,,,false,,,false,,2026-09-18,,2026-09-22
"Block Real Estate Services, LLC",6aad4b18b48c522ebbb3e2a5,69fded0c62446148bd848b2f,"Daymon / Advantage Sales & Marketing, LLC",Lease - llc449 - Daymon  Advantage Sales and Marketing (2).pdf,,,processed,false,,,,,false,,,false,,2026-09-18,,2026-09-22
"Block Real Estate Services, LLC",6a3beb8e9af3fe11c94296ce,69fded0c62446148bd848b32,Advocate Construction Inc,block wc.pdf,,,processed,false,2026-06-25,,2026-10-01,2025-09-23,false,,,false,SUNZ Insurance Company,2026-06-24,,2026-09-22
"Block Real Estate Services, LLC",6a3c3a3a471d21bbc95f6cc3,69fded0c62446148bd848b32,Advocate Construction Inc,BlockRealEstateServicesLLC.pdf,,,processed,false,2026-06-25,,2027-04-01,2026-06-24,false,,,false,Admiral Insurance Company,2026-06-24,,2026-09-22
"Block Real Estate Services, LLC",6a07267b7ee88c9e36194d1a,69fded0d62446148bd848b35,"Aircraft Electrical / AEE-EMF, Inc.",BlockRealEstateServicesLLC.pdf,,,processed,false,2026-06-02,,2026-12-16,,false,,,false,,2026-05-15,,2026-09-22
"Block Real Estate Services, LLC",6a358e981f6b786b44770062,69fded0d62446148bd848b3b,Agape Montessori School/Pulliam Properties LLC,Certificate - 2026-06-19T134625.722.pdf,,,processed,false,2026-06-22,,2027-06-21,2026-06-19,false,,,false,West Bend Insurance Company,2026-06-19,,2026-09-22
"Block Real Estate Services, LLC",6a3011df85085468184506f6,69fded0d62446148bd848b3e,AgForce Transport Services / Consolidated Grain and Barge Co.,"HLBT Associates, LLC.pdf",,,processed,false,2026-06-15,,2027-05-01,2026-06-15,false,,,false,Nationwide Agribusiness Insurance Company; Westfield Specialty Insurance Company,2026-06-15,,2026-09-22
"Block Real Estate Services, LLC",6a569d0e117f21962232fbe7,69fded0d62446148bd848b44,All Access Garage Doors,All Access Block Cert.pdf,,,processed,false,2026-07-15,,2026-12-05,2026-07-14,false,,,false,OWNERS INS CO; AUTO OWNERS INS CO; Travelers Property Casualty Company of America,2026-07-14,,2026-09-22
"Block Real Estate Services, LLC",6a57f12be8caaf78715d08d3,69fded0d62446148bd848b44,All Access Garage Doors,All Access Block Cert.pdf,,,processed,false,2026-07-20,,2026-12-05,2026-07-15,false,,,false,OWNERS INS CO; AUTO OWNERS INS CO; Travelers Property Casualty Company of America,2026-07-15,,2026-09-22
"Block Real Estate Services, LLC",6a4bd0b2c8e29468b5d94158,69fded0d62446148bd848b4d,Allstate Insurance,CERTIFICATE OF INSURANCE (COI) Reinhart agency.Pdf,,,processed,false,2026-07-06,,2027-04-09,2026-07-06,false,,,false,Property and Casualty Insurance Company of Hartford,2026-07-06,,2026-09-22
"Block Real Estate Services, LLC",6a848ed5b4b01fa929ac33c1,69fded0d62446148bd848b56,"Amazon / Amazon.com Services, LLC (MCI5)",marshdigital.marsh.com_marshconnect_viewMOI.pdf,,,processed,false,2026-08-24,,2027-04-01,,true,low,<p>Lease and exceptions for MOI requested from BRES</p>,false,Zurich American Insurance Company; Fireman's Fund Indemnity Corporation; American Zurich Insurance Company; LM Insurance Corporation,2026-08-18,,2026-09-22
"Block Real Estate Services, LLC",6a8db36987c4cd6f5728e8d4,69fded0d62446148bd848b56,"Amazon / Amazon.com Services, LLC (MCI5)",Lease - 3rd464 - Amazon (1).pdf,,,processed,false,2026-08-25,,,,false,,,false,,2026-08-25,,2026-09-22
"Block Real Estate Services, LLC",6a8db36987c4cd6f5728e8f3,69fded0d62446148bd848b56,"Amazon / Amazon.com Services, LLC (MCI5)",Lease - 3rd464 - Amazon (2).pdf,,,processed,false,2026-08-25,,,,false,,,false,,2026-08-25,,2026-09-22
"Block Real Estate Services, LLC",6a67b76b97397b0cc4d78d07,69fded0d62446148bd848b59,"Hamilton Plumbing / Roger The Plumber / American Residential Services, LLC (ARS)",8425 Hamilton COI for Block_amended 27JUL2026.pdf,,,processed,false,2026-07-28,,2026-10-01,2026-07-27,false,,,false,Liberty Mutual Fire Insurance Company; Twin City Fire Insurance Company; Liberty Insurance Corporation,2026-07-27,,2026-09-22
"Block Real Estate Services, LLC",6a984ca8bac4878ada1ac685,69fded0d62446148bd848b5c,"Earth Brands, Inc. subtenant of  American West Worldwide Express, Inc. / Renew",co Block Real Estate Services_American West Worldwide Express Inc_2026-27 Master Template_9-1-2026_2034661035.pdf,,,processed,false,2026-09-15,,2027-04-01,2026-09-01,false,,,false,Great West Casualty Company; Travelers Property Casualty Company of America; Homesite Insurance Company,2026-09-02,,2026-09-22
"Block Real Estate Services, LLC",6aad4d4f1eb773ddb295859c,69fded0d62446148bd848b5c,"Earth Brands, Inc. subtenant of  American West Worldwide Express, Inc. / Renew",Sublease - kc2703 - Earth Brands - American West Worldwide Ex.pdf,,,processed,false,2026-09-18,,,,false,,,false,,2026-09-18,,2026-09-22
"Block Real Estate Services, LLC",6aad4db3bf49e206e9cf1aae,69fded0d62446148bd848b5c,"Earth Brands, Inc. subtenant of  American West Worldwide Express, Inc. / Renew",Lease - kc2703 - American West Worldwide Express.pdf,,,processed,false,2026-09-18,,,,false,,,false,,2026-09-18,,2026-09-22
"Block Real Estate Services, LLC",6a319dfe14a7a365eb479528,69fded0d62446148bd848b62,"AMSCO Supply / Flegler Investment Co., Inc.",cert_ATL_BLOCK REAL ESTATE SERVICES LLC_6189400_2.pdf,,,processed,false,2026-06-17,,2026-10-01,2026-06-16,false,,,false,Zurich American Insurance Company; Zurich Insurance Europe AG,2026-06-16,,2026-09-22
"Block Real Estate Services, LLC",6a6b8935c80f6330bac03b9a,69fded0d62446148bd848b62,"AMSCO Supply / Flegler Investment Co., Inc.",previewliabilityholder.pdf,,,processed,false,2026-07-31,,2027-07-30,2026-07-23,false,,,false,The Travelers Indemnity Company of Connecticut; Travelers Property Casualty Company of America; Travelers Casualty and Surety Company,2026-07-30,,2026-09-22
"Block Real Estate Services, LLC",6a8f35687d198e284f2871c0,69fded0d62446148bd848b65,Amsted Rail Company Inc,Lease - tic765 Amsted Rail.pdf,,,processed,false,2026-08-26,,,,false,,,false,,2026-08-26,,2026-09-22
"Block Real Estate Services, LLC",6a9a663089b0ae819600fd9f,69fded0d62446148bd848b65,Amsted Rail Company Inc,CollegeCrossingCDLLCandMarleyCollegeCrossingCDLLC_W47819192.pdf,,,processed,false,2026-09-15,,2027-03-31,2026-09-03,false,,,true,Liberty Mutual Fire Insurance Company; AIG Specialty Insurance Company; LM Insurance Corporation; Liberty Insurance Corporation,2026-09-04,,2026-09-22
"Block Real Estate Services, LLC",6a5691bef6533cf6aa2dd79b,69fded0d62446148bd848b6b,Anixter Inc,Lease - rl2877 - Anixter Inc.pdf,,,processed,false,2026-07-14,,,,false,,,false,,2026-07-14,,2026-09-22
"Block Real Estate Services, LLC",6a75e3a1729ed242a920cf95,69fded0d62446148bd848b6b,Anixter Inc,26-27 Per Location Agg - Block Real Estate Services.pdf,,,processed,false,2026-08-11,,2027-06-04,2026-08-07,false,,,false,Travelers Property Casualty Company of America,2026-08-07,,2026-09-22
"Block Real Estate Services, LLC",6a47ca0f5cdf4704ae0efe2a,69fded0d62446148bd848b77,"Apex Products, LLC",Scan2026-06-30_144448BlockCert.pdf,,,processed,false,2026-07-06,,2027-06-28,2026-06-11,false,,,false,West Bend Insurance Company,2026-07-03,,2026-09-22
"Block Real Estate Services, LLC",6a67a54a72e3a2f582038bee,69fded0d62446148bd848b77,"Apex Products, LLC",Lease - prg806 - APEX Products.pdf,,,processed,false,2026-07-27,,,,false,,,false,,2026-07-27,,2026-09-22
"Block Real Estate Services, LLC",6a9839a477d8403f7c1fadbc,69fded0e62446148bd848b80,"Applebee's Bar & Grill / Apple Central, LLC",AFH - HMO  LLC Certificate.PDF,,,processed,false,2026-09-15,,2027-08-01,2026-09-02,false,,,false,Pennsylvania Manufacturers' Association Insurance Company; Manufacturers Alliance Insurance Company; Aspen American Insurance Company,2026-09-02,,2026-09-22
"Block Real Estate Services, LLC",6aa02a7a979cd9e609c43732,69fded0e62446148bd848b7d,"APLOS, Inc.","College Crossing CD, LLC_APLOS Inc._2627 GL Premises_9-2-2026_1041539954.pdf",,,processed,false,2026-09-15,,2027-08-31,2026-09-02,false,,,false,The Cincinnati Specialty Underwriters Insurance Company,2026-09-08,,2026-09-22
"Block Real Estate Services, LLC",6aaad73c3a390d3b6506cec3,69fded0e62446148bd848b7d,"APLOS, Inc.","College Crossing CD, LLC_APLOS Inc._26-27 GLWCOM_7-17-2026_1500492899 (1).pdf",,,processed,false,,,2027-07-17,2026-07-17,false,,,false,Kinsale Insurance Company; AmTrust Insurance Company,2026-09-16,,2026-09-22
"Block Real Estate Services, LLC",6a5a60efb260d1d902908e4c,69fded0e62446148bd848b83,Applied Industrial Technologies Inc,KCIP Riverside LLC-570120212995.pdf,,,processed,false,2026-07-20,,2027-06-01,2026-05-27,false,,,false,ACE American Insurance Company; ACE Property and Casualty Insurance Company,2026-07-17,,2026-09-22
"Block Real Estate Services, LLC",6a2c707c7ea10850bf9fee54,69fded0e62446148bd848b86,ARC Physical Therapy Plus,COI 1318 Belton Block real Estate Umbrella 9.30.25 - 9.30.26.pdf,,,processed,false,2026-06-15,,2026-09-30,2026-05-08,false,,,false,Lexington Insurance Company,2026-06-12,,2026-09-22
"Block Real Estate Services, LLC",6a32eb9c4f89dc4a36d328c0,69fded0e62446148bd848b86,ARC Physical Therapy Plus,COI 1318 Belton Block Real Estate Services LLC - 3.15.26 - 3.15.27.pdf,,,processed,false,2026-06-18,,2027-03-15,2026-06-17,false,,,false,The Insurance Company of the State of Pennsylvania,2026-06-17,,2026-09-22
"Block Real Estate Services, LLC",6a5520ec21f86634e8b19af4,69fded0e62446148bd848b86,ARC Physical Therapy Plus,Lease - ncd054 - ARC Physical Therapy Plus.pdf,,,processed,false,2026-07-13,,,,false,,,false,,2026-07-13,,2026-09-22
"Block Real Estate Services, LLC",6aa94462f0c56e50c07374e8,69fded0e62446148bd848b86,ARC Physical Therapy Plus,1318 - Block Real Estate Services LLC 9.30.26 - 9.30.27.pdf,,,processed,false,2026-09-15,,2027-09-30,2026-09-11,false,,,false,Lexington Insurance Company,2026-09-15,,2026-09-22
"Block Real Estate Services, LLC",6a2727d38f5f15a8835c79d5,69fded0e62446148bd848b92,Arthur J Gallagher Risk Management Services Inc,"46 PC Investors, LLC_Arthur J. Gallagher, LLC_25-26 Landlord Casualty C_6-8-2026_1568910419.pdf",,,processed,false,2026-06-11,,2026-10-01,,false,,,true,Arch Insurance Company; The Continental Insurance Company,2026-06-08,,2026-09-22
"Block Real Estate Services, LLC",6a27280d540f27b382a1ed5f,69fded0e62446148bd848b92,Arthur J Gallagher Risk Management Services Inc,"46 PC Investors, LLC_Arthur J. Gallagher, LLC_25-26 Landlord Property C_6-8-2026_1111070370.pdf",,,processed,false,2026-06-11,,2026-10-01,2026-06-08,false,,,true,"XL Insurance America, Inc.",2026-06-08,,2026-09-22
"Block Real Estate Services, LLC",6a399e75a17b73c16bc35db9,69fded0e62446148bd848b9b,Aspire Wealth Management LLC,ASPIRE WEALTH_BLOCK RE_COI.pdf,,,processed,false,2026-06-23,,2027-03-20,2026-06-22,false,,,false,Hartford Underwriters Insurance Company,2026-06-22,,2026-09-22
"Block Real Estate Services, LLC",6a74feee725d674d293ed73e,69fded0e62446148bd848b98,Aspen Properties Group,"Block Real Estate Services, LLC_Aspen Properties Group LLC_WC 26-27_8-6-2026_1474917804.pdf",,,processed,false,2026-08-07,,2027-03-07,2026-08-06,false,,,false,Accident Fund Insurance Company of America,2026-08-06,,2026-09-22
"Block Real Estate Services, LLC",6aa02a0b979cd9e609c436fa,69fded0e62446148bd848b98,Aspen Properties Group,c_o Block Real Estat - 26_27 BOP UM.pdf,,,processed,false,2026-09-15,,2027-09-12,2026-09-02,false,,,false,Nationwide Affinity Insurance Company of America; Nationwide Mutual Insurance Company,2026-09-08,,2026-09-22
"Block Real Estate Services, LLC",6aaadebb4588bcd84fede1b8,69fded0e62446148bd848b98,Aspen Properties Group,ASPEN UMBR DEC.pdf,,,processed,false,,,,,false,,,false,,2026-09-16,,2026-09-22
"Block Real Estate Services, LLC",6aaadebc4588bcd84fede1d4,69fded0e62446148bd848b98,Aspen Properties Group,BLOCK AI PAGE.pdf,,,processed,false,,,,,false,,,false,,2026-09-16,,2026-09-22
"Block Real Estate Services, LLC",6aaadebd4588bcd84fede1f0,69fded0e62446148bd848b98,Aspen Properties Group,c_o Block Real Estat - 26_27 BOP UM (1).pdf,,,processed,false,,,2027-09-12,2026-09-16,false,,,false,Nationwide Affinity Insurance Company of America; Nationwide Mutual Insurance Company,2026-09-16,,2026-09-22
"Block Real Estate Services, LLC",6a2ab748071d75e4ccfca1a1,69fded0e62446148bd848ba1,Asurion LLC,GL Waiver of Subro Endorsement.pdf,,,processed,false,2026-06-15,,2027-04-30,,false,,,false,,2026-06-11,,2026-09-22
"Block Real Estate Services, LLC",6a7b52dc237c8f7b2b31ea24,69fded0e62446148bd848ba1,Asurion LLC,Updated COI - 11460 Tomahawk.pdf,,,processed,false,2026-08-19,,2027-04-30,2026-07-08,false,,,false,Liberty Insurance Corporation; Liberty Mutual Fire Insurance Company; LM Insurance Corporation,2026-08-11,,2026-09-22
"Block Real Estate Services, LLC",6a627b77f4a44f9d273a53f9,69fded0e62446148bd848ba4,Asurion UBIF,OAK PARK KS - 18610780.pdf,,,processed,false,2026-07-27,,2027-04-30,2026-07-23,false,,,false,Liberty Insurance Corporation; Liberty Mutual Fire Insurance Company; LM Insurance Corporation,2026-07-23,,2026-09-22
"Block Real Estate Services, LLC",6a9af57030abe0dd7cd91d76,69fded0e62446148bd848ba7,"Athletico Physical Therapy / Athletico Management, LLC",26-26-Athletico Holdings LLC-COI-MILL STREET STATION LLC-22987650.pdf,,,processed,false,2026-09-15,,2026-09-30,2026-08-28,false,,,false,Lloyd's Syndicate 3623; Transportation Insurance Company; Coverys Specialty Insurance Company; MSIG Specialty Insurance USA Inc.; Accident Fund Insurance Company of America; Continental Casualty Company,2026-09-04,,2026-09-22
"Block Real Estate Services, LLC",6a9af57230abe0dd7cd91dab,69fded0e62446148bd848ba7,"Athletico Physical Therapy / Athletico Management, LLC",Adding Mill Street Station to Occurrence Based Endorsement.pdf,,,processed,false,2026-09-15,,2027-03-31,,false,,,false,,2026-09-04,,2026-09-22
"Block Real Estate Services, LLC",6a50ef24c8b75240b608c395,69fded0e62446148bd848baa,Auction Merchandise of KC,Document_260626_121652.pdf,,,processed,false,2026-07-14,,2026-11-05,,false,,,false,Midvale Indemnity Company,2026-07-10,,2026-09-22
"Block Real Estate Services, LLC",6a6b5f8d55d6e2da52d4def6,69fded0e62446148bd848baa,Auction Merchandise of KC,Lease - kci286 - Auction Merchandise of KC (1).pdf,,,processed,false,2026-07-30,,,,false,,,false,,2026-07-30,,2026-09-22
"Block Real Estate Services, LLC",6a6b5f8f55d6e2da52d4df16,69fded0e62446148bd848baa,Auction Merchandise of KC,Lease - kci286 - Auction Merchandise of KC (2).pdf,,,processed,false,2026-07-30,,,,false,,,false,,2026-07-30,,2026-09-22
"Block Real Estate Services, LLC",6a6ba3f7d254cadea8f0324f,69fded0e62446148bd848baa,Auction Merchandise of KC,WC Waiver - Auction Merchandise.pdf,,,processed,false,2026-07-30,,,,false,,,true,,2026-07-30,,2026-09-22
"Block Real Estate Services, LLC",6a3aab84fc287516f387ea8c,69fded0e62446148bd848bad,Recognition Plus Audio Video Graphics,Certificate of Insurance.pdf,,,processed,false,2026-06-23,,2027-02-01,2026-06-23,false,,,false,Twin City Fire Insurance Company,2026-06-23,,2026-09-22
"Block Real Estate Services, LLC",6a18aa1b9ef1cffe57d01607,69fded0e62446148bd848bb0,AVI-SPL LLC,NOT FOUND - AVI-SPL LLC.pdf,,,processed,false,2026-06-02,,2027-04-17,2026-04-08,false,,,false,Zurich American Insurance Company; American Guarantee and Liability Insurance Company; American Zurich Insurance Company; Federal Insurance Company; Allied World Assurance Company (U.S.) Inc.; Crum & Forster Specialty Insurance Company,2026-05-28,,2026-09-22
"Block Real Estate Services, LLC",6aa1611432a1d69e1aeeae17,69fded0e62446148bd848bb3,Axiom Strategies LLC,"co Block Real Estate Services, LLC_Garrison Management Group, LLC_26-27 Master Incl E&O_9-8-2026_1337449023.pdf",,,processed,false,2026-09-15,,2027-04-04,2026-09-08,false,,,false,MEMIC Indemnity Company; QBE Specialty Insurance Company; Lexington Insurance Company; Endurance American Specialty I,2026-09-09,,2026-09-22
"Block Real Estate Services, LLC",6aaa97fe4588bcd84fedd349,69fded0e62446148bd848bb3,Axiom Strategies LLC,Lease - tic752 - Axiom Strategies LLC.pdf,,,processed,false,2026-09-16,,,,false,,,false,,2026-09-16,,2026-09-22
"Block Real Estate Services, LLC",6a26fc7c723912a814569421,69fded0e62446148bd848bb9,"Pet Supplies Plus / B&B Pet Products, LLC",Block Real Estate Services_Lenexa Property 25-26.pdf,,,processed,false,2026-06-11,,2026-12-01,2026-06-08,false,,,false,Selective Insurance Company of the Southeast,2026-06-08,,2026-09-22
"Block Real Estate Services, LLC",6aa969be4f8bcf5007126cac,69fded0e62446148bd848bb9,"Pet Supplies Plus / B&B Pet Products, LLC",co Block Real Estate Services_KS Pet Products LLC and MO Pet Prod_2627 Master_9-15-2026_1923722101.pdf,,,processed,false,2026-09-15,,2027-05-01,2026-09-15,false,,,false,The Phoenix Insurance Company,2026-09-15,,2026-09-22
"Block Real Estate Services, LLC",6a39895ed1bf38e72a670fab,69fded0e62446148bd848bbc,Bachelor Controls Inc,"Perg Building LLC co Block Real Estate Servi_Bachelor Controls, Inc._2026 - 2027 Master - Bach_6-22-2026_120642820.pdf",,,processed,false,2026-06-23,,2027-03-01,2026-06-22,false,,,false,Liberty Insurance Corporation; Travelers Property Casualty Company of America; Accelerant Specialty Insurance Company; Continental Casualty Company,2026-06-22,,2026-09-22
"Block Real Estate Services, LLC",6a32e2a7081d3b93fbe8b135,69fded0e62446148bd848bbf,Baking With A Bass / Kayla Bass,CERTIFICATE OF INSURANCE (COI).Pdf,,,processed,false,2026-06-17,,2027-03-06,2026-06-17,false,,,false,Hartford Underwriters Insurance Company; Hartford Fire Insurance Company,2026-06-17,,2026-09-22
"Block Real Estate Services, LLC",6a6113223d7c8f1b1ccd4171,69fded0e62446148bd848bbf,Baking With A Bass / Kayla Bass,Revised CERTIFICATE OF INSURANCE (COI).Pdf,,,processed,false,2026-07-27,,2027-03-06,2026-07-22,false,,,false,Hartford Underwriters Insurance Company,2026-07-22,,2026-09-22
"Block Real Estate Services, LLC",6a68c663ec6ff7df668510aa,69fded0e62446148bd848bbf,Baking With A Bass / Kayla Bass,Lease - 3rd657 - Baking with a Bass.pdf,,,processed,false,2026-07-28,,,,false,,,false,,2026-07-28,,2026-09-22
"Block Real Estate Services, LLC",6a6a651f59ffecf14d6ee16e,69fded0e62446148bd848bc2,Bank of America,cert_ATL_Fountain Building Missouri_ LLC_4434370_77.pdf,,,processed,false,2026-07-29,,2027-03-15,2026-07-27,false,,,false,"Greenwich Insurance Company; National Union Fire Insurance Company of Pittsburgh, Pa.",2026-07-29,,2026-09-22
"Block Real Estate Services, LLC",6a6ba761bcce2cc2487c525d,69fded0e62446148bd848bc2,Bank of America,Lease - 3rd497 - Bank of America Ammend.pdf,,,processed,false,2026-07-30,,,,false,,,false,,2026-07-30,,2026-09-22
"Block Real Estate Services, LLC",6a6ba762bcce2cc2487c527e,69fded0e62446148bd848bc2,Bank of America,Lease - 3rd497 - Bank Of America.pdf,,,processed,false,2026-07-30,,,,false,,,false,,2026-07-30,,2026-09-22
"Block Real Estate Services, LLC",6a34433b3a28b57599a17d33,69fded0f62446148bd848bcb,"Banner Logistics, Inc",1600 Vernon Street XXS Certificate.pdf,,,processed,false,2026-06-24,,2026-11-29,2026-06-17,false,,,false,"Service American Indemnity Company; Nautilus Insurance Company; TRANSGUARD INSURANCE COMPANY OF AMERICA, INC.",2026-06-18,,2026-09-22
"Block Real Estate Services, LLC",6a4be2cf5cdf4704ae0effad,69fded0f62446148bd848bd7,BDM Inc,Block Cert.pdf,,,processed,false,2026-07-08,,2027-05-01,2026-07-06,false,,,false,SECURA Insurance Company; The Travelers Indemnity Company,2026-07-06,,2026-09-22
"Block Real Estate Services, LLC",6a75d4d74751e5023f3a9519,69fded0f62446148bd848bd7,BDM Inc,Lease - bf3944 - BDM Inc.pdf,,,processed,false,2026-08-07,,,,false,,,false,,2026-08-07,,2026-09-22
"Block Real Estate Services, LLC",6a359462430d502f7f7fb4ca,69fded0f62446148bd848bd4,Costa Vida Fresh Mexican Grill / BB Magical Fruit,"Block Real Estate Services, LLC_BB Magical Fruit Two LLC_2627 Master COI_6-19-2026_2147481711.pdf",,,processed,false,2026-06-22,,2027-05-01,2026-06-19,false,,,false,St. Paul Fire and Marine Insurance Company; Travelers Property Casualty Company of America; The Travelers Indemnity Company of Connecticut,2026-06-19,,2026-09-22
"Block Real Estate Services, LLC",6a7a756471b7f73d797dcba6,69fded0f62446148bd848bda,Bella's Italian Restaurant Inc,Fire Declaration Pages - 08.10.26.pdf,,,processed,false,2026-08-13,,,,false,,,false,,2026-08-11,,2026-09-22
"Block Real Estate Services, LLC",6a7a75aa5968381300256b9c,69fded0f62446148bd848bda,Bella's Italian Restaurant Inc,Fire Declaration Pages - 08.10.26.pdf,,,processed,false,2026-08-13,,,,false,,,false,,2026-08-11,,2026-09-22
"Block Real Estate Services, LLC",6a84982837c8e331a7147d75,69fded0f62446148bd848bdd,"Pepper Jax Grill / Belton North Cass, LLC",CERT.pdf,,,processed,false,2026-08-24,,2027-06-30,2026-08-18,false,,,false,Union Insurance Company; Zenith Insurance Company,2026-08-18,,2026-09-22
"Block Real Estate Services, LLC",6a8e01fae7db0abbe7e59fcf,69fded0f62446148bd848bdd,"Pepper Jax Grill / Belton North Cass, LLC",Lease - ncd054 - Pepper Jax Grill (2).pdf,,,processed,false,2026-08-25,,,,false,,,false,,2026-08-25,,2026-09-22
"Block Real Estate Services, LLC",6a8e01fce7db0abbe7e59fee,69fded0f62446148bd848bdd,"Pepper Jax Grill / Belton North Cass, LLC",Lease - ncd054 - Pepper Jax Grill (1).pdf,,,processed,false,2026-08-25,,,,false,,,false,,2026-08-25,,2026-09-22
"Block Real Estate Services, LLC",6a4bd82a5bdbb873e90ba360,69fded0f62446148bd848be0,Beltone Hearing Aid Center,Independence COI 2026.pdf,,,processed,false,2026-07-06,,2027-01-01,2026-06-08,false,,,false,Owners Insurance Company; Markel Insurance Company; Markel Insurance Company,2026-07-06,,2026-09-22
"Block Real Estate Services, LLC",6a959f4b20febea467b87315,69fded0f62446148bd848be0,Beltone Hearing Aid Center,Lease - 3rd543 - Beltone Hearing Air Center.pdf,,,processed,false,2026-08-31,,,,false,,,false,,2026-08-31,,2026-09-22
"Block Real Estate Services, LLC",6a3a993a59011af6e27dbda3,69fded0f62446148bd848c07,"BMO Harris Commercial Banking / BMO Harris Bank, NA",BMO Bank NA - Block Real Estate Services - 26062236825910 - 570121047321.pdf,,,processed,false,2026-06-23,,2027-04-30,2026-06-22,false,,,false,Zurich American Insurance Company; ACE American Insurance Company,2026-06-23,,2026-09-22
"Block Real Estate Services, LLC",6a736272b9376846a3269fe0,69fded0f62446148bd848c0a,"AKKA Karate USA / BMS Fitnes Solutions, Inc. (AKKA Olathe Martial Arts)",Insurance Certificate 2026-2027.pdf,,,processed,false,2026-08-10,,2027-07-23,2026-07-21,false,,,false,Fortegra Specialty Insurance Company; AXIS Insurance Company,2026-08-05,,2026-09-22
"Block Real Estate Services, LLC",6a516f849a50c31614a8c7d1,69fded0f62446148bd848c01,BluSky Restoration Contractors LLC,"Block Real Estate Services, LLC - Aon.pdf",,,processed,false,2026-07-14,,2027-04-01,2026-03-27,false,,,false,Zurich American Insurance Company,2026-07-10,,2026-09-22
"Block Real Estate Services, LLC",6aa44b48f72d9cd97556e2ce,69fded0f62446148bd848c01,BluSky Restoration Contractors LLC,Lease - prg831 - BluSky Restoration Contractors LLC.pdf,,,processed,false,2026-09-11,,,,false,,,false,,2026-09-11,,2026-09-22
"Block Real Estate Services, LLC",6aa460467880ec8756e02802,69fded0f62446148bd848c01,BluSky Restoration Contractors LLC,"26 - 27 - BluSky Restoration Contractors LLC - COI - Block Real Estate Services, LLC - Holder ID 23209503.pdf",,,processed,false,2026-09-11,,2027-04-01,2026-09-11,false,,,false,Capitol Specialty Insurance Corporation,2026-09-11,,2026-09-22
"Block Real Estate Services, LLC",6a1894afe701796d85e6590d,69fded0f62446148bd848c10,"Sono Bello / Body Contour Centers, LLC","Corporate Medical Plaza III (BKWG Assoc), CMP_Body Contour Centers, LLC_2526 COI_5-15-2026_1709078656.pdf",,,processed,false,2026-06-01,,2026-10-01,,false,,,false,,2026-05-28,,2026-09-22
"Block Real Estate Services, LLC",6a42a4965e2a93cdf2411384,69fded0f62446148bd848c10,"Sono Bello / Body Contour Centers, LLC",Body Contour Centers LLC COI Corporate Medical Plaza III.pdf,,,processed,false,2026-06-30,,2026-10-01,2026-05-15,false,,,false,Hartford Fire Insurance Company; Trumbull Insurance Company; Hartford Accident and Indemnity Company; Everest National Insurance Company,2026-06-29,,2026-09-22
"Block Real Estate Services, LLC",6a54fee4501b8361b0e98203,69fded0f62446148bd848c19,"Kitchen and Bath by Briggs / Briggs, Inc.","co Block Real Estate Services, LLC_Briggs, Inc. of Omaha_2526 GAUW w Personal Pr_7-8-2026_1115031498.pdf",,,processed,false,2026-07-13,,2026-09-01,2026-07-08,false,,,false,Dakota Truck Underwriters; Middlesex Insurance Company,2026-07-13,,2026-09-22
"Block Real Estate Services, LLC",6a551e28ba1f441b3e41026b,69fded0f62446148bd848c19,"Kitchen and Bath by Briggs / Briggs, Inc.",Lease - tic681 - Kitchen and Bath by Briggs.pdf,,,processed,false,2026-07-13,,,,false,,,false,,2026-07-13,,2026-09-22
"Block Real Estate Services, LLC",6a300e6a85085468184506d8,69fded1062446148bd848c22,Bryght Labs,COI Bryght Labs 11053 general liability.pdf,,,processed,false,2026-06-17,,2027-05-01,2026-05-28,false,,,false,Evanston Insurance Company,2026-06-15,,2026-09-22
"Block Real Estate Services, LLC",6a3af8d2cf85b61f730f436a,69fded1062446148bd848c28,Builder Direct LLC,Work Comp Policy - Builder Direct LLC.pdf,,,processed,false,2026-06-24,,2027-07-01,2026-06-23,false,,,false,NCCI Assigned Risk,2026-06-23,,2026-09-22
"Block Real Estate Services, LLC",6a3b0162aa3f3f10db520d40,69fded1062446148bd848c28,Builder Direct LLC,PROGRESSIVE BUSINESS OWNERS - Builder Direct LLC.pdf,,,processed,false,2026-06-24,,2026-11-13,2026-06-22,false,,,false,United Financial Casualty Company,2026-06-23,,2026-09-22
"Block Real Estate Services, LLC",6a552a638f343040b1a1b4b0,69fded1062446148bd848c28,Builder Direct LLC,Lease - prg805 - Builder Direct.pdf,,,processed,false,2026-07-13,,,,false,,,false,,2026-07-13,,2026-09-22
"Block Real Estate Services, LLC",6a68c5511dee97f2db546d11,69fded1062446148bd848c28,Builder Direct LLC,Exception Per Location - Builders Direct.pdf,,,processed,false,2026-07-28,,,,false,,,true,,2026-07-28,,2026-09-22
"Block Real Estate Services, LLC",6a690c9ad10d78c99b90cffd,69fded1062446148bd848c28,Builder Direct LLC,COI - Builder Direct LLC for PERG - BLOCK 2026-2027.pdf,,,processed,false,2026-08-03,,2027-08-02,2026-08-02,false,,,false,Next Insurance US Company,2026-07-28,,2026-09-22
"Block Real Estate Services, LLC",6a05e7defeb0a066655c2944,69fded1062446148bd848c1f,The Professional Group / Bryan Torez,CorrectedCOI3-11-26.pdf,,,processed,false,2026-06-01,,2026-11-01,2026-03-11,false,,,false,State Farm Fire and Casualty Company,2026-05-14,,2026-09-22
"Block Real Estate Services, LLC",6a5a471fe01184066f4af829,69fded1062446148bd848c1f,The Professional Group / Bryan Torez,Editable COI.pdf,,,processed,false,2026-07-17,,2026-11-01,2026-03-11,false,,,false,State Farm Fire and Casualty Company,2026-07-17,,2026-09-22
"Block Real Estate Services, LLC",6a2afcdb9564d418934746fa,69fded1062446148bd848c25,"Buckeye Cleaning Center KC / Buckeye International, Inc.","Riverside Business Center 3_Buckeye International, Inc._26-27 MAIN GLI CAUT WCO E_6-11-2026_1889719103.pdf",,,processed,false,2026-06-25,,2027-03-01,2026-06-11,false,,,false,Old Republic Insurance Company; Westfield Specialty Insurance Company; Endurance American Specialty Insurance Company,2026-06-11,,2026-09-22
"Block Real Estate Services, LLC",6a18af68587aecae706a4b40,69fded1062446148bd848c31,"Equipment Preference, Inc. (fka Burlis-Lawson Group, Inc.)",NOT FOUND - The Burlis Lawson Group.pdf,,,processed,false,2026-06-01,,,,false,,,false,,2026-05-28,,2026-09-22
"Block Real Estate Services, LLC",6aa4447f220465b8ce8921a9,69fded1062446148bd848c31,"Equipment Preference, Inc. (fka Burlis-Lawson Group, Inc.)",Block certificate.pdf,,,processed,false,2026-09-11,,2027-04-05,2026-08-24,true,low,<p>Lease requested from BRES</p>,false,"Utica Lloyd's of Texas; Utica Mutual Insurance Company; Technology Insurance Company, Inc.",2026-09-11,,2026-09-22
"Block Real Estate Services, LLC",6a2750fa7f54c7a808caeb66,69fded1062446148bd848c37,Butler Suppy Inc,"Butler Supply, Inc._College Crossing IJ LLC_12-29-2025.pdf",,,processed,false,2026-06-11,,2027-01-01,,false,,,false,Zurich American Insurance Company; Great American Insurance Company; American Zurich Insurance Company,2026-06-08,,2026-09-22
"Block Real Estate Services, LLC",6a07265ab7c7740fe9c4c5d4,69fded1062446148bd848c3d,"Corbion / Caravan Ingredients, Inc.",CaravanIngredientsCOIPERGBlockIncomeFundsIII1.pdf,,,processed,false,2026-06-02,,2027-01-01,2026-01-14,false,,,false,"Travelers Property Casualty Company of America; The Travelers Indemnity Company of Connecticut; National Union Fire Insurance Company of Pittsburgh, Pa.",2026-05-15,,2026-09-22
"Block Real Estate Services, LLC",6aab042c4588bcd84fede613,69fded1062446148bd848c3d,"Corbion / Caravan Ingredients, Inc.",Corbion America Holdings Inc - Block Real Estate Services LLC - 26091537631769 - 570122897569.pdf,,,processed,false,,,2027-01-01,2026-09-16,false,,,false,"Travelers Property Casualty Company of America; The Travelers Indemnity Company of Connecticut; National Union Fire Insurance Company of Pittsburgh, Pa.",2026-09-16,,2026-09-22
"Block Real Estate Services, LLC",6a3e86c25f58e73b8f4f1e8f,69fded1062446148bd848c3a,BWI Companies Inc,25-26 GL CAU WC UMB Liability - 25 College Crossing Associates.pdf,,,processed,false,2026-06-30,,2026-11-01,2025-11-03,false,,,false,Travelers Property Casualty Company of America; AXIS Surplus Insurance Company; The Standard Fire Insurance Company; The Charter Oak Fire Insurance Company; Everest Indemnity Insurance Company,2026-06-26,,2026-09-22
"Block Real Estate Services, LLC",6a453d05da024f5dca5c5cc3,69fded1062446148bd848c3a,BWI Companies Inc,ACORD Form 20260701-083950-1.pdf,,,processed,false,2026-07-07,,2026-11-01,2026-07-01,false,,,false,Travelers Property Casualty Company of America; AXIS Surplus Insurance Company; The Standard Fire Insurance Company; The Charter Oak Fire Insurance Company; Everest Indemnity Insurance Company,2026-07-01,,2026-09-22
"Block Real Estate Services, LLC",6a75e60d69a049b0a9e5e170,69fded1062446148bd848c40,"APEX / KC Orthopedic Institute (fka Carondelet Orthopedic Surgeons, PA)",proof of ins.pdf,,,processed,false,2026-08-11,,2027-01-01,2026-08-06,false,,,false,The Travelers Indemnity Company; Travelers Property Casualty Company of America,2026-08-07,,2026-09-22
"Block Real Estate Services, LLC",6a7b6c75c76aff26495682ac,69fded1062446148bd848c40,"APEX / KC Orthopedic Institute (fka Carondelet Orthopedic Surgeons, PA)",Lease - cm2757 - APEX.pdf,,,processed,false,2026-08-11,,,,false,,,false,,2026-08-11,,2026-09-22
"Block Real Estate Services, LLC",6a28ca69da52b0ee99d30284,69fded1062446148bd848c43,Carrier Corporation,cert_NYC_Perg Bldgs_ LLC dba_12629267_2.pdf,,,processed,false,2026-06-11,,2027-04-01,,false,,,false,AIU Insurance Company; Old Republic Insurance Company,2026-06-10,,2026-09-22
"Block Real Estate Services, LLC",6a2b18d9181480923538cb46,69fded1062446148bd848c46,CarStar Riverside (fka Autobody on the Run),Certificate.pdf,,,processed,false,2026-06-15,,2026-11-24,2026-06-09,false,,,false,United Fire Group,2026-06-11,,2026-09-22
"Block Real Estate Services, LLC",6a6c978521dc5f0a73d4aa66,69fded1062446148bd848c49,Cass County Public Library,Block Real Estate.pdf,,,processed,false,2026-08-03,,2027-07-01,2026-07-09,false,,,false,EMCASCO Insurance Company; Employers Mutual Casualty Company,2026-07-31,,2026-09-22
"Block Real Estate Services, LLC",6a832e231a2ab413a24db9ea,69fded1062446148bd848c52,"Sunflower Health Plan / Centene Management Company, LLC",SSR Capital LLC - Centene Management Company LLC_6.1.2026-updated.pdf,,,processed,false,2026-08-21,,2027-06-01,2026-08-11,false,,,false,"Old Republic Insurance Company; XL Insurance America, Inc.",2026-08-17,,2026-09-22
"Block Real Estate Services, LLC",6a577bbfd0fc4e2363910f23,69fded1062446148bd848c55,Central Power Systems & Services LLC,"2627 Master COI - Block Real Estate Services, LLC.pdf",,,processed,false,2026-07-15,,2027-07-01,2026-07-15,false,,,false,Twin City Fire Insurance Company; The Phoenix Insurance Company; Travelers Property Casualty Company of America,2026-07-15,,2026-09-22
"Block Real Estate Services, LLC",6a455a2fda024f5dca5c5d2f,69fded1062446148bd848c58,"The Retirement Planning Group / Cetera Financial Group, Inc.","co Block Real Estate Services, LLC_Cetera Financial Group, Inc_26-27 GL-AL-EX-WC_6-15-2026_1056662614.pdf",,,processed,false,2026-07-06,,2027-01-31,2026-06-15,false,,,false,"The Continental Insurance Company; American Casualty Company of Reading, Pennsylvania; Valley Forge Insurance Company",2026-07-01,,2026-09-22
"Block Real Estate Services, LLC",6a2c33de4096067a7a7bad25,69fded1062446148bd848c5b,"Challenger Sports, Inc.","CAL-VENT GROUP, LTD_ PROM MOTOR HOTEL, INC__Challenger Teamwear LLC Dba Challen_2627 COI_6-9-2026_2147481167 (1).pdf",,,processed,false,2026-06-25,,2027-03-01,2026-06-09,false,,,false,Travelers Property Casualty Insurance Company; EMCASCO Insurance Company; Employers Mutual Casualty Company; * Amtrust Financial Group,2026-06-12,,2026-09-22
"Block Real Estate Services, LLC",6a2ae3c2dd45710ae6ad6466,69fded1062446148bd848c5e,Champion Supply Company LLC,"COI 1-1-26 - CAL-VENT GROUP, LTD; PROM MOTOR HOTEL, INC; JAMS INDUSTRIAL, LLC; MELVILLE, LLC.pdf",,,processed,false,2026-06-15,,2027-01-01,,false,,,false,EMC Property & Casualty Company; Employers Mutual Casualty Company; Travelers Casualty and Surety Company,2026-06-11,,2026-09-22
"Block Real Estate Services, LLC",6a22f244a234618b199e4b1f,69fded1062446148bd848c67,Check Into Cash,21046-1778-35009 COI 10-15-26.pdf,,,processed,false,2026-06-08,,2026-10-15,2026-01-20,false,,,false,Travelers Property Casualty Company of America; The Continental Insurance Company; Travelers Casualty Insurance Company of America,2026-06-05,,2026-09-22
"Block Real Estate Services, LLC",6a43f95fc7f86ba6f2674d02,69fded1162446148bd848c76,"Chrysalis Center, LLC",Liability Insurance 2026to2027.pdf,,,processed,false,2026-07-02,,2027-07-04,,false,,,false,"American Casualty Company of Reading, Pennsylvania",2026-06-30,,2026-09-22
"Block Real Estate Services, LLC",6a2c05fde294f24a402e1e39,69fded1162446148bd848c7f,CJ Industries LLC,22284994-PLATTE-CJ COI.pdf,,,processed,false,2026-06-15,,2027-03-02,2026-02-19,false,,,false,"Transportation Insurance Company; Valley Forge Insurance Company; Illinois Union Insurance Company; The Continental Insurance Company; American Casualty Company of Reading, Pennsylvania",2026-06-12,,2026-09-22
"Block Real Estate Services, LLC",6a2b2ff74137abcbd837f66a,69fded1162446148bd848ca0,"CKF / Consolidated Supply, Inc.","Flint 1, LLC_Consolidated Supply Co., Inc. dba_26-27 Master_6-11-2026_1489907594.pdf",,,processed,false,2026-06-15,,2027-05-01,2026-06-11,false,,,false,Waypoint Mutual; Continental Western Insurance Company,2026-06-11,,2026-09-22
"Block Real Estate Services, LLC",6a396c7f597e3570daab61a7,69fded1162446148bd848ca6,Convergint Technologies LLC,"Block Real Estate Services, LLC.pdf",,,processed,false,2026-06-23,,2027-04-01,2026-06-22,false,,,false,ACE American Insurance Company; Federal Insurance Company; ACE Fire Underwriters Insurance Company,2026-06-22,,2026-09-22
"Block Real Estate Services, LLC",6a4eb426bc03800db2d4eb82,69fded1162446148bd848cbe,"Costco-Innovel Properties, LLC (fka Sears Logistics Service, Inc.)",cert_SEA_c_o Block Real Estate Services_ LLC_4242932_1.pdf,,,processed,false,2026-07-13,,2026-09-05,2026-07-08,false,,,false,Safety National Casualty Corporation; Fireman's Fund Indemnity Corporation,2026-07-08,,2026-09-22
"Block Real Estate Services, LLC",6a55572afcd6b574294a5877,69fded1162446148bd848cbe,"Costco-Innovel Properties, LLC (fka Sears Logistics Service, Inc.)",Lease - kci291 - Costco.pdf,,,processed,false,2026-07-13,,,,false,,,false,,2026-07-13,,2026-09-22
"Block Real Estate Services, LLC",6a55572bfcd6b574294a5897,69fded1162446148bd848cbe,"Costco-Innovel Properties, LLC (fka Sears Logistics Service, Inc.)",Lease - kci291 - Costco 5th Amend.pdf,,,processed,false,2026-07-13,,,,false,,,false,,2026-07-13,,2026-09-22
"Block Real Estate Services, LLC",6a8dfb3c7ed9caf6e59f9f00,69fded1162446148bd848cbe,"Costco-Innovel Properties, LLC (fka Sears Logistics Service, Inc.)",cert_SEA_c_o Block Real Estate Services_ LLC_4242932_4.pdf,,,processed,false,2026-08-26,,2027-09-05,2026-08-25,false,,,true,Safety National Casualty Corporation; Fireman's Fund Indemnity Corporation,2026-08-25,,2026-09-22
"Block Real Estate Services, LLC",6a3c297da903d57194cee9b6,69fded1262446148bd848cc4,"Ameriprise Financial Services, LLC / Respective Wealth / Schenck, Thompson & Associates, LLC (fka Creative Collaboration)",CERTIFICATE OF INSURANCE (COI) 26.6.24.pdf,,,processed,false,2026-06-25,,2027-06-08,2026-06-24,false,,,false,Hartford Underwriters Insurance Company; Hartford Insurance Company of the Southeast,2026-06-24,,2026-09-22
"Block Real Estate Services, LLC",6a43d54504ca7701e3da69e3,69fded1262446148bd848cc4,"Ameriprise Financial Services, LLC / Respective Wealth / Schenck, Thompson & Associates, LLC (fka Creative Collaboration)",Cert of Ins - Block '26 renewal.pdf,,,processed,false,2026-06-30,,2027-06-08,2026-06-30,false,,,false,Hartford Underwriters Insurance Company; Hartford Insurance Company of the Southeast,2026-06-30,,2026-09-22
"Block Real Estate Services, LLC",6a330a0eca0531aad700c5a0,69fded1262446148bd848cc7,Creative Consumer Concepts Inc,"Updated CO BLOCK REAL ESTATE SERVICES, LLC.pdf",,,processed,false,2026-06-18,,2026-12-01,2025-11-25,false,,,true,Great American E & S Insurance Company; Trumbull Insurance Company; Twin City Fire Insurance Company; Hartford Fire Insurance Company,2026-06-17,,2026-09-22
"Block Real Estate Services, LLC",6a303a237828333b350b9dc7,69fded1262446148bd848cdc,"DL Smith Electrical Construction, Inc.",DL Smith Electrical Construction I_Block Real Estate Services LLC (1).pdf,,,processed,false,2026-06-17,,2027-06-01,2026-06-15,false,,,false,Amerisure Partners Insurance Company; Amerisure Insurance Company; Amerisure Mutual Insurance Company,2026-06-15,,2026-09-22
"Block Real Estate Services, LLC",6a4eb1f0c4f53220af8d6a52,69fded1262446148bd848ceb,Dairy Farmers of America Inc,DFA Lenexa Warehouse - COI (Updated).pdf,,,processed,false,2026-07-13,,2026-10-01,2026-07-09,false,,,false,"National Union Fire Insurance Co. Of Pittsburgh , PA; AIU Insurance Company",2026-07-08,,2026-09-22
"Block Real Estate Services, LLC",6a3009147828333b350b9cc8,69fded1262446148bd848cfa,B-Envied Salon / David M & Lisa Walla,B-Envied Salon - signed COI - Block Real Estate Services - 06.11.26.pdf,,,processed,false,2026-06-15,,2027-01-20,2026-06-11,false,,,false,State Farm Fire and Casualty Company,2026-06-15,,2026-09-22
"Block Real Estate Services, LLC",6a67a1983d7a55e920d5f58a,69fded1262446148bd848cfa,B-Envied Salon / David M & Lisa Walla,Lease - sum015 - B-Envied Salon.pdf,,,processed,false,2026-07-27,,,,false,,,false,,2026-07-27,,2026-09-22
"Block Real Estate Services, LLC",6a57b28d3817dd155dae1ad8,69fded1262446148bd848d03,DCB Homes LLC,Block Real Estate Services LLC_DCB Homes LLC_2526 Master COI_7-15-2026_47460704.pdf,,,processed,false,2026-07-21,,2026-08-15,2026-07-15,false,,,false,Auto-Owners Insurance Company; Liberty Mutual Insurance Company,2026-07-15,,2026-09-22
"Block Real Estate Services, LLC",6a91f9cdabe3538f7c645864,69fded1262446148bd848d03,DCB Homes LLC,Block Real Estate Services LLC_DCB Homes LLC_26-27 Master Cert_8-28-2026_47463115.pdf,,,processed,false,2026-09-01,,2027-08-15,2026-08-28,false,,,false,Auto-Owners Insurance Company; Liberty Mutual Insurance Company,2026-08-28,,2026-09-22
"Block Real Estate Services, LLC",6a297f008d4f64d9c23ab0a5,69fded1362446148bd848d27,Dollar Tree #4044,cert_NYC_K7 Kansas Investors_ LLC_12631635_1.pdf,,,processed,false,2026-06-10,,2026-09-01,2026-06-09,false,,,false,"National Union Fire Insurance Company of Pittsburgh, Pa.; National Union Fire Insurance Company of Pittsburgh, Pa.; AIU Insurance Company",2026-06-10,,2026-09-22
"Block Real Estate Services, LLC",6a5531ae4a3538cc4162db78,69fded1362446148bd848d27,Dollar Tree #4044,Lease - tic827 - Dollar Tree 4044.pdf,,,processed,false,2026-07-15,,,,false,,,false,,2026-07-13,,2026-09-22
"Block Real Estate Services, LLC",6a0720af9945fee35b85225b,69fded1362446148bd848d1e,"Dollar General / Dolgencorp, Inc.",dollargeneral.pdf,,,processed,false,2026-06-02,,2027-02-10,2026-02-06,false,,,false,ACE American Insurance Company; Indemnity Insurance Company of North America; ACE Property and Casualty Insurance Company; ACE Fire Underwriters Insurance Company,2026-05-15,,2026-09-22
"Block Real Estate Services, LLC",6aaad3f23a390d3b6506ce6e,69fded1362446148bd848d1e,"Dollar General / Dolgencorp, Inc.",K32BZZS2.pdf,,,processed,false,,,2027-02-10,2026-09-15,false,,,false,ACE American Insurance Company; Indemnity Insurance Company of North America; ACE Property and Casualty Insurance Company; ACE Fire Underwriters Insurance Company,2026-09-16,,2026-09-22
"Block Real Estate Services, LLC",6a7b70c9237c8f7b2b31ec31,69fded1362446148bd848d33,DTG Medical Electronics,DTG Commercial Insurance AMFAM.pdf,,,processed,false,2026-08-13,,,,false,,,false,,2026-08-11,,2026-09-22
"Block Real Estate Services, LLC",6a7b70ca237c8f7b2b31ec4e,69fded1362446148bd848d33,DTG Medical Electronics,Travelers Workers Comp DTG.pdf,,,processed,false,2026-08-13,,,,false,,,false,,2026-08-11,,2026-09-22
"Block Real Estate Services, LLC",6a84cb155311e7ea5622e3e9,69fded1362446148bd848d4b,Edward D Jones & Co LP,Updated 15380.pdf,,,processed,false,2026-08-24,,2027-05-01,2026-08-19,false,,,false,Hartford Fire Insurance Company; N / A; N / A,2026-08-18,,2026-09-22
"Block Real Estate Services, LLC",6a301779d5730a708692ac0f,69fded1362446148bd848d51,Electrical Investments Inc,ACORD Form 20260615-101533.pdf,,,processed,false,2026-06-17,,2027-01-01,2026-06-15,false,,,false,EMCASCO Insurance Company; Employers Mutual Casualty Company; Accident Fund National Insurance Company,2026-06-15,,2026-09-22
"Block Real Estate Services, LLC",6a32b07ab3b624685430d02e,69fded1362446148bd848d51,Electrical Investments Inc,Electrical Investments.pdf,,,processed,false,2026-06-17,,2027-01-01,2026-06-17,false,,,false,EMCASCO Insurance Company; Employers Mutual Casualty Company; Accident Fund National Insurance Company,2026-06-17,,2026-09-22
"Block Real Estate Services, LLC",6a550602501b8361b0e98221,69fded1362446148bd848d5a,Elliott Electric Supply Inc,co Block Real Estate Services_Elliott Electric Supply Inc._2526 Master_7-13-2026_1538430327.pdf,,,processed,false,2026-07-15,,2026-12-25,2026-07-13,false,,,false,Hartford Underwriters Insurance Company; Hartford Fire Insurance Company; Hartford Casualty Insurance Company; Trumbull Insurance Company,2026-07-13,,2026-09-22
"Block Real Estate Services, LLC",6a5a4c9575cf58525d542476,69fded1362446148bd848d5a,Elliott Electric Supply Inc,Oxford Kansas Project COI.pdf,,,processed,false,2026-07-17,,2026-12-25,2026-03-20,false,,,false,"Hartford Fire Insurance Company
One Hartford Plaza
Hartford , CT 06155-0001",2026-07-17,,2026-09-22
"Block Real Estate Services, LLC",6a3016a8b7970f3c499961dc,69fded1362446148bd848d63,Employers Mutual Casualty Company (EMC Insurance),Cert of Ins HLBT Associates LLC and Cooper Brown Properties LLC.pdf,,,processed,false,2026-06-17,,2027-04-01,2026-03-18,false,,,false,EMPLOYERS MUTUAL CASUALTY COMPANY,2026-06-15,,2026-09-22
"Block Real Estate Services, LLC",6a91c15000391ff2e6084d9a,69fded1462446148bd848d6c,EDT Engineers / Engineering Design & Testing Corporation,"Perg Buildings, LLC_Engineering Design And Testing Corp_2526July 2627 Master En_8-28-2026_856397319.pdf",,,processed,false,2026-09-01,,2026-11-01,2026-08-28,false,,,false,Amerisure Mutual Insurance Company; Travelers Casualty and Surety Company of America; Continental Casualty Company,2026-08-28,,2026-09-22
"Block Real Estate Services, LLC",6a4e5efbbc03800db2d4e648,69fded1462446148bd848d99,FedEx/Kinko's,"0002-Brixmor Property Group Inc. &_4381321_FedEx Office and Print Services, Inc. (1).pdf",,,processed,false,2026-07-08,,2026-10-01,2025-09-24,false,,,false,Old Republic Insurance Company; ACE American Insurance Company; Indemnity Insurance Company of North America,2026-07-08,,2026-09-22
"Block Real Estate Services, LLC",6a5532e221f86634e8b19b7b,69fded1462446148bd848d99,FedEx/Kinko's,Lease - tic827 - FedEx Kinkos.PDF,,,processed,false,2026-07-14,,,,false,,,false,,2026-07-13,,2026-09-22
"Block Real Estate Services, LLC",6a304a96646087042c34d918,69fded1562446148bd848db7,Fisher & Phillips LLP,46 PC Investors LLC REVISED COI.pdf,,,processed,false,2026-06-17,,2026-12-31,2026-06-15,false,,,false,Great Northern Insurance Company; Federal Insurance Company; Executive Risk Indemnity Inc.,2026-06-15,,2026-09-22
"Block Real Estate Services, LLC",6a062136ca42782ea35f2404,69fded1562446148bd848db4,First Watch,WoSCert26-27.pdf,,,processed,false,2026-06-02,,2027-03-01,2026-04-14,false,,,false,Starr Indemnity & Liability Company,2026-05-14,,2026-09-22
"Block Real Estate Services, LLC",6a05ea571f712c628e4371ea,69fded1562446148bd848dc3,"Fresenius Medical Care - Pittsburg Midwest Dialysis / Fort Scott Regional Dialysis Center, Inc.",5701171733901.pdf,,,processed,false,2026-06-01,,2026-12-31,2025-12-22,false,,,false,"The Continental Insurance Company; American Casualty Company of Reading, Pennsylvania; Transportation Insurance Company; Continental Casualty Company; Fresenius Medical Care Risk Mgmt . Group ,",2026-05-14,,2026-09-22
"Block Real Estate Services, LLC",6a2c83c428f2c8379af569cc,69fded1562446148bd848dc6,Foxx Equipment Company,BlockRealEstateServicesLLC_W46684597.pdf,,,processed,false,2026-06-15,,2026-12-31,2026-06-12,false,,,false,Great Northern Insurance Company; Federal Insurance Company; Chubb Indemnity Insurance Company,2026-06-12,,2026-09-22
"Block Real Estate Services, LLC",6a32d4ebe3e42bf274f19085,69fded1562446148bd848dc6,Foxx Equipment Company,BlockRealEstateServicesLLC_W46724457.pdf,,,processed,false,2026-06-17,,2026-12-31,2026-06-17,false,,,false,Great Northern Insurance Company; Federal Insurance Company; Chubb Indemnity Insurance Company,2026-06-17,,2026-09-22
"Block Real Estate Services, LLC",6a42914c04ca7701e3da658d,69fded1562446148bd848ddb,"Servpro / G&C Restoration, LLC",Team jones - WC Block Real Estate Services.pdf,,,processed,false,2026-06-30,,2026-11-01,2026-06-26,false,,,false,"Firemen's Insurance Company of Washington, D.C.; Accident Fund Insurance Company of America",2026-06-29,,2026-09-22
"Block Real Estate Services, LLC",6a4ec221bc03800db2d4ec8d,69fded1562446148bd848ddb,"Servpro / G&C Restoration, LLC",Team Jones - GL with Location marked - Block Real Estate Services.pdf,,,processed,false,2026-07-14,,2027-01-06,2026-07-08,false,,,false,"Restoration Risk Retention Group, Inc.",2026-07-08,,2026-09-22
"Block Real Estate Services, LLC",6a5e223092dc6d1e62c1b6f1,69fded1662446148bd848dff,Geotechnology LLC,"Block Real Estate Services, LLC.pdf",,,processed,false,2026-07-22,,2027-05-01,2026-07-17,false,,,false,Greenwich Insurance Company; Westchester Surplus Lines Insurance Company; Landmark American Insurance Company; Homesite Insurance Company of Florida; Convex Insurance UK Limited; Aspen Specialty Insurance Company,2026-07-20,,2026-09-22
"Block Real Estate Services, LLC",6a060efbfe7b4a8a0378bb6b,69fded1662446148bd848e08,GNC (Store #581-02),MillStreetStationLLC_W438656582.pdf,,,processed,false,2026-06-03,,2027-01-31,2026-01-29,false,,,false,Sentry Insurance Company; Sentry Casualty Company,2026-05-14,,2026-09-22
"Block Real Estate Services, LLC",6a95a49754a84f45d060cf7c,69fded1662446148bd848e20,"The Shredder + MedShred / Green Resource Management, Inc.",Lease - kci892 - The Shredder.pdf,,,processed,false,2026-08-31,,,,false,,,false,,2026-08-31,,2026-09-22
"Block Real Estate Services, LLC",6a972b7977d8403f7c1fa9fa,69fded1662446148bd848e20,"The Shredder + MedShred / Green Resource Management, Inc.","co Block Real Estate Services, LLC_Green Resource Management, Inc._26-27 GAUW + EXE_9-1-2026_1583739916.pdf",,,processed,false,2026-09-09,,2027-08-07,2026-09-01,false,,,false,Travelers Casualty and Surety Company of America; United Fire & Casualty Company; Hartford Casualty Insurance Company,2026-09-01,,2026-09-22
"Block Real Estate Services, LLC",6a7cd797a0bd2d02e2d8b138,69fded1662446148bd848e2c,Guardian Water & Air Systems LLC,Guardian Water & Air.pdf,,,processed,false,2026-08-19,,2026-09-01,2026-08-12,false,,,false,State Farm Fire and Casualty Company,2026-08-12,,2026-09-22
"Block Real Estate Services, LLC",6a87085f2b1ab79f9ba7f93c,69fded1662446148bd848e2c,Guardian Water & Air Systems LLC,Lease - hig143 - Guardian Water & Air Systems LLC.pdf,,,processed,false,2026-08-20,,,,false,,,false,,2026-08-20,,2026-09-22
"Block Real Estate Services, LLC",6a18a7bc53ab917b1e71ccc9,69fded1662446148bd848e38,"H&R Block Eastern Tax Svc., Inc. / H&R Block 24167","H&R BLOCK EASTERN TAX SVC., INC. H&R BLOCK 24167 - 1811 E. North Avenue, Belton.pdf",,,processed,false,2026-06-02,,2027-05-01,2026-04-24,false,,,false,Continental Casualty Company; Liberty Mutual Fire Insurance Company; Liberty Insurance Corporation,2026-05-28,,2026-09-22
"Block Real Estate Services, LLC",6a50f3b73077efcb694b72d0,69fded1762446148bd848e4d,Wright/Laird Casting / Heather Laird,BOP_ACORD_C_oBlockRealEstateServicesLLC_07_06_2026_P106419759-3800115457156.PDF,,,processed,false,2026-07-14,,2027-04-10,2026-07-06,false,,,false,Hiscox Insurance Company Inc.,2026-07-10,,2026-09-22
"Block Real Estate Services, LLC",6a846da6be849ef01a1b62f1,69fded1762446148bd848e53,Henderson Engineers Inc,"Perg Buildings, LLC - Block.pdf",,,processed,false,2026-08-24,,2027-08-01,2026-08-04,false,,,false,"National Union Fire Insurance Company of Pittsburgh, Pa.; The Continental Insurance Company; New Hampshire Insurance Company",2026-08-18,,2026-09-22
"Block Real Estate Services, LLC",6a9869c437cba898e985dbac,69fded1762446148bd848e5f,"Hibbett Sports / Hibbett Retail, Inc.",cert_ATL_Northgate Associates_ LLC_6175629_4.pdf,,,processed,false,2026-09-15,,2027-09-01,2026-09-01,true,low,<p>Lease requested from BRES</p>,false,Arch Insurance Company; Arch Indemnity Insurance Company; Affiliated FM Insurance Company,2026-09-02,,2026-09-22
"Block Real Estate Services, LLC",6a515d04aa8908124e4b4694,69fded1762446148bd848e68,Hoefer Welker LLC,COI FOR BLOCK REAL ESTATE SERVICES 16593527.pdf,,,processed,false,2026-07-14,,2027-02-12,2026-07-10,false,,,false,The Phoenix Insurance Company; Travelers Property Casualty Company of America; Lexington Insurance Company,2026-07-10,,2026-09-22
"Block Real Estate Services, LLC",6a5514483d632943fbf440bc,69fded1762446148bd848e71,Hughes Machinery Company,PERG Building LLC-570120214537.pdf,,,processed,false,2026-07-14,,2027-06-01,2026-05-27,false,,,false,ACE American Insurance Company; ACE Property and Casualty Insurance Company,2026-07-13,,2026-09-22
"Block Real Estate Services, LLC",6a3d3c24035235ff667a84ae,69fded1762446148bd848e77,Hyalogic LLC,Revised Certificate.pdf,,,processed,false,2026-06-25,,2027-05-19,2026-06-25,false,,,false,Certain Underwriters at Lloyds of London; Employers Preferred Insurance Company,2026-06-25,,2026-09-22
"Block Real Estate Services, LLC",6a3d7354f08a13c0c8807031,69fded1762446148bd848e77,Hyalogic LLC,Hyalogic LLC - KCIP Riverside LLC-Platte Valley REVISED CERT.pdf,,,processed,false,2026-06-25,,2027-05-19,2026-06-25,false,,,false,CONTINENTAL CASUALTY CO; Employers Preferred Insurance Company,2026-06-25,,2026-09-22
"Block Real Estate Services, LLC",6a3d920d540c4e7a799a0485,69fded1762446148bd848e77,Hyalogic LLC,Hyalogic LLC - KCIP Riverside LLC-Platte Valley REVISED CERT.pdf,,,processed,false,2026-06-30,,2027-05-19,2026-06-25,false,,,false,CONTINENTAL CASUALTY CO; Employers Preferred Insurance Company,2026-06-25,,2026-09-22
"Block Real Estate Services, LLC",6a4bd8e6e300a9bf74f56503,69fded1762446148bd848e77,Hyalogic LLC,Hyalogic - KCIP Reissued Cert.pdf,,,processed,false,2026-07-06,,2027-05-19,2026-07-06,false,,,false,CONTINENTAL CASUALTY CO; Employers Preferred Insurance Company,2026-07-06,,2026-09-22
"Block Real Estate Services, LLC",6a57f7880b9ad2deddc2976e,69fded1762446148bd848e83,"Xerox / Image Quest, Inc.",c_oBlockRealEstateServices_W47275736.pdf,,,processed,false,2026-07-21,,2027-01-01,2026-07-15,false,,,false,ACE American Insurance Company; ACE Property and Casualty Insurance Company,2026-07-15,,2026-09-22
"Block Real Estate Services, LLC",6a60f6f65801cfb60ca31af6,69fded1762446148bd848e83,"Xerox / Image Quest, Inc.",Lease - cck640 - Xerox Image Quest.pdf,,,processed,false,2026-07-22,,,,false,,,false,,2026-07-22,,2026-09-22
"Block Real Estate Services, LLC",6a3d78e5f08a13c0c880704e,69fded1762446148bd848e89,Inspire Therapy LLC,Amtrust COI.pdf,,,processed,false,2026-06-30,,2027-02-12,,false,,,false,"Technology Insurance Company, Inc.",2026-06-25,,2026-09-22
"Block Real Estate Services, LLC",6a3d78e7f08a13c0c8807089,69fded1762446148bd848e89,Inspire Therapy LLC,AICertificate_Block Real Estate Services LLC 1.pdf,,,processed,false,2026-06-30,,2027-03-28,,false,,,false,Philadelphia Indemnity Insurance Company,2026-06-25,,2026-09-22
"Block Real Estate Services, LLC",6a22feb5b0c1404bfda217e1,69fded1862446148bd848ead,"Pinches / JLJ Holdings, LLC",Insurance COI JLJ.pdf,,,processed,false,2026-06-08,,2026-10-01,2026-06-05,false,,,false,Hartford Insurance Company of the Southeast,2026-06-05,,2026-09-22
"Block Real Estate Services, LLC",6a22ff2cb0c1404bfda217ff,69fded1862446148bd848ead,"Pinches / JLJ Holdings, LLC",PT Liability.pdf,,,processed,false,2026-06-08,,2026-11-26,2025-11-26,false,,,false,Starr Indemnity & Liability Company,2026-06-05,,2026-09-22
"Block Real Estate Services, LLC",6a661a35a553156736e08ec7,69fded1862446148bd848ead,"Pinches / JLJ Holdings, LLC",EOI_Pinches.pdf,,,processed,false,2026-07-28,,,2026-07-25,false,,,false,"Grinnell Mutual Reinsurance Company, SI",2026-07-26,,2026-09-22
"Block Real Estate Services, LLC",6a7b6f7bb5e7f185ea4b79b2,69fded1862446148bd848ead,"Pinches / JLJ Holdings, LLC",Excess Liability_JLJ.pdf,,,processed,false,2026-08-13,,,2026-08-01,false,,,false,"Grinnell Mutual Reinsurance Company, SI",2026-08-11,,2026-09-22
"Block Real Estate Services, LLC",6a2333a6a234618b199e4caa,69fded1862446148bd848ebf,Kababs,Kababs COI WC.pdf,,,processed,false,2026-06-08,,2027-04-10,2026-06-05,false,,,false,Property and Casualty Insurance Company of Hartford,2026-06-05,,2026-09-22
"Block Real Estate Services, LLC",6a298792895c408da11a7a5d,69fded1862446148bd848ece,Kansas City Urology Care,"CMP Building I, LLC_Kansas City Urology Care, PA_OP Loc GLAUUMWC 26-27_6-10-2026_1963756796.pdf",,,processed,false,2026-06-10,,2027-01-01,2026-06-10,false,,,false,"MMIC Insurance, Inc.; Travelers Property Casualty Company of America; The Charter Oak Fire Insurance Company",2026-06-10,,2026-09-22
"Block Real Estate Services, LLC",6a29a6c7956b00da7750c044,69fded1862446148bd848ece,Kansas City Urology Care,"CMP Building I, LLC_Kansas City Urology Care, PA_OP Loc GLAUUMWC 26-27_6-10-2026_671274195.pdf",,,processed,false,2026-06-10,,2027-01-01,2026-06-10,false,,,false,"MMIC Insurance, Inc.; Travelers Property Casualty Company of America; The Charter Oak Fire Insurance Company",2026-06-10,,2026-09-22
"Block Real Estate Services, LLC",6a5a45d495f24ba6c2d723af,69fded1862446148bd848ed4,WinAir,"Block Real Estate Services, LLC_Winsupply Lenexa KS Co._2025-26 Winsupply Master_7-17-2026_1498305093.pdf",,,processed,false,2026-07-22,,2026-10-01,2026-07-17,false,,,false,Sentry Insurance Company; Sentry Casualty Company; Lexington Insurance Company,2026-07-17,,2026-09-22
"Block Real Estate Services, LLC",6a060e781f712c628e52892d,69fded1862446148bd848edd,Kansas Granite Mart Inc,21.0.0.pdf,,,processed,false,2026-06-03,,2027-01-31,2026-03-09,false,,,false,Federated Mutual Insurance Company,2026-05-14,,2026-09-22
"Block Real Estate Services, LLC",6a060e7dfeb0a066657289f3,69fded1862446148bd848edd,Kansas Granite Mart Inc,COI19.pdf,,,processed,false,2026-06-03,,2027-01-31,2026-01-21,false,,,false,Federated Mutual Insurance Company,2026-05-14,,2026-09-22
"Block Real Estate Services, LLC",6a9accefa74cc83fa8ba64a9,69fded1962446148bd848ee3,Kavar Capital Partners / Douglas G & Kara L,Kavar Capital Partners Insurance Certificate.pdf,,,processed,false,2026-09-15,,2027-09-01,2026-09-03,false,,,false,Evanston Insurance Company; The Continental Insurance Company; National Fire Insurance Company of Hartford; --- SEE ATTACHMENT,2026-09-04,,2026-09-22
"Block Real Estate Services, LLC",6aad5b02b48c522ebbb3e3a1,69fded1962446148bd848ee3,Kavar Capital Partners / Douglas G & Kara L,Lease - tic662 - Kavar Capital Partners.pdf,,,processed,false,2026-09-18,,,,false,,,false,,2026-09-18,,2026-09-22
"Block Real Estate Services, LLC",6a42a7865e2a93cdf24113a2,69fded1962446148bd848ef5,"Merry Maids 391 & 604 / Khaos, Inc.",Block Real Estate Service LLC_Khaos Inc._26-27 COI_6-29-2026_783054394.pdf,,,processed,false,2026-06-30,,2027-06-01,2026-06-29,false,,,false,The Cincinnati Insurance Company; Employers Preferred Insurance Company,2026-06-29,,2026-09-22
"Block Real Estate Services, LLC",6a2c3d857ea10850bf9fee01,69fded1962446148bd848efb,Knappco LLC,cert_NYC_Block Real Estate Services_ LLC_12635590_1.pdf,,,processed,false,2026-06-15,,2027-01-01,2026-06-12,false,,,false,Liberty Mutual Fire Insurance Company; LM Insurance Corporation; American Guarantee and Liability Insurance Company; N / A,2026-06-12,,2026-09-22
"Block Real Estate Services, LLC",6a3031b109f375dfb856f27f,69fded1962446148bd848f07,LabCorp / Laboratory Corporation of America Holdings,"COI 2025-2026 (Liability)_LCAH - PERG Buildings, LLC.pdf",,,processed,false,2026-06-17,,2026-11-01,2026-06-11,false,,,false,Westchester Surplus Lines Insurance Company; ACE American Insurance Company; Indemnity Insurance Company of North America; ACE Fire Underwriters Insurance Company,2026-06-15,,2026-09-22
"Block Real Estate Services, LLC",6a3be88333fe3726a48fa14e,69fded1962446148bd848f07,LabCorp / Laboratory Corporation of America Holdings,"COI 2025-2026 (liability)_LCAH - CMP Building II, LLC.pdf",,,processed,false,2026-06-25,,2026-11-01,2026-06-11,false,,,false,Westchester Surplus Lines Insurance Company; ACE American Insurance Company; Indemnity Insurance Company of North America; ACE Fire Underwriters Insurance Company,2026-06-24,,2026-09-22
"Block Real Estate Services, LLC",6a31897677799616d66ce31a,69fded1962446148bd848f19,Legacy Restaurant Group LLC,Legacy Restaurant COI - Block & Company.pdf,,,processed,false,2026-06-17,,2027-04-01,2026-03-23,false,,,false,Greenwich Insurance Company; XL Specialty Insurance Company; Markel American Insurance Company; Houston Casualty Company,2026-06-16,,2026-09-22
"Block Real Estate Services, LLC",6a579dd5c82dc5e22a7eb756,69fded1962446148bd848f22,Life Assist Inc,"College IJ LLC and 4120 Rainbow Associates, L_Life Assist, Inc._202627 Master Cert_7-14-2026_289118208.pdf",,,processed,false,2026-07-21,,2027-01-01,2026-07-14,false,,,false,"Admiral Insurance Company; Associated Industries Insurance Company, Inc.; Travelers Property Casualty Insurance Company",2026-07-15,,2026-09-22
"Block Real Estate Services, LLC",6a071bb90490135a47480eec,69fded1962446148bd848f2e,Link Media Omaha LLC,LinkMediaServicesCOIKCIPRiversideLLC1.pdf,,,processed,false,2026-06-03,,2026-11-15,2025-11-13,false,,,false,Travelers Property Casualty Company of America; Travelers Insurance Co.; Berkshire Hathaway Specialty Insurance Company; AXIS Insurance Company,2026-05-15,,2026-09-22
"Block Real Estate Services, LLC",6a23459c633ee99747982b25,69fded1a62446148bd848f40,Magic Kitchen Inc,Magic Kitchen-PERG-COI_2026-06-05.pdf,,,processed,false,2026-06-08,,2027-06-18,,false,,,false,,2026-06-05,,2026-09-22
"Block Real Estate Services, LLC",6a5663c6070863dfb4dba817,69fded1a62446148bd848f55,"Bistro / Marcie, Inc.",ai-Block Real Estate Services LLC (2).pdf,,,processed,false,2026-07-15,,,,false,,,false,,2026-07-14,,2026-09-22
"Block Real Estate Services, LLC",6a5663d307a076d99c353d47,69fded1a62446148bd848f55,"Bistro / Marcie, Inc.",wos-Block Real Estate Services LLC (1).pdf,,,processed,false,2026-07-15,,,,false,,,false,,2026-07-14,,2026-09-22
"Block Real Estate Services, LLC",6a95a2993c9c612189a0b42c,69fded1a62446148bd848f55,"Bistro / Marcie, Inc.",CERT BLOCK FOR 301-303 WESTPORT RD.pdf,,,processed,false,2026-09-09,,2027-09-01,2026-08-31,false,,,false,Spinnaker Insurance Company,2026-08-31,,2026-09-22
"Block Real Estate Services, LLC",6aa1c2714fd06b004b3fa35f,69fded1a62446148bd848f55,"Bistro / Marcie, Inc.",Lease - 3rd299 - Bistro.pdf,,,processed,false,2026-09-09,,,,false,,,false,,2026-09-09,,2026-09-22
"Block Real Estate Services, LLC",6a311d5a14a7a365eb4794db,69fded1a62446148bd848f61,"Blue Endo / Market-tiers, Inc.","Blue Endo_Market-Tiers, Inc dba Blue Endo_25-26 - 2- GL Umb WC - _6-16-2026_1930019683.pdf",,,processed,false,2026-06-17,,2026-10-06,2026-06-16,false,,,false,"Twin City Fire Insurance Company; Sentinel Insurance Company, Ltd.",2026-06-16,,2026-09-22
"Block Real Estate Services, LLC",6a454d95375e453b637982fa,69fded1a62446148bd848f61,"Blue Endo / Market-tiers, Inc.",WOS Endt for PERG $64 52WECAQ3019.pdf,,,processed,false,2026-07-06,,2026-10-06,,false,,,false,Twin City Fire Insurance Company,2026-07-01,,2026-09-22
"Block Real Estate Services, LLC",6a7a12637c7b9a41c5b4c0ef,69fded1a62446148bd848f64,Martinrea Riverside LLC,Block Real Estate Services LLC_MARTINREA INTERNATIONAL_25-26 WC_8-4-2026_637260265.pdf,,,processed,false,2026-08-19,,2026-11-21,2026-08-04,false,,,false,Liberty Mutual Insurance Europe Limited,2026-08-10,,2026-09-22
"Block Real Estate Services, LLC",6a7a12a0596838130025694a,69fded1a62446148bd848f64,Martinrea Riverside LLC,Block Real Estate Services LLC - Liability - Combined.pdf,,,processed,false,2026-08-19,,2027-06-01,2026-08-04,false,,,false,Allianz Global Risks US Insurance Company; Trumbull Insurance Company,2026-08-10,,2026-09-22
"Block Real Estate Services, LLC",6a85e276451d3079018061a9,69fded1a62446148bd848f64,Martinrea Riverside LLC,Lease - tic242 - Martinrea Riverside LLC.pdf,,,processed,false,2026-08-19,,,,false,,,false,,2026-08-19,,2026-09-22
"Block Real Estate Services, LLC",6aa46eb0220465b8ce892857,69fded1a62446148bd848f67,Massage Envy,Block.pdf,,,processed,false,2026-09-15,,2027-01-19,2026-09-11,false,,,false,Fidelity and Guaranty Insurance Company; AmTrust Insurance Company; Coverys Specialty Insurance Company,2026-09-11,,2026-09-22
"Block Real Estate Services, LLC",6aa9a4b9ecbb6a9b963de6c8,69fded1a62446148bd848f67,Massage Envy,ACORD Form 20260915-220056.pdf,,,processed,false,,,2027-01-19,2026-09-15,false,,,false,Fidelity and Guaranty Insurance Company; AmTrust Insurance Company; Coverys Specialty Insurance Company,2026-09-15,,2026-09-22
"Block Real Estate Services, LLC",6aa9a5cbecbb6a9b963de712,69fded1a62446148bd848f67,Massage Envy,ACORD Form 20260915-220542.pdf,,,processed,false,,,2027-01-19,2026-09-15,false,,,false,Fidelity and Guaranty Insurance Company; AmTrust Insurance Company; Coverys Specialty Insurance Company,2026-09-15,,2026-09-22
"Block Real Estate Services, LLC",6a3d985b4deb0b81aea922c7,69fded1a62446148bd848f6d,Mattress Firm Inc,Mattress Firm 2.pdf,,,processed,false,2026-06-30,,2026-09-01,2026-06-24,false,,,false,Zurich American Insurance Company; ACE Property and Casualty Insurance Company; Westchester Fire Insurance Company,2026-06-25,,2026-09-22
"Block Real Estate Services, LLC",6a3d9869b84117f30eaf443d,69fded1a62446148bd848f6d,Mattress Firm Inc,Mattress Firm 1.pdf,,,processed,false,2026-06-30,,2026-09-01,2026-06-24,false,,,false,Zurich American Insurance Company; ACE Property and Casualty Insurance Company; Westchester Fire Insurance Company,2026-06-25,,2026-09-22
"Block Real Estate Services, LLC",6a443b15e9786aa44fcb9874,69fded1a62446148bd848f6d,Mattress Firm Inc,Matress Firm Group LLC COI Belton Towne Center.pdf,,,processed,false,2026-07-01,,2026-09-01,2026-06-15,false,,,false,Zurich American Insurance Company; ACE Property and Casualty Insurance Company; Westchester Fire Insurance Company,2026-06-30,,2026-09-22
"Block Real Estate Services, LLC",6a456c6048c92c2dc99f7694,69fded1a62446148bd848f6d,Mattress Firm Inc,"COI for Block Real Estate Services, LLC, - 009035.pdf",,,processed,false,2026-07-07,,2026-09-01,2026-06-24,false,,,false,Zurich American Insurance Company; ACE Property and Casualty Insurance Company; Westchester Fire Insurance Company,2026-07-01,,2026-09-22
"Block Real Estate Services, LLC",6a22fff0a234618b199e4b66,69fded1b62446148bd848f91,Medical Technology Associates Inc,"CMP Building III, LLC - 381207.pdf",,,processed,false,2026-06-08,,2027-04-20,2026-06-05,false,,,false,The Charter Oak Fire Insurance Company; Travelers Property Casualty Company of America; Travelers Excess and Surplus Lines Company; Travelers Casualty and Surety Company,2026-06-05,,2026-09-22
"Block Real Estate Services, LLC",6a3dc3ce540c4e7a799a04b0,69fded1b62446148bd848fb2,Midwest Dance Center / Priscilla Lea Young,GL_ACORD_05_24_2026_P100284679-3570480145256.PDF,,,processed,false,2026-06-30,,2027-05-24,2026-04-09,false,,,false,Hiscox Insurance Company Inc.,2026-06-26,,2026-09-22
"Block Real Estate Services, LLC",6a73773d1d2a69d971607599,69fded1b62446148bd848fb2,Midwest Dance Center / Priscilla Lea Young,Lease - 3rd657 - Midwest Dance Center.pdf,,,processed,false,2026-08-05,,,,false,,,false,,2026-08-05,,2026-09-22
"Block Real Estate Services, LLC",6a5a4eec75d581809e567904,69fded1b62446148bd848fac,"Midland Steel Erection, LLC","Riverside Industrial Center Investment, LLC_Midland Steel Erection, LLC_Erection GLAUUM  26-27_3-25-2026_703165017.pdf",,,processed,false,2026-07-17,,2027-01-01,2026-03-25,false,,,false,Employers Mutual Casualty Company; The Burlington Insurance Company; Bearing Midwest Casualty Company,2026-07-17,,2026-09-22
"Block Real Estate Services, LLC",6a5a4f06e01184066f4af892,69fded1b62446148bd848fac,"Midland Steel Erection, LLC","Riverside Industrial Center Investment, LLC_Midland Steel Erection, LLC_Erection GLAUUM  26-27_3-25-2026_703165017.pdf",,,processed,false,2026-07-17,,2027-01-01,2026-03-25,false,,,false,Employers Mutual Casualty Company; The Burlington Insurance Company; Bearing Midwest Casualty Company,2026-07-17,,2026-09-22
"Block Real Estate Services, LLC",6a3d733ef08a13c0c8807013,69fded1b62446148bd848fc4,"Mindful Child Wellness + Aeriel Yoga, LLC",Mindful Child and Welness and Aerial Yoga - COI - Block Realestate Services LLC.pdf,,,processed,false,2026-06-25,,2027-05-12,2026-06-24,false,,,false,State Farm Fire and Casualty Company,2026-06-25,,2026-09-22
"Block Real Estate Services, LLC",6a18ab77e701796d85ebc1c2,69fded1b62446148bd848fca,"Wingstop / Missouri Wings XIV, LLC",NOT FOUND - Missouri Wings XIV LLC.pdf,,,processed,false,2026-06-01,,2027-01-01,2026-03-04,false,,,false,"Wesco Insurance Company; Technology Insurance Company, Inc.; Security National Insurance Company; Zurich American Insurance Company; Aspen Specialty Insurance Company",2026-05-28,,2026-09-22
"Block Real Estate Services, LLC",6a58e16a5c7b97125a9c8613,69fded1c62446148bd848fdf,"Munch's Supply O'Connor LLC / O'Connor Company, Inc.",O'Connor - Block Real Estate.pdf,,,processed,false,2026-07-21,,2026-09-30,2026-07-16,false,,,false,Federal Insurance Company; Chubb National Insurance Company,2026-07-16,,2026-09-22
"Block Real Estate Services, LLC",6a3d5f76540c4e7a799a0404,69fded1c62446148bd848ff7,New Century Dodge Chrysler Wholesale Parts,work comp coc.pdf,,,processed,false,2026-07-08,,2027-01-01,,false,,,false,,2026-06-25,,2026-09-22
"Block Real Estate Services, LLC",6a440959d1b03a7ae56a1465,69fded1c62446148bd848ff7,New Century Dodge Chrysler Wholesale Parts,Block Real Estate Services.pdf,,,processed,false,2026-06-30,,2027-02-01,2026-06-30,false,,,false,Auto-Owners Insurance Company,2026-06-30,,2026-09-22
"Block Real Estate Services, LLC",6a85e0b1989ba4ce042c74d0,69fded1c62446148bd848ff7,New Century Dodge Chrysler Wholesale Parts,Lease - tic785 - New Century Dodge Chrysler Wholesale Parts.pdf,,,processed,false,2026-08-19,,,,false,,,false,,2026-08-19,,2026-09-22
"Block Real Estate Services, LLC",6a3adff0cf85b61f730f434c,69fded1c62446148bd849000,New Lawn LLC,BlockRealEstateServicesLLC23591074.pdf,,,processed,false,2026-06-24,,2026-08-28,2026-06-23,false,,,false,Hartford Underwriters Insurance Company; Travelers Casualty Insurance Company of America; The Travelers Indemnity Company; Property and Casualty Insurance Company of Hartford,2026-06-23,,2026-09-22
"Block Real Estate Services, LLC",6a7dd860d4da2b6f5b74a587,69fded1c62446148bd849000,New Lawn LLC,Block Real Estate Services LLC - COI.pdf,,,processed,false,2026-08-21,,2027-02-03,2026-08-13,false,,,false,Hartford Underwriters Insurance Company; Travelers Casualty Insurance Company of America; The Travelers Indemnity Company; Property and Casualty Insurance Company of Hartford,2026-08-13,,2026-09-22
"Block Real Estate Services, LLC",6a3957c8efaf8fc91cd0aef7,69fded1c62446148bd84900f,Nifty Promotions LLC,Nifty Block Cert.pdf,,,processed,false,2026-06-22,,2026-10-27,2026-06-22,false,,,false,"Hartford Underwriters Insurance Company; The Hartford; Fidelity and Guaranty Insurance Underwriters, Inc.",2026-06-22,,2026-09-22
"Block Real Estate Services, LLC",6a3e82d457a0d280997f8302,69fded1c62446148bd849027,OMB Bank,OMB - Block Real Estate - Updated COI.pdf,,,processed,false,2026-06-30,,2027-01-01,2026-06-15,false,,,false,Travelers Insurance,2026-06-26,,2026-09-22
"Block Real Estate Services, LLC",6a45365948c92c2dc99f75b9,69fded1d62446148bd849039,Orscheln Farm & Home LLC,Tractor Supply Company - NorthridgeClarinda LLC - 26062936921555 - 570121557774.pdf,,,processed,false,2026-07-02,,2027-04-01,2026-06-30,false,,,false,"XL Insurance America, Inc.; Greenwich Insurance Company",2026-07-01,,2026-09-22
"Block Real Estate Services, LLC",6a3576951f6b786b44770021,69fded1d62446148bd849042,"Oz Accommodations, Inc.",Certificate - 2026-06-19T120411.656.pdf,,,processed,false,2026-06-22,,2027-04-22,2026-06-19,false,,,false,The Cincinnati Insurance Company; The Cincinnati Indemnity Company,2026-06-19,,2026-09-22
"Block Real Estate Services, LLC",6a737abffda47045c8c9d96f,69fded1d62446148bd849048,"P1 Group / P1 Service, LLC",23833525 COI FOR BLOCK REAL ESTATE SERVICES exp2026.pdf,,,processed,false,2026-08-10,,2026-10-01,2026-08-05,false,,,false,National Fire Insurance Company of Hartford; Valley Forge Insurance Company; The Continental Insurance Company,2026-08-05,,2026-09-22
"Block Real Estate Services, LLC",6a6cd95021dc5f0a73d4ae28,69fded1d62446148bd84904e,Pack3000 LLC,Pages from 26-27 Certificates of Insurance.pdf,,,processed,false,2026-08-03,,2027-08-01,2026-07-31,false,,,false,Travelers Property Casualty Company of America; The Travelers Indemnity Company of America; The Travelers Indemnity Company; Travelers Casualty and Surety Company,2026-07-31,,2026-09-22
"Block Real Estate Services, LLC",6a2c52fa8b0f9b5ef895d8a1,69fded1d62446148bd849051,"Hydro Ponics / River Market Hydro / Palm Green, LLC",COI Palm Green.pdf,,,processed,false,2026-06-15,,2026-10-19,2026-06-05,false,,,false,Owners Insurance Company,2026-06-12,,2026-09-22
"Block Real Estate Services, LLC",6a43fb78d1b03a7ae56a13e1,69fded1d62446148bd84905d,Nitto Denko Automotive / Parkers America,Block Real Estate Services LLC_Parker Americas Inc._26-27 GL BAUT UMBR_6-29-2026_2023086823.pdf,,,processed,false,2026-06-30,,2027-04-03,2026-06-29,false,,,false,Liberty Mutual Fire Insurance Company; Liberty Insurance Corporation,2026-06-30,,2026-09-22
"Block Real Estate Services, LLC",6a340c9e3a28b57599a17cba,69fded1d62446148bd849060,Parris Communications,COI - PC Investors (2).pdf,,,processed,false,2026-06-22,,2026-11-10,2026-06-18,false,,,false,Hartford Casualty Insurance Company; Hartford Underwriters Insurance Company,2026-06-18,,2026-09-22
"Block Real Estate Services, LLC",6a3c4bad8ac7d389f4d052de,69fded1d62446148bd849066,Paycom Payroll LLC,Block Real Estate Services LLC -  COI.pdf,,,processed,false,2026-06-25,,2027-04-15,2026-06-24,false,,,false,The Phoenix Insurance Company; Farmington Casualty Company; Travelers Property Casualty Company of America; Travelers Commercial Casualty Company,2026-06-24,,2026-09-22
"Block Real Estate Services, LLC",6a831c93fe7735c1f5f55400,69fded1d62446148bd84907b,Petfolk Real Estate Holdings LLC,COI - Overland Park - Liability.pdf,,,processed,false,2026-08-21,,2027-02-16,2026-03-10,false,,,false,Hartford Underwriters Insurance Company,2026-08-17,,2026-09-22
"Block Real Estate Services, LLC",6a8476c6be849ef01a1b638a,69fded1d62446148bd84907b,Petfolk Real Estate Holdings LLC,Galleria 115 Investors LLC_Petfolk Inc._2026-2027 PetFolk Inc WC _3-11-2026_59420544.pdf,,,processed,false,2026-08-21,,2027-01-01,2026-03-11,false,,,false,Hartford Casualty Insurance Company,2026-08-18,,2026-09-22
"Block Real Estate Services, LLC",6a7f2ea7242985170ee66413,69fded1e62446148bd8490a2,Polymershapes LLC,"co Block Real Estate Services, LLC_Polymershapes, LLC_2025-2026 Master - Liabil_8-14-2026_41492508.pdf",,,processed,false,2026-08-21,,2026-11-01,2026-08-14,false,,,false,Chubb National Insurance Company; Federal Insurance Company; ACE American Insurance Company; Travelers Excess and Surplus Lines Company; Starr Indemnity & Liability Company; Aspen American Insurance Company,2026-08-14,,2026-09-22
"Block Real Estate Services, LLC",6a8c40df89da8b38fd96c8b6,69fded1e62446148bd8490a2,Polymershapes LLC,Lease - kci288 - Polymershapes LLC (1).pdf,,,processed,false,2026-08-24,,,,false,,,false,,2026-08-24,,2026-09-22
"Block Real Estate Services, LLC",6a8c40e089da8b38fd96c8d5,69fded1e62446148bd8490a2,Polymershapes LLC,Lease - kci288 - Polymershapes LLC (2).pdf,,,processed,false,2026-08-24,,,,false,,,false,,2026-08-24,,2026-09-22
"Block Real Estate Services, LLC",6a4d09244fb0dfb0f428d6a1,69fded1e62446148bd8490ba,Professional Toxicology Services Inc,Name PROFESSIONAL TOXICOLOGY SERVICES INC (2).pdf,,,processed,false,2026-07-10,,2027-01-01,2026-06-19,false,,,false,State Farm Fire and Casualty Company,2026-07-07,,2026-09-22
"Block Real Estate Services, LLC",6a5e6d795cde91549298d434,69fded1e62446148bd8490ba,Professional Toxicology Services Inc,CERTIFICATE OF INSURANCE (COI).Pdf,,,processed,false,2026-07-22,,2027-06-26,2026-07-20,false,,,false,Hartford Insurance Company of the Southeast,2026-07-20,,2026-09-22
"Block Real Estate Services, LLC",6a3e956f85fd97a7c8d4268f,69fded1e62446148bd8490b4,Principal Life Insurance Company,co Block Real Estate Services - WC.pdf,,,processed,false,2026-06-30,,2027-05-01,2026-06-24,false,,,false,Accident Fund Insurance Company of America,2026-06-26,,2026-09-22
"Block Real Estate Services, LLC",6a3e962ec440b3797746b7ab,69fded1e62446148bd8490b4,Principal Life Insurance Company,"Block Real Estate Services, LLC - GL.pdf",,,processed,false,2026-06-30,,2027-05-01,2026-06-24,false,,,false,Endurance Assurance Corporation; ACE Property and Casualty Insurance Company; The Cincinnati Insurance Company,2026-06-26,,2026-09-22
"Block Real Estate Services, LLC",6a99c9a830abe0dd7cd9040e,69fded1e62446148bd8490c3,Propak Logistics Inc,Lease - tic541 - Propak 5101.pdf,,,processed,false,2026-09-15,,,,false,,,false,,2026-09-03,,2026-09-22
"Block Real Estate Services, LLC",6a7501d00166c7493f75e95f,69fded1e62446148bd8490cc,"Psychology Office Management, Inc.",Acord for Business.pdf,,,processed,false,2026-08-11,,2026-10-01,2026-08-06,false,,,false,State Farm Fire and Casualty Company,2026-08-06,,2026-09-22
"Block Real Estate Services, LLC",6a7c9036c197dd69b08fad50,69fded1e62446148bd8490cc,"Psychology Office Management, Inc.",Lease - tic752 - Psychology Office Management.pdf,,,processed,false,2026-08-12,,,,false,,,false,,2026-08-12,,2026-09-22
"Block Real Estate Services, LLC",6a6bae3ebcce2cc2487c53a7,69fded1f62446148bd8490ea,"Regal Staffing, LLC",Block.pdf,,,processed,false,2026-08-03,,2027-07-20,2026-07-16,false,,,false,Philadelphia Indemnity Insurance Company; National Casualty Company; Twin City Fire Insurance Company,2026-07-30,,2026-09-22
"Block Real Estate Services, LLC",6a70f52900191bb5cd20188a,69fded1f62446148bd8490ea,"Regal Staffing, LLC",Lease - glo511 - Regal Staffing LLC.pdf,,,processed,false,2026-08-03,,,,false,,,false,,2026-08-03,,2026-09-22
"Block Real Estate Services, LLC",6aa44653220465b8ce8921c6,69fded1f62446148bd84910b,Roto-Rooter Services Company Inc,Lease - 460549 - Roto-Rooter.pdf,,,processed,false,2026-09-11,,,,false,,,false,,2026-09-11,,2026-09-22
"Block Real Estate Services, LLC",6a848de867ba47495a836292,69fded2062446148bd849129,"Sally Beauty Co., Inc. / Sally Beauty 1717",Sally_Beauty_Third_Party_Who_Requires_Evidence_of_Insurance_06_18_2026.pdf,,,processed,false,2026-08-24,,2026-11-16,2026-06-18,false,,,false,Safety National Casualty Corporation,2026-08-18,,2026-09-22
"Block Real Estate Services, LLC",6a848de967ba47495a8362af,69fded2062446148bd849129,"Sally Beauty Co., Inc. / Sally Beauty 1717",2025_Additional-Insured-Managers-or-Lessors-of-Premises.pdf,,,processed,false,2026-08-24,,,,false,,,false,,2026-08-18,,2026-09-22
"Block Real Estate Services, LLC",6a848de967ba47495a8362cb,69fded2062446148bd849129,"Sally Beauty Co., Inc. / Sally Beauty 1717",2025_Additional-Insured-by-Contract.pdf,,,processed,false,2026-08-24,,,,false,,,false,,2026-08-18,,2026-09-22
"Block Real Estate Services, LLC",6a848deb67ba47495a8362e7,69fded2062446148bd849129,"Sally Beauty Co., Inc. / Sally Beauty 1717",2025_Waiver-of-Subrogation.pdf,,,processed,false,2026-08-24,,2026-11-16,,false,,,false,,2026-08-18,,2026-09-22
"Block Real Estate Services, LLC",6a8e01a974571d50646d4df0,69fded2062446148bd849129,"Sally Beauty Co., Inc. / Sally Beauty 1717",Lease - sum015 - Sally Beauty Co. Inc.pdf,,,processed,false,2026-08-26,,,,false,,,false,,2026-08-25,,2026-09-22
"Block Real Estate Services, LLC",6a566542920c7c777ab3acec,69fded2062446148bd84913e,Security Data Supply,Certificate of Insurance.pdf,,,processed,false,2026-07-14,,2027-01-30,2026-07-14,false,,,false,Hartford Underwriters Insurance Company; Nutmeg Insurance Company,2026-07-14,,2026-09-22
"Block Real Estate Services, LLC",6a31d390d80f8df78b1d3187,69fded2062446148bd849144,Select Comfort Retail Corporation,"Block Real Estate Services, LLC.pdf",,,processed,false,2026-06-17,,2027-02-01,2026-06-16,false,,,false,Sentry Insurance Company; Travelers Property Casualty Company of America,2026-06-16,,2026-09-22
"Block Real Estate Services, LLC",6a39654eefaf8fc91cd0af3a,69fded2062446148bd84915c,Sherwin Williams-SW 07526,Sherwin Williams COI.pdf,,,processed,false,2026-06-22,,2027-05-01,2026-04-23,false,,,false,ACE American Insurance Company; ACE Fire Underwriters Insurance Company; Old Republic Insurance Company; ACE Property and Casualty Insurance Company,2026-06-22,,2026-09-22
"Block Real Estate Services, LLC",6a724e057518e8c1cb905e51,69fded2062446148bd84915c,Sherwin Williams-SW 07526,"Mill Street Station, LLC-570119596606.pdf",,,processed,false,2026-08-06,,2027-05-01,2026-04-23,false,,,false,ACE American Insurance Company; ACE Fire Underwriters Insurance Company; Old Republic Insurance Company; ACE Property and Casualty Insurance Company,2026-08-04,,2026-09-22
"Block Real Estate Services, LLC",6a74eb1f0166c7493f75e909,69fded2062446148bd84915c,Sherwin Williams-SW 07526,Lease - mil708 - Sherwin Williams SW 07526.pdf,,,processed,false,2026-08-06,,,,false,,,false,,2026-08-06,,2026-09-22
"Block Real Estate Services, LLC",6a2814dd188eff3d9a5a4c71,69fded2062446148bd849168,Siemens Corporation,cert_NYC_BRIAN 4_ LLC_11948608_8.pdf,,,processed,false,2026-06-11,,2026-10-01,2026-06-09,false,,,false,Zurich American Insurance Company; Travelers Property Casualty Company of America; American Guarantee and Liability Insurance Company; Travelers Casualty and Surety Company,2026-06-09,,2026-09-22
"Block Real Estate Services, LLC",6a4d28dc519bbf6da151f9f3,69fded2062446148bd849168,Siemens Corporation,Siemens Corp Waiver - 2026.07.07.pdf,,,processed,false,2026-07-07,,,,false,,,true,,2026-07-07,,2026-09-22
"Block Real Estate Services, LLC",6a5520c20354bdc4ee306e12,69fded2062446148bd849168,Siemens Corporation,Lease - kc2704 - Siemens Corporation.pdf,,,processed,false,2026-07-13,,,,false,,,false,,2026-07-13,,2026-09-22
"Block Real Estate Services, LLC",6a837672d00ce33ba8a1b474,69fded2062446148bd84916e,SJK Global LLC,COI - Block Real Estate (1).pdf,,,processed,false,2026-08-17,,2027-01-23,2026-07-24,false,,,false,"Sentinel Insurance Company, Ltd.; Trumbull Insurance Company",2026-08-17,,2026-09-22
"Block Real Estate Services, LLC",6a8376b0fe7735c1f5f55741,69fded2062446148bd84916e,SJK Global LLC,Lease - tic680 - SJK Clobal LLC.pdf,,,processed,false,2026-08-17,,,,false,,,false,,2026-08-17,,2026-09-22
"Block Real Estate Services, LLC",6a32d114106a7c71e356808a,69fded2062446148bd849174,Slim 4 Life Weight Loss Centers Inc,"Midwest Ketter Investments, LLC_4 Life Weight Loss Centers, Inc._Master 26-27_6-16-2026_2059136014.pdf",,,processed,false,2026-06-17,,2026-11-13,,false,,,false,Hartford Casualty Insurance Company,2026-06-17,,2026-09-22
"Block Real Estate Services, LLC",6a4d3e48bceadc2661204f01,69fded2062446148bd849177,"Epic Vision Center / Smithville Eye Center, LLC",Block Real Estate.pdf,,,processed,false,2026-07-10,,2027-06-15,2026-07-07,false,,,false,Twin City Fire Insurance Company,2026-07-07,,2026-09-22
"Block Real Estate Services, LLC",6a566eb4070863dfb4dba8c4,69fded2062446148bd849177,"Epic Vision Center / Smithville Eye Center, LLC",WC - 8305 Melrose 26-27.pdf,,,processed,false,2026-07-15,,2027-08-01,2026-07-10,false,,,false,American Zurich Insurance Company,2026-07-14,,2026-09-22
"Block Real Estate Services, LLC",6a2c1a679bc55938cfee9dba,69fded2162446148bd84917a,"Church's Chicken / SNSA, Inc.",scan0001.pdf,,,processed,false,2026-06-15,,2027-03-06,2026-04-21,false,,,false,MIDWEST INSURANCE COMPANY,2026-06-12,,2026-09-22
"Block Real Estate Services, LLC",6a91bf855b1e91036cf8b104,69fded2162446148bd84917d,Soar Nutrition,Lease - 3rd657 - Soar Nutrition.pdf,,,processed,false,2026-08-28,,,,false,,,false,,2026-08-28,,2026-09-22
"Block Real Estate Services, LLC",6a997f43c0c3e3aba5148426,69fded2162446148bd84917d,Soar Nutrition,CERTIFICATE OF INSURANCE.Pdf,,,processed,false,2026-09-15,,2027-08-18,2026-09-01,false,,,false,Property and Casualty Insurance Company of Hartford,2026-09-03,,2026-09-22
"Block Real Estate Services, LLC",6a870cb7ad5262fbc69871dd,69fded2162446148bd849180,Sobriety First,Lease - 3rd654 - Sobriety First.pdf,,,new,false,2026-08-20,,,,false,,,false,,2026-08-20,,2026-09-22
"Block Real Estate Services, LLC",6a8756374679691826ed9f2f,69fded2162446148bd849180,Sobriety First,COI_AUG2026.pdf,,,processed,false,2026-08-24,,2027-01-13,2026-08-11,false,,,false,"Acuity, A Mutual Insurance Company",2026-08-20,,2026-09-22
"Block Real Estate Services, LLC",6a7ba4e68a6c49b387082b0b,69fded2162446148bd849183,"Soleran, Inc. (sublease from Sunflower Health Plan / Centene Management Company, LLC)",COI 2026-2027 Soleran Block RE 3.pdf,,,processed,false,2026-08-19,,2027-08-06,2026-08-11,false,,,false,"Sentinel Insurance Company, Ltd.; Trumbull Insurance Company",2026-08-11,,2026-09-22
"Block Real Estate Services, LLC",6a562548f701fa0e9775e549,69fded2162446148bd849195,Sports Rehab & Physical Therapy Inc,COI - CMP II LLC.pdf,,,processed,false,2026-07-15,,2027-01-15,2026-07-14,false,,,false,Amercian Casualty Co. of Reading PA; Hartford Casualty Insurance Company; TRAVELERS INDEMNITY COMPANY,2026-07-14,,2026-09-22
"Block Real Estate Services, LLC",6aa862cc2947094034f400d6,69fded2162446148bd849195,Sports Rehab & Physical Therapy Inc,Lease - cm3758 - Sports Rehab and Physical Therapy.pdf,,,processed,false,2026-09-14,,,,false,,,false,,2026-09-14,,2026-09-22
"Block Real Estate Services, LLC",6a849dab37c8e331a7147d92,69fded2162446148bd8491b9,Stifel Nicolaus & Company Inc,"co Block real Estate Services, LLC_Stifel Financial Corp_(1)  26-27 GL AL WC XS ($_7-22-2026_2079188121.pdf",,,processed,false,2026-08-24,,2027-06-29,2026-07-22,false,,,false,Great Northern Insurance Company; Federal Insurance Company; ACE American Insurance Company,2026-08-18,,2026-09-22
"Block Real Estate Services, LLC",6a2c41f5be9dc56b33f0e996,69fded2262446148bd8491d7,"SPI Coatings / Superior Products International II, Inc.",Proof of GL insurance 26-27.pdf,,,processed,false,2026-06-15,,2027-01-01,,false,,,false,Capitol Specialty Insurance Corporation,2026-06-12,,2026-09-22
"Block Real Estate Services, LLC",6a725b69518949c68e492fa9,69fded2262446148bd8491d7,"SPI Coatings / Superior Products International II, Inc.",Lease - bkp362 - SPI Coatings.pdf,,,processed,false,2026-08-04,,,,false,,,false,,2026-08-04,,2026-09-22
"Block Real Estate Services, LLC",6a05f6111f712c628e49195b,69fded2262446148bd8491e6,Telamon Technologies Corporation,TelamonTechnologiesCorporationCOILamarDistributionCenter11.pdf,,,processed,false,2026-06-03,,2026-10-01,2025-10-01,false,,,false,Atlantic Specialty Insurance Company; OBI National Insurance Company,2026-05-14,,2026-09-22
"Block Real Estate Services, LLC",6a4fb977f0ee70bc3c455be1,69fded2262446148bd8491e3,Tech Electronics of Kansas,"College Crossing CD, LLC_Tech Electronics of Kansas,LLC_26-27 MAIN GLI CAUT CUMB_7-8-2026_63430023.pdf",,,processed,false,2026-07-14,,2027-05-17,2026-07-08,false,,,false,Amerisure Insurance Company; Amerisure Mutual Insurance Company; Twin City Fire Insurance Company,2026-07-09,,2026-09-22
"Block Real Estate Services, LLC",6a67c0cf172a897493983639,69fded2262446148bd8491e3,Tech Electronics of Kansas,Lease - tic765 - Tech Electronics.pdf,,,processed,false,2026-07-27,,,,false,,,false,,2026-07-27,,2026-09-22
"Block Real Estate Services, LLC",6a9adf99df004f6028b2b176,69fded2262446148bd8491fe,The American National Red Cross,40358 - COI Certificate 2026-2027.pdf,,,processed,false,2026-09-04,,2027-07-01,2026-08-29,false,,,false,Old Republic Insurance Company; Factory Mutual Insurance Company,2026-09-04,,2026-09-22
"Block Real Estate Services, LLC",6a9af29424fe7bff135a17f5,69fded2262446148bd8491fe,The American National Red Cross,Lease - prg845 - The American National Red Cross.pdf,,,processed,false,2026-09-04,,,,false,,,false,,2026-09-04,,2026-09-22
"Block Real Estate Services, LLC",6a6233138684afcc42f2267a,69fded2262446148bd849207,"Rogers Labs (fka P&C Next) / The Compatibility Center, LLC",acord25 - 2026-07-23T102758.209.pdf,,,processed,false,2026-07-27,,2026-09-14,2026-07-23,false,,,false,State Farm Fire and Casualty Company,2026-07-23,,2026-09-22
"Block Real Estate Services, LLC",6a71ed355d1c88bd9bf67cb6,69fded2262446148bd849207,"Rogers Labs (fka P&C Next) / The Compatibility Center, LLC",Lease - prg835 - Rogers Labs.pdf,,,processed,false,2026-08-04,,,,false,,,false,,2026-08-04,,2026-09-22
"Block Real Estate Services, LLC",6a3c11ee471d21bbc95f6c8f,69fded2262446148bd84920d,Argosy Casino & Hotel / The Missouri Gaming Company,6-24-26 Block Income Fund COI.pdf,,,processed,false,2026-06-25,,2027-04-01,2026-06-24,false,,,false,Zurich American Insurance Company; American Guarantee and Liability Insurance Company; American Zurich Insurance Company,2026-06-24,,2026-09-22
"Block Real Estate Services, LLC",6a3eaec4c35829c634df588f,69fded2262446148bd84920d,Argosy Casino & Hotel / The Missouri Gaming Company,6-26-2026 Block Income Fund COI.pdf,,,processed,false,2026-06-30,,2027-04-01,2026-06-26,false,,,false,Zurich American Insurance Company; American Guarantee and Liability Insurance Company; American Zurich Insurance Company,2026-06-26,,2026-09-22
"Block Real Estate Services, LLC",6a55207e4a3538cc4162dae0,69fded2262446148bd84920d,Argosy Casino & Hotel / The Missouri Gaming Company,Lease - bf3944 - Argosy Casino & Hotel.pdf,,,processed,false,2026-07-13,,,,false,,,false,,2026-07-13,,2026-09-22
"Block Real Estate Services, LLC",6aa1b0d4aec08381f4031536,69fded2262446148bd849213,The Sunderland Foundation,CERTIFICATE OF INSURANCE (COI).Pdf.pdf,,,processed,false,2026-09-15,,2027-05-21,2026-08-05,false,,,false,Twin City Fire Insurance Company,2026-09-09,,2026-09-22
"Block Real Estate Services, LLC",6aa1b0d6aec08381f4031553,69fded2262446148bd849213,The Sunderland Foundation,CERTIFICATE OF INSURANCE WC.Pdf,,,processed,false,2026-09-15,,2027-05-21,2026-08-05,false,,,false,Trumbull Insurance Company,2026-09-09,,2026-09-22
"Block Real Estate Services, LLC",6a8712bc0e0411c58935fed2,69fded2362446148bd849234,"DaVita Dialysis / Total Renal Care, Inc.",Lease - cm3758 - DaVita Dialysis.pdf,,,processed,false,2026-08-20,,,,false,,,false,,2026-08-20,,2026-09-22
"Block Real Estate Services, LLC",6a87517457179b53adb1c04d,69fded2362446148bd849234,"DaVita Dialysis / Total Renal Care, Inc.",cert_SEA_Block Real Estate Services_ LLC_4251572_1.pdf,,,processed,false,2026-08-21,,2026-10-01,2026-08-20,false,,,false,"Federal Way Assurance Inc.; National Union Fire Insurance Company of Pittsburgh, Pa.; AIU Insurance Company",2026-08-20,,2026-09-22
"Block Real Estate Services, LLC",6a39a0ef56c92b305022f694,69fded2362446148bd849231,"Johnson County Davita / Total Renal Care, Inc.",cert_SEA_C_o Block Real Estate Services_4236816_1.pdf,,,processed,false,2026-06-25,,2026-10-01,2026-06-23,false,,,false,Federal Way Assurance Inc.; N / A; AIU Insurance Company,2026-06-22,,2026-09-22
"Block Real Estate Services, LLC",6a7f128dafc46d8b07680182,69fded2362446148bd84924f,UBS Financial Services Inc,"Block Real Estate Services, LLC.pdf",,,processed,false,2026-08-21,,2027-07-01,2026-08-14,false,,,false,Zurich American Insurance Company; American Guarantee and Liability Insurance Company,2026-08-14,,2026-09-22
"Block Real Estate Services, LLC",6aa447ae7880ec8756e026f5,69fded2362446148bd84924f,UBS Financial Services Inc,Lease - tic001 - UBS Financial Services.pdf,,,processed,false,2026-09-11,,,,false,,,false,,2026-09-11,,2026-09-22
"Block Real Estate Services, LLC",6a062146b65dbfe9916d4fbe,69fded2362446148bd84925e,"Triton Stone Group/Triton Stone of Kansas City / Unique Stone Concepts, LLC",570118801739.pdf,,,processed,false,2026-06-02,,2027-04-01,2026-03-26,false,,,false,Zurich American Insurance Company; American Guarantee and Liability Insurance Company,2026-05-14,,2026-09-22
"Block Real Estate Services, LLC",6a85ab0ac9d99eef6a3a06a5,69fded2362446148bd84926a,United Refrigeration Inc,26-27 Liability Cert-Set - United Refrigeration Inc.pdf,,,processed,false,2026-08-24,,2027-01-01,2026-08-17,false,,,false,Arch Insurance Company,2026-08-19,,2026-09-22
"Block Real Estate Services, LLC",6aa994574caf2207e3de9008,69fded2362446148bd849270,"KCBR DESIGN/REMODEL / Unlimited Contracting, LLC","co Block Real Estate Services, LLC_Unlimited Contracting LLC DBA KCBR _Master 26-27 COI_9-15-2026_1819915492.pdf",,,processed,false,2026-09-15,,2027-04-06,2026-09-15,false,,,false,The Cincinnati Insurance Company; Waypoint Mutual,2026-09-15,,2026-09-22
"Block Real Estate Services, LLC",6aad8a0b1eb773ddb29589e6,69fded2362446148bd849270,"KCBR DESIGN/REMODEL / Unlimited Contracting, LLC","co Block Real Estate Services, LLC_Unlimited Contracting LLC DBA KCBR _Master 26-27 COI_9-18-2026_1703966736.pdf",,,processed,false,,,2027-04-06,2026-09-18,false,,,false,The Cincinnati Insurance Company; Waypoint Mutual,2026-09-18,,2026-09-22
"Block Real Estate Services, LLC",6aad8b7f9a5cd239c5ac0a79,69fded2362446148bd849270,"KCBR DESIGN/REMODEL / Unlimited Contracting, LLC","co Block Real Estate Services, LLC_Unlimited Contracting LLC DBA KCBR _Master 26-27 COI_9-18-2026_1807945001.pdf",,,processed,false,,,2027-04-06,2026-09-18,false,,,false,The Cincinnati Insurance Company; Waypoint Mutual,2026-09-18,,2026-09-22
"Block Real Estate Services, LLC",6a67a23c72e3a2f582038b7f,69fded2462446148bd84927f,Var City Maintenance LLC,LEASE - prg802 - Var City Maintenance LLC.pdf,,,processed,false,2026-07-27,,,,false,,,false,,2026-07-27,,2026-09-22
"Block Real Estate Services, LLC",6a8dc82d6297a64f442c088f,69fded2462446148bd84927f,Var City Maintenance LLC,"26-27 Master Certificate - PERG BUILDINGS, LLC.pdf",,,processed,false,2026-08-26,,2027-02-22,2026-08-25,false,,,false,"General Insurance Company of America; The Ohio Casualty Insurance Company; American Casualty Company of Reading, Pennsylvania",2026-08-25,,2026-09-22
"Block Real Estate Services, LLC",6a22ecb5e73a40141679f0b6,69fded2462446148bd8492a6,Wayfair LLC,"College IJ, LLC.pdf",,,processed,false,2026-06-08,,2026-12-31,2026-01-07,false,,,false,ACE American Insurance Company; ACE Property and Casualty Insurance Company; Indemnity Insurance Company of North America; ACE Fire Underwriters Insurance Company,2026-06-05,,2026-09-22
"Block Real Estate Services, LLC",6aa31093f232d23aff6afb1c,69fded2462446148bd8492a6,Wayfair LLC,"College IK, LLC and 4120 Rainbow Associates LLC_1172969_19_001.pdf",,,processed,false,2026-09-15,,2027-09-01,,false,,,false,,2026-09-10,,2026-09-22
"Block Real Estate Services, LLC",6a469d32797dbac10da8c63f,69fded2462446148bd8492af,"Satellite Engineering / WESCO Distribution, Inc.",26-27 WESCO Landlords - Block Real Estate Services.pdf,,,processed,false,2026-07-09,,2027-06-04,2026-07-01,false,,,false,Travelers Property Casualty Company of America,2026-07-02,,2026-09-22
"Block Real Estate Services, LLC",6a563f5f68ef626ef3e04450,69fded2462446148bd8492af,"Satellite Engineering / WESCO Distribution, Inc.","Lease - bkp363 - Wesco Distribution, Inc.pdf",,,processed,false,2026-07-14,,,,false,,,false,,2026-07-14,,2026-09-22
"Block Real Estate Services, LLC",6a677897172a897493983397,6a072930f523b35823695c72,Taikan Development Corporation,37SBABF1360.pdf,,,processed,false,2026-07-28,,2026-08-13,2026-07-27,false,,,false,"Sentinel Insurance Company, Ltd.",2026-07-27,,2026-09-22
"Block Real Estate Services, LLC",6a6916ea24dd182c77759a5b,6a072930f523b35823695c72,Taikan Development Corporation,Taikan COI.pdf,,,processed,false,2026-07-29,,2027-08-09,2026-07-27,false,,,false,"Sentinel Insurance Company, Ltd.; Twin City Fire Insurance Company",2026-07-28,,2026-09-22
"Block Real Estate Services, LLC",6a637cf2ba0418f566ac5c67,6a17103e4ee870c0f8575639,"WGN & Associates, LLC","WGN & Associates, LLC KCMO COI.pdf",,,processed,false,2026-07-27,,2026-10-28,2026-07-22,false,,,false,State Auto Property & Casualty Insurance Company; Hartford Casualty Insurance Company,2026-07-24,,2026-09-22
"Block Real Estate Services, LLC",6a737deab4a93d6da7e42290,6a17103e4ee870c0f8575639,"WGN & Associates, LLC",Lease - 3rd312 - WGN & Associates.pdf,,,processed,false,2026-08-05,,,,false,,,false,,2026-08-05,,2026-09-22
"Block Real Estate Services, LLC",6a5e9e04b4f7f0f11147d3e0,6a17105b1814afc0f53b2a39,Computers To Go / Scott Petrak,CTG Hartford CERTIFICATE.Pdf,,,processed,false,2026-07-22,,2026-11-09,2025-10-11,false,,,false,"Sentinel Insurance Company, Ltd.",2026-07-20,,2026-09-22
"Block Real Estate Services, LLC",6a83686cfe6e043d43002133,6a17105b1814afc0f53b2a39,Computers To Go / Scott Petrak,Lease - 3rd312 - Computers to Go.pdf,,,processed,false,2026-08-17,,,,false,,,false,,2026-08-17,,2026-09-22
"Block Real Estate Services, LLC",6a60edc50a4315bb2509af45,6a1757dbf2985118876d7f9a,Afrah Event Center / Astro Ventures,CERTIFICATE OF INSURANCE.Pdf,,,processed,false,2026-07-27,,2027-03-01,2026-02-11,false,,,false,Property and Casualty Insurance Company of Hartford,2026-07-22,,2026-09-22
"Block Real Estate Services, LLC",6a4537c1375e453b637982b8,6a184f4af8f612ef094c4c00,PharMerica / Pharmacy Corporation of America,Pharmerica Corporation_Lenexa-570121440137.pdf,,,processed,false,2026-07-02,,2027-07-01,2026-06-29,false,,,false,ACE American Insurance Company; Indemnity Insurance Company of North America; Illinois Union Insurance Company; Arch Specialty Insurance Company,2026-07-01,,2026-09-22
"Block Real Estate Services, LLC",6a70a1f3638998dcd2d99fe4,6a186650b517ae25a87c5643,Kansas City Vascular & General Surgery Group / HCA Midwest Health,2026 COI KS.pdf,,,processed,false,2026-08-04,,2027-01-01,,false,,,false,,2026-08-03,,2026-09-22
"Block Real Estate Services, LLC",6a737945b4a93d6da7e4226f,6a186650b517ae25a87c5643,Kansas City Vascular & General Surgery Group / HCA Midwest Health,Lease - rmc764 - KC Vascual & General Surgery Group 1.pdf,,,processed,false,2026-08-05,,,,false,,,false,,2026-08-05,,2026-09-22
"Block Real Estate Services, LLC",6a590d3cf442c47073c4b7da,6a187b72462ef1e78ea98fda,"Heper USA, Inc.",Master Certificate of Liability Insurance 26-27 (3).pdf,,,processed,false,2026-07-17,,2027-07-14,2026-07-15,false,,,false,Evanston Insurance Company; MEM Mutual Insurance Company,2026-07-16,,2026-09-22
"Block Real Estate Services, LLC",6a590c5be8caaf78715d0ab7,6a1ddfeea0ed8c51ab1fa0c7,Jeff Thomson Orthodontics,c-o Block Real Estate Services- LLC - Liability.pdf,,,processed,false,2026-07-21,,2026-11-15,2026-07-13,false,,,false,Sentry Insurance Company,2026-07-16,,2026-09-22
"Block Real Estate Services, LLC",6a71f5961b820e87c8d2da0a,6a1ddfeea0ed8c51ab1fa0c7,Jeff Thomson Orthodontics,ECR - 3rd307 - Parkway 134.pdf,,,processed,false,2026-08-04,,,,false,,,false,,2026-08-04,,2026-09-22
"Block Real Estate Services, LLC",6aa45f9c220465b8ce89257e,6a71fb111df1817c9d71e47a,Wholesale Electric Supply Co.,Wholesale.pdf,,,processed,false,2026-09-15,,2027-01-01,2026-09-11,false,,,false,United Fire & Casualty Company,2026-09-11,,2026-09-22
"Block Real Estate Services, LLC",6aad4faea96cfe211e5752ec,6a71fb111df1817c9d71e47a,Wholesale Electric Supply Co.,Lease - lne432 - Wholesale Electric Supply CO.pdf,,,processed,false,2026-09-18,,,,false,,,false,,2026-09-18,,2026-09-22
"Block Real Estate Services, LLC",6aad59d2bf49e206e9cf1b0b,6a71fb111df1817c9d71e47a,Wholesale Electric Supply Co.,LLN6.pdf,,,processed,false,,,2027-01-01,2026-09-11,false,,,false,United Fire & Casualty Company,2026-09-18,,2026-09-22
"Block Real Estate Services, LLC",6a7206b95d1c88bd9bf67dbe,6a72067ea7b0558ab72338fb,Lure Creative,Lease - 3rd867 - Lure Creative.pdf,,,processed,false,2026-08-04,,,,false,,,false,,2026-08-04,,2026-09-22
"Block Real Estate Services, LLC",6a976304039faaba4d0395bf,6a72067ea7b0558ab72338fb,Lure Creative,COI JONASSON.pdf,,,processed,false,2026-09-09,,2026-11-01,2026-09-01,false,,,false,State Farm Fire and Casualty Company,2026-09-01,,2026-09-22
"Block Real Estate Services, LLC",6aa858b57adad9b9fc9375f3,6a9ada38bfedaa57c4931d2b,"KIDSUNITED / Goal Getters 2, LLC",Lease - tic827 - Goal Getters.pdf,,,processed,false,2026-09-15,,,,false,,,false,,2026-09-14,,2026-09-22
"Block Real Estate Services, LLC",6aa858c7690e2374a6751fde,6a9ada38bfedaa57c4931d2b,"KIDSUNITED / Goal Getters 2, LLC",COI - Goal Getters 2 LLC - Westchester 87 Investors LLC & K7 Kansas Investors LLC.pdf,,,processed,false,2026-09-15,,2027-03-01,2026-09-01,false,,,false,United States Liability Insurance Company,2026-09-14,,2026-09-22
"Block Real Estate Services, LLC",6aa864f0ece1accdc21f4627,6aa86494ac91ff43d2d86f38,Direct Impact Logistics INC,Lease - tic630 - Direct Impact Logistics.pdf,,,processed,false,2026-09-15,,,,false,,,false,,2026-09-14,,2026-09-22
QTS Data Centers,6a42e4c304ca7701e3da6802,69f0f3c4beb6279e947be0d0,"AP Gulf States, Inc.",Please OPEN_HUB CerSecure Non-Compliance.pdf,,,processed,false,2026-07-09,,,,false,,,false,,2026-06-29,,2026-09-22
QTS Data Centers,6a42e4de5f810130a0de0b53,69f0f3c4beb6279e947be0d0,"AP Gulf States, Inc.",REVISED QTS 6.29.26.pdf,,,processed,false,2026-07-09,,2027-03-01,2026-06-29,false,,,false,"Continental Casualty Company; The Continental Insurance Company; American Casualty Company of Reading, Pennsylvania; XL Insurance America, Inc.; Transportation Insurance Company; Starr Indemnity & Liability Company; Berkley Assurance Company",2026-06-29,,2026-09-22
QTS Data Centers,6a6132d93d7c8f1b1ccd42fa,69f0f3c4beb6279e947be0d0,"AP Gulf States, Inc.",REVISED QTS 7.22.26.pdf,,,processed,false,2026-07-28,,2027-03-01,2026-07-22,false,,,false,"Continental Casualty Company; The Continental Insurance Company; American Casualty Company of Reading, Pennsylvania; Berkley Assurance Company; Transportation Insurance Company; Starr Indemnity & Liability Company",2026-07-22,,2026-09-22
QTS Data Centers,6a889529c9ce1bf59e6a8c70,69f0f3c4beb6279e947be0d0,"AP Gulf States, Inc.",QualityTechnologyServicesLLC_W47699410.pdf,,,processed,false,2026-08-25,,2027-03-01,2026-08-20,false,,,false,"Continental Casualty Company; The Continental Insurance Company; American Casualty Company of Reading, Pennsylvania; Berkley Assurance Company; Transportation Insurance Company; Starr Indemnity & Liability Company",2026-08-21,,2026-09-22
QTS Data Centers,6a3d49ec55eedc21633b2bb6,69f0f3c4beb6279e947be0da,"Clayco, Inc.",Quality Technology Services 101-07427.pdf,,,processed,false,2026-07-06,,2027-06-30,2026-06-25,false,,,false,"Zurich American Insurance Company; American Guarantee and Liability Insurance Company; XL Insurance America, Inc.; Steadfast Insurance Company",2026-06-25,,2026-09-22
QTS Data Centers,6a4ce0a76c479ddbf83cc3c1,69f0f3c4beb6279e947be0da,"Clayco, Inc.",Quality Technology Services 101-07427.pdf,,,processed,false,2026-07-09,,2027-06-30,2026-06-25,false,,,false,"Zurich American Insurance Company; American Guarantee and Liability Insurance Company; XL Insurance America, Inc.; Steadfast Insurance Company",2026-07-07,,2026-09-22
QTS Data Centers,6a4d114cbe83c795bff515ce,69f0f3c4beb6279e947be0da,"Clayco, Inc.",101-08424 Quality Technology Services LLC.pdf,,,processed,false,2026-07-09,,2027-06-30,2026-07-07,false,,,false,"Zurich American Insurance Company; American Guarantee and Liability Insurance Company; XL Insurance America, Inc.; Steadfast Insurance Company",2026-07-07,,2026-09-22
QTS Data Centers,6a736a35dd728886a9db51d5,69f0f3c4beb6279e947be0e4,Gilbane Building Company,"Quality Technology Services, LLC_Gilbane Building Company_26-27  Master WC GL Auto _8-5-2026.pdf",,,processed,false,2026-08-05,,2027-06-30,2026-08-05,false,,,false,The Travelers Indemnity Company; Starr Indemnity & Liability Company; Travelers Property Casualty Company of America; The Charter Oak Fire Insurance Company; Steadfast Insurance Company,2026-08-05,,2026-09-22
QTS Data Centers,6a742350b81618015c009779,69f0f3c4beb6279e947be0e4,Gilbane Building Company,"Quality Technology Services, LLC_Gilbane Building Company_26-27  Master WC GL Auto _8-5-2026.pdf",,,processed,false,2026-08-06,,2027-06-30,2026-08-05,false,,,true,The Travelers Indemnity Company; Starr Indemnity & Liability Company; Travelers Property Casualty Company of America; The Charter Oak Fire Insurance Company; Steadfast Insurance Company,2026-08-06,,2026-09-22
QTS Data Centers,6a7e250d054fa473f0cf53e3,69f0f3c4beb6279e947be0e4,Gilbane Building Company,"Quality Technology Services, LLC_Gilbane Building Company_26-27  Master WC GL Auto _8-13-2026.pdf",,,processed,false,2026-08-14,,2027-06-30,2026-08-13,false,,,false,The Travelers Indemnity Company; Starr Indemnity & Liability Company; Travelers Property Casualty Company of America; The Charter Oak Fire Insurance Company; Steadfast Insurance Company; American Guarantee and Liability Insurance Company,2026-08-13,,2026-09-22
QTS Data Centers,6a86062b989ba4ce042c7744,69f0f3c4beb6279e947be0e4,Gilbane Building Company,Binder1.pdf,,,processed,false,2026-08-19,,2027-06-30,2026-08-14,false,,,false,The Travelers Indemnity Company; Starr Indemnity & Liability Company; Travelers Property Casualty Company of America; The Charter Oak Fire Insurance Company; Steadfast Insurance Company,2026-08-19,,2026-09-22
QTS Data Centers,6a860e686ed318e76bd919cc,69f0f3c4beb6279e947be0e4,Gilbane Building Company,Binder1.pdf,,,processed,false,2026-08-19,,2027-06-30,2026-08-14,false,,,false,The Travelers Indemnity Company; Starr Indemnity & Liability Company; Travelers Property Casualty Company of America; The Charter Oak Fire Insurance Company; Steadfast Insurance Company,2026-08-19,,2026-09-22
QTS Data Centers,6a98881f77d8403f7c1fb431,69f0f3c4beb6279e947be0e4,Gilbane Building Company,"Quality Technology Services, LLC_Gilbane Building Company_26-27 Master WC GL Auto X_9-2-2026.pdf",,,processed,false,2026-09-03,,2027-06-30,2026-09-02,false,,,false,The Travelers Indemnity Company; Starr Indemnity & Liability Company; Travelers Property Casualty Company of America; The Charter Oak Fire Insurance Company; Steadfast Insurance Company,2026-09-02,,2026-09-22
QTS Data Centers,6a396245dcd485b7faaa32de,69f0f3c4beb6279e947be0d5,Brasfield & Gorrie L.L.C.,"COI - 2627 - QTS Fayetteville I DC3, LLC.pdf",,,processed,false,2026-07-08,,2027-07-01,2026-06-22,false,,,false,The Travelers Indemnity Company; The Travelers Indemnity Company of Connecticut; * See Attachment for Schedule of Companies; Travelers Commercial Casualty Company; Steadfast Insurance Company; Old Republic Insurance Company,2026-06-22,,2026-09-22
QTS Data Centers,6a621a020a4315bb2509b106,69f0f3c4beb6279e947be0d5,Brasfield & Gorrie L.L.C.,"COI - 2627 - Quality Technology Services, LLC #30819.pdf",,,processed,false,2026-07-28,,2027-07-01,2026-07-22,false,,,false,The Travelers Indemnity Company; The Travelers Indemnity Company of Connecticut; * See Attachment for Schedule of Companies; Travelers Commercial Casualty Company; Steadfast Insurance Company; Old Republic Insurance Company,2026-07-23,,2026-09-22
QTS Data Centers,6aa2c4bf2fbcc7100320094c,69f0f3c4beb6279e947be0d5,Brasfield & Gorrie L.L.C.,"COI - 2627 - Quality Technology Services, LLC #30819.pdf",,,processed,false,2026-09-11,,2027-07-01,2026-09-10,true,low,<p>review with larry</p>,false,The Travelers Indemnity Company; The Travelers Indemnity Company of Connecticut; * See Attachment for Schedule of Companies; Travelers Commercial Casualty Company; Steadfast Insurance Company; Old Republic Insurance Company; Travelers Property Casualty Company of America,2026-09-10,,2026-09-22
QTS Data Centers,6aa2c4d3f3244169cc050c25,69f0f3c4beb6279e947be0d5,Brasfield & Gorrie L.L.C.,"COI - 2627 - Quality Technology Services, LLC #31344.pdf",,,processed,false,2026-09-11,,2027-07-01,2026-09-10,true,low,<p>review w larry</p>,false,"The Travelers Indemnity Company; The Travelers Indemnity Company of Connecticut; * See Attachment for Schedule of Companies; Travelers Commercial Casualty Company; Steadfast Insurance Company; Old Republic Insurance Company; Travelers Property Casualty Company of America; QBE Specialty Insurance Company; XL Insurance America, Inc.; BETA Healthcare Group Risk Management Authority; Berkley Specialty Insurance Company",2026-09-10,,2026-09-22
QTS Data Centers,6a3d713e33271757c8c681a4,69f0f3c4beb6279e947be0e9,"Gray Construction, Inc.",Gray Co -- New Albany GL AU UM 40 WC.pdf,,,processed,false,2026-06-29,,2026-10-01,2026-02-23,false,,,false,Zurich American Insurance Company; --- SEE ATTACHMENT --,2026-06-25,,2026-09-22
QTS Data Centers,6aa9bd854caf2207e3de9296,69f0f3c4beb6279e947be0e9,"Gray Construction, Inc.",Quality Technology Services LLC Cert.pdf,,,processed,false,,,2026-10-01,2026-09-15,false,,,false,Zurich American Insurance Company; The Continental Insurance Company; AXA Insurance Company,2026-09-15,,2026-09-22
QTS Data Centers,6aa9bd864caf2207e3de92ce,69f0f3c4beb6279e947be0e9,"Gray Construction, Inc.",Quality Technology Services LLC Prof Cert.pdf,,,processed,false,,,2026-10-01,2026-09-15,false,,,false,Indian Harbor Insurance Company,2026-09-15,,2026-09-22
QTS Data Centers,6a22cf08b90159c7f52c9bf8,69f0f3c5beb6279e947be0fd,M. A. Mortenson Company,MAMortensonCompany - Client Pack - 4464544.PDF,,,processed,false,2026-06-15,,2027-05-01,2026-05-28,false,,,false,"Arch Insurance Company; XL Insurance America, Inc.; Arch Indemnity Insurance Company",2026-06-05,,2026-09-22
QTS Data Centers,6a5e4b9a47fe3eedd09ae8c9,69f0f3c5beb6279e947be0fd,M. A. Mortenson Company,QualityTechnologyServicesLLC_W47258852.pdf,,,processed,false,2026-07-21,,2027-05-01,2026-07-13,false,,,false,"Arch Insurance Company; XL Insurance America, Inc.; Arch Indemnity Insurance Company; Starr Indemnity & Liability Company; QBE Specialty Insurance Company; Indian Harbor Insurance Company",2026-07-20,,2026-09-22
QTS Data Centers,6a15b7a99f12b4035e23bc10,69f0f3c5beb6279e947be0f8,"Layton Construction Company, LLC",Bank of America NA ISAOA ATIMA _.pdf,,,processed,false,2026-06-25,,2027-01-01,2026-04-14,false,,,false,"Arch Insurance Company; XL Insurance America, Inc.; Starr Indemnity & Liability Company; Great American Spirit Insurance Company; General Security National Insurance Company; Arch Indemnity Insurance Company; Indian Harbor Insurance Company",2026-05-26,,2026-09-22
QTS Data Centers,6a15b7cc616ed871febaf33c,69f0f3c5beb6279e947be0f8,"Layton Construction Company, LLC",47600114 - LCC COI - 2027.01.01 (2).pdf,,,processed,false,2026-06-25,,2027-01-01,2026-04-02,false,,,false,"Arch Insurance Company; XL Insurance America, Inc.; Starr Indemnity & Liability Company; Indian Harbor Insurance Company; Arch Indemnity Insurance Company",2026-05-26,,2026-09-22
QTS Data Centers,6a15b7f2dd0160cb0b25e6c2,69f0f3c5beb6279e947be0f8,"Layton Construction Company, LLC",47600116 - LCC COI - 2027.01.01.pdf,,,processed,false,2026-06-25,,2027-01-01,2026-04-02,false,,,false,"Arch Insurance Company; XL Insurance America, Inc.; Starr Indemnity & Liability Company; Indian Harbor Insurance Company; Arch Indemnity Insurance Company",2026-05-26,,2026-09-22
QTS Data Centers,6a394c48d382314fdae2fe3e,69f0f3c5beb6279e947be0ee,"HITT Contracting, Inc.","Quality Technology Services, LLC - Liab.pdf",,,processed,false,2026-06-25,,2027-05-01,2026-06-22,false,,,false,Liberty Insurance Corporation; Liberty Mutual Fire Insurance Company; LM Insurance Corporation; Berkley Assurance Company; American Guarantee and Liability Insurance Company,2026-06-22,,2026-09-22
QTS Data Centers,6a394ce2efaf8fc91cd0ae1e,69f0f3c5beb6279e947be0ee,"HITT Contracting, Inc.","Quality Technology Services, LLC - Liab - 2.pdf",,,processed,false,2026-06-25,,2027-05-01,2026-06-22,false,,,false,Liberty Mutual Fire Insurance Company; LM Insurance Corporation; Liberty Insurance Corporation,2026-06-22,,2026-09-22
QTS Data Centers,6a394d70accacb8cab636db9,69f0f3c5beb6279e947be0ee,"HITT Contracting, Inc.","Quality Technology Services, LLC - Liab - 3.pdf",,,processed,false,2026-06-25,,2027-05-01,2026-06-22,false,,,false,Liberty Insurance Corporation; Liberty Mutual Fire Insurance Company; LM Insurance Corporation; Berkley Assurance Company; American Guarantee and Liability Insurance Company,2026-06-22,,2026-09-22
QTS Data Centers,6a394db4accacb8cab636e1f,69f0f3c5beb6279e947be0ee,"HITT Contracting, Inc.","Quality Technology Services, LLC - Liab - 4.pdf",,,processed,false,2026-06-25,,2027-05-01,2026-06-22,false,,,false,Liberty Insurance Corporation; Liberty Mutual Fire Insurance Company; LM Insurance Corporation; Berkley Assurance Company; American Guarantee and Liability Insurance Company,2026-06-22,,2026-09-22
QTS Data Centers,6a394e00597e3570daab6088,69f0f3c5beb6279e947be0ee,"HITT Contracting, Inc.","Quality Technology Services, LLC - Liab - 5.pdf",,,processed,false,2026-06-25,,2027-05-01,2026-06-22,false,,,false,Liberty Insurance Corporation; Liberty Mutual Fire Insurance Company; LM Insurance Corporation; Berkley Assurance Company; American Guarantee and Liability Insurance Company,2026-06-22,,2026-09-22
QTS Data Centers,6a394e38accacb8cab636e54,69f0f3c5beb6279e947be0ee,"HITT Contracting, Inc.","Quality Technology Services, LLC - Liab - 6.pdf",,,processed,false,2026-06-25,,2027-05-01,2026-06-22,false,,,false,Liberty Insurance Corporation; Liberty Mutual Fire Insurance Company; LM Insurance Corporation; Berkley Assurance Company; American Guarantee and Liability Insurance Company,2026-06-22,,2026-09-22
QTS Data Centers,6a394e75d382314fdae2fe74,69f0f3c5beb6279e947be0ee,"HITT Contracting, Inc.","Quality Technology Services, LLC - Liab - 7.pdf",,,processed,false,2026-06-25,,2027-05-01,2026-06-22,false,,,false,Liberty Insurance Corporation; Liberty Mutual Fire Insurance Company; LM Insurance Corporation; Berkley Assurance Company; American Guarantee and Liability Insurance Company,2026-06-22,,2026-09-22
QTS Data Centers,6a394eb1d382314fdae2feda,69f0f3c5beb6279e947be0ee,"HITT Contracting, Inc.","Quality Technology Services, LLC - Liab - 8.pdf",,,processed,false,2026-06-25,,2027-05-01,2026-06-22,false,,,false,Liberty Insurance Corporation; Liberty Mutual Fire Insurance Company; LM Insurance Corporation; Berkley Assurance Company; American Guarantee and Liability Insurance Company,2026-06-22,,2026-09-22
QTS Data Centers,6a394ef4597e3570daab60ee,69f0f3c5beb6279e947be0ee,"HITT Contracting, Inc.","Quality Technology Services, LLC - Liab - 9.pdf",,,processed,false,2026-06-25,,2027-05-01,2026-06-22,false,,,false,Liberty Insurance Corporation; Liberty Mutual Fire Insurance Company; LM Insurance Corporation; Berkley Assurance Company; American Guarantee and Liability Insurance Company,2026-06-22,,2026-09-22
QTS Data Centers,6a394f2f597e3570daab6123,69f0f3c5beb6279e947be0ee,"HITT Contracting, Inc.","Quality Technology Services, LLC - Liab - 10.pdf",,,processed,false,2026-06-25,,2027-05-01,2026-06-22,false,,,false,Liberty Insurance Corporation; Liberty Mutual Fire Insurance Company; LM Insurance Corporation; Berkley Assurance Company; American Guarantee and Liability Insurance Company,2026-06-22,,2026-09-22
QTS Data Centers,6a394f61accacb8cab636e88,69f0f3c5beb6279e947be0ee,"HITT Contracting, Inc.","Quality Technology Services, LLC - Liab - 11.pdf",,,processed,false,2026-06-25,,2027-05-01,2026-06-22,false,,,false,Liberty Insurance Corporation; Liberty Mutual Fire Insurance Company; LM Insurance Corporation; Berkley Assurance Company; American Guarantee and Liability Insurance Company,2026-06-22,,2026-09-22
QTS Data Centers,6a394f8fefaf8fc91cd0ae84,69f0f3c5beb6279e947be0ee,"HITT Contracting, Inc.","Quality Technology Services, LLC - Liab - 12.pdf",,,processed,false,2026-06-25,,2027-05-01,2026-06-22,false,,,false,Liberty Insurance Corporation; Liberty Mutual Fire Insurance Company; LM Insurance Corporation; Berkley Assurance Company; American Guarantee and Liability Insurance Company,2026-06-22,,2026-09-22
QTS Data Centers,6a394fc2597e3570daab6158,69f0f3c5beb6279e947be0ee,"HITT Contracting, Inc.","Quality Technology Services, LLC - Liab - 13.pdf",,,processed,false,2026-06-24,,2027-05-01,2026-06-22,false,,,false,Liberty Insurance Corporation; Liberty Mutual Fire Insurance Company; LM Insurance Corporation; Berkley Assurance Company; American Guarantee and Liability Insurance Company,2026-06-22,,2026-09-22
QTS Data Centers,6a395000accacb8cab636eed,69f0f3c5beb6279e947be0ee,"HITT Contracting, Inc.","Quality Technology Services, LLC - Liab - 14.pdf",,,processed,false,2026-06-24,,2027-05-01,2026-06-22,false,,,false,Liberty Insurance Corporation; Liberty Mutual Fire Insurance Company; LM Insurance Corporation; Berkley Assurance Company; American Guarantee and Liability Insurance Company,2026-06-22,,2026-09-22
QTS Data Centers,6a281ed8f967f903d2245dab,69f0f3c5beb6279e947be102,Rogers-O-Brien Construction Company Ltd.,"Quality Technology Services, LLC_Rogers-O'Brien Construction Company_2627 Master $35M Total  _6-9-2026_1492795193.pdf",,,processed,false,2026-06-29,,2027-06-01,2026-06-09,false,,,false,"American Contractors Insurance Company Risk Retention Group; Valley Forge Insurance Company; The Continental Insurance Company; XL Insurance America, Inc.; ACIG Insurance Company; Arch Specialty Insurance Company",2026-06-09,,2026-09-22
QTS Data Centers,6a281fcdda52b0ee99d2ea74,69f0f3c5beb6279e947be102,Rogers-O-Brien Construction Company Ltd.,2026 Auto Forms.pdf,,,processed,false,2026-06-15,,2027-06-01,,false,,,false,,2026-06-09,,2026-09-22
QTS Data Centers,6a281fcdda52b0ee99d2eaac,69f0f3c5beb6279e947be102,Rogers-O-Brien Construction Company Ltd.,Casualty Endt Forms 2026.pdf,,,processed,false,2026-06-15,,2027-06-01,,false,,,false,,2026-06-09,,2026-09-22
QTS Data Centers,6a281fd0da52b0ee99d2eb54,69f0f3c5beb6279e947be102,Rogers-O-Brien Construction Company Ltd.,"Quality Technology Services, LLC_Rogers-O'Brien Construction Company_2627 Master $35M Total  _6-9-2026_565622844.pdf",,,processed,false,2026-06-15,,2027-06-01,,false,,,false,American Contractors Insurance Company Risk Retention Group; Valley Forge Insurance Company; The Continental Insurance Company; ACIG Insurance Company; Arch Specialty Insurance Company,2026-06-09,,2026-09-22
QTS Data Centers,6a4ba0a55cdf4704ae0efea1,69f0f3c5beb6279e947be102,Rogers-O-Brien Construction Company Ltd.,QTS DFW2 DC3.pdf,,,processed,false,2026-07-06,,2027-06-01,2026-05-28,false,,,false,"American Contractors Insurance Company Risk Retention Group; The Continental Insurance Company; XL Insurance America, Inc.; ACIG Insurance Company; National Fire Insurance Company of Hartford",2026-07-06,,2026-09-22
QTS Data Centers,6a4ba0cd5cdf4704ae0efed6,69f0f3c5beb6279e947be102,Rogers-O-Brien Construction Company Ltd.,QTS DFW1 DC5.pdf,,,processed,false,2026-07-06,,2027-06-01,2026-05-28,false,,,false,Endurance American Insurance Company; XL Specialty Insurance Company; American Contractors Insurance Company Risk Retention Group; ACIG Insurance Company; Valley Forge Insurance Company; Arch Specialty Insurance Company,2026-07-06,,2026-09-22
QTS Data Centers,6a551635aca92682f523a808,69f0f3c5beb6279e947be102,Rogers-O-Brien Construction Company Ltd.,"Quality Technology Services, LLC_Rogers-O'Brien Construction Company_2627 Master $35M Total  _7-13-2026_410370863.pdf",,,processed,false,2026-07-22,,2027-06-01,2026-07-13,false,,,false,"American Contractors Insurance Company Risk Retention Group; Valley Forge Insurance Company; The Continental Insurance Company; XL Insurance America, Inc.; ACIG Insurance Company; Arch Specialty Insurance Company",2026-07-13,,2026-09-22
QTS Data Centers,6a5517684a3538cc4162daa1,69f0f3c5beb6279e947be102,Rogers-O-Brien Construction Company Ltd.,"Quality Technology Services, LLC_Rogers-O'Brien Construction Company_2627 Master $35M Total  _7-13-2026_1297897474.pdf",,,processed,false,2026-07-16,,2027-06-01,2026-07-13,false,,,false,"American Contractors Insurance Company Risk Retention Group; Valley Forge Insurance Company; The Continental Insurance Company; XL Insurance America, Inc.; ACIG Insurance Company; Arch Specialty Insurance Company",2026-07-13,,2026-09-22
QTS Data Centers,6a622372293db0c1319f2a7d,69f0f3c5beb6279e947be102,Rogers-O-Brien Construction Company Ltd.,GL - NOC.pdf,,,processed,false,2026-07-24,,2027-06-01,,false,,,false,,2026-07-23,,2026-09-22
QTS Data Centers,6a63805897891638931c8f4e,69f0f3c5beb6279e947be102,Rogers-O-Brien Construction Company Ltd.,Rogers AM Best Exception.pdf,,,processed,false,2026-07-24,,,,false,,,true,,2026-07-24,,2026-09-22
QTS Data Centers,6a6a732b2304dcb106a5cfa5,69f0f3c5beb6279e947be102,Rogers-O-Brien Construction Company Ltd.,ROGERS O'BRIEN CONSTRUCTION COMPANY redo.pdf,,,processed,false,2026-08-05,,2027-06-01,,false,,,false,,2026-07-29,,2026-09-22
QTS Data Centers,6a15b99a616ed871febaf3ac,69f0f3c5beb6279e947be107,"Structure Tone, LLC",QTS LHTX1 26-27 STSW COI.pdf,,,processed,false,2026-06-15,,2027-01-01,2026-01-05,false,,,false,"Arch Insurance Company; XL Insurance America, Inc.; Starr Indemnity & Liability Company; Arch Indemnity Insurance Company",2026-05-26,,2026-09-22
QTS Data Centers,6a15ba41c09b3811a2868845,69f0f3c5beb6279e947be107,"Structure Tone, LLC","SOCIÉTÉ GÉNÉRALE, AS ADMINISTRATIVE.pdf",,,processed,false,2026-06-15,,2027-01-01,2026-01-22,false,,,false,"Arch Insurance Company; XL Insurance America, Inc.; Great American Insurance Company of New York; Starr Indemnity & Liability Company; Arch Indemnity Insurance Company",2026-05-26,,2026-09-22
QTS Data Centers,6a15ba4abeee935b1af439c4,69f0f3c5beb6279e947be107,"Structure Tone, LLC","SOCIÉTÉ GÉNÉRALE, AS ADMINISTRATIVE.pdf",,,processed,false,2026-06-15,,2027-01-01,2026-01-22,false,,,false,"Arch Insurance Company; XL Insurance America, Inc.; Great American Insurance Company of New York; Starr Indemnity & Liability Company; Arch Indemnity Insurance Company",2026-05-26,,2026-09-22
QTS Data Centers,6a318c9db5244123cf62b9c7,69f0f3c5beb6279e947be107,"Structure Tone, LLC",cert_NYC_QUALITY TECHNOLOGY SERVICES_ LLC_12413867_9.pdf,,,processed,false,2026-06-29,,2027-01-01,2026-06-16,false,,,false,"Arch Insurance Company; XL Insurance America, Inc.; Great American Insurance Company of New York; Starr Indemnity & Liability Company; Arch Indemnity Insurance Company",2026-06-16,,2026-09-22
QTS Data Centers,6a318ec5421d720267e63c74,69f0f3c5beb6279e947be107,"Structure Tone, LLC",STO Building Group Inc. - 14WCI8925117 (WC - AOS).pdf,,,processed,false,2026-06-29,,,,false,,,false,,2026-06-16,,2026-09-22
QTS Data Centers,6a318ed7b5244123cf62b9ff,69f0f3c5beb6279e947be107,"Structure Tone, LLC",STO Building Group Inc. - 14WCI8925117 (WC - AOS).pdf,,,processed,false,2026-06-29,,,,false,,,false,,2026-06-16,,2026-09-22
QTS Data Centers,6a31b374b5244123cf62ba91,69f0f3c5beb6279e947be107,"Structure Tone, LLC",cert_NYC_QUALITY TECHNOLOGY SERVICES_ LLC_12413867_10.pdf,,,processed,false,2026-06-29,,2027-01-01,2026-06-17,false,,,false,"Arch Insurance Company; XL Insurance America, Inc.; Great American Insurance Company of New York; Starr Indemnity & Liability Company; Arch Indemnity Insurance Company; Indian Harbor Insurance Company",2026-06-16,,2026-09-22
QTS Data Centers,6a887de0565549cbdc999b8e,69f0f3c5beb6279e947be107,"Structure Tone, LLC",DFW2 DC2 QTS COI.pdf,,,processed,false,2026-09-04,,2027-01-01,2026-08-17,true,medium,<p>Do not review: Awaiting confirmation from QTS. StructureTone requested exception for Exclusions because they carry Pollution Liability. Larry reached out to QTS 26.08.21.</p>,false,"Arch Insurance Company; XL Insurance America, Inc.; Great American Insurance Company of New York; Starr Indemnity & Liability Company; Arch Indemnity Insurance Company",2026-08-21,,2026-09-22
QTS Data Centers,6a887de1565549cbdc999bc1,69f0f3c5beb6279e947be107,"Structure Tone, LLC",Evidence of Coverage 26-27 STSW.pdf,,,processed,false,2026-09-04,,2027-01-01,2026-01-05,true,medium,<p>Do not review: Awaiting confirmation from QTS. StructureTone requested exception for Exclusions because they carry Pollution Liability. Larry reached out to QTS 26.08.21.</p>,true,"Arch Insurance Company; XL Insurance America, Inc.; Starr Indemnity & Liability Company; Arch Indemnity Insurance Company; Indian Harbor Insurance Company",2026-08-21,,2026-09-22
QTS Data Centers,6a887df0565549cbdc999bf4,69f0f3c5beb6279e947be107,"Structure Tone, LLC",DFW2 DC4- QUALITY TECHNOLOGY SERVICES_ LLC_COI.pdf,,,processed,false,2026-09-04,,2027-01-01,2026-08-13,true,medium,<p>Do not review: Awaiting confirmation from QTS. StructureTone requested exception for Exclusions because they carry Pollution Liability. Larry reached out to QTS 26.08.21.</p>,false,"Arch Insurance Company; XL Insurance America, Inc.; Great American Insurance Company of New York; Starr Indemnity & Liability Company; Arch Indemnity Insurance Company",2026-08-21,,2026-09-22
QTS Data Centers,6aa80ab52947094034f3eded,69f0f3c5beb6279e947be107,"Structure Tone, LLC",cert_NYC_QUALITY TECHNOLOGY SERVICES_ LLC_12413867_13.pdf,,,processed,false,2026-09-14,,2027-01-01,,false,,,false,"Arch Insurance Company; XL Insurance America, Inc.; Great American Insurance Company of New York; Starr Indemnity & Liability Company; Arch Indemnity Insurance Company",2026-09-14,,2026-09-22
QTS Data Centers,6aa813682947094034f3f731,69f0f3c5beb6279e947be107,"Structure Tone, LLC",DFW2 DC2 QTS COI 9.14.2026.pdf,,,processed,false,2026-09-14,,2027-01-01,2026-09-11,false,,,false,"Arch Insurance Company; XL Insurance America, Inc.; Great American Insurance Company of New York; Starr Indemnity & Liability Company; Arch Indemnity Insurance Company",2026-09-14,,2026-09-22
QTS Data Centers,6a74dd0e377d9d1f5c7eabac,69f0f3c5beb6279e947be111,Whitting-Turner Contracting Company,020340.DH1 WT GLI (08.01.2026 thru 08.01.2027).pdf,,,processed,false,2026-08-06,,2027-08-01,2026-08-06,false,,,false,The Travelers Indemnity Company of Connecticut; Travelers Casualty and Surety Company; The Charter Oak Fire Insurance Company; Travelers Property Casualty Company of America,2026-08-06,,2026-09-22
QTS Data Centers,6a74dd12377d9d1f5c7eac13,69f0f3c5beb6279e947be111,Whitting-Turner Contracting Company,020340.DH1 WT GLI 2026 (08.01.2026 thru 08.01.2027)_Wells Fargo.pdf,,,processed,false,2026-08-06,,2027-08-01,2026-08-06,false,,,false,The Travelers Indemnity Company of Connecticut; Travelers Casualty and Surety Company; The Charter Oak Fire Insurance Company; Travelers Property Casualty Company of America,2026-08-06,,2026-09-22
QTS Data Centers,6a15b820beee935b1af43971,69f0f3c5beb6279e947be10c,"Suffolk Construction Company, Inc.","Sumitomo Mitsui Banking Corporation, as Admin_Suffolk Construction Company, Inc._25-26 Master GL Auto WC U_4-13-2026.pdf",,,processed,false,2026-06-15,,2026-08-31,2026-04-13,false,,,false,"Liberty Mutual Fire Insurance Company; Starr Indemnity & Liability Company; XL Insurance America, Inc.; General Security National Insurance Company; Berkley Regional Insurance Company; Ironshore Specialty Insurance Company; Indian Harbor Insurance Company",2026-05-26,,2026-09-22
QTS Data Centers,6a5fd2c3751b67ad6976f006,69f0f3c5beb6279e947be10c,"Suffolk Construction Company, Inc.","Quality Technology Services, LLC_Suffolk Construction Company, Inc._25-26 Master GL Auto WC U_7-17-2026.pdf",,,processed,false,2026-07-22,,2026-08-31,2026-07-17,false,,,false,"Liberty Mutual Fire Insurance Company; Starr Indemnity & Liability Company; XL Insurance America, Inc.; General Security National Insurance Company; Berkley Regional Insurance Company",2026-07-21,,2026-09-22
QTS Data Centers,6a5fd2c4751b67ad6976f03f,69f0f3c5beb6279e947be10c,"Suffolk Construction Company, Inc.","Quality Technology Services, LLC_Suffolk Construction Company, Inc._25-26 Drone Liability_7-15-2026_2.pdf",,,processed,false,2026-07-22,,2026-08-31,2026-07-15,false,,,false,C&T Insurance Company,2026-07-21,,2026-09-22
QTS Data Centers,6a5fd2e9b4df9ca70600c23b,69f0f3c5beb6279e947be10c,"Suffolk Construction Company, Inc.","Quality Technology Services, LLC_Suffolk Construction Company, Inc._25-26 Master GL Auto WC U_7-17-2026_2.pdf",,,processed,false,2026-07-22,,2026-08-31,2026-07-17,false,,,false,"Liberty Mutual Fire Insurance Company; Starr Indemnity & Liability Company; XL Insurance America, Inc.; General Security National Insurance Company; Berkley Regional Insurance Company",2026-07-21,,2026-09-22
QTS Data Centers,6a5fd2ebb4df9ca70600c2a7,69f0f3c5beb6279e947be10c,"Suffolk Construction Company, Inc.","Quality Technology Services, LLC_Suffolk Construction Company, Inc._25-26 Drone Liability_7-15-2026.pdf",,,processed,false,2026-07-22,,2026-08-31,2026-07-15,false,,,false,C&T Insurance Company,2026-07-21,,2026-09-22
QTS Data Centers,6a5fd30b5c9c14b344a636c9,69f0f3c5beb6279e947be10c,"Suffolk Construction Company, Inc.","Quality Technology Services, LLC_Suffolk Construction Company, Inc._25-26 Master GL Auto WC U_7-17-2026_1.pdf",,,processed,false,2026-07-22,,2026-08-31,2026-07-17,false,,,false,"Liberty Mutual Fire Insurance Company; Starr Indemnity & Liability Company; XL Insurance America, Inc.; General Security National Insurance Company; Berkley Regional Insurance Company; Indian Harbor Insurance Company; Ironshore Specialty Insurance Company",2026-07-21,,2026-09-22
QTS Data Centers,6a5fd30d5c9c14b344a63768,69f0f3c5beb6279e947be10c,"Suffolk Construction Company, Inc.","Quality Technology Services, LLC_Suffolk Construction Company, Inc._25-26 Drone Liability_7-15-2026_1.pdf",,,processed,false,2026-07-22,,2026-08-31,2026-07-15,false,,,false,C&T Insurance Company,2026-07-21,,2026-09-22
QTS Data Centers,6aa2d1c92fbcc71003200a32,69f0f3c5beb6279e947be10c,"Suffolk Construction Company, Inc.","QualityTech, LP and its officers, directors, _Suffolk Construction Company, Inc._26-27 Master GL Auto WC U_9-10-2026.pdf",,,processed,false,2026-09-10,,2027-08-31,2026-09-10,false,,,false,"Liberty Mutual Fire Insurance Company; Starr Indemnity & Liability Company; XL Insurance America, Inc.; Berkley Regional Insurance Company; Liberty Insurance Underwriters, Inc.; Ironshore Specialty Insurance Company; Indian Harbor Insurance Company",2026-09-10,,2026-09-22