client,request_id,request_name,vendor_id,vendor_name,context_id,context_name,field_id,field_name,field_type,value,option_id,sync_date
"Block Real Estate Services, LLC",69fdf74a62446148bd854b09,Insurance Request,69fded1f62446148bd849111,"Taco Bell / Royal City Bell, LLC",69fdef9de45e7dcf5c434532,"587118 - 5871 Investment Associates {SKFH Industrial 1 - 6001 Premier, LLC}",69d409bbfb47f64eb00fe8a5,Spaces,custom-fields,"7901 E. 171st Street, Belton, MO, 64012",,2026-10-09
"Block Real Estate Services, LLC",69fdf74a62446148bd854b05,Insurance Request,69fded1462446148bd848d6f,Enterprise Leasing Company of Kansas,69fdeef6fa0b60fcd50d3ccf,"106643 - 10661 Metcalf, LLC",69d409bbfb47f64eb00fe8a5,Spaces,custom-fields,"10661 Metcalf Ave, Suite 106A, Overland Park, KS, 66212",,2026-10-09
"Block Real Estate Services, LLC",69fdf74a62446148bd854b06,Insurance Request - 167332,69fded1462446148bd848d8d,Faith Technologies Inc,69fdeefa02bb2c42a879c977,"167332 - 167 Logistics Centre Building #2 {167 Logistics Centre West, LLC}",69d409bbfb47f64eb00fe8a5,Spaces,custom-fields,"22150 W. 167 Street, Olathe, KS, 66062",,2026-10-09
"Block Real Estate Services, LLC",69fdf74a62446148bd854b0c,Insurance Request - 3bo890,69fded0f62446148bd848bda,Bella's Italian Restaurant Inc,69fdf5c2e84e20262bb42482,"3bo890 - 3BS-OKS, LLC 16110 W. 135th",69d409bbfb47f64eb00fe8a5,Spaces,custom-fields,"16110 W. 135th Street, Olathe, KS, 66062",,2026-10-09
"Block Real Estate Services, LLC",69fdf74a62446148bd854b0a,Insurance Request,69fded1c62446148bd849015,O' Reilly Automotive,69fdefa138cbea6b3a68cb21,"771655 - 7712 Wornall {7712 Wornall, LLC}",69d409bbfb47f64eb00fe8a5,Spaces,custom-fields,"7712 W Wornall Road, Kansas City, MO, 64114",,2026-10-09
"Block Real Estate Services, LLC",69fdf74a62446148bd854b08,Insurance Request,69fded2462446148bd8492a3,Warners Stellian Co Inc,69fdef98bf1df2fe96921c81,"460549 - 4600 Associates, LLC",69d409bbfb47f64eb00fe8a5,Spaces,custom-fields,"4600 Kansas Avenue, Suite B, Kansas City, KS, 66106",,2026-10-09
"Block Real Estate Services, LLC",69fdf74a62446148bd854b0b,Insurance Request - 3bh890,69fded0e62446148bd848b80,"Applebee's Bar & Grill / Apple Central, LLC",69fdeeff3b208288e0a794bd,"3bh890 - 3BS-HMO, LLC 2401 E. Rock Haven",69d409bbfb47f64eb00fe8a5,Spaces,custom-fields,"2401 Rock Haven Road, Harrisonville, MO, 64701",,2026-10-09
"Block Real Estate Services, LLC",69fdf74a62446148bd854b07,Insurance Request,69fded1f62446148bd84910b,Roto-Rooter Services Company Inc,69fdef98bf1df2fe96921c81,"460549 - 4600 Associates, LLC",69d409bbfb47f64eb00fe8a5,Spaces,custom-fields,"4600 Kansas Avenue, Suite A, Kansas City, KS, 66106",,2026-10-09
"Block Real Estate Services, LLC",69fdf74a62446148bd854b10,Insurance Request,69fded1262446148bd848cee,"Dark Horse Coffee / Dark Horse Collective, LLC",69fdef0303a2257cd27d83e8,3rd074 - Keystone Plaza Shopping Center {Larbre Family Trust},69d409bbfb47f64eb00fe8a5,Spaces,custom-fields,"1702 S. MO 7 Highway, Blue Springs, MO, 64014",,2026-10-09
"Block Real Estate Services, LLC",69fdf74a62446148bd854b0d,Insurance Request,69fded0f62446148bd848bce,"Saturday Morning Bazaar / Bazaar Collectibles, LLC",69fdef0303a2257cd27d83e8,3rd074 - Keystone Plaza Shopping Center {Larbre Family Trust},69d409bbfb47f64eb00fe8a5,Spaces,custom-fields,"1722 S. MO 7 Highway, Blue Springs, MO, 64014",,2026-10-09
"Block Real Estate Services, LLC",69fdf74a62446148bd854b0f,Insurance Request,69fded1162446148bd848c73,Triple Black Tattoo / Chris Keegan,69fdef0303a2257cd27d83e8,3rd074 - Keystone Plaza Shopping Center {Larbre Family Trust},69d409bbfb47f64eb00fe8a5,Spaces,custom-fields,"1706 S. MO 7 Highway, Blue Springs, MO, 64014",,2026-10-09
"Block Real Estate Services, LLC",69fdf74a62446148bd854b14,Insurance Request,69fded2162446148bd8491b6,Creative Nails / Steven Lam & Bang Nguyen,69fdef0303a2257cd27d83e8,3rd074 - Keystone Plaza Shopping Center {Larbre Family Trust},69d409bbfb47f64eb00fe8a5,Spaces,custom-fields,"1602-1610 S. MO 7 Highway, Blue Springs, MO, 64014",,2026-10-09
"Block Real Estate Services, LLC",69fdf74a62446148bd854b0e,Insurance Request,69fded0f62446148bd848be3,"Best Wash Laundromats / Best Wash Holdings, LLC",69fdef0303a2257cd27d83e8,3rd074 - Keystone Plaza Shopping Center {Larbre Family Trust},69d409bbfb47f64eb00fe8a5,Spaces,custom-fields,"1710-1714 S. MO 7 Highway, Blue Springs, MO, 64014",,2026-10-09
"Block Real Estate Services, LLC",69fdf74a62446148bd854b12,Insurance Request,69fded1e62446148bd849096,"Pizza Hut of America, Inc.",69fdef0303a2257cd27d83e8,3rd074 - Keystone Plaza Shopping Center {Larbre Family Trust},69d409bbfb47f64eb00fe8a5,Spaces,custom-fields,"1626 S. MO 7 Highway, Blue Springs, MO, 64014",,2026-10-09
"Block Real Estate Services, LLC",69fdf74a62446148bd854b13,Insurance Request,69fded2162446148bd8491a1,"Spirit Haven / SSB, LLC",69fdef0303a2257cd27d83e8,3rd074 - Keystone Plaza Shopping Center {Larbre Family Trust},69d409bbfb47f64eb00fe8a5,Spaces,custom-fields,"1618-1622 S. MO 7 Highway, Blue Springs, MO, 64014",,2026-10-09
"Block Real Estate Services, LLC",69fdf74a62446148bd854b11,Insurance Request,69fded1762446148bd848e8c,Great Clips / Iris Corporation,69fdef0303a2257cd27d83e8,3rd074 - Keystone Plaza Shopping Center {Larbre Family Trust},69d409bbfb47f64eb00fe8a5,Spaces,custom-fields,"1630 S. MO 7 Highway, Blue Springs, MO, 64014",,2026-10-09
"Block Real Estate Services, LLC",69fdf74a62446148bd854b15,Insurance Request,69fded2362446148bd84924c,"Once Upon A Smile / UB Dental, LLC",69fdef0303a2257cd27d83e8,3rd074 - Keystone Plaza Shopping Center {Larbre Family Trust},69d409bbfb47f64eb00fe8a5,Spaces,custom-fields,"1726-1730 S. MO 7 Highway, Blue Springs, MO, 64014",,2026-10-09
"Block Real Estate Services, LLC",69fdf74a62446148bd854b17,Insurance Request,69fded1b62446148bd848fc4,"Mindful Child Wellness + Aeriel Yoga, LLC",69fdef0802bb2c42a879cab4,"3rd075 - State Line 75 {State Line 75, LLC}",69d409bbfb47f64eb00fe8a5,Spaces,custom-fields,"7510-A, 7510-B State Line Road, Prairie Village, KS, 66208",,2026-10-09
"Block Real Estate Services, LLC",69fdf74a62446148bd854b16,Insurance Request,69fded2562446148bd8492d0,"The Zen Den Massage / Calm Seas, LLC",69fdef0303a2257cd27d83e8,3rd074 - Keystone Plaza Shopping Center {Larbre Family Trust},69d409bbfb47f64eb00fe8a5,Spaces,custom-fields,"1718 S. MO 7 Highway, Blue Springs, MO, 64014",,2026-10-09
"Block Real Estate Services, LLC",69fdf74a62446148bd854b19,Insurance Request,69fded0c62446148bd848b02,24 Hour Check Cashing,69fdef0c3b208288e0a796fa,"3rd093 - 85th & Wornall Retail {Tower Bridge Investements, LLC} (fka St. John Development)",69d409bbfb47f64eb00fe8a5,Spaces,custom-fields,"8437 Wornall Road, Kansas City, MO, 64114",,2026-10-09
"Block Real Estate Services, LLC",69fdf74a62446148bd854b1a,Insurance Request,69fded1d62446148bd84903f,"OUTFRONT Media, LLC / Gannett Outdoor Co., Inc.",69fdef0c3b208288e0a796fa,"3rd093 - 85th & Wornall Retail {Tower Bridge Investements, LLC} (fka St. John Development)",69d409bbfb47f64eb00fe8a5,Spaces,custom-fields,"Outdoor space on Wornall Road, Kansas City, MO, 64114",,2026-10-09
"Block Real Estate Services, LLC",69fdf74a62446148bd854b18,Insurance Request,69fded1c62446148bd849027,OMB Bank,69fdef0802bb2c42a879cab4,"3rd075 - State Line 75 {State Line 75, LLC}",69d409bbfb47f64eb00fe8a5,Spaces,custom-fields,"7500 State Line Road, Prairie Village, KS, 66208",,2026-10-09
"Block Real Estate Services, LLC",69fdf74a62446148bd854b1d,Insurance Request,69fded2562446148bd8492d3,Yia Yias Tattoo Parlor LLC,69fdef0c3b208288e0a796fa,"3rd093 - 85th & Wornall Retail {Tower Bridge Investements, LLC} (fka St. John Development)",69d409bbfb47f64eb00fe8a5,Spaces,custom-fields,"8439 Wornall Road, Kansas City, MO, 64114",,2026-10-09
"Block Real Estate Services, LLC",69fdf74a62446148bd854b1b,Insurance Request,69fded2462446148bd84929d,"Mike's Liquor / Waldo Spirits, Inc.",69fdef0c3b208288e0a796fa,"3rd093 - 85th & Wornall Retail {Tower Bridge Investements, LLC} (fka St. John Development)",69d409bbfb47f64eb00fe8a5,Spaces,custom-fields,"8441, 8447 Wornall Road, Kansas City, MO, 64114",,2026-10-09
"Block Real Estate Services, LLC",69fdf74a62446148bd854b1e,Insurance Request,69fded1162446148bd848ca3,Converge LLC,69fdef1003a2257cd27d8605,"3rd202 - D&H Properties - 80th Street {D&H Properties, LLC}",69d409bbfb47f64eb00fe8a5,Spaces,custom-fields,"7331A W. 80th Street, Overland Park, KS, 66204",,2026-10-09
"Block Real Estate Services, LLC",69fdf74a62446148bd854b1f,Insurance Request,69fded1262446148bd848ccd,Crescent Springs Healing Center,69fdef1003a2257cd27d8605,"3rd202 - D&H Properties - 80th Street {D&H Properties, LLC}",69d409bbfb47f64eb00fe8a5,Spaces,custom-fields,"7327 W. 80th Street, Overland Park, KS, 66204",,2026-10-09
"Block Real Estate Services, LLC",69fdf74a62446148bd854b21,Insurance Request,69fded1762446148bd848e6e,Hot Dog Design LLC,69fdef1003a2257cd27d8605,"3rd202 - D&H Properties - 80th Street {D&H Properties, LLC}",69d409bbfb47f64eb00fe8a5,Spaces,custom-fields,"7331C W. 80th Street, Overland Park, KS, 66204",,2026-10-09
"Block Real Estate Services, LLC",69fdf74a62446148bd854b20,Insurance Request,69fded1462446148bd848d78,Erin McCandless Massage,69fdef1003a2257cd27d8605,"3rd202 - D&H Properties - 80th Street {D&H Properties, LLC}",69d409bbfb47f64eb00fe8a5,Spaces,custom-fields,"7335 W. 80th Street, Overland Park, KS, 66204",,2026-10-09
"Block Real Estate Services, LLC",69fdf74a62446148bd854b22,Insurance Request,69fded1962446148bd848ef8,Salon Expose / Kim Medina,69fdef1003a2257cd27d8605,"3rd202 - D&H Properties - 80th Street {D&H Properties, LLC}",69d409bbfb47f64eb00fe8a5,Spaces,custom-fields,"7333 W. 80th Street, Overland Park, KS, 66204",,2026-10-09
"Block Real Estate Services, LLC",69fdf74a62446148bd854b24,Insurance Request,69fded0e62446148bd848b95,Ashley Nelson Studios,69fdef1402bb2c42a879cc2a,"3rd203 - D&H Properties - Santa Fe Drive {D&H Properties, LLC}",69d409bbfb47f64eb00fe8a5,Spaces,custom-fields,"7917 Santa Fe Drive, Overland Park, KS, 66204",,2026-10-09
"Block Real Estate Services, LLC",69fdf74a62446148bd854b23,Insurance Request,69fded2162446148bd8491cb,Summit Heating & Cooling LLC,69fdef1003a2257cd27d8605,"3rd202 - D&H Properties - 80th Street {D&H Properties, LLC}",69d409bbfb47f64eb00fe8a5,Spaces,custom-fields,"7331B W. 80th Street, Overland Park, KS, 66204",,2026-10-09
"Block Real Estate Services, LLC",69fdf74a62446148bd854b25,Insurance Request,69fded1462446148bd848dab,First Church of Christ Scientist,69fdef1402bb2c42a879cc2a,"3rd203 - D&H Properties - Santa Fe Drive {D&H Properties, LLC}",69d409bbfb47f64eb00fe8a5,Spaces,custom-fields,"7915 Santa Fe Drive, Overland Park, KS, 66204",,2026-10-09
"Block Real Estate Services, LLC",69fdf74a62446148bd854b26,Insurance Request,69fded1862446148bd848ee0,Kate Smith Soiree LLC,69fdef1402bb2c42a879cc2a,"3rd203 - D&H Properties - Santa Fe Drive {D&H Properties, LLC}",69d409bbfb47f64eb00fe8a5,Spaces,custom-fields,"7911 Santa Fe Drive, Overland Park, KS, 66204",,2026-10-09
"Block Real Estate Services, LLC",69fdf74a62446148bd854b27,Insurance Request,69fded1d62446148bd849045,Downtown Liquor / P & S Investment LLC,69fdef1402bb2c42a879cc2a,"3rd203 - D&H Properties - Santa Fe Drive {D&H Properties, LLC}",69d409bbfb47f64eb00fe8a5,Spaces,custom-fields,"7909 Santa Fe Drive, Overland Park, KS, 66204",,2026-10-09
"Block Real Estate Services, LLC",69fdf74a62446148bd854b28,Insurance Request,69fded1862446148bd848ed1,"Kansas City Urology Care, PA",69fdef1a3b208288e0a799c2,"3rd237 - Interstate Business Park Building 4 {2025 Wilshire Werbo, LLC}",69d409bbfb47f64eb00fe8a5,Spaces,custom-fields,"8551 Bluejacket Street, Lenexa, KS, 66214",,2026-10-09
"Block Real Estate Services, LLC",69fdf74a62446148bd854b29,Insurance Request,69fded1962446148bd848f31,"Workforce Partnership / Local Workforce Investment Area, III (Vacating 5/31/26)",69fdef1a3b208288e0a799c2,"3rd237 - Interstate Business Park Building 4 {2025 Wilshire Werbo, LLC}",69d409bbfb47f64eb00fe8a5,Spaces,custom-fields,"8535 Bluejacket Street, Lenexa, KS, 66214",,2026-10-09
"Block Real Estate Services, LLC",69fdf74a62446148bd854b2a,Insurance Request,69fded2462446148bd849294,Vitas Healthcare Corporation Midwest,69fdef1a3b208288e0a799c2,"3rd237 - Interstate Business Park Building 4 {2025 Wilshire Werbo, LLC}",69d409bbfb47f64eb00fe8a5,Spaces,custom-fields,"8527 Bluejacket Street, Lenexa, KS, 66214",,2026-10-09
"Block Real Estate Services, LLC",69fdf74a62446148bd854b2b,Insurance Request,69fded2262446148bd8491f5,"Assist RX (sublease from TEVA Pharmaceutical USA, Inc.)",69fdef2438cbea6b3a68ae39,"3rd250 - 4500 W 107, LLC - (TEVA Pharmacy - tev250 for CAM)",69d409bbfb47f64eb00fe8a5,Spaces,custom-fields,"4500 W. 107th Street, Floor 1 and 2, Overland Park, KS, 66207",,2026-10-09
"Block Real Estate Services, LLC",69fdf74a62446148bd854b30,Insurance Request,69fded1862446148bd848ead,"Pinches / JLJ Holdings, LLC",69fdef2cbf1df2fe96920b3f,"3rd312 - Westport Land & Management I, LLC",69d409bbfb47f64eb00fe8a5,Spaces,custom-fields,"4059-1 Broadway Boulevard, Kansas City, MO, 64111",,2026-10-09
"Block Real Estate Services, LLC",69fdf74a62446148bd854b2c,Insurance Request,69fded1a62446148bd848f55,"Bistro / Marcie, Inc.",69fdef283b208288e0a79ba9,"3rd299 - Delaire KC, LLC - Westport Building - 301 Westport Road (Retail, 1st Floor)",69d409bbfb47f64eb00fe8a5,Spaces,custom-fields,"301 & 303 Westport Road, Kansas City, MO, 64111",,2026-10-09
"Block Real Estate Services, LLC",69fdf74a62446148bd854b31,Insurance Request,69fded1962446148bd848efe,Knapstein Design,69fdef2cbf1df2fe96920b3f,"3rd312 - Westport Land & Management I, LLC",69d409bbfb47f64eb00fe8a5,Spaces,custom-fields,"300-1AEA Westport Road, Kansas City, MO, 64111",,2026-10-09
"Block Real Estate Services, LLC",69fdf74a62446148bd854b32,Insurance Request,69fded1962446148bd848f2b,Gilded Chaos / Lindsay Kupper,69fdef2cbf1df2fe96920b3f,"3rd312 - Westport Land & Management I, LLC",69d409bbfb47f64eb00fe8a5,Spaces,custom-fields,"314-1 Westport Road, Kansas City, MO, 64111",,2026-10-09
"Block Real Estate Services, LLC",69fdf74a62446148bd854b36,Insurance Request,69fded1562446148bd848de4,Vitev / Gabe Hunninghake,69fdef31e45e7dcf5c4328bd,3rd347 - 919 E. 29th Street {Taikan Development Corporation},69d409bbfb47f64eb00fe8a5,Spaces,custom-fields,"919 E. 63rd Street, Suite B, Lawrence, KS, 66046",,2026-10-09
"Block Real Estate Services, LLC",69fdf74a62446148bd854b37,Insurance Request,69fded0f62446148bd848c04,"BluSky Salon Suites, Inc.",69fdef3603a2257cd27d8a19,3rd348 - 5051 West 134th Street {Taikan Development Corporation},69d409bbfb47f64eb00fe8a5,Spaces,custom-fields,"5051 W. 134th Street, Leawood, KS, 66209",,2026-10-09
"Block Real Estate Services, LLC",69fdf74a62446148bd854b38,Insurance Request,69fded1b62446148bd848fa0,The Shul of Leawood / Merkos Linyonci Chinuch of Kansas dba Chabad of Leawood,69fdef3603a2257cd27d8a19,3rd348 - 5051 West 134th Street {Taikan Development Corporation},69d409bbfb47f64eb00fe8a5,Spaces,custom-fields,"5051-A W. 134th Street, Leawood, KS, 66209",,2026-10-09
"Block Real Estate Services, LLC",69fdf74a62446148bd854b39,Insurance Request,69fded2062446148bd849135,Savanah Hunt,69fdef3a02bb2c42a879db44,3rd349 - 13440 Roe Avenue {Taikan Development Corporation},69d409bbfb47f64eb00fe8a5,Spaces,custom-fields,"13440 Roe Avenue, Leawood, KS, 66209",,2026-10-09
"Block Real Estate Services, LLC",69fdf74a62446148bd854b35,Insurance Request,69fded2462446148bd849291,"Vision Savage Media, LLC",69fdef2cbf1df2fe96920b3f,"3rd312 - Westport Land & Management I, LLC",69d409bbfb47f64eb00fe8a5,Spaces,custom-fields,"325-1 W. 40th & 4001-1 Broadway Boulevard, Kansas City, MO, 64111",,2026-10-09
"Block Real Estate Services, LLC",69fdf74a62446148bd854b3d,Insurance Request,69fded1362446148bd848d48,Edward Jones,69fdef3f3b208288e0a7a0f6,"3rd387 - Arrowhead Shopping Center {JW Perry, LLC}",69d409bbfb47f64eb00fe8a5,Spaces,custom-fields,"8147 Parallel Parkway, Kansas City, KS, 66112",,2026-10-09
"Block Real Estate Services, LLC",69fdf74a62446148bd854b3e,Insurance Request,69fded1962446148bd848eef,"The Dotte Spot / KC Smashers, LLC",69fdef3f3b208288e0a7a0f6,"3rd387 - Arrowhead Shopping Center {JW Perry, LLC}",69d409bbfb47f64eb00fe8a5,Spaces,custom-fields,"8121, 8123 Parallel Parkway, Kansas City, KS, 66112",,2026-10-09
"Block Real Estate Services, LLC",69fdf74a62446148bd854b3f,Insurance Request,69fded2362446148bd849279,"Vakok Asian Market, LLC",69fdef3f3b208288e0a7a0f6,"3rd387 - Arrowhead Shopping Center {JW Perry, LLC}",69d409bbfb47f64eb00fe8a5,Spaces,custom-fields,"8143 Parallel Parkway, Kansas City, KS, 66112",,2026-10-09
"Block Real Estate Services, LLC",69fdf74a62446148bd854b41,Insurance Request,69fded0d62446148bd848b56,"Amazon / Amazon.com Services, LLC (MCI5)",69fdef4802bb2c42a879de8a,"3rd464 - Lenexa Logistics Centre South Building 4 {Lenexa Logistics 4 Investment, Inc.}",69d409bbfb47f64eb00fe8a5,Spaces,custom-fields,"16851 W. 113th Street, Lenexa, KS, 66219",,2026-10-09
"Block Real Estate Services, LLC",69fdf74a62446148bd854b42,Insurance Request,69fded1862446148bd848ea7,"Jetalum Windows & Doors / JetAlum, LLC",69fdef4d3b208288e0a7a2ed,"3rd488 - 19th Street Properties, LLC {19th Street Properties, LLC} (fka Grove Street Properties, LLC - Hoodenpyle)",69d409bbfb47f64eb00fe8a5,Spaces,custom-fields,"1414 E. 19th Street, Kansas City, MO, 64108",,2026-10-09
"Block Real Estate Services, LLC",69fdf74a62446148bd854b46,Insurance Request,69fded1462446148bd848d72,Enterprise Leasing Company of Kansas,69fdef5502bb2c42a879dfe7,"3rd497 - The Fountain Office Building {Fountain Building-Missouri, LLC}",69d409bbfb47f64eb00fe8a5,Spaces,custom-fields,"700 S. 291 Highway, PKG01, Liberty, MO, 64068",,2026-10-09
"Block Real Estate Services, LLC",69fdf74a62446148bd854b47,Insurance Request,69fded1f62446148bd849108,"Rosen's, Inc.",69fdef5502bb2c42a879dfe7,"3rd497 - The Fountain Office Building {Fountain Building-Missouri, LLC}",69d409bbfb47f64eb00fe8a5,Spaces,custom-fields,"700 S. 291 Highway, Suite 101, 200, B101, Liberty, MO, 64068",,2026-10-09
"Block Real Estate Services, LLC",69fdf74a62446148bd854b4a,Insurance Request,69fded2162446148bd8491b0,Starbucks Corporation #9654,69fdef5c3b208288e0a7a5df,"3rd543 - Downey Family Holdings, LLC",69d409bbfb47f64eb00fe8a5,Spaces,custom-fields,"1516-A E. 23rd Street, Independence, MO, 64055",,2026-10-09
"Block Real Estate Services, LLC",69fdf74a62446148bd854b49,Insurance Request,69fded1762446148bd848e8c,Great Clips / Iris Corporation,69fdef5c3b208288e0a7a5df,"3rd543 - Downey Family Holdings, LLC",69d409bbfb47f64eb00fe8a5,Spaces,custom-fields,"1516-B E. 23rd Street, Independence, MO, 64055",,2026-10-09
"Block Real Estate Services, LLC",69fdf74a62446148bd854b51,Insurance Request,69fded1262446148bd848cd9,KK Express Employment / Curtis Holding Company,69fdef653b208288e0a7a89f,"3rd654 - Devonshire Village Shops {Devonshire Shops, LLC}",69d409bbfb47f64eb00fe8a5,Spaces,custom-fields,"12705 S Mur-Len Rd, Suite A8, Olathe, KS, 66062",,2026-10-09
"Block Real Estate Services, LLC",69fdf74a62446148bd854b52,Insurance Request,69fded1262446148bd848d00,Daylight Donuts-Olathe LLC,69fdef653b208288e0a7a89f,"3rd654 - Devonshire Village Shops {Devonshire Shops, LLC}",69d409bbfb47f64eb00fe8a5,Spaces,custom-fields,"12705 S Mur-Len Rd, Suite A1, Olathe, KS, 66062",,2026-10-09
"Block Real Estate Services, LLC",69fdf74a62446148bd854b54,Insurance Request,69fded1762446148bd848e8f,"Tea Garden / Iris Restaurant, LLC",69fdef653b208288e0a7a89f,"3rd654 - Devonshire Village Shops {Devonshire Shops, LLC}",69d409bbfb47f64eb00fe8a5,Spaces,custom-fields,"12755 S Mur-Len Rd, Suite B4, Olathe, KS, 66062",,2026-10-09
"Block Real Estate Services, LLC",69fdf74a62446148bd854b4d,Insurance Request,69fded0d62446148bd848b3b,Agape Montessori School/Pulliam Properties LLC,69fdef653b208288e0a7a89f,"3rd654 - Devonshire Village Shops {Devonshire Shops, LLC}",69d409bbfb47f64eb00fe8a5,Spaces,custom-fields,"12805 S Mur-Len Rd, Suite C6 & 16550 W 129th St Suite D1, Olathe, KS, 66062",,2026-10-09
"Block Real Estate Services, LLC",69fdf74a62446148bd854b55,Insurance Request,69fded1b62446148bd848fd6,Moncayo Legal LLC,69fdef653b208288e0a7a89f,"3rd654 - Devonshire Village Shops {Devonshire Shops, LLC}",69d409bbfb47f64eb00fe8a5,Spaces,custom-fields,"12755 S Mur-Len Rd, Suite B6, Olathe, KS, 66062",,2026-10-09
"Block Real Estate Services, LLC",69fdf74a62446148bd854b5a,Insurance Request,69fded2262446148bd84920a,"The Hairem / The Hairem of Olathe, LLC",69fdef653b208288e0a7a89f,"3rd654 - Devonshire Village Shops {Devonshire Shops, LLC}",69d409bbfb47f64eb00fe8a5,Spaces,custom-fields,"12805 S Mur-Len Rd, Suite C5, Olathe, KS, 66062",,2026-10-09
"Block Real Estate Services, LLC",69fdf74a62446148bd854b5b,Insurance Request,69fded2362446148bd849273,Unopenedpackman Sportscards and Collectibles LLC,69fdef653b208288e0a7a89f,"3rd654 - Devonshire Village Shops {Devonshire Shops, LLC}",69d409bbfb47f64eb00fe8a5,Spaces,custom-fields,"12755 S Mur-Len Rd, Suite B7, Olathe, KS, 66062",,2026-10-09
"Block Real Estate Services, LLC",69fdf74a62446148bd854b5d,Insurance Request,69fded0c62446148bd848b0e,A.N.D. Design Studio LLC,69fdef6abf1df2fe969214c6,"3rd657 - Sni-A-Bar Plaza {KCG Investment Properties, LLC}",69d409bbfb47f64eb00fe8a5,Spaces,custom-fields,"1450 SW Eagles Parkway, Grain Valley, MO, 64029",,2026-10-09
"Block Real Estate Services, LLC",69fdf74a62446148bd854b5f,Insurance Request,69fded0e62446148bd848bbf,Baking With A Bass / Kayla Bass,69fdef6abf1df2fe969214c6,"3rd657 - Sni-A-Bar Plaza {KCG Investment Properties, LLC}",69d409bbfb47f64eb00fe8a5,Spaces,custom-fields,"1428 SW Eagles Parkway, Grain Valley, MO, 64029",,2026-10-09
"Block Real Estate Services, LLC",69fdf74a62446148bd854b56,Insurance Request,69fded1f62446148bd849123,Safari Mart,69fdef653b208288e0a7a89f,"3rd654 - Devonshire Village Shops {Devonshire Shops, LLC}",69d409bbfb47f64eb00fe8a5,Spaces,custom-fields,"12755 S Mur-Len Rd, Suite B10, Olathe, KS, 66062",,2026-10-09
"Block Real Estate Services, LLC",69fdf74a62446148bd854b62,Insurance Request,69fded1662446148bd848e14,Grain Valley Chop Shop,69fdef6abf1df2fe969214c6,"3rd657 - Sni-A-Bar Plaza {KCG Investment Properties, LLC}",69d409bbfb47f64eb00fe8a5,Spaces,custom-fields,"1404 SW Eagles Parkway, Grain Valley, MO, 64029",,2026-10-09
"Block Real Estate Services, LLC",69fdf74a62446148bd854b63,Insurance Request,69fded1662446148bd848e17,Sni Valley Academy / Dr. Warren L. Moss - Grain Valley School District,69fdef6abf1df2fe969214c6,"3rd657 - Sni-A-Bar Plaza {KCG Investment Properties, LLC}",69d409bbfb47f64eb00fe8a5,Spaces,custom-fields,"1414, 1416, 1418 SW Eagles Parkway, Grain Valley, MO, 64029",,2026-10-09
"Block Real Estate Services, LLC",69fdf74a62446148bd854b66,Insurance Request,69fded1a62446148bd848f3d,Mactan Asian Market / Steve Shatto,69fdef6abf1df2fe969214c6,"3rd657 - Sni-A-Bar Plaza {KCG Investment Properties, LLC}",69d409bbfb47f64eb00fe8a5,Spaces,custom-fields,"1438 SW Eagles Parkway, Grain Valley, MO, 64029",,2026-10-09
"Block Real Estate Services, LLC",69fdf74a62446148bd854b68,Insurance Request,69fded1b62446148bd848fb2,Midwest Dance Center / Priscilla Lea Young,69fdef6abf1df2fe969214c6,"3rd657 - Sni-A-Bar Plaza {KCG Investment Properties, LLC}",69d409bbfb47f64eb00fe8a5,Spaces,custom-fields,"1430, 1432 SW Eagles Parkway, Grain Valley, MO, 64029",,2026-10-09
"Block Real Estate Services, LLC",69fdf75c62446148bd855f56,Insurance Request,69fded2162446148bd84917d,Soar Nutrition,69fdef6abf1df2fe969214c6,"3rd657 - Sni-A-Bar Plaza {KCG Investment Properties, LLC}",69d409bbfb47f64eb00fe8a5,Spaces,custom-fields,"1434 SW Eagles Parkway, Grain Valley, MO, 64029",,2026-10-09
"Block Real Estate Services, LLC",69fdf75c62446148bd855f57,Insurance Request,69fded0e62446148bd848ba4,Asurion UBIF,69fdef6fe45e7dcf5c433fc2,"3rd667 - Oak Park KS, LLC",69d409bbfb47f64eb00fe8a5,Spaces,custom-fields,"11906 W. 95th Street, Lenexa, KS, 66215",,2026-10-09
"Block Real Estate Services, LLC",69fdf74a62446148bd854b64,Insurance Request,69fded1862446148bd848e9e,"Janette Brown Insurance Agency, LLC (Farmer's Insurance)",69fdef6abf1df2fe969214c6,"3rd657 - Sni-A-Bar Plaza {KCG Investment Properties, LLC}",69d409bbfb47f64eb00fe8a5,Spaces,custom-fields,"1436 SW Eagles Parkway, Grain Valley, MO, 64029",,2026-10-09
"Block Real Estate Services, LLC",69fdf75c62446148bd855f5a,Insurance Request,69fded1a62446148bd848f6d,Mattress Firm Inc,69fdef6fe45e7dcf5c433fc2,"3rd667 - Oak Park KS, LLC",69d409bbfb47f64eb00fe8a5,Spaces,custom-fields,"11926 W. 95th Street, Lenexa, KS, 66215",,2026-10-09
"Block Real Estate Services, LLC",69fdf75c62446148bd855f5b,Insurance Request,69fded2062446148bd849144,Select Comfort Retail Corporation,69fdef6fe45e7dcf5c433fc2,"3rd667 - Oak Park KS, LLC",69d409bbfb47f64eb00fe8a5,Spaces,custom-fields,"11916 W. 95th Street, Lenexa, KS, 66215",,2026-10-09
"Block Real Estate Services, LLC",69fdf75c62446148bd855f60,Insurance Request,69fded1062446148bd848c61,Charles D Jones Company,69fdef7403a2257cd27da147,"3rd698 - 40 Hi Center {Midwest Ketter Investments, LLC}",69d409bbfb47f64eb00fe8a5,Spaces,custom-fields,"17501: 211, 216 E. US 40 Highway, Independence, MO, 64055",,2026-10-09
"Block Real Estate Services, LLC",69fdf75c62446148bd855f5f,Insurance Request,69fded0e62446148bd848bad,Recognition Plus Audio Video Graphics,69fdef7403a2257cd27da147,"3rd698 - 40 Hi Center {Midwest Ketter Investments, LLC}",69d409bbfb47f64eb00fe8a5,Spaces,custom-fields,"17501: 219, 220 E. US 40 Highway, Independence, MO, 64055",,2026-10-09
"Block Real Estate Services, LLC",69fdf75c62446148bd855f63,Insurance Request,69fded1962446148bd848f28,Medical Midwest / Lincare,69fdef7403a2257cd27da147,"3rd698 - 40 Hi Center {Midwest Ketter Investments, LLC}",69d409bbfb47f64eb00fe8a5,Spaces,custom-fields,"17501: 223, 224 E. US 40 Highway, Independence, MO, 64055",,2026-10-09
"Block Real Estate Services, LLC",69fdf75c62446148bd855f64,Insurance Request,69fded1a62446148bd848f34,Long's Shotokan Karate Academy and Martial Arts LLC,69fdef7403a2257cd27da147,"3rd698 - 40 Hi Center {Midwest Ketter Investments, LLC}",69d409bbfb47f64eb00fe8a5,Spaces,custom-fields,"17501: 217 E. US 40 Highway, Independence, MO, 64055",,2026-10-09
"Block Real Estate Services, LLC",69fdf75c62446148bd855f5c,Insurance Request,69fded0d62446148bd848b50,Allure Hair Studio / Alisha N. Bauer,69fdef7403a2257cd27da147,"3rd698 - 40 Hi Center {Midwest Ketter Investments, LLC}",69d409bbfb47f64eb00fe8a5,Spaces,custom-fields,"17331: 102 E. US 40 Highway, Independence, MO, 64055",,2026-10-09
"Block Real Estate Services, LLC",69fdf75c62446148bd855f67,Insurance Request,69fded1d62446148bd849051,"Hydro Ponics / River Market Hydro / Palm Green, LLC",69fdef7403a2257cd27da147,"3rd698 - 40 Hi Center {Midwest Ketter Investments, LLC}",69d409bbfb47f64eb00fe8a5,Spaces,custom-fields,"17501: 218 E. US 40 Highway, Independence, MO, 64055",,2026-10-09
"Block Real Estate Services, LLC",69fdf75c62446148bd855f68,Insurance Request,69fded2062446148bd849147,Select Physical Therapy / Healthsouth Corp,69fdef7403a2257cd27da147,"3rd698 - 40 Hi Center {Midwest Ketter Investments, LLC}",69d409bbfb47f64eb00fe8a5,Spaces,custom-fields,"17331: 105 E. US 40 Highway, Independence, MO, 64055",,2026-10-09
"Block Real Estate Services, LLC",69fdf75c62446148bd855f6b,Insurance Request,69fded2362446148bd849243,"University Health WIC / Truman Medical Center, Inc.",69fdef7403a2257cd27da147,"3rd698 - 40 Hi Center {Midwest Ketter Investments, LLC}",69d409bbfb47f64eb00fe8a5,Spaces,custom-fields,"17501: 213, 214 E. US 40 Highway, Independence, MO, 64055",,2026-10-09
"Block Real Estate Services, LLC",69fdf75c62446148bd855f6d,Insurance Request,69fded1162446148bd848c76,"Chrysalis Center, LLC",69fdef7d0e86e2f8723d7c04,"3rd754 - 9500 E. 63rd Street {PCJW, LLC}",69d409bbfb47f64eb00fe8a5,Spaces,custom-fields,"9500 E. 63rd Street, Suite 108, Raytown, MO, 64133",,2026-10-09
"Block Real Estate Services, LLC",69fdf75c62446148bd855f6a,Insurance Request,69fded2062446148bd849174,Slim 4 Life Weight Loss Centers Inc,69fdef7403a2257cd27da147,"3rd698 - 40 Hi Center {Midwest Ketter Investments, LLC}",69d409bbfb47f64eb00fe8a5,Spaces,custom-fields,"17331: 103 E. US 40 Highway, Independence, MO, 64055",,2026-10-09
"Block Real Estate Services, LLC",69fdf75c62446148bd855f70,Insurance Request,69fded2362446148bd849231,"Johnson County Davita / Total Renal Care, Inc.",69fdef8238cbea6b3a68c358,"3rd810 - Pine Ridge Building J {MEL B, LLC}",69d409bbfb47f64eb00fe8a5,Spaces,custom-fields,"10453 W. 84th Terrace, Lenexa, KS, 66214",,2026-10-09
"Block Real Estate Services, LLC",69fdf75c62446148bd855f71,Insurance Request,69fded1062446148bd848c52,"Sunflower Health Plan / Centene Management Company, LLC",69fdef860bb484cab5138c69,"3rd867 - Four Pine Ridge Plaza {SSR Capital, LLC}",69d409bbfb47f64eb00fe8a5,Spaces,custom-fields,"8325 Lenexa Drive, Suite 250, Lenexa, KS, 66214",,2026-10-09
"Block Real Estate Services, LLC",69fdf75c62446148bd855f74,Insurance Request,69fded1a62446148bd848f46,"Magvia Percussion, LLC / WFLIII Drums",69fdef8bfa0b60fcd50d6056,"3rd868 - Pine Ridge Building H {H60 Properties, LLC}",69d409bbfb47f64eb00fe8a5,Spaces,custom-fields,"10323, 10325 W. 84th Terrace, Lenexa, KS, 66214",,2026-10-09
"Block Real Estate Services, LLC",69fdf75c62446148bd855f79,Insurance Request,69fded1162446148bd848c70,Chipotle Mexican Grill,69fdef8fbf1df2fe9692198a,"3rd959 - Bell 39 Properties, LLC",69d409bbfb47f64eb00fe8a5,Spaces,custom-fields,"1701 W 39th Street, Kansas City, MO, 66111",,2026-10-09
"Block Real Estate Services, LLC",69fdf75c62446148bd855f73,Insurance Request,69fded1762446148bd848e89,Inspire Therapy LLC,69fdef8bfa0b60fcd50d6056,"3rd868 - Pine Ridge Building H {H60 Properties, LLC}",69d409bbfb47f64eb00fe8a5,Spaces,custom-fields,"10327, 10329, 10331, 10333 W. 84th Terrace, Lenexa, KS, 66214",,2026-10-09
"Block Real Estate Services, LLC",69fdf75c62446148bd855f8f,Insurance Request,69fded1c62446148bd848ffa,New China Super Buffet,69fdef94fa0b60fcd50d6424,"3rd989 - Hillcrest Plaza {Dunbarton SC, LLC}",69d409bbfb47f64eb00fe8a5,Spaces,custom-fields,"617 North Belt Highway, St. Joseph, MO, 64506",,2026-10-09
"Block Real Estate Services, LLC",69fdf75c62446148bd855f8b,Insurance Request,69fded1f62446148bd849114,"Royal Gyros (Royal Donuts, LLC) / Ahed Kalifa",69fdf5c2e84e20262bb42483,"3rd979 - Belton Towne Center {Belton MO Properties, LLC}",69d409bbfb47f64eb00fe8a5,Spaces,custom-fields,"1316 E. North Avenue, Belton, MO, 64012",,2026-10-09
"Block Real Estate Services, LLC",69fdf75c62446148bd855f8a,Insurance Request,69fded1d62446148bd849054,Papa Murphy's / Papa's Partners,69fdf5c2e84e20262bb42483,"3rd979 - Belton Towne Center {Belton MO Properties, LLC}",69d409bbfb47f64eb00fe8a5,Spaces,custom-fields,"1320 E. North Avenue, Belton, MO, 64012",,2026-10-09
"Block Real Estate Services, LLC",69fdf75c62446148bd855f89,Insurance Request,69fded1a62446148bd848f6d,Mattress Firm Inc,69fdf5c2e84e20262bb42483,"3rd979 - Belton Towne Center {Belton MO Properties, LLC}",69d409bbfb47f64eb00fe8a5,Spaces,custom-fields,"1314 E. North Avenue, Belton, MO, 64012",,2026-10-09
"Block Real Estate Services, LLC",69fdf75c62446148bd855f8e,Insurance Request,69fded1962446148bd848f1f,Leslie's Poolmart Inc,69fdef94fa0b60fcd50d6424,"3rd989 - Hillcrest Plaza {Dunbarton SC, LLC}",69d409bbfb47f64eb00fe8a5,Spaces,custom-fields,"615 North Belt Highway, St. Joseph, MO, 64506",,2026-10-09
"Block Real Estate Services, LLC",69fdf75c62446148bd855f94,Insurance Request,69fded0c62446148bd848b26,"Advanced Auto / Advanced Stores Co., Inc.",69fdefa6e45e7dcf5c4348ed,agb318 - 4401 E. Truman Road (Allen & Gloria Block Family Limited Partnership},69d409bbfb47f64eb00fe8a5,Spaces,custom-fields,"4401 E. Truman Road, Kansas City, MO, 64127",,2026-10-09
"Block Real Estate Services, LLC",69fdf75c62446148bd855fa0,Insurance Request,69fded2262446148bd84920d,Argosy Casino & Hotel / The Missouri Gaming Company,69fdefb2fa0b60fcd50d6be7,"bf3944 - Riverside Business Center 3 {Block Income Fund III, LP}",69d409bbfb47f64eb00fe8a5,Spaces,custom-fields,"216, 220 NW Plaza Drive, Riverside, MO, 64150",,2026-10-09
"Block Real Estate Services, LLC",69fdf75c62446148bd855f9f,Insurance Request,69fded2062446148bd849132,"Sanders Management, Inc",69fdefb2fa0b60fcd50d6be7,"bf3944 - Riverside Business Center 3 {Block Income Fund III, LP}",69d409bbfb47f64eb00fe8a5,Spaces,custom-fields,"208 NW Plaza Drive, Riverside, MO, 64150",,2026-10-09
"Block Real Estate Services, LLC",69fdf75c62446148bd855fa3,Insurance Request,69fded1862446148bd848ecb,"Kansas City Gymnastics, Inc.",69fdefb802bb2c42a879f4b6,"bf3945 - Riverside Business Center 4 {Block Income Fund III, LP}",69d409bbfb47f64eb00fe8a5,Spaces,custom-fields,"1116 NW Plaza Drive, Riverside, MO, 64150",,2026-10-09
"Block Real Estate Services, LLC",69fdf75c62446148bd855f9d,Insurance Request,69fded1662446148bd848e0e,"Golden Distributing Company, Inc.",69fdefb2fa0b60fcd50d6be7,"bf3944 - Riverside Business Center 3 {Block Income Fund III, LP}",69d409bbfb47f64eb00fe8a5,Spaces,custom-fields,"236 NW Plaza Drive, Riverside, MO, 64150",,2026-10-09
"Block Real Estate Services, LLC",69fdf75c62446148bd855fa1,Insurance Request,69fded1062446148bd848c4f,CBD American Shaman LLC,69fdefb802bb2c42a879f4b6,"bf3945 - Riverside Business Center 4 {Block Income Fund III, LP}",69d409bbfb47f64eb00fe8a5,Spaces,custom-fields,"100 - 108 NW Plaza Drive, Riverside, MO, 64150",,2026-10-09
"Block Real Estate Services, LLC",69fdf75c62446148bd855fa8,Insurance Request,69fded1e62446148bd8490b1,"Prime Source Building Products, Inc.",69fdefc60bb484cab513a701,"bf4306 - Prime Source Associates, LLC",69d409bbfb47f64eb00fe8a5,Spaces,custom-fields,"6101 NE Parretta Drive, Kansas City, MO, 64120",,2026-10-09
"Block Real Estate Services, LLC",69fdf75c62446148bd855fb5,Insurance Request,69fded1c62446148bd84902a,OneDigital Borrower LLC,69fdeff702bb2c42a87a062f,"ccc268 - CityPlace Corporate Centre I {Cityplace Corporate Centre I Investors, LLC}",69d409bbfb47f64eb00fe8a5,Spaces,custom-fields,"11101 Switzer Road, Suite 200, Overland Park, KS, 66210",,2026-10-09
"Block Real Estate Services, LLC",69fdf75c62446148bd855fb3,Insurance Request,69fded1262446148bd848cf4,Data Systems International/ Nextworld / Cloud Inventory,69fdeff702bb2c42a87a062f,"ccc268 - CityPlace Corporate Centre I {Cityplace Corporate Centre I Investors, LLC}",69d409bbfb47f64eb00fe8a5,Spaces,custom-fields,"11101 Switzer Road, Suite 300, 305, Overland Park, KS, 66210",,2026-10-09
"Block Real Estate Services, LLC",69fdf75c62446148bd855fb7,Insurance Request,69fded1e62446148bd8490b4,Principal Life Insurance Company,69fdeff702bb2c42a87a062f,"ccc268 - CityPlace Corporate Centre I {Cityplace Corporate Centre I Investors, LLC}",69d409bbfb47f64eb00fe8a5,Spaces,custom-fields,"11101 Switzer Road, Suite 100, Overland Park, KS, 66210",,2026-10-09
"Block Real Estate Services, LLC",69fdf75c62446148bd855fb4,Insurance Request,69fded1c62446148bd849009,Nextaff Group LLC,69fdeff702bb2c42a87a062f,"ccc268 - CityPlace Corporate Centre I {Cityplace Corporate Centre I Investors, LLC}",69d409bbfb47f64eb00fe8a5,Spaces,custom-fields,"11101 Switzer Road, Suite 110, Overland Park, KS, 66210",,2026-10-09
"Block Real Estate Services, LLC",69fdf75c62446148bd855fb8,Insurance Request,69fded1f62446148bd8490db,Brinkmann Constructors / R G Brinkman Company,69fdeff702bb2c42a87a062f,"ccc268 - CityPlace Corporate Centre I {Cityplace Corporate Centre I Investors, LLC}",69d409bbfb47f64eb00fe8a5,Spaces,custom-fields,"11101 Switzer Road, Suite 310, Overland Park, KS, 66210",,2026-10-09
"Block Real Estate Services, LLC",69fdf76e62446148bd8573aa,Insurance Request,69fded1862446148bd848ece,Kansas City Urology Care,69fdf00503a2257cd27dd397,"cm1756 - Corporate Medical Plaza I {CMP Building I, LLC}",69d409bbfb47f64eb00fe8a5,Spaces,custom-fields,"10701 Nall Avenue, Suite 100, 110, Overland Park, KS, 66211",,2026-10-09
"Block Real Estate Services, LLC",69fdf76e62446148bd8573b6,Insurance Request,69fded0d62446148bd848b4a,Allergy & Asthma Care,69fdf00d0e86e2f8723da443,"cm3758 - Corporate Medical Plaza III {CMP Building III, LLC}",69d409bbfb47f64eb00fe8a5,Spaces,custom-fields,"10787 Nall Avenue, Suite 200, Overland Park, KS, 66211",,2026-10-09
"Block Real Estate Services, LLC",69fdf76e62446148bd8573b9,Insurance Request,69fded2362446148bd849234,"DaVita Dialysis / Total Renal Care, Inc.",69fdf00d0e86e2f8723da443,"cm3758 - Corporate Medical Plaza III {CMP Building III, LLC}",69d409bbfb47f64eb00fe8a5,Spaces,custom-fields,"10787 Nall Avenue, Suite 130, Overland Park, KS, 66211",,2026-10-09
"Block Real Estate Services, LLC",69fdf76e62446148bd8573b7,Insurance Request,69fded0f62446148bd848c10,"Sono Bello / Body Contour Centers, LLC",69fdf00d0e86e2f8723da443,"cm3758 - Corporate Medical Plaza III {CMP Building III, LLC}",69d409bbfb47f64eb00fe8a5,Spaces,custom-fields,"10787 Nall Avenue, Suite 210, Overland Park, KS, 66211",,2026-10-09
"Block Real Estate Services, LLC",69fdf76e62446148bd8573b8,Insurance Request,69fded1162446148bd848c94,"HCA aka College Park Endoscopy Center, LLC / Surgery Ventures",69fdf00d0e86e2f8723da443,"cm3758 - Corporate Medical Plaza III {CMP Building III, LLC}",69d409bbfb47f64eb00fe8a5,Spaces,custom-fields,"10787 Nall Avenue, Suite 100, Overland Park, KS, 66211",,2026-10-09
"Block Real Estate Services, LLC",69fdf76e62446148bd8573c1,Insurance Request,69fded1462446148bd848d8d,Faith Technologies Inc,69fdf0150bb484cab513b4eb,col720 - College Crossing - Building 1 (Building A) {COLLEGE CROSSING ASSOCIATES. LLC},69d409bbfb47f64eb00fe8a5,Spaces,custom-fields,"11064 Strang Line Road, Lenexa, KS, 66215",,2026-10-09
"Block Real Estate Services, LLC",69fdf76e62446148bd8573c7,Insurance Request,69fded1c62446148bd848ff1,Nestle Purina PetCare Co.,69fdf01c02bb2c42a87a0f07,"dav189 - Davenport Investors, LLC",69d409bbfb47f64eb00fe8a5,Spaces,custom-fields,"4611, 4711 Kimmel Drive, Davenport, IA, 52806",,2026-10-09
"Block Real Estate Services, LLC",69fdf76e62446148bd8573d0,Insurance Request,69fded2162446148bd84919e,"Midwest Roofing / SRS Distribution, Inc.",69fdf02c0bb484cab513b6a0,"glo511 - Glo-Rae - Armourdale - North (S. 7th St. Trafficway) {Glo-Rae Investment Company, LLC}",69d409bbfb47f64eb00fe8a5,Spaces,custom-fields,"801, 803 S. 7th Street Trafficway, Kansas City, KS, 66105",,2026-10-09
"Block Real Estate Services, LLC",69fdf76e62446148bd8573d4,Insurance Request,69fded1262446148bd848cd6,Cruise Marketing Inc,69fdf03902bb2c42a87a13b8,"hig143 - High Tech Associates (Pine Ridge Building 20) {High Tech Associates, LLC}",69d409bbfb47f64eb00fe8a5,Spaces,custom-fields,"7903 Bond Street, Lenexa, KS, 66214",,2026-10-09
"Block Real Estate Services, LLC",69fdf76e62446148bd8573d6,Insurance Request,69fded1762446148bd848e59,Hensley Electric Inc,69fdf03902bb2c42a87a13b8,"hig143 - High Tech Associates (Pine Ridge Building 20) {High Tech Associates, LLC}",69d409bbfb47f64eb00fe8a5,Spaces,custom-fields,"7911 Bond Street, Lenexa, KS, 66214",,2026-10-09
"Block Real Estate Services, LLC",69fdf76e62446148bd8573d2,Insurance Request,69fded1262446148bd848cc7,Creative Consumer Concepts Inc,69fdf03603a2257cd27ddee7,"glo519 - Glo-Rae - Armourdale - South  (S. 7th St. Trafficway /St. Paul/Miami Ave) {Glo-Rae Investment Company, LLC}",69d409bbfb47f64eb00fe8a5,Spaces,custom-fields,"830 S. St. Paul, Kansas City, KS, 66105",,2026-10-09
"Block Real Estate Services, LLC",69fdf76e62446148bd8573d3,Insurance Request,69fded1562446148bd848dc6,Foxx Equipment Company,69fdf03603a2257cd27ddee7,"glo519 - Glo-Rae - Armourdale - South  (S. 7th St. Trafficway /St. Paul/Miami Ave) {Glo-Rae Investment Company, LLC}",69d409bbfb47f64eb00fe8a5,Spaces,custom-fields,"827 S. 7th Street Trafficway, Kansas City, KS, 66105",,2026-10-09
"Block Real Estate Services, LLC",69fdf76e62446148bd8573da,Insurance Request,69fded1e62446148bd8490ba,Professional Toxicology Services Inc,69fdf03902bb2c42a87a13b8,"hig143 - High Tech Associates (Pine Ridge Building 20) {High Tech Associates, LLC}",69d409bbfb47f64eb00fe8a5,Spaces,custom-fields,"7915 Bond Street, Lenexa, KS, 66214",,2026-10-09
"Block Real Estate Services, LLC",69fdf76e62446148bd8573e5,Insurance Request,69fded1762446148bd848e56,Hennessy Enterprises LLC,69fdf04d03a2257cd27de3b8,"kc2703 - Brookhollow I {Flint 1, LLC}",69d409bbfb47f64eb00fe8a5,Spaces,custom-fields,"8420 Flint Street, Lenexa, KS, 66214",,2026-10-09
"Block Real Estate Services, LLC",69fdf76e62446148bd8573e7,Insurance Request,69fded0e62446148bd848b8c,ARJ Infusion Services,69fdf05002bb2c42a87a1859,"kc2704 - Westbrook IV {Brian 4, LLC}",69d409bbfb47f64eb00fe8a5,Spaces,custom-fields,"7930 Marshall Drive, Lenexa, KS, 66214",,2026-10-09
"Block Real Estate Services, LLC",69fdf76e62446148bd8573e6,Insurance Request,69fded0d62446148bd848b47,All Copy Products Inc,69fdf05002bb2c42a87a1859,"kc2704 - Westbrook IV {Brian 4, LLC}",69d409bbfb47f64eb00fe8a5,Spaces,custom-fields,"7920 Marshall Drive, Lenexa, KS, 66214",,2026-10-09
"Block Real Estate Services, LLC",69fdf76e62446148bd8573e4,Insurance Request,69fded1162446148bd848ca0,"CKF / Consolidated Supply, Inc.",69fdf04d03a2257cd27de3b8,"kc2703 - Brookhollow I {Flint 1, LLC}",69d409bbfb47f64eb00fe8a5,Spaces,custom-fields,"8440 Flint Street, Lenexa, KS, 66214",,2026-10-09
"Block Real Estate Services, LLC",69fdf76e62446148bd8573e8,Insurance Request,69fded2062446148bd849168,Siemens Corporation,69fdf05002bb2c42a87a1859,"kc2704 - Westbrook IV {Brian 4, LLC}",69d409bbfb47f64eb00fe8a5,Spaces,custom-fields,"7938 Marshall Drive, Lenexa, KS, 66214",,2026-10-09
"Block Real Estate Services, LLC",69fdf76e62446148bd8573ed,Insurance Request,69fded2062446148bd84914d,"SERC Physical Therapy / SERC Rehabilitation Partners, LLC",69fdf0533b208288e0a7d827,"kci281 - Platte Valley Industrial Center 1 {Platte Valley Investment, LLC}",69d409bbfb47f64eb00fe8a5,Spaces,custom-fields,"220 NW Platte Valley Drive, Riverside, MO, 64150",,2026-10-09
"Block Real Estate Services, LLC",69fdf76e62446148bd8573f6,Insurance Request,69fded1662446148bd848e23,"Action Stainless & Alloys / ACT Acquisition, Inc. (sublease from Hello Fresh / Grocery Delivery Logistics, Inc.)",69fdf05e0e86e2f8723db3e7,"kci284 - Platte Valley Industrial Center 4 {Platte Valley Investment, LLC}",69d409bbfb47f64eb00fe8a5,Spaces,custom-fields,"915 NW Platte Valley Drive, Riverside, MO, 64150",,2026-10-09
"Block Real Estate Services, LLC",69fdf76e62446148bd8573f8,Insurance Request,69fded0e62446148bd848baa,Auction Merchandise of KC,69fdf061bf1df2fe969263d0,"kci286 - Platte Valley Industrial Center 6 {Platte Valley Investment, LLC}",69d409bbfb47f64eb00fe8a5,Spaces,custom-fields,"112, 114 NW Parkway Drive, Riverside, MO, 64150",,2026-10-09
"Block Real Estate Services, LLC",69fdf76e62446148bd8573fa,Insurance Request,69fded1462446148bd848db1,First Key Homes,69fdf061bf1df2fe969263d0,"kci286 - Platte Valley Industrial Center 6 {Platte Valley Investment, LLC}",69d409bbfb47f64eb00fe8a5,Spaces,custom-fields,"120 NW Parkway Drive, Riverside, MO, 64150",,2026-10-09
"Block Real Estate Services, LLC",69fdf76e62446148bd8573f9,Insurance Request,69fded1062446148bd848c1c,Brown & Root Industrial Services LLC,69fdf061bf1df2fe969263d0,"kci286 - Platte Valley Industrial Center 6 {Platte Valley Investment, LLC}",69d409bbfb47f64eb00fe8a5,Spaces,custom-fields,"110 NW Parkway Drive, Riverside, MO, 64150",,2026-10-09
"Block Real Estate Services, LLC",69fdf76e62446148bd8573fb,Insurance Request,69fded1962446148bd848efb,Knappco LLC,69fdf061bf1df2fe969263d0,"kci286 - Platte Valley Industrial Center 6 {Platte Valley Investment, LLC}",69d409bbfb47f64eb00fe8a5,Spaces,custom-fields,"122 NW Parkway Drive, Riverside, MO, 64150",,2026-10-09
"Block Real Estate Services, LLC",69fdf76e62446148bd8573ff,Insurance Request,69fded1c62446148bd849006,New York Air Brake Co,69fdf067fa0b60fcd50d99bf,"kci288 - Platte Valley Industrial Center 8 {Platte Valley Investment, LLC}",69d409bbfb47f64eb00fe8a5,Spaces,custom-fields,"525 NW Parkway Drive, Riverside, MO, 64150",,2026-10-09
"Block Real Estate Services, LLC",69fdf78062446148bd8587b2,Insurance Request,69fded1962446148bd848f0a,Landers Visions LLC,69fdf07502bb2c42a87a2174,"kci862 - Riverside Distribution Center 2 {Riverside Distribution Center Investment, LLC}",69d409bbfb47f64eb00fe8a5,Spaces,custom-fields,"4114 NW Riverside Street, Riverside, MO, 64150",,2026-10-09
"Block Real Estate Services, LLC",69fdf78062446148bd8587af,Insurance Request,69fded1e62446148bd8490b7,Pro Concrete Design Inc,69fdf06de45e7dcf5c4377cd,"kci290 - Platte Valley Industrial Center 10 {Platte Valley Investment, LLC}",69d409bbfb47f64eb00fe8a5,Spaces,custom-fields,"440 NW Parkway Drive, Riverside, MO, 64150",,2026-10-09
"Block Real Estate Services, LLC",69fdf78062446148bd8587b1,Insurance Request,69fded1c62446148bd849006,New York Air Brake Co,69fdf07103a2257cd27deaeb,"kci291 - Platte Valley Industrial Center 11 {Platte Valley Investment, LLC}",69d409bbfb47f64eb00fe8a5,Spaces,custom-fields,"701 NW Parkway Drive, Riverside, MO, 64150",,2026-10-09
"Block Real Estate Services, LLC",69fdf78062446148bd8587b3,Insurance Request,69fded1e62446148bd84908a,Phoenix Fastpitch LLC,69fdf07502bb2c42a87a2174,"kci862 - Riverside Distribution Center 2 {Riverside Distribution Center Investment, LLC}",69d409bbfb47f64eb00fe8a5,Spaces,custom-fields,"4112 NW Riverside Street, Riverside, MO, 64150",,2026-10-09
"Block Real Estate Services, LLC",69fdf78062446148bd8587b4,Insurance Request,69fded1e62446148bd8490bd,Promex Limited,69fdf07502bb2c42a87a2174,"kci862 - Riverside Distribution Center 2 {Riverside Distribution Center Investment, LLC}",69d409bbfb47f64eb00fe8a5,Spaces,custom-fields,"4118 NW Riverside Street, Riverside, MO, 64150",,2026-10-09
"Block Real Estate Services, LLC",69fdf78062446148bd8587ba,Insurance Request,69fded0d62446148bd848b68,AN Cubed Marketing LLC,69fdf0850bb484cab513cb76,"kci865 - Riverside Distribution Center 5 {Riverside Distribution Center Investment, LLC}",69d409bbfb47f64eb00fe8a5,Spaces,custom-fields,"4038 W. Riverside Street, Riverside, MO, 64150",,2026-10-09
"Block Real Estate Services, LLC",69fdf78062446148bd8587c6,Insurance Request,69fded1f62446148bd849117,Royal Seamless Gutter Inc,69fdf08a38cbea6b3a6914e6,"kci892 - Riverside Industrial Center 2 {Riverside Industrial Center Investment, LLC}",69d409bbfb47f64eb00fe8a5,Spaces,custom-fields,"116, 118 NW Business Park Lane, Riverside, MO, 64150",,2026-10-09
"Block Real Estate Services, LLC",69fdf78062446148bd8587c3,Insurance Request,69fded1162446148bd848c97,"Commercial Industrial Supply, LLC",69fdf08a38cbea6b3a6914e6,"kci892 - Riverside Industrial Center 2 {Riverside Industrial Center Investment, LLC}",69d409bbfb47f64eb00fe8a5,Spaces,custom-fields,"106, 108, 112, 114 NW Business Park Lane, Riverside, MO, 64150",,2026-10-09
"Block Real Estate Services, LLC",69fdf78062446148bd8587c4,Insurance Request,69fded1662446148bd848e20,"The Shredder + MedShred / Green Resource Management, Inc.",69fdf08a38cbea6b3a6914e6,"kci892 - Riverside Industrial Center 2 {Riverside Industrial Center Investment, LLC}",69d409bbfb47f64eb00fe8a5,Spaces,custom-fields,"120 NW Business Park Lane, Riverside, MO, 64150",,2026-10-09
"Block Real Estate Services, LLC",69fdf78062446148bd8587c5,Insurance Request,69fded1962446148bd848f16,"LeafFilter North, LLC/Leaf Home Safety Solutions, LLC",69fdf08a38cbea6b3a6914e6,"kci892 - Riverside Industrial Center 2 {Riverside Industrial Center Investment, LLC}",69d409bbfb47f64eb00fe8a5,Spaces,custom-fields,"124 - 126 (sb 130) NW Business Park Lane, Riverside, MO, 64150",,2026-10-09
"Block Real Estate Services, LLC",69fdf78062446148bd8587c7,Insurance Request,69fded1262446148bd848cd0,Crossroads Courier Inc,69fdf08d0bb484cab513cc63,"kci893 - Riverside Industrial Center 3 {Riverside Industrial Center Investment, LLC}",69d409bbfb47f64eb00fe8a5,Spaces,custom-fields,"434, 438, 440, 442 NW Business Park Lane, Riverside, MO, 64150",,2026-10-09
"Block Real Estate Services, LLC",69fdf78062446148bd8587cc,Insurance Request,69fded1b62446148bd848fd9,Moncom LLC,69fdf08d0bb484cab513cc63,"kci893 - Riverside Industrial Center 3 {Riverside Industrial Center Investment, LLC}",69d409bbfb47f64eb00fe8a5,Spaces,custom-fields,"402 NW Business Park Lane, Riverside, MO, 64150",,2026-10-09
"Block Real Estate Services, LLC",69fdf78062446148bd8587da,Insurance Request,69fded2162446148bd8491bc,Stratus Surfaces LLC,69fdf09d38cbea6b3a6917a7,"lcs458 - Lenexa Logistics Centre South Building 8 {LLCS Building 8 Investors, LLC}",69d409bbfb47f64eb00fe8a5,Spaces,custom-fields,"17343, 17363, 17387, 17407 College Boulevard Lenexa KS 66219",,2026-10-09
"Block Real Estate Services, LLC",69fdf78062446148bd8587d8,Insurance Request,69fded1a62446148bd848f4c,"Shoot 360 / Mambas Basketball Academy, LLC",69fdf09d38cbea6b3a6917a7,"lcs458 - Lenexa Logistics Centre South Building 8 {LLCS Building 8 Investors, LLC}",69d409bbfb47f64eb00fe8a5,Spaces,custom-fields,17255 College Boulevard Lenexa KS 66219,,2026-10-09
"Block Real Estate Services, LLC",69fdf78062446148bd8587d7,Insurance Request,69fded1762446148bd848e86,Infinity Fasteners Inc,69fdf09d38cbea6b3a6917a7,"lcs458 - Lenexa Logistics Centre South Building 8 {LLCS Building 8 Investors, LLC}",69d409bbfb47f64eb00fe8a5,Spaces,custom-fields,"17431, 17451 College Boulevard Lenexa KS 66219",,2026-10-09
"Block Real Estate Services, LLC",69fdf78062446148bd8587db,Insurance Request,69fded0c62446148bd848b1d,"Adams Cable Equipment, Inc.",69fdf0a00bb484cab513cf51,"lle449 - Lenexa Logistics Centre East Building 4 {NB Lenexa East 4, LLC}",69d409bbfb47f64eb00fe8a5,Spaces,custom-fields,16200 W. 116th Street Lenexa KS 66219,,2026-10-09
"Block Real Estate Services, LLC",69fdf78062446148bd8587dd,Insurance Request,69fded0c62446148bd848b17,"Pertronix (Aeromotive) / Accelerate Auto Works Intermediate, LLC",69fdf0a3e45e7dcf5c438149,"lne435 - Lenexa Logistics Centre North Building 5 {LLCN 5, LLC}",69d409bbfb47f64eb00fe8a5,Spaces,custom-fields,10925 (10955 per city) Mill Creek Road Lenexa KS 66219,,2026-10-09
"Block Real Estate Services, LLC",69fdf78062446148bd8587e1,Insurance Request,69fded2362446148bd849246,Turn5 Inc,69fdf0a3e45e7dcf5c438149,"lne435 - Lenexa Logistics Centre North Building 5 {LLCN 5, LLC}",69d409bbfb47f64eb00fe8a5,Spaces,custom-fields,10901 Mill Creek Road Lenexa KS 66219,,2026-10-09
"Block Real Estate Services, LLC",69fdf78062446148bd8587f1,Insurance Request,69fded1662446148bd848e0b,"GoPuff Lease / GoBrands, Inc.",69fdf0ad0bb484cab513d40c,"ncd054 - North Cass Shopping Center {North Cass Development, LLC}",69d409bbfb47f64eb00fe8a5,Spaces,custom-fields,"1821, 1823 E. North Avenue Belton MO 64012",,2026-10-09
"Block Real Estate Services, LLC",69fdf78062446148bd8587ec,Insurance Request,69fded2062446148bd84915c,Sherwin Williams-SW 07526,69fdf0a60bb484cab513d2da,"mil708 - Mill Street Station {Mill Street Station, LLC}",69d409bbfb47f64eb00fe8a5,Spaces,custom-fields,4011 Mill Street Kansas City MO 64111,,2026-10-09
"Block Real Estate Services, LLC",69fdf78062446148bd8587f0,Insurance Request,69fded1062446148bd848c49,Cass County Public Library,69fdf0ad0bb484cab513d40c,"ncd054 - North Cass Shopping Center {North Cass Development, LLC}",69d409bbfb47f64eb00fe8a5,Spaces,custom-fields,1741 E. North Avenue Belton MO 64012,,2026-10-09
"Block Real Estate Services, LLC",69fdf78062446148bd8587ed,Insurance Request,69fded0e62446148bd848b86,ARC Physical Therapy Plus,69fdf0ad0bb484cab513d40c,"ncd054 - North Cass Shopping Center {North Cass Development, LLC}",69d409bbfb47f64eb00fe8a5,Spaces,custom-fields,1825 E. North Avenue Belton MO 64012,,2026-10-09
"Block Real Estate Services, LLC",69fdf78062446148bd8587eb,Insurance Request,69fded1c62446148bd848ffd,"New Cingular Wireless PCS, LLC",69fdf0a60bb484cab513d2da,"mil708 - Mill Street Station {Mill Street Station, LLC}",69d409bbfb47f64eb00fe8a5,Spaces,custom-fields,4015 Mill Street Kansas City MO 64111,,2026-10-09
"Block Real Estate Services, LLC",69fdf78062446148bd8587f5,Insurance Request,69fded1d62446148bd84904b,Belton Modern Dentistry / Pacific Dental Services,69fdf0ad0bb484cab513d40c,"ncd054 - North Cass Shopping Center {North Cass Development, LLC}",69d409bbfb47f64eb00fe8a5,Spaces,custom-fields,1729 E. North Avenue Belton MO 64012,,2026-10-09
"Block Real Estate Services, LLC",69fdf78062446148bd858801,Insurance Request,69fded2362446148bd849267,"Planet Fitness / United PF JLM, LLC",69fdf0c802bb2c42a87a35a2,"pla047 - 4700 Summer Investors, LLC / Planet Fitness",69d409bbfb47f64eb00fe8a5,Spaces,custom-fields,4700 Summer Avenue Memphis TN 38122,,2026-10-09
"Block Real Estate Services, LLC",69fdf78062446148bd858800,Insurance Request,69fded2262446148bd849216,The Waldinger Corporation,69fdf0c43b208288e0a7f2ab,"pas774 - Paseo Industrial - 1201 Saline {Paseo Industrial, LLC}",69d409bbfb47f64eb00fe8a5,Spaces,custom-fields,"1800 Levee Road, Suite 100 North Kansas City MO 64116",,2026-10-09
"Block Real Estate Services, LLC",69fdf78062446148bd858804,Insurance Request,69fded1a62446148bd848f3a,"Lynk, Inc.",69fdf0cf3b208288e0a7f650,"prg801 - Pine Ridge Building A {PERG BUILDINGS, LLC}",69d409bbfb47f64eb00fe8a5,Spaces,custom-fields,8241 Melrose Drive Lenexa KS 66214,,2026-10-09
"Block Real Estate Services, LLC",69fdf78062446148bd858803,Insurance Request,69fded1462446148bd848da2,"Fine Line Graphics, Inc.",69fdf0cf3b208288e0a7f650,"prg801 - Pine Ridge Building A {PERG BUILDINGS, LLC}",69d409bbfb47f64eb00fe8a5,Spaces,custom-fields,"8229, 8231, 8235 Melrose Drive Lenexa KS 66214",,2026-10-09
"Block Real Estate Services, LLC",69fdf78062446148bd858802,Insurance Request,69fded1662446148bd848dff,Geotechnology LLC,69fdf0cbe45e7dcf5c438bc3,"pma106 - 5055 Antioch {Pine Meadows Associates, LLC}",69d409bbfb47f64eb00fe8a5,Spaces,custom-fields,5055 Antioch Road Shawnee KS 66203,,2026-10-09
"Block Real Estate Services, LLC",69fdf78062446148bd85880a,Insurance Request,69fded1562446148bd848dd2,Friends of the Johnson County Library,69fdf0d602bb2c42a87a37d2,"prg803 - Pine Ridge Building C {PERG BUILDINGS, LLC}",69d409bbfb47f64eb00fe8a5,Spaces,custom-fields,8279 Melrose Drive Lenexa KS 66214,,2026-10-09
"Block Real Estate Services, LLC",69fdf79262446148bd859c02,Insurance Request,69fded1262446148bd848cf7,DataLocker Inc,69fdf0dc02bb2c42a87a39b3,"prg805 - Pine Ridge Building E-1 {PERG BUILDINGS, LLC}",69d409bbfb47f64eb00fe8a5,Spaces,custom-fields,"8345, 8347 Melrose Drive Lenexa KS 66214",,2026-10-09
"Block Real Estate Services, LLC",69fdf79262446148bd859c03,Insurance Request,69fded1b62446148bd848f8e,Medical Missions Foundation,69fdf0dc02bb2c42a87a39b3,"prg805 - Pine Ridge Building E-1 {PERG BUILDINGS, LLC}",69d409bbfb47f64eb00fe8a5,Spaces,custom-fields,"8361, 8363 Melrose Drive Lenexa KS 66214",,2026-10-09
"Block Real Estate Services, LLC",69fdf79262446148bd859c00,Insurance Request,69fded0d62446148bd848b7a,"ApexSite Cleaning, LLC",69fdf0dc02bb2c42a87a39b3,"prg805 - Pine Ridge Building E-1 {PERG BUILDINGS, LLC}",69d409bbfb47f64eb00fe8a5,Spaces,custom-fields,8357 Melrose Drive Lenexa KS 66214,,2026-10-09
"Block Real Estate Services, LLC",69fdf79262446148bd859bff,Insurance Request,69fded2062446148bd849177,"Epic Vision Center / Smithville Eye Center, LLC",69fdf0d9e45e7dcf5c438e0a,"prg804 - Pine Ridge Building D {PERG BUILDINGS, LLC}",69d409bbfb47f64eb00fe8a5,Spaces,custom-fields,8305 Melrose Drive Lenexa KS 66214,,2026-10-09
"Block Real Estate Services, LLC",69fdf79262446148bd859c04,Insurance Request,69fded1b62446148bd848fa9,Midland Exteriors LLC,69fdf0dc02bb2c42a87a39b3,"prg805 - Pine Ridge Building E-1 {PERG BUILDINGS, LLC}",69d409bbfb47f64eb00fe8a5,Spaces,custom-fields,8343 Melrose Drive Lenexa KS 66214,,2026-10-09
"Block Real Estate Services, LLC",69fdf79262446148bd859c08,Insurance Request,69fded2362446148bd84923a,Trinity Property Management LLC,69fdf0dc02bb2c42a87a39b3,"prg805 - Pine Ridge Building E-1 {PERG BUILDINGS, LLC}",69d409bbfb47f64eb00fe8a5,Spaces,custom-fields,8371 Melrose Drive Lenexa KS 66214,,2026-10-09
"Block Real Estate Services, LLC",69fdf79262446148bd859c12,Insurance Request,69fded1862446148bd848ea4,"Proforma Idology Marketing Group / JES Business Solutions, LLC",69fdf0e502bb2c42a87a3d50,"prg807 - Pine Ridge Building F {PERG BUILDINGS, LLC}",69d409bbfb47f64eb00fe8a5,Spaces,custom-fields,8399 Melrose Drive Lenexa KS 66214,,2026-10-09
"Block Real Estate Services, LLC",69fdf79262446148bd859c13,Insurance Request,69fded1962446148bd848eec,KC Cocktail Company LLC,69fdf0e502bb2c42a87a3d50,"prg807 - Pine Ridge Building F {PERG BUILDINGS, LLC}",69d409bbfb47f64eb00fe8a5,Spaces,custom-fields,8395 Melrose Drive Lenexa KS 66214,,2026-10-09
"Block Real Estate Services, LLC",69fdf79262446148bd859c14,Insurance Request,69fded1f62446148bd8490e4,"LynTec, Inc. / RDC, Inc.",69fdf0e502bb2c42a87a3d50,"prg807 - Pine Ridge Building F {PERG BUILDINGS, LLC}",69d409bbfb47f64eb00fe8a5,Spaces,custom-fields,"8381, 8383 Melrose Drive Lenexa KS 66214",,2026-10-09
"Block Real Estate Services, LLC",69fdf79262446148bd859c11,Insurance Request,69fded1462446148bd848d81,Excel Automation Inc.,69fdf0e502bb2c42a87a3d50,"prg807 - Pine Ridge Building F {PERG BUILDINGS, LLC}",69d409bbfb47f64eb00fe8a5,Spaces,custom-fields,8393 Melrose Drive Lenexa KS 66214,,2026-10-09
"Block Real Estate Services, LLC",69fdf79262446148bd859c16,Insurance Request,69fded0e62446148bd848bbc,Bachelor Controls Inc,69fdf0e8e45e7dcf5c43943f,"prg808 - Pine Ridge Building G {PERG BUILDINGS, LLC}",69d409bbfb47f64eb00fe8a5,Spaces,custom-fields,"10415-B, 10417 W. 84th Terrace Lenexa KS 66214",,2026-10-09
"Block Real Estate Services, LLC",69fdf79262446148bd859c1b,Insurance Request,69fded1862446148bd848e98,"JACO / JACO General Contractor, Inc.",69fdf0eb0bb484cab513e3dd,"prg811 - Pine Ridge Building K {PERG BUILDINGS, LLC}",69d409bbfb47f64eb00fe8a5,Spaces,custom-fields,"8424, 8426 Melrose Drive Lenexa KS 66214",,2026-10-09
"Block Real Estate Services, LLC",69fdf79262446148bd859c26,Insurance Request,69fded2262446148bd849222,Titan Built LLC,69fdf0f202bb2c42a87a3f39,"prg815 - One Pine Ridge Plaza {PERG BUILDINGS, LLC}",69d409bbfb47f64eb00fe8a5,Spaces,custom-fields,"8207 Melrose Drive Suites 200, 200B Lenexa KS 66214",,2026-10-09
"Block Real Estate Services, LLC",69fdf79262446148bd859c25,Insurance Request,69fded2062446148bd84916b,Siemens Energy Inc,69fdf0f202bb2c42a87a3f39,"prg815 - One Pine Ridge Plaza {PERG BUILDINGS, LLC}",69d409bbfb47f64eb00fe8a5,Spaces,custom-fields,8207 Melrose Drive Suite 160 Lenexa KS 66214,,2026-10-09
"Block Real Estate Services, LLC",69fdf79262446148bd859c24,Insurance Request,69fded1c62446148bd84901e,Old National Bank (fka First Midwest Bank ),69fdf0f202bb2c42a87a3f39,"prg815 - One Pine Ridge Plaza {PERG BUILDINGS, LLC}",69d409bbfb47f64eb00fe8a5,Spaces,custom-fields,8207 Melrose Drive Suite 166 Lenexa KS 66214,,2026-10-09
"Block Real Estate Services, LLC",69fdf79262446148bd859c27,Insurance Request,69fded2462446148bd8492a9,"Advena Living /Cornerstone Group Holdings, Inc. (sublease of Midlands Independent Review Board, LLC / WCG IRB, Inc.)",69fdf0f202bb2c42a87a3f39,"prg815 - One Pine Ridge Plaza {PERG BUILDINGS, LLC}",69d409bbfb47f64eb00fe8a5,Spaces,custom-fields,8207 Melrose Drive Suite 205 Lenexa KS 66214,,2026-10-09
"Block Real Estate Services, LLC",69fdf79262446148bd859c28,Insurance Request,69fded1c62446148bd848ff4,Netsmart Technologies Inc,69fdf0f63b208288e0a8013d,"prg835 - Pine Ridge Building 5 {PERG BUILDINGS, LLC}",69d409bbfb47f64eb00fe8a5,Spaces,custom-fields,"7929, 7935 Nieman Road Lenexa KS 66214",,2026-10-09
"Block Real Estate Services, LLC",69fdf79262446148bd859c2d,Insurance Request,69fded1962446148bd848f13,"LeafFilter North, LLC/Leaf Home Safety Solutions, LLC",69fdf0fc7f8ab8a84b286ed0,"prg837 - Pine Ridge Building 11 {PERG BUILDINGS, LLC}",69d409bbfb47f64eb00fe8a5,Spaces,custom-fields,7943 Flint Street Lenexa KS 66214,,2026-10-09
"Block Real Estate Services, LLC",69fdf79262446148bd859c38,Insurance Request,69fded0c62446148bd848b23,"ADI (Ademco Distribution, Inc.) / Honeywell International, Inc.",69fdf10643ffeed6de3b1f8e,"prg841 - Pine Ridge Building 19 {PERG BUILDINGS, LLC}",69d409bbfb47f64eb00fe8a5,Spaces,custom-fields,"8055, 8057 Flint Street Lenexa KS 66214",,2026-10-09
"Block Real Estate Services, LLC",69fdf79262446148bd859c39,Insurance Request,69fded0c62446148bd848b29,Advanced Pharmaceuticals LLC,69fdf10643ffeed6de3b1f8e,"prg841 - Pine Ridge Building 19 {PERG BUILDINGS, LLC}",69d409bbfb47f64eb00fe8a5,Spaces,custom-fields,8071 Flint Street Lenexa KS 66214,,2026-10-09
"Block Real Estate Services, LLC",69fdf79262446148bd859c36,Insurance Request,69fded1762446148bd848e50,"Hyper Energy /HEB KS, LLC",69fdf103e45e7dcf5c439919,"prg839 - Pine Ridge Building 18 {PERG BUILDINGS, LLC}",69d409bbfb47f64eb00fe8a5,Spaces,custom-fields,8041 Flint Street Lenexa KS 66214,,2026-10-09
"Block Real Estate Services, LLC",69fdf79262446148bd859c3b,Insurance Request,69fded1b62446148bd848f8b,"Med Resources, Inc.",69fdf10643ffeed6de3b1f8e,"prg841 - Pine Ridge Building 19 {PERG BUILDINGS, LLC}",69d409bbfb47f64eb00fe8a5,Spaces,custom-fields,8061 Flint Street Lenexa KS 66214,,2026-10-09
"Block Real Estate Services, LLC",69fdf79262446148bd859c3c,Insurance Request,69fded2162446148bd8491ce,"UDP (Unisource Document Products)/ Datamax / Sumner Group, Inc.",69fdf10643ffeed6de3b1f8e,"prg841 - Pine Ridge Building 19 {PERG BUILDINGS, LLC}",69d409bbfb47f64eb00fe8a5,Spaces,custom-fields,8063 Flint Street Lenexa KS 66214,,2026-10-09
"Block Real Estate Services, LLC",69fdf79262446148bd859c40,Insurance Request,69fded1d62446148bd849057,"W + D North America, Inc. / Paper Converting Machine Corporation/BW Converting",69fdf109bf1df2fe969289b3,"prg843 - Pine Ridge Building 23 {PERG BUILDINGS, LLC}",69d409bbfb47f64eb00fe8a5,Spaces,custom-fields,11300 W. 80th Street Lenexa KS 66214,,2026-10-09
"Block Real Estate Services, LLC",69fdf79262446148bd859c50,Insurance Request,69fded1362446148bd848d18,Discover Church,69fdf12502bb2c42a87a57e0,"prm796 - Prom Motor Hotel, Inc. - Airworld Industrial (fka Prom Airworld Center 9/10)",69d409bbfb47f64eb00fe8a5,Spaces,custom-fields,8400 NW 107th Terrace Kansas City MO 64153,,2026-10-09
"Block Real Estate Services, LLC",69fdf79262446148bd859c4f,Insurance Request,69fded1162446148bd848c85,ClassOneModelWorks.com LLC,69fdf12502bb2c42a87a57e0,"prm796 - Prom Motor Hotel, Inc. - Airworld Industrial (fka Prom Airworld Center 9/10)",69d409bbfb47f64eb00fe8a5,Spaces,custom-fields,"8608, 8610 NW 107th Terrace Kansas City MO 64153",,2026-10-09
"Block Real Estate Services, LLC",69fdf79262446148bd859c51,Insurance Request,69fded1362446148bd848d54,Electronics for Imaging / EFI Ink Jet Solutions,69fdf12502bb2c42a87a57e0,"prm796 - Prom Motor Hotel, Inc. - Airworld Industrial (fka Prom Airworld Center 9/10)",69d409bbfb47f64eb00fe8a5,Spaces,custom-fields,8606 NW 107th Terrace Kansas City MO 64153,,2026-10-09
"Block Real Estate Services, LLC",69fdf79262446148bd859c4c,Insurance Request,69fded1b62446148bd848f9d,"Salom Asian Market / Men Sui and Naa Aung, Wife and Husband",69fdf11fbf1df2fe9692924c,"prm791 - Prom Motor Hotel, Inc. - 7833 State Avenue",69d409bbfb47f64eb00fe8a5,Spaces,custom-fields,7833 State Avenue Kansas City KS 66112,,2026-10-09
"Block Real Estate Services, LLC",69fdf79262446148bd859c52,Insurance Request,69fded1762446148bd848e80,"SOFIE / IBA Molecular North America, Inc.",69fdf12502bb2c42a87a57e0,"prm796 - Prom Motor Hotel, Inc. - Airworld Industrial (fka Prom Airworld Center 9/10)",69d409bbfb47f64eb00fe8a5,Spaces,custom-fields,8614 NW 107th Terrace Kansas City MO 64153,,2026-10-09
"Block Real Estate Services, LLC",69fdf79262446148bd859c5d,Insurance Request,69fded1462446148bd848d72,Enterprise Leasing Company of Kansas,69fdf15538cbea6b3a695784,"sfe739 - 1610 Santa Fe, LLC",69d409bbfb47f64eb00fe8a5,Spaces,custom-fields,1610 E. Santa Fe Olathe KS 66061,,2026-10-09
"Block Real Estate Services, LLC",69fdf7a362446148bd85b014,Insurance Request,69fded2362446148bd84923d,"Liquor Houzz / Trivedi and Riaz, Inc.",69fdf15bd3bfa5e4945e2255,"sum015 - Summit Springs Shopping Center {Summit Springs Development, LLC}",69d409bbfb47f64eb00fe8a5,Spaces,custom-fields,207 SE M-291 Highway Lee's Summit MO 64063,,2026-10-09
"Block Real Estate Services, LLC",69fdf7a362446148bd85b016,Insurance Request,69fded0c62446148bd848afc,1248 Holdings LLC,69fdf15ebf1df2fe9692af51,"tic001 - 46 Penn Centre {46 PC Investors, LLC}",69d409bbfb47f64eb00fe8a5,Spaces,custom-fields,4622 Pennsylvania Avenue Suite 600 Kansas City MO 64112,,2026-10-09
"Block Real Estate Services, LLC",69fdf7a362446148bd85b018,Insurance Request,69fded0e62446148bd848bb6,AXIS Capital / AXIS Reinsurance Company,69fdf15ebf1df2fe9692af51,"tic001 - 46 Penn Centre {46 PC Investors, LLC}",69d409bbfb47f64eb00fe8a5,Spaces,custom-fields,4622 Pennsylvania Avenue Suite 1200 Kansas City MO 64112,,2026-10-09
"Block Real Estate Services, LLC",69fdf7a362446148bd85b015,Insurance Request,69fded2462446148bd8492b5,Westlake Hardware 54,69fdf15bd3bfa5e4945e2255,"sum015 - Summit Springs Shopping Center {Summit Springs Development, LLC}",69d409bbfb47f64eb00fe8a5,Spaces,custom-fields,103 SE M-291 Highway Lee's Summit MO 64063,,2026-10-09
"Block Real Estate Services, LLC",69fdf7a362446148bd85b019,Insurance Request,69fded0f62446148bd848bfb,"Block Real Estate Services, LLC / Block Partners, LLC",69fdf15ebf1df2fe9692af51,"tic001 - 46 Penn Centre {46 PC Investors, LLC}",69d409bbfb47f64eb00fe8a5,Spaces,custom-fields,4622 Pennsylvania Avenue Suite 700 Kansas City MO 64112,,2026-10-09
"Block Real Estate Services, LLC",69fdf7a362446148bd85b020,Insurance Request,69fded1d62446148bd849060,Parris Communications,69fdf15ebf1df2fe9692af51,"tic001 - 46 Penn Centre {46 PC Investors, LLC}",69d409bbfb47f64eb00fe8a5,Spaces,custom-fields,4622 Pennsylvania Avenue Suite 900 Kansas City MO 64112,,2026-10-09
"Block Real Estate Services, LLC",69fdf7a362446148bd85b02e,Insurance Request,69fded0d62446148bd848b3e,AgForce Transport Services / Consolidated Grain and Barge Co.,69fdf16fbf1df2fe9692b2ff,"tic253 - Nall Corporate Centre II {HLBT Associates, LLC}",69d409bbfb47f64eb00fe8a5,Spaces,custom-fields,5700 W. 112th Street Suite 330 Overland Park KS 66211,,2026-10-09
"Block Real Estate Services, LLC",69fdf7a362446148bd85b02d,Insurance Request,69fded1a62446148bd848f64,Martinrea Riverside LLC,69fdf16bd3bfa5e4945e27f9,tic242 - Martinrea Building {HIDGS Associates LLC},69d409bbfb47f64eb00fe8a5,Spaces,custom-fields,5233 NW 41st Street Riverside MO 64150,,2026-10-09
"Block Real Estate Services, LLC",69fdf7a362446148bd85b02f,Insurance Request,69fded0e62446148bd848b98,Aspen Properties Group,69fdf16fbf1df2fe9692b2ff,"tic253 - Nall Corporate Centre II {HLBT Associates, LLC}",69d409bbfb47f64eb00fe8a5,Spaces,custom-fields,5700 W. 112th Street Suite 110 Overland Park KS 66211,,2026-10-09
"Block Real Estate Services, LLC",69fdf7a362446148bd85b02a,Insurance Request,69fded1c62446148bd848fe5,Nationwide Life and Benefits Insurance Company / Nationwide (fka Allstate Insurance and National General Management Corp.),69fdf16443ffeed6de3b3cbb,"tic220 - Pinnacle Corporate Centre I {Pinnacle Corporate Centre, LLC}",69d409bbfb47f64eb00fe8a5,Spaces,custom-fields,11300 Tomahawk Creek Parkway Suite 202 Leawood KS 66211,,2026-10-09
"Block Real Estate Services, LLC",69fdf7a362446148bd85b030,Insurance Request,69fded1162446148bd848c82,Clarivate Analytics LLC,69fdf16fbf1df2fe9692b2ff,"tic253 - Nall Corporate Centre II {HLBT Associates, LLC}",69d409bbfb47f64eb00fe8a5,Spaces,custom-fields,5700 W. 112th Street Suite 100 Overland Park KS 66211,,2026-10-09
"Block Real Estate Services, LLC",69fdf7a362446148bd85b034,Insurance Request,69fded1862446148bd848eb9,JP Morgan Chase Bank,69fdf16fbf1df2fe9692b2ff,"tic253 - Nall Corporate Centre II {HLBT Associates, LLC}",69d409bbfb47f64eb00fe8a5,Spaces,custom-fields,"5700 W. 112th Street Suites 200, 400 & 500 Overland Park KS 66211",,2026-10-09
"Block Real Estate Services, LLC",69fdf7a362446148bd85b03e,Insurance Request,69fded2262446148bd849225,"T-Mobile USA, Inc. (fka Sprint CMC / Sprint United Management Company)",69fdf17dbf1df2fe9692c120,"tic467 - Lenexa Logistics Centre South Building 7 {Lenexa Logistics 7, LLC}",69d409bbfb47f64eb00fe8a5,Spaces,custom-fields,"11240, 11250 Britton Street Lenexa KS 66219",,2026-10-09
"Block Real Estate Services, LLC",69fdf7a362446148bd85b03f,Insurance Request,69fded2362446148bd849228,Tool Source Warehouse Inc,69fdf17dbf1df2fe9692c120,"tic467 - Lenexa Logistics Centre South Building 7 {Lenexa Logistics 7, LLC}",69d409bbfb47f64eb00fe8a5,Spaces,custom-fields,11230 Britton Street Lenexa KS 66219,,2026-10-09
"Block Real Estate Services, LLC",69fdf7a362446148bd85b042,Insurance Request,69fded1c62446148bd849024,Ollie's Bargain Outlet Inc,69fdf181e45e7dcf5c43c857,"tic472 - Crossroads Bonner Springs, LLC",69d409bbfb47f64eb00fe8a5,Spaces,custom-fields,616 S. 130th Street Bonner Springs KS 66012,,2026-10-09
"Block Real Estate Services, LLC",69fdf7a362446148bd85b041,Insurance Request,69fded1362446148bd848d21,Dollar Tree,69fdf181e45e7dcf5c43c857,"tic472 - Crossroads Bonner Springs, LLC",69d409bbfb47f64eb00fe8a5,Spaces,custom-fields,612 S. 130th Street Bonner Springs KS 66012,,2026-10-09
"Block Real Estate Services, LLC",69fdf7a362446148bd85b044,Insurance Request,69fded1e62446148bd8490c3,Propak Logistics Inc,69fdf18402bb2c42a87a7242,"tic541 - 5101 Speaker Road {540 Westport Associates, LLC}",69d409bbfb47f64eb00fe8a5,Spaces,custom-fields,5101-5203 Speaker Road Kansas City KS 66106,,2026-10-09
"Block Real Estate Services, LLC",69fdf7a362446148bd85b04f,Insurance Request,69fded0e62446148bd848ba1,Asurion LLC,69fdf1943b208288e0a8495e,"tic662 - Pinnacle Corporate Centre III {Pinnacle Building III, LLC}",69d409bbfb47f64eb00fe8a5,Spaces,custom-fields,11460 Tomahawk Creek Parkway Suite 340 Leawood KS 66211,,2026-10-09
"Block Real Estate Services, LLC",69fdf7a362446148bd85b05a,Insurance Request,69fded2262446148bd8491dd,Tallgrass Energy / Tallgrass MLP,69fdf19902bb2c42a87a78b8,"tic663 - Pinnacle Corporate Centre IV {BK Pinnacle IV, LLC}",69d409bbfb47f64eb00fe8a5,Spaces,custom-fields,4200 W. 115th Street Suite 350 Leawood KS 66211,,2026-10-09
"Block Real Estate Services, LLC",69fdf7a362446148bd85b059,Insurance Request,69fded1e62446148bd84909c,"Northstar Wealth / Polaris, LLC",69fdf19902bb2c42a87a78b8,"tic663 - Pinnacle Corporate Centre IV {BK Pinnacle IV, LLC}",69d409bbfb47f64eb00fe8a5,Spaces,custom-fields,4200 W. 115th Street Suite 300 Leawood KS 66211,,2026-10-09
"Block Real Estate Services, LLC",69fdf7a362446148bd85b058,Insurance Request,69fded1562446148bd848df3,Generate-Ubiquity Management LLC,69fdf19902bb2c42a87a78b8,"tic663 - Pinnacle Corporate Centre IV {BK Pinnacle IV, LLC}",69d409bbfb47f64eb00fe8a5,Spaces,custom-fields,4200 W. 115th Street Suite 320 Leawood KS 66211,,2026-10-09
"Block Real Estate Services, LLC",69fdf7a362446148bd85b05b,Insurance Request,69fded2262446148bd849201,The CapFinancial Group LLC,69fdf19902bb2c42a87a78b8,"tic663 - Pinnacle Corporate Centre IV {BK Pinnacle IV, LLC}",69d409bbfb47f64eb00fe8a5,Spaces,custom-fields,4200 W. 115th Street Suite 210 Leawood KS 66211,,2026-10-09
"Block Real Estate Services, LLC",69fdf7a362446148bd85b05d,Insurance Request,69fded1162446148bd848ca9,Core Adventures LLC,69fdf19c8e25e7a0d918870f,"tic665 - Pinnacle Corporate Centre V {Pinnacle V Associates, LLC}",69d409bbfb47f64eb00fe8a5,Spaces,custom-fields,4001 W. 114th Street Suite 115 Leawood KS 66211,,2026-10-09
"Block Real Estate Services, LLC",69fdf7a362446148bd85b061,Insurance Request,69fded2362446148bd849249,Twentyseven Global LLC,69fdf19c8e25e7a0d918870f,"tic665 - Pinnacle Corporate Centre V {Pinnacle V Associates, LLC}",69d409bbfb47f64eb00fe8a5,Spaces,custom-fields,4001 W. 114th Street Suite 105 Leawood KS 66211,,2026-10-09
"Block Real Estate Services, LLC",69fdf7a362446148bd85b06a,Insurance Request,69fded1262446148bd848d03,DCB Homes LLC,69fdf1a78e25e7a0d91889e0,"tic682 - College Crossing G {College Crossing EFGH, LLC}",69d409bbfb47f64eb00fe8a5,Spaces,custom-fields,11076 Strang Line Road Lenexa KS 66215,,2026-10-09
"Block Real Estate Services, LLC",69fdf7a362446148bd85b06c,Insurance Request,69fded1a62446148bd848f73,MAWD Pathology Group P.A.,69fdf1a78e25e7a0d91889e0,"tic682 - College Crossing G {College Crossing EFGH, LLC}",69d409bbfb47f64eb00fe8a5,Spaces,custom-fields,"11066, 11068 Strang Line Road Lenexa KS 66215",,2026-10-09
"Block Real Estate Services, LLC",69fdf7a362446148bd85b070,Insurance Request,69fded0c62446148bd848b2f,"Daymon / Advantage Sales & Marketing, LLC",69fdf1b002bb2c42a87a7dd3,"wes705 - Westbrook I {Westbrook I-II KC Partners, LLC}",69d409bbfb47f64eb00fe8a5,Spaces,custom-fields,8068 Reeder Street Lenexa KS 66214,,2026-10-09
"Block Real Estate Services, LLC",69fdf7a362446148bd85b06f,Insurance Request,69fded1d62446148bd849048,"P1 Group / P1 Service, LLC",69fdf1aa3b208288e0a84cde,"tic683 - College Crossing H {College Crossing EFGH, LLC}",69d409bbfb47f64eb00fe8a5,Spaces,custom-fields,11086 Strang Line Road Lenexa KS 66215,,2026-10-09
"Block Real Estate Services, LLC",69fdf7a362446148bd85b06b,Insurance Request,69fded1462446148bd848d87,Express Hardwood Floors LLC,69fdf1a78e25e7a0d91889e0,"tic682 - College Crossing G {College Crossing EFGH, LLC}",69d409bbfb47f64eb00fe8a5,Spaces,custom-fields,11080 Strang Line Road Lenexa KS 66215,,2026-10-09
"Block Real Estate Services, LLC",69fdf7b562446148bd85c42d,Insurance Request,69fded1162446148bd848cb2,Corporate Flooring Inc,69fdf1b38e25e7a0d9188c24,"wes706 - Westbrook II {Westbrook I-II KC Partners, LLC}",69d409bbfb47f64eb00fe8a5,Spaces,custom-fields,8018 Reeder Street Lenexa KS 66214,,2026-10-09
"Block Real Estate Services, LLC",69fdf7b562446148bd85c438,Insurance Request,69fded0f62446148bd848c07,"First Citizens Bank & Trust Company (fka BMO Harris Commercial Banking / BMO Harris Bank, NA)",69fdf1fad3bfa5e4945e603a,"tic752 - Plaza Corporate Centre {Prom Motor Hotel, Inc.}",69d409bbfb47f64eb00fe8a5,Spaces,custom-fields,800 W. 47th Street Suite 101 Kansas City MO 64112,,2026-10-09
"Block Real Estate Services, LLC",69fdf7b562446148bd85c439,Insurance Request,69fded1062446148bd848c6a,Cherish The Furs LLC,69fdf1fad3bfa5e4945e603a,"tic752 - Plaza Corporate Centre {Prom Motor Hotel, Inc.}",69d409bbfb47f64eb00fe8a5,Spaces,custom-fields,800 W. 47th Street Suite 634 Kansas City MO 64112,,2026-10-09
"Block Real Estate Services, LLC",69fdf7b562446148bd85c43c,Insurance Request,69fded1362446148bd848d2d,"Perry Plaza Dental / Dr. Darren Perry, DDS",69fdf1fad3bfa5e4945e603a,"tic752 - Plaza Corporate Centre {Prom Motor Hotel, Inc.}",69d409bbfb47f64eb00fe8a5,Spaces,custom-fields,"800 W. 47th Street Suites 502, 515 Kansas City MO 64112",,2026-10-09
"Block Real Estate Services, LLC",69fdf7b562446148bd85c437,Insurance Request,69fded0e62446148bd848bb3,Axiom Strategies LLC,69fdf1fad3bfa5e4945e603a,"tic752 - Plaza Corporate Centre {Prom Motor Hotel, Inc.}",69d409bbfb47f64eb00fe8a5,Spaces,custom-fields,800 W.  47th Street Suite 200 Kansas City MO 64112,,2026-10-09
"Block Real Estate Services, LLC",69fdf7b562446148bd85c43b,Insurance Request,69fded1262446148bd848cdf,"D.A. Davidson, Inc. / DA Davidson & Co.",69fdf1fad3bfa5e4945e603a,"tic752 - Plaza Corporate Centre {Prom Motor Hotel, Inc.}",69d409bbfb47f64eb00fe8a5,Spaces,custom-fields,800 W. 47th Street Suite 512 Kansas City MO 64112,,2026-10-09
"Block Real Estate Services, LLC",69fdf7b562446148bd85c440,Insurance Request,69fded1862446148bd848ebc,Juro International Systems Inc,69fdf1fad3bfa5e4945e603a,"tic752 - Plaza Corporate Centre {Prom Motor Hotel, Inc.}",69d409bbfb47f64eb00fe8a5,Spaces,custom-fields,800 W. 47th Street Suite 701 Kansas City MO 64112,,2026-10-09
"Block Real Estate Services, LLC",69fdf7b562446148bd85c44e,Insurance Request,69fded1362446148bd848d60,Emerson Ecologics LLC,69fdf1e83b208288e0a85c52,"tic777 - Lenexa Logistics Centre East Building 3 {Lenexa Logistics East 3, LLC}",69d409bbfb47f64eb00fe8a5,Spaces,custom-fields,16301 W. 116th Street Lenexa KS 66219,,2026-10-09
"Block Real Estate Services, LLC",69fdf7b562446148bd85c450,Insurance Request,69fded1a62446148bd848f70,"Mavs Volleyball / MAVS, LLC",69fdf1e83b208288e0a85c52,"tic777 - Lenexa Logistics Centre East Building 3 {Lenexa Logistics East 3, LLC}",69d409bbfb47f64eb00fe8a5,Spaces,custom-fields,16501 W. 116th Street Lenexa KS 66219,,2026-10-09
"Block Real Estate Services, LLC",69fdf7b562446148bd85c44f,Insurance Request,69fded1462446148bd848d7b,Essense of Australia Inc,69fdf1e83b208288e0a85c52,"tic777 - Lenexa Logistics Centre East Building 3 {Lenexa Logistics East 3, LLC}",69d409bbfb47f64eb00fe8a5,Spaces,custom-fields,16421 W. 116th Street Lenexa KS 66219,,2026-10-09
"Block Real Estate Services, LLC",69fdf7b562446148bd85c452,Insurance Request,69fded1562446148bd848dbd,"FleetPride, Inc",69fdf1eb02bb2c42a87a8cf8,"tic782 - Executive Park Distribution Center #3 {Cal Vent Group, LTD}",69d409bbfb47f64eb00fe8a5,Spaces,custom-fields,1250 N. Corrington Kansas City MO 64120,,2026-10-09
"Block Real Estate Services, LLC",69fdf7b562446148bd85c453,Insurance Request,69fded1062446148bd848c5e,Champion Supply Company LLC,69fdf1ee3b208288e0a8697e,"tic783 - Lamar Distribution Center #1 {Cal Vent Group, LTD}",69d409bbfb47f64eb00fe8a5,Spaces,custom-fields,3122 S. 24th Street Kansas City KS 66106,,2026-10-09
"Block Real Estate Services, LLC",69fdf7b562446148bd85c458,Insurance Request,69fded2462446148bd84929a,"VRC Companies, LLC (fka T2 Holdings, LLC/Redishred Kansas, Inc. dba Proshred Security)",69fdf1ee3b208288e0a8697e,"tic783 - Lamar Distribution Center #1 {Cal Vent Group, LTD}",69d409bbfb47f64eb00fe8a5,Spaces,custom-fields,"3052, 3054 S. 24th Street Kansas City KS 66106",,2026-10-09
"Block Real Estate Services, LLC",69fdf7b562446148bd85c462,Insurance Request,69fded2362446148bd84925e,"Triton Stone Group/Triton Stone of Kansas City / Unique Stone Concepts, LLC",69fdf1f88e25e7a0d918b166,"tic787 - Kansas Commerce Center #16 {KCC 16, LLC}",69d409bbfb47f64eb00fe8a5,Spaces,custom-fields,9801 Commerce Parkway Lenexa KS 66219,,2026-10-09
"Block Real Estate Services, LLC",69fdf7b562446148bd85c464,Insurance Request,69fded0e62446148bd848bb9,"Pet Supplies Plus / B&B Pet Products, LLC",69fdf1fc3b208288e0a86ed1,"tic827 - Westchester Square Shopping Centre {Westchester 87 Investors, LLC}",69d409bbfb47f64eb00fe8a5,Spaces,custom-fields,13360 W. 87th Street Lenexa KS 66215,,2026-10-09
"Block Real Estate Services, LLC",69fdf7b562446148bd85c463,Insurance Request,69fded0c62446148bd848b14,Academy Bank,69fdf1fc3b208288e0a86ed1,"tic827 - Westchester Square Shopping Centre {Westchester 87 Investors, LLC}",69d409bbfb47f64eb00fe8a5,Spaces,custom-fields,13218 W. 87th Street Lenexa KS 66215,,2026-10-09
"Block Real Estate Services, LLC",69fdf7b562446148bd85c465,Insurance Request,69fded1062446148bd848c67,Check Into Cash,69fdf1fc3b208288e0a86ed1,"tic827 - Westchester Square Shopping Centre {Westchester 87 Investors, LLC}",69d409bbfb47f64eb00fe8a5,Spaces,custom-fields,13314 W. 87th Street Lenexa KS 66215,,2026-10-09
"Block Real Estate Services, LLC",69fdf7b562446148bd85c466,Insurance Request,69fded1362446148bd848d27,Dollar Tree #4044,69fdf1fc3b208288e0a86ed1,"tic827 - Westchester Square Shopping Centre {Westchester 87 Investors, LLC}",69d409bbfb47f64eb00fe8a5,Spaces,custom-fields,13240 W. 87th Street Lenexa KS 66215,,2026-10-09
"Block Real Estate Services, LLC",69fdf7b562446148bd85c46b,Insurance Request,69fded1762446148bd848e7d,Hy-Vee Inc,69fdf1fc3b208288e0a86ed1,"tic827 - Westchester Square Shopping Centre {Westchester 87 Investors, LLC}",69d409bbfb47f64eb00fe8a5,Spaces,custom-fields,13400 W. 87th Street Lenexa KS 66215,,2026-10-09
"Block Real Estate Services, LLC",69fdf7b562446148bd85c474,Insurance Request,69fded2162446148bd8491ad,Starbucks #2436,69fdf1fc3b208288e0a86ed1,"tic827 - Westchester Square Shopping Centre {Westchester 87 Investors, LLC}",69d409bbfb47f64eb00fe8a5,Spaces,custom-fields,13120 W. 87th Street Lenexa KS 66215,,2026-10-09
"Block Real Estate Services, LLC",69fdf7b562446148bd85c477,Insurance Request,69fded2262446148bd8491fb,Thai Chili Cuisine,69fdf1fc3b208288e0a86ed1,"tic827 - Westchester Square Shopping Centre {Westchester 87 Investors, LLC}",69d409bbfb47f64eb00fe8a5,Spaces,custom-fields,8611 Hauser Court Lenexa KS 66215,,2026-10-09
"Block Real Estate Services, LLC",69fdf7b562446148bd85c479,Insurance Request,69fded1a62446148bd848f5b,"Marel, USA",69fdf1ffd3bfa5e4945e61a5,"tic828 - Pine Ridge Building 28 {PERG BUILDINGS, LLC}",69d409bbfb47f64eb00fe8a5,Spaces,custom-fields,8105 - 8145 Flint Street Lenexa KS 66214,,2026-10-09
"Block Real Estate Services, LLC",69fdf7b562446148bd85c475,Insurance Request,69fded2162446148bd8491c5,Subway #41462,69fdf1fc3b208288e0a86ed1,"tic827 - Westchester Square Shopping Centre {Westchester 87 Investors, LLC}",69d409bbfb47f64eb00fe8a5,Spaces,custom-fields,13228 W. 87th Street Lenexa KS 66215,,2026-10-09
"Block Real Estate Services, LLC",69fdf7b562446148bd85c476,Insurance Request,69fded2262446148bd8491ec,Tesla Inc,69fdf1fc3b208288e0a86ed1,"tic827 - Westchester Square Shopping Centre {Westchester 87 Investors, LLC}",69d409bbfb47f64eb00fe8a5,Spaces,custom-fields,"13400 W 87th St Pkwy, Lenexa, KS 66215",,2026-10-09
"Block Real Estate Services, LLC",69fdf7b562446148bd85c47e,Insurance Request,69fded2162446148bd8491ce,"UDP (Unisource Document Products)/ Datamax / Sumner Group, Inc.",69fdf20a02bb2c42a87a98b0,"tic847 - Pine Ridge Building 27 {PERG BUILDINGS, LLC}",69d409bbfb47f64eb00fe8a5,Spaces,custom-fields,8052 - 8058 Flint Street Lenexa KS 66214,,2026-10-09
"Block Real Estate Services, LLC",69fdf7b562446148bd85c488,Insurance Request,69fded2462446148bd849282,Verizon / Cellular Sales,69fdf211bf1df2fe9692fce4,"tic873 - Northgate Plaza {Northgate Associates, LLC}",69d409bbfb47f64eb00fe8a5,Spaces,custom-fields,2826 N. Broadway Pittsburg KS 66762,,2026-10-09
"Block Real Estate Services, LLC",69fdf7b562446148bd85c48a,Insurance Request,69fded1362446148bd848d3f,Eaton Electric / Eaton Corporation,69fdf21802bb2c42a87aa766,"tic921 - Millennium Business Park {Millennium Lenexa, LLC}",69d409bbfb47f64eb00fe8a5,Spaces,custom-fields,11305 Strang Line Road Lenexa KS 66215,,2026-10-09
"Block Real Estate Services, LLC",69fdf7b562446148bd85c48d,Insurance Request,69fded1c62446148bd84900c,"Nexus Medical, LLC",69fdf21802bb2c42a87aa766,"tic921 - Millennium Business Park {Millennium Lenexa, LLC}",69d409bbfb47f64eb00fe8a5,Spaces,custom-fields,"11309, 11313, 11315, 11317 Strang Line Road Lenexa KS 66215",,2026-10-09
"Block Real Estate Services, LLC",69fdf7b562446148bd85c48b,Insurance Request,69fded1462446148bd848d84,"Emerson / Experitec, Inc.",69fdf21802bb2c42a87aa766,"tic921 - Millennium Business Park {Millennium Lenexa, LLC}",69d409bbfb47f64eb00fe8a5,Spaces,custom-fields,"11321, 11323, 11325, 11327 Strang Line Road Lenexa KS 66215",,2026-10-09
"Block Real Estate Services, LLC",69fdf7b562446148bd85c48c,Insurance Request,69fded1b62446148bd848f88,"Mechanical Sales Midwest, Inc",69fdf21802bb2c42a87aa766,"tic921 - Millennium Business Park {Millennium Lenexa, LLC}",69d409bbfb47f64eb00fe8a5,Spaces,custom-fields,11301 Strang Line Road Lenexa KS 66215,,2026-10-09
"Block Real Estate Services, LLC",69fdf7c762446148bd85d87d,Insurance Request,69fded0f62446148bd848c13,"Celebrate Dental & Braces / Brave, LLC",69fdf21f19e1eeeaeb9ada59,"viv080 - Vivion Road Shopping Center {Vivion Road Development Company, LLC}",69d409bbfb47f64eb00fe8a5,Spaces,custom-fields,319 NE Vivion Road Kansas City MO 64118,,2026-10-09
"Block Real Estate Services, LLC",6a1711e0bf28cb6a86a2fb13,Insurance Request,6a17103e4ee870c0f8575639,"WGN & Associates, LLC",69fdef2cbf1df2fe96920b3f,"3rd312 - Westport Land & Management I, LLC",69d409bbfb47f64eb00fe8a5,Spaces,custom-fields,"4051-2-2 Broadway (Office), Kansas City, MO, 64111",,2026-10-09
"Block Real Estate Services, LLC",6a1711e6bf28cb6a86a2fb47,Insurance Request,6a17103e4ee870c0f8575639,"WGN & Associates, LLC",69fdef2cbf1df2fe96920b3f,"3rd312 - Westport Land & Management I, LLC",69d409bbfb47f64eb00fe8a5,Spaces,custom-fields,"4051-2-3 Broadway (Office), Kansas City, MO, 64111",,2026-10-09
"Block Real Estate Services, LLC",6a1711956bce9a8c3c1c8eac,Insurance Request,6a171003ee5ef0b8dcf522cf,"Pop! Vintage Furniture & Accessories, LLC",69fdef2cbf1df2fe96920b3f,"3rd312 - Westport Land & Management I, LLC",69d409bbfb47f64eb00fe8a5,Spaces,custom-fields,"310-1 & 312-1 Westport Road, Kansas City, MO, 64111",,2026-10-09
"Block Real Estate Services, LLC",6a1711b76bce9a8c3c1c8f3e,Insurance Request,6a171027da8b48075226e443,Wearhouse Vintage / Madalynn Ramirez & Lily Davis,69fdef2cbf1df2fe96920b3f,"3rd312 - Westport Land & Management I, LLC",69d409bbfb47f64eb00fe8a5,Spaces,custom-fields,"318-1 Westport Road, Kansas City, MO, 64111",,2026-10-09
"Block Real Estate Services, LLC",6a17117b6bce9a8c3c1c8e78,Insurance Request,6a170fecda8b48075226d712,WLM Warehouse,69fdef2cbf1df2fe96920b3f,"3rd312 - Westport Land & Management I, LLC",69d409bbfb47f64eb00fe8a5,Spaces,custom-fields,"308-2 Westport Road, Kansas City, MO, 64111",,2026-10-09
"Block Real Estate Services, LLC",6a1713502c0af08c023b6ecb,Insurance Request,6a17132fefde9f2154ac6af4,The Underground Lab / Animal Kingdom Athletics,69fdef31e45e7dcf5c4328bd,3rd347 - 919 E. 29th Street {Taikan Development Corporation},69d409bbfb47f64eb00fe8a5,Spaces,custom-fields,"919 E. 29th Street, Suite C, Suite D, Lawrence, KS, 66046",,2026-10-09
"Block Real Estate Services, LLC",6a174f976bce9a8c3c222c44,Insurance Request,69fded1b62446148bd848f9a,"510 Counseling Group / Melissa Winston, LLC",69fdef6abf1df2fe969214c6,"3rd657 - Sni-A-Bar Plaza {KCG Investment Properties, LLC}",69d409bbfb47f64eb00fe8a5,Spaces,custom-fields,"1410, 1412 SW Eagles Parkway, Grain Valley, MO, 64029",,2026-10-09
"Block Real Estate Services, LLC",6a17545c03c4ee99f106d41a,Insurance Request,6a17544d68ca7e9989502900,Spurgeon Chiropractic / Dr. Ryan Spurgeon Healing Neck & Joints,69fdf1fc3b208288e0a86ed1,"tic827 - Westchester Square Shopping Centre {Westchester 87 Investors, LLC}",69d409bbfb47f64eb00fe8a5,Spaces,custom-fields,8643 Hauser Court Suite 240 Lenexa KS 66215,,2026-10-09
"Block Real Estate Services, LLC",6a1750f1bf28cb6a86a7e9ce,Insurance Request,6a1750d2df078f8120119232,Dr. Julia Loecker Dentistry,69fdef6abf1df2fe969214c6,"3rd657 - Sni-A-Bar Plaza {KCG Investment Properties, LLC}",69d409bbfb47f64eb00fe8a5,Spaces,custom-fields,"1424, 1426 SW Eagles Parkway, Grain Valley, MO, 64029",,2026-10-09
"Block Real Estate Services, LLC",6a1750f9fe945d9ac88bd41f,Insurance Request,6a1750de402cef48fa2e24a7,Cheezsteak Company / Asma Shane,69fdef6abf1df2fe969214c6,"3rd657 - Sni-A-Bar Plaza {KCG Investment Properties, LLC}",69d409bbfb47f64eb00fe8a5,Spaces,custom-fields,"1452 SW Eagles Parkway, Grain Valley, MO, 64029",,2026-10-09
"Block Real Estate Services, LLC",6a174f976bce9a8c3c222c45,Insurance Request,69fded1b62446148bd848f9a,"510 Counseling Group / Melissa Winston, LLC",69fdef6abf1df2fe969214c6,"3rd657 - Sni-A-Bar Plaza {KCG Investment Properties, LLC}",69d409bbfb47f64eb00fe8a5,Spaces,custom-fields,"1422 SW Eagles Parkway, Grain Valley, MO, 64029",,2026-10-09
"Block Real Estate Services, LLC",6a18435e6b1e29a28e4bed9c,Insurance Request,6a1842efb517ae25a873e629,Lisa Coryell,69fdef8fbf1df2fe9692198a,"3rd959 - Bell 39 Properties, LLC",69d409bbfb47f64eb00fe8a5,Spaces,custom-fields,"1715 1/2 W 39th Street, Suite 205, Kansas City, MO, 66111",,2026-10-09
"Block Real Estate Services, LLC",6a184add6b1e29a28e503ae1,Insurance Request,69fded2262446148bd84920d,Argosy Casino & Hotel / The Missouri Gaming Company,69fdefb2fa0b60fcd50d6be7,"bf3944 - Riverside Business Center 3 {Block Income Fund III, LP}",69d409bbfb47f64eb00fe8a5,Spaces,custom-fields,"218, 222 NW Plaza Drive, Riverside, MO, 64150",,2026-10-09
"Block Real Estate Services, LLC",6a184bc2dbcac4598a689398,Insurance Request,69fded1f62446148bd8490fc,Reserve Applied Management of Kansas City LLC,6a184b7d5a886bcac133ba92,"tic765 - College Crossing D {College Crossing CD, LLC}",69d409bbfb47f64eb00fe8a5,Spaces,custom-fields,10908 Strang Line Road Lenexa KS 66215,,2026-10-09
"Block Real Estate Services, LLC",6a184aa8dbcac4598a6890d1,Insurance Request,69fded1062446148bd848c25,"Buckeye Cleaning Center KC / Buckeye International, Inc.",69fdefb2fa0b60fcd50d6be7,"bf3944 - Riverside Business Center 3 {Block Income Fund III, LP}",69d409bbfb47f64eb00fe8a5,Spaces,custom-fields,"244 NW Plaza Drive, Riverside, MO, 64150",,2026-10-09
"Block Real Estate Services, LLC",6a184bc2dbcac4598a68939b,Insurance Request,69fded1962446148bd848f19,Legacy Restaurant Group LLC,6a184b7d5a886bcac133ba92,"tic765 - College Crossing D {College Crossing CD, LLC}",69d409bbfb47f64eb00fe8a5,Spaces,custom-fields,10916 Strang Line Road Lenexa KS 66215,,2026-10-09
"Block Real Estate Services, LLC",6a184bc2dbcac4598a689399,Insurance Request,69fded2462446148bd849297,Vortex Industries LLC,6a184b7d5a886bcac133ba92,"tic765 - College Crossing D {College Crossing CD, LLC}",69d409bbfb47f64eb00fe8a5,Spaces,custom-fields,10912 Strang Line Road Lenexa KS 66215,,2026-10-09
"Block Real Estate Services, LLC",6a1851686b1e29a28e503eb2,Insurance Request,69fded1262446148bd848d09,Dentek Inc DBA Sokolov Dental Laboratory Inc,69fdf1b002bb2c42a87a7dd3,"wes705 - Westbrook I {Westbrook I-II KC Partners, LLC}",69d409bbfb47f64eb00fe8a5,Spaces,custom-fields,8060 Reeder Street Lenexa KS 66214,,2026-10-09
"Block Real Estate Services, LLC",6a18571c6b1e29a28e503ff2,Insurance Request,69fded2462446148bd8492a6,Wayfair LLC,6a1856e4462ef1e78ea0ee09,"tic630 - College Crossing J {COLLEGE IJ, LLC}",69d409bbfb47f64eb00fe8a5,Spaces,custom-fields,"10804, 10808 Strang Line Road Lenexa KS 66215",,2026-10-09
"Block Real Estate Services, LLC",6a185811dbcac4598a69611c,Insurance Request,6a1857e9a4bcce858bf099bb,"USA Vein Clinics (fka Vein Clinics of America, Inc.)",69fdf00902bb2c42a87a0a88,"cm2757 - Corporate Medical Plaza II {CMP Building II, LLC}",69d409bbfb47f64eb00fe8a5,Spaces,custom-fields,"10777 Nall Avenue, Suite 315, Overland Park, KS, 66211",,2026-10-09
"Block Real Estate Services, LLC",6a18571c6b1e29a28e503ff1,Insurance Request,69fded1662446148bd848e2f,"VIALS / Gunn & Richards, Inc.",6a1856e4462ef1e78ea0ee09,"tic630 - College Crossing J {COLLEGE IJ, LLC}",69d409bbfb47f64eb00fe8a5,Spaces,custom-fields,10800 Strang Line Road Lenexa KS 66215,,2026-10-09
"Block Real Estate Services, LLC",6a18571c6b1e29a28e503ff4,Insurance Request,69fded1462446148bd848d93,Fastenal Company,6a1856e4462ef1e78ea0ee09,"tic630 - College Crossing J {COLLEGE IJ, LLC}",69d409bbfb47f64eb00fe8a5,Spaces,custom-fields,10820 Strang Line Road Lenexa KS 66215,,2026-10-09
"Block Real Estate Services, LLC",6a18571c6b1e29a28e503ff3,Insurance Request,69fded1962446148bd848f22,Life Assist Inc,6a1856e4462ef1e78ea0ee09,"tic630 - College Crossing J {COLLEGE IJ, LLC}",69d409bbfb47f64eb00fe8a5,Spaces,custom-fields,10816 Strang Line Road Lenexa KS 66215,,2026-10-09
"Block Real Estate Services, LLC",6a185a1edbcac4598a6974c8,Insurance Request,69fded2362446148bd849246,Turn5 Inc,69fdf179d3bfa5e4945e2ba8,"tic441 - Lenexa Logistics Centre North Building 1 {BLNW ASSOCIATES, LLC}",69d409bbfb47f64eb00fe8a5,Spaces,custom-fields,17790 College Blvd Lenexa KS 66219,,2026-10-09
"Block Real Estate Services, LLC",6a185ea0907a70f1cb158510,Insurance Request,6a185e8d5a886bcac13878a0,NAPA / Genuine Parts Company,69fdf161e45e7dcf5c43b3dd,"tic022 - Congleton Distribution Center 2 {SM Quivira, LLC}",69d409bbfb47f64eb00fe8a5,Spaces,custom-fields,"9217, 9219 Quivira Road Overland Park KS 66215",,2026-10-09
"Block Real Estate Services, LLC",6a185da3a1ec98c09c963e33,Insurance Request,6a185d8617ab90e8a02d0292,"TW Telecom of Kansas City, LLC (Roof Lease)",69fdf16443ffeed6de3b3cbb,"tic220 - Pinnacle Corporate Centre I {Pinnacle Corporate Centre, LLC}",69d409bbfb47f64eb00fe8a5,Spaces,custom-fields,11300 Tomahawk Creek Parkway Roof Lease Leawood KS 66211,,2026-10-09
"Block Real Estate Services, LLC",6a185da3a1ec98c09c963e32,Insurance Request,6a185d785a886bcac13835bd,"Aperture Credentialing, LLC",69fdf16443ffeed6de3b3cbb,"tic220 - Pinnacle Corporate Centre I {Pinnacle Corporate Centre, LLC}",69d409bbfb47f64eb00fe8a5,Spaces,custom-fields,"11300 Tomahawk Creek Parkway Suites 300, 302, 360 Leawood KS 66211",,2026-10-09
"Block Real Estate Services, LLC",6a186073907a70f1cb1586ed,Insurance Request,69fded1e62446148bd8490cf,Pulse Design Group,69fdf15ebf1df2fe9692af51,"tic001 - 46 Penn Centre {46 PC Investors, LLC}",69d409bbfb47f64eb00fe8a5,Spaces,custom-fields,4622 Pennsylvania Avenue Suite 930 Kansas City MO 64112,,2026-10-09
"Block Real Estate Services, LLC",6a185ea0907a70f1cb15850f,Insurance Request,6a185e8d5a886bcac13878a0,NAPA / Genuine Parts Company,69fdf161e45e7dcf5c43b3dd,"tic022 - Congleton Distribution Center 2 {SM Quivira, LLC}",69d409bbfb47f64eb00fe8a5,Spaces,custom-fields,"9213, 9215 Quivira Road Overland Park KS 66215",,2026-10-09
"Block Real Estate Services, LLC",6a186237907a70f1cb158b8d,Insurance Request,6a185e8d5a886bcac13878a0,NAPA / Genuine Parts Company,69fdf026e45e7dcf5c436036,"gd1411 - Guaranty Development - 11820 Blue Ridge {Guaranty Development Group, LLC}",69d409bbfb47f64eb00fe8a5,Spaces,custom-fields,"11820 Blue Ridge Boulevard, Kansas City, MO, 64134",,2026-10-09
"Block Real Estate Services, LLC",6a18669ca1ec98c09c964f1a,Insurance Request,6a1866145a886bcac13a5c35,Bariatric & Metabolic Classroom / HCA-MMC-Menorah Medical Center,69fdf13dbf1df2fe96929ddf,"rmc764 - Roe Medical Centre I {RMC Associates, LLC}",69d409bbfb47f64eb00fe8a5,Spaces,custom-fields,5100 W. 110th Street Suite 110 Overland Park KS 66211,,2026-10-09
"Block Real Estate Services, LLC",6a18669ca1ec98c09c964f1b,Insurance Request,6a18661fa4bcce858bf426d7,Premier Gastroenterology of Kansas City (fka KC Gastroenterology & Hepatology / HCA-MMC-Menorah Medical Center),69fdf13dbf1df2fe96929ddf,"rmc764 - Roe Medical Centre I {RMC Associates, LLC}",69d409bbfb47f64eb00fe8a5,Spaces,custom-fields,5100 W. 110th Street Suite 120 Overland Park KS 66211,,2026-10-09
"Block Real Estate Services, LLC",6a18669ca1ec98c09c964f1c,Insurance Request,6a18663d462ef1e78ea4b046,HCA-OPRMC,69fdf13dbf1df2fe96929ddf,"rmc764 - Roe Medical Centre I {RMC Associates, LLC}",69d409bbfb47f64eb00fe8a5,Spaces,custom-fields,5100 W. 110th Street Suite 200(A) Overland Park KS 66211,,2026-10-09
"Block Real Estate Services, LLC",6a18669ca1ec98c09c964f19,Insurance Request,6a1866145a886bcac13a5c35,Bariatric & Metabolic Classroom / HCA-MMC-Menorah Medical Center,69fdf13dbf1df2fe96929ddf,"rmc764 - Roe Medical Centre I {RMC Associates, LLC}",69d409bbfb47f64eb00fe8a5,Spaces,custom-fields,5100 W. 110th Street Suite 100 Overland Park KS 66211,,2026-10-09
"Block Real Estate Services, LLC",6a18669ca1ec98c09c964f1f,Insurance Request,6a186650b517ae25a87c5643,Kansas City Vascular & General Surgery Group / HCA Midwest Health,69fdf13dbf1df2fe96929ddf,"rmc764 - Roe Medical Centre I {RMC Associates, LLC}",69d409bbfb47f64eb00fe8a5,Spaces,custom-fields,5100 W. 110th Street Suite 300 Overland Park KS 66211,,2026-10-09
"Block Real Estate Services, LLC",6a1869e9dbcac4598a69c0dc,Insurance Request,6a1869cab517ae25a87d2e2e,"Metro Elevator Kansas City, Inc.",69fdf0590bb484cab513c4cc,"kci283 - Platte Valley Industrial Center 3 {Platte Valley Investment, LLC}",69d409bbfb47f64eb00fe8a5,Spaces,custom-fields,"626, 628, 636 NW Platte Valley Drive, Riverside, MO, 64150",,2026-10-09
"Block Real Estate Services, LLC",6a187349a1ec98c09c967028,Insurance Request,69fded1f62446148bd8490e4,"LynTec, Inc. / RDC, Inc.",69fdf0e502bb2c42a87a3d50,"prg807 - Pine Ridge Building F {PERG BUILDINGS, LLC}",69d409bbfb47f64eb00fe8a5,Spaces,custom-fields,8401 Melrose Drive Lenexa KS 66214,,2026-10-09
"Block Real Estate Services, LLC",6a18733ba1ec98c09c966fc6,Insurance Request,69fded1f62446148bd8490e4,"LynTec, Inc. / RDC, Inc.",69fdf0e502bb2c42a87a3d50,"prg807 - Pine Ridge Building F {PERG BUILDINGS, LLC}",69d409bbfb47f64eb00fe8a5,Spaces,custom-fields,"8385, 8387, 8389 Melrose Drive Lenexa KS 66214",,2026-10-09
"Block Real Estate Services, LLC",6a187415a1ec98c09c9671ef,Insurance Request,6a18740bdf41746015864e9a,"Morton Fence, LLC",69fdf08d0bb484cab513cc63,"kci893 - Riverside Industrial Center 3 {Riverside Industrial Center Investment, LLC}",69d409bbfb47f64eb00fe8a5,Spaces,custom-fields,"444 NW Business Park Lane, Riverside, MO, 64150",,2026-10-09
"Block Real Estate Services, LLC",6a18748b9d2d4171bf8c60ed,Insurance Request,69fded2362446148bd849270,"KCBR DESIGN/REMODEL / Unlimited Contracting, LLC",69fdf0e0e45e7dcf5c43916b,"prg806 - Pine Ridge Building E-2 {PERG BUILDINGS, LLC}",69d409bbfb47f64eb00fe8a5,Spaces,custom-fields,8335 Melrose Drive Lenexa KS 66214,,2026-10-09
"Block Real Estate Services, LLC",6a1876d2a1ec98c09c9678e6,Insurance Request,69fded1262446148bd848d06,"Dental Health Essentials, LLC",69fdf0d9e45e7dcf5c438e0a,"prg804 - Pine Ridge Building D {PERG BUILDINGS, LLC}",69d409bbfb47f64eb00fe8a5,Spaces,custom-fields,8293 Melrose Drive Lenexa KS 66214,,2026-10-09
"Block Real Estate Services, LLC",6a187b47b7214c0791824859,Insurance Request,6a187b32d2723fbba9a51c41,"Re-View Windows, Inc. (fka Architectural Specialties, Inc. )",69fdf0c43b208288e0a7f2ab,"pas774 - Paseo Industrial - 1201 Saline {Paseo Industrial, LLC}",69d409bbfb47f64eb00fe8a5,Spaces,custom-fields,1235 Saline Street North Kansas City MO 64116,,2026-10-09
"Block Real Estate Services, LLC",6a1885cd4d859309ccfacac8,Insurance Request,69fded0e62446148bd848ba7,"Athletico Physical Therapy / Athletico Management, LLC",69fdf0a60bb484cab513d2da,"mil708 - Mill Street Station {Mill Street Station, LLC}",69d409bbfb47f64eb00fe8a5,Spaces,custom-fields,4037 Mill Street Kansas City MO 64111,,2026-10-09
"Block Real Estate Services, LLC",6a199d7ef4ee7eaade978fa3,Insurance Request,6a199d6fabae685b1c514ece,CB Smoothie Supps LLC,69fdef0303a2257cd27d83e8,3rd074 - Keystone Plaza Shopping Center {Larbre Family Trust},69d409bbfb47f64eb00fe8a5,Spaces,custom-fields,1614 S. MO 7 Highway Blue Springs MO 64014,,2026-10-09
"Block Real Estate Services, LLC",6a1dccda1a79de57329823a5,Insurance Request,69fded2162446148bd8491b6,Creative Nails / Steven Lam & Bang Nguyen,6a1dcc9da0ed8c51ab1b2a64,"3rd046 - Lee's Summit Mike Enterprise {Lee's Summit Mike Enterprise, LLC} (fka Lee's Summit Max)",69d409bbfb47f64eb00fe8a5,Spaces,custom-fields,740 NE M-291 Highway Lee's Summit MO 64068,,2026-10-09
"Block Real Estate Services, LLC",6a19b8bd42ed595e4baf76b9,Insurance Request,6a19b8b18805769e5038a2ed,Savor Strategy,69fdef0c3b208288e0a796fa,"3rd093 - 85th & Wornall Retail {Tower Bridge Investements, LLC} (fka St. John Development)",69d409bbfb47f64eb00fe8a5,Spaces,custom-fields,"8431, 8433, 1/2 of 8435(B) Wornall Road, Kansas City, MO, 64114",,2026-10-09
"Block Real Estate Services, LLC",6a1dccda1a79de57329823a6,Insurance Request,69fded2162446148bd8491b6,Creative Nails / Steven Lam & Bang Nguyen,6a1dcc9da0ed8c51ab1b2a64,"3rd046 - Lee's Summit Mike Enterprise {Lee's Summit Mike Enterprise, LLC} (fka Lee's Summit Max)",69d409bbfb47f64eb00fe8a5,Spaces,custom-fields,750 NE M-291 Highway Lee's Summit MO 64068,,2026-10-09
"Block Real Estate Services, LLC",6a1dcd0c1669f2b2ce7559f2,Insurance Request,6a1dccbb23b401dcff773de7,TitleMax Title Loans / Title Max of Missouri,6a1dcc9da0ed8c51ab1b2a64,"3rd046 - Lee's Summit Mike Enterprise {Lee's Summit Mike Enterprise, LLC} (fka Lee's Summit Max)",69d409bbfb47f64eb00fe8a5,Spaces,custom-fields,760 NE M-291 Highway Lee's Summit MO 64068,,2026-10-09
"Block Real Estate Services, LLC",6a1de04d1a79de573299271d,Insurance Request,6a1de0142575f4fed4484ab8,"Gentry Dental / James D Gentry, Dmd",6a1ddfb923b401dcff7b5911,"3rd307 - Parkway 134, LLC",69d409bbfb47f64eb00fe8a5,Spaces,custom-fields,4861 W 134th Street Suite A Leawood KS 66209,,2026-10-09
"Block Real Estate Services, LLC",6a1deca9ea09be9823602357,Insurance Request,6a1dec22a0ed8c51ab231e08,"IMA Financial Group, Inc.",6a1dec04a0ed8c51ab231482,"tic261 - CityPlace Corporate Centre IV {Cityplace Corporate Centre IV Investors, LLC}",69d409bbfb47f64eb00fe8a5,Spaces,custom-fields,"11350 Switzer Road Suites 100, 200 Overland Park KS 66210",,2026-10-09
"Block Real Estate Services, LLC",6a1de11468f8b1cfc37a6ad3,Insurance Request,69fded1562446148bd848dc3,"Fresenius Medical Care - Pittsburg Midwest Dialysis / Fort Scott Regional Dialysis Center, Inc.",69fdf211bf1df2fe9692fce4,"tic873 - Northgate Plaza {Northgate Associates, LLC}",69d409bbfb47f64eb00fe8a5,Spaces,custom-fields,2824 N. Broadway Pittsburg KS 66762,,2026-10-09
"Block Real Estate Services, LLC",6a1dec41ea09be982360230a,Insurance Request,69fded2462446148bd8492ac,WellSky Corporation,6a1dec04a0ed8c51ab231482,"tic261 - CityPlace Corporate Centre IV {Cityplace Corporate Centre IV Investors, LLC}",69d409bbfb47f64eb00fe8a5,Spaces,custom-fields,"11350 Switzer Road Suites 400, 500, 600 Overland Park KS 66210",,2026-10-09
"Block Real Estate Services, LLC",6a1de3b568f8b1cfc37b2dae,Insurance Request,6a1de39a3dca02afc00b3666,St. Luke's Hospital,6a1de36e23b401dcff7c77d4,3rd323 - Rule Realty Corporation - 3323 Roanoake Road,69d409bbfb47f64eb00fe8a5,Spaces,custom-fields,3323 Roanoke Road Kansas City MO 64111,,2026-10-09
"Block Real Estate Services, LLC",6a1df2d42e0d6adb452ee1b5,Insurance Request,69fded1462446148bd848d8d,Faith Technologies Inc,6a1df2cb65d51d7aa572c1c4,"tic825 - Great Plains Commerce Center Building C {GPCC Investors, LLC}",69d409bbfb47f64eb00fe8a5,Spaces,custom-fields,15770 S. Theden Street Olathe KS 66061,,2026-10-09
"Block Real Estate Services, LLC",6a1dfcfa68f8b1cfc37c617c,Insurance Request,6a1dfce4a0ed8c51ab262c0b,Building 28 TIC,6a1dfca5a0ed8c51ab26246c,"con828 - Pine Ridge Building 28 {Building 28 of Pine Ridge West Condominium Association, Inc.}",69d409bbfb47f64eb00fe8a5,Spaces,custom-fields,8082 Flint Street Lenexa KS 66214,,2026-10-09
"Block Real Estate Services, LLC",6a1e005768f8b1cfc37cbe21,Insurance Request,6a1e004c23b401dcff82ac21,BRES Management Office,69fdf0533b208288e0a7d827,"kci281 - Platte Valley Industrial Center 1 {Platte Valley Investment, LLC}",69d409bbfb47f64eb00fe8a5,Spaces,custom-fields,224 NW Platte Valley Drive Riverside MO 64150,,2026-10-09
"Block Real Estate Services, LLC",6a1dfbe732dcd24336deafad,Insurance Request,69fded2162446148bd8491ce,"UDP (Unisource Document Products)/ Datamax / Sumner Group, Inc.",69fdf20a02bb2c42a87a98b0,"tic847 - Pine Ridge Building 27 {PERG BUILDINGS, LLC}",69d409bbfb47f64eb00fe8a5,Spaces,custom-fields,8062 Flint Street Lenexa KS 66214,,2026-10-09
"Block Real Estate Services, LLC",6a1dff2768f8b1cfc37cbb9b,Insurance Request,6a1dff1ca79f4c38d5103b69,"Design & Detail / Mel B, LLC",69fdef8238cbea6b3a68c358,"3rd810 - Pine Ridge Building J {MEL B, LLC}",69d409bbfb47f64eb00fe8a5,Spaces,custom-fields,"10505, 10509, 10513 W. 84th Terrace Lenexa KS 66214",,2026-10-09
"Block Real Estate Services, LLC",6a1df85a32dcd24336dea847,Insurance Request,6a1df84165d51d7aa5739d4e,Protective Animal Welfare Society / Sandra L. Outlaw f/k/a A Dogs' Fun Playce,6a1df8210a51a0db79c129cd,"3rd487 - Max Swade {MJR, LLC}",69d409bbfb47f64eb00fe8a5,Spaces,custom-fields,"7833 Wornall Rd, Unit 100 Kansas City MO 64114",,2026-10-09
"Block Real Estate Services, LLC",6a1eed06e9a399632bd43ad3,Insurance Request,6a1eecf750bfd60555852c16,"ERGO Midwest, Inc.",6a1eecc680c8f1ceee9d6510,3rd621 - Rule Realty Corporation - 3621 Noland Court,69d409bbfb47f64eb00fe8a5,Spaces,custom-fields,3621 Noland Court Independence MO 64055,,2026-10-09
"Block Real Estate Services, LLC",6a46aa6469f1b5416f79aec4,Insurance Request,6a46a9fa881712769bd59549,"Isaiah Ink, LLC",69fdef8fbf1df2fe9692198a,"3rd959 - Bell 39 Properties, LLC",69d409bbfb47f64eb00fe8a5,Spaces,custom-fields,"1715 1/2 W 39th Street, Suite 208, Kansas City, MO 66111",,2026-10-09
"Block Real Estate Services, LLC",6a46aa6469f1b5416f79aec2,Insurance Request,6a46a9fa881712769bd59542,"GuideTech, LLC",69fdf0150bb484cab513b4eb,col720 - College Crossing - Building 1 (Building A) {COLLEGE CROSSING ASSOCIATES. LLC},69d409bbfb47f64eb00fe8a5,Spaces,custom-fields,"11036 Strang Line Road, Lenexa, KS 66215",,2026-10-09
"Block Real Estate Services, LLC",6a46aa6469f1b5416f79aec8,Insurance Request,6a1869cab517ae25a87d2e2e,"Metro Elevator Kansas City, Inc.",69fdf0533b208288e0a7d827,"kci281 - Platte Valley Industrial Center 1 {Platte Valley Investment, LLC}",69d409bbfb47f64eb00fe8a5,Spaces,custom-fields,"212 Platte Valley Drive, Riverside, MO 64150",,2026-10-09
"Block Real Estate Services, LLC",6a46aa6469f1b5416f79aec5,Insurance Request,6a46a9fb881712769bd59550,"Jade & Ember Munchery / Savor Strategy Group, LLC",69fdef0c3b208288e0a796fa,"3rd093 - 85th & Wornall Retail {Tower Bridge Investements, LLC} (fka St. John Development)",69d409bbfb47f64eb00fe8a5,Spaces,custom-fields,"8431, 8433, 1/2 of 8435(B) Wornall Road, Kansas City, MO 64114",,2026-10-09
"Block Real Estate Services, LLC",6a46aa6469f1b5416f79aec9,Insurance Request,69fded1b62446148bd848faf,"Midwest Administrative Services, LLC (fka Fail-Safe Product Protection, Inc.)",69fdf0dc02bb2c42a87a39b3,"prg805 - Pine Ridge Building E-1 {PERG BUILDINGS, LLC}",69d409bbfb47f64eb00fe8a5,Spaces,custom-fields,"8341 Melrose Drive, Lenexa, KS 66214",,2026-10-09
"Block Real Estate Services, LLC",6a46aa6469f1b5416f79aece,Insurance Request,6a46a9fb881712769bd5956d,"R Hays, LLC",69fdf16443ffeed6de3b3cbb,"tic220 - Pinnacle Corporate Centre I {Pinnacle Corporate Centre, LLC}",69d409bbfb47f64eb00fe8a5,Spaces,custom-fields,"11300 Tomahawk Creek Parkway, Suite 150, Leawood, KS 66211",,2026-10-09
"Block Real Estate Services, LLC",6a71feac91042af52de61518,Insurance Request,6a71fe9c1df1817c9d72a945,"Thrift World, Inc.",69fdf1fc3b208288e0a86ed1,"tic827 - Westchester Square Shopping Centre {Westchester 87 Investors, LLC}",69d409bbfb47f64eb00fe8a5,Spaces,custom-fields,"13400 W 87th St Pkwy, Lenexa, KS 66215",,2026-10-09
"Block Real Estate Services, LLC",6a71fb5d91042af52de607d0,Insurance Request,6a71fb4d1df1817c9d71edf9,"L&C Cabinetry KCI, LLC",6a71fac6e572ffeb053234f4,lne432 - Lenexa Logistics Centre North Building 6,69d409bbfb47f64eb00fe8a5,Spaces,custom-fields,"17200 College Boulevard, Lenexa KS 66219",,2026-10-09
"Block Real Estate Services, LLC",6a7c937f3b150d4f42b520f9,Insurance Request,6a7c9366ee0b08ce4f040184,Halbrook Wood PC,69fdf16443ffeed6de3b3cbb,"tic220 - Pinnacle Corporate Centre I {Pinnacle Corporate Centre, LLC}",69d409bbfb47f64eb00fe8a5,Spaces,custom-fields,11300 Tomahawk Creek Parkway Suite 100 Leawood KS 66211,,2026-10-09
"Block Real Estate Services, LLC",6a7de83c91769d9477ed7e70,Insurance Request,6a7de8128ae97a448204bb45,LRIco Services LLC,69fdf16443ffeed6de3b3cbb,"tic220 - Pinnacle Corporate Centre I {Pinnacle Corporate Centre, LLC}",69d409bbfb47f64eb00fe8a5,Spaces,custom-fields,"11300 Tomahawk Creek Parkway, Suite 155, Leawood KS 66211",,2026-10-09
"Block Real Estate Services, LLC",6a9ade03d227a71259303aea,Insurance Request - 3rd669,6a9ada38bfedaa57c4931d16,Insight Vision Center #1155,6a99d61e2d636a0d9252bc15,3rd669 - Lone Elm,69d409bbfb47f64eb00fe8a5,Spaces,custom-fields,"11114 Lone Elm Road, Olathe, KS 66061",,2026-10-09
"Block Real Estate Services, LLC",6aad9077c40fa2c7116cc5d0,Insurance Request,6aad904d55224622f2d2f233,Empower Gymnastics LLC,69fdf0150bb484cab513b4eb,col720 - College Crossing - Building 1 (Building A) {COLLEGE CROSSING ASSOCIATES. LLC},69d409bbfb47f64eb00fe8a5,Spaces,custom-fields,"11052 Strang Line Road, Lenexa KS 66215",,2026-10-09
"Block Real Estate Services, LLC",6ac3c3f4a6b4dfb0dc2b85db,Insurance Request,6ac3c3da97e56de703a50087,"Veridity Fire Solutions, LLC",69fdf1ffd3bfa5e4945e61a5,"tic828 - Pine Ridge Building 28 {PERG BUILDINGS, LLC}",69d409bbfb47f64eb00fe8a5,Spaces,custom-fields,8105 - 8145 Flint Street Lenexa KS 66214,,2026-10-09